{
  "mix": "sonnet-heavy",
  "mix_counts": {
    "sonnet": 300,
    "chat": 100,
    "code": 100
  },
  "num_prompts": 500,
  "max_tokens": 256,
  "concurrency": 32,
  "scenarios": [
    {
      "scenario": "vanilla-only",
      "n_prompts": 500,
      "wall_s": 47.04020814783871,
      "total_out_tokens": 126033,
      "tps": 2679.2611036903045,
      "latency_p50_s": 2.940658750012517,
      "latency_p99_s": 3.0309788789600134,
      "backend_counts": {
        "direct": 500
      },
      "concurrency": 32
    },
    {
      "scenario": "trident-only",
      "n_prompts": 500,
      "wall_s": 21.47141905897297,
      "total_out_tokens": 126208,
      "tps": 5877.95336923748,
      "latency_p50_s": 0.8580189240165055,
      "latency_p99_s": 3.8981897470075637,
      "backend_counts": {
        "direct": 500
      },
      "concurrency": 32
    },
    {
      "scenario": "agsd-gated",
      "n_prompts": 500,
      "wall_s": 20.79888599086553,
      "total_out_tokens": 126190,
      "tps": 6067.151868394309,
      "latency_p50_s": 0.6980615979991853,
      "latency_p99_s": 3.071446103975177,
      "backend_counts": {
        "trident": 400,
        "vanilla": 100
      },
      "concurrency": 32
    }
  ],
  "gating_stats": {
    "total": 501,
    "by_backend": {
      "vanilla": 100,
      "trident": 401
    },
    "by_workload": {
      "sonnet": 292,
      "chat": 100,
      "code": 109
    },
    "classify_time_total_s": 0.35685591818764806,
    "forward_time_total_s": 602.4877297810744,
    "classify_ms_avg": 0.712287261851593,
    "forward_ms_avg": 1202.5703189243002
  }
}