{
  "mix": "code-heavy",
  "mix_counts": {
    "sonnet": 50,
    "chat": 100,
    "code": 350
  },
  "num_prompts": 500,
  "max_tokens": 256,
  "concurrency": 32,
  "scenarios": [
    {
      "scenario": "vanilla-only",
      "n_prompts": 500,
      "wall_s": 48.720011309022084,
      "total_out_tokens": 123177,
      "tps": 2528.26295993059,
      "latency_p50_s": 3.146478231996298,
      "latency_p99_s": 3.296409489121288,
      "backend_counts": {
        "direct": 500
      },
      "concurrency": 32
    },
    {
      "scenario": "trident-only",
      "n_prompts": 500,
      "wall_s": 19.891125796129927,
      "total_out_tokens": 123113,
      "tps": 6189.3429895231575,
      "latency_p50_s": 0.8822020189836621,
      "latency_p99_s": 4.379167566075921,
      "backend_counts": {
        "direct": 500
      },
      "concurrency": 32
    },
    {
      "scenario": "agsd-gated",
      "n_prompts": 500,
      "wall_s": 17.5333356379997,
      "total_out_tokens": 123633,
      "tps": 7051.310860213747,
      "latency_p50_s": 0.6355731871444732,
      "latency_p99_s": 2.8880377649329603,
      "backend_counts": {
        "trident": 400,
        "vanilla": 100
      },
      "concurrency": 32
    }
  ],
  "gating_stats": {
    "total": 501,
    "by_backend": {
      "vanilla": 100,
      "trident": 401
    },
    "by_workload": {
      "sonnet": 48,
      "chat": 100,
      "code": 353
    },
    "classify_time_total_s": 0.3531800548080355,
    "forward_time_total_s": 515.4733838622924,
    "classify_ms_avg": 0.7049502091976757,
    "forward_ms_avg": 1028.8889897450945
  }
}