{
  "mix": "balanced",
  "mix_counts": {
    "sonnet": 170,
    "chat": 165,
    "code": 165
  },
  "num_prompts": 500,
  "max_tokens": 32,
  "concurrency": 32,
  "scenarios": [
    {
      "scenario": "vanilla-only",
      "n_prompts": 500,
      "wall_s": 10.224959830986336,
      "total_out_tokens": 16000,
      "tps": 1564.798323364815,
      "latency_p50_s": 0.6345233889296651,
      "latency_p99_s": 0.7520274459384382,
      "backend_counts": {
        "direct": 500
      },
      "concurrency": 32
    },
    {
      "scenario": "trident-only",
      "n_prompts": 500,
      "wall_s": 9.72239299211651,
      "total_out_tokens": 16000,
      "tps": 1645.685379409549,
      "latency_p50_s": 0.5599669390358031,
      "latency_p99_s": 1.2524747599381953,
      "backend_counts": {
        "direct": 500
      },
      "concurrency": 32
    },
    {
      "scenario": "agsd-gated",
      "n_prompts": 500,
      "wall_s": 4.007445714203641,
      "total_out_tokens": 16000,
      "tps": 3992.568119710517,
      "latency_p50_s": 0.18739868397824466,
      "latency_p99_s": 0.4740630481392145,
      "backend_counts": {
        "trident": 335,
        "vanilla": 165
      },
      "concurrency": 32
    }
  ],
  "gating_stats": {
    "total": 501,
    "by_backend": {
      "vanilla": 165,
      "trident": 336
    },
    "by_workload": {
      "sonnet": 164,
      "chat": 165,
      "code": 172
    },
    "classify_time_total_s": 0.5769029813818634,
    "forward_time_total_s": 117.46449444396421,
    "classify_ms_avg": 1.1515029568500268,
    "forward_ms_avg": 234.46006875042758
  }
}