{"total":501,"by_backend":{"vanilla":165,"trident":336},"by_workload":{"sonnet":164,"chat":165,"code":172},"classify_time_total_s":0.5769029813818634,"forward_time_total_s":117.46449444396421,"classify_ms_avg":1.1515029568500268,"forward_ms_avg":234.46006875042758}