{
  "mix": "balanced",
  "mix_counts": {
    "sonnet": 170,
    "chat": 165,
    "code": 165
  },
  "num_prompts": 500,
  "max_tokens": 32,
  "concurrency": 32,
  "scenarios": [
    {
      "scenario": "agsd-gated",
      "n_prompts": 500,
      "wall_s": 7.5159567459486425,
      "total_out_tokens": 16000,
      "tps": 2128.80416170896,
      "latency_p50_s": 0.43996515311300755,
      "latency_p99_s": 1.0693371808156371,
      "backend_counts": {
        "trident": 335,
        "vanilla": 165
      },
      "concurrency": 32
    }
  ],
  "gating_stats": {
    "total": 501,
    "by_backend": {
      "vanilla": 165,
      "trident": 336
    },
    "by_workload": {
      "sonnet": 164,
      "chat": 165,
      "code": 172
    },
    "classify_time_total_s": 0.656528347870335,
    "forward_time_total_s": 230.0993446081411,
    "classify_ms_avg": 1.310435824092485,
    "forward_ms_avg": 459.2801289583655
  },
  "agsd_only": true
}