{"total":501,"by_backend":{"vanilla":165,"trident":336},"by_workload":{"sonnet":164,"chat":165,"code":172},"classify_time_total_s":0.656528347870335,"forward_time_total_s":230.0993446081411,"classify_ms_avg":1.310435824092485,"forward_ms_avg":459.2801289583655}