{
  "mix": "code-heavy",
  "mix_counts": {
    "sonnet": 50,
    "chat": 100,
    "code": 350
  },
  "num_prompts": 500,
  "max_tokens": 32,
  "concurrency": 32,
  "scenarios": [
    {
      "scenario": "vanilla-only",
      "n_prompts": 500,
      "wall_s": 8.317070086020976,
      "total_out_tokens": 16000,
      "tps": 1923.7543791884366,
      "latency_p50_s": 0.5184144228696823,
      "latency_p99_s": 0.5796453999355435,
      "backend_counts": {
        "direct": 500
      },
      "concurrency": 32
    },
    {
      "scenario": "trident-only",
      "n_prompts": 500,
      "wall_s": 5.461878973059356,
      "total_out_tokens": 16000,
      "tps": 2929.394825282615,
      "latency_p50_s": 0.32453409722074866,
      "latency_p99_s": 0.6393539400305599,
      "backend_counts": {
        "direct": 500
      },
      "concurrency": 32
    },
    {
      "scenario": "agsd-gated",
      "n_prompts": 500,
      "wall_s": 3.5152606822084635,
      "total_out_tokens": 16000,
      "tps": 4551.58278331381,
      "latency_p50_s": 0.16654875199310482,
      "latency_p99_s": 0.3958689081482589,
      "backend_counts": {
        "trident": 400,
        "vanilla": 100
      },
      "concurrency": 32
    }
  ],
  "gating_stats": {
    "total": 501,
    "by_backend": {
      "vanilla": 100,
      "trident": 401
    },
    "by_workload": {
      "sonnet": 48,
      "chat": 100,
      "code": 353
    },
    "classify_time_total_s": 0.5684806399513036,
    "forward_time_total_s": 101.94320372235961,
    "classify_ms_avg": 1.1346918961103865,
    "forward_ms_avg": 203.47944854762397
  }
}