{"total":501,"by_backend":{"vanilla":100,"trident":401},"by_workload":{"sonnet":48,"chat":100,"code":353},"classify_time_total_s":0.5684806399513036,"forward_time_total_s":101.94320372235961,"classify_ms_avg":1.1346918961103865,"forward_ms_avg":203.47944854762397}