{
  "mix": "code-heavy",
  "mix_counts": {
    "sonnet": 50,
    "chat": 100,
    "code": 350
  },
  "num_prompts": 500,
  "max_tokens": 32,
  "concurrency": 32,
  "scenarios": [
    {
      "scenario": "vanilla-only",
      "n_prompts": 500,
      "wall_s": 8.549674820853397,
      "total_out_tokens": 16000,
      "tps": 1871.416204154878,
      "latency_p50_s": 0.529662209097296,
      "latency_p99_s": 0.6182164011988789,
      "backend_counts": {
        "direct": 500
      },
      "concurrency": 32
    },
    {
      "scenario": "trident-only",
      "n_prompts": 500,
      "wall_s": 5.247684326022863,
      "total_out_tokens": 16000,
      "tps": 3048.9638869200326,
      "latency_p50_s": 0.311796106165275,
      "latency_p99_s": 0.6140764090232551,
      "backend_counts": {
        "direct": 500
      },
      "concurrency": 32
    },
    {
      "scenario": "agsd-gated",
      "n_prompts": 500,
      "wall_s": 3.4639816840644926,
      "total_out_tokens": 16000,
      "tps": 4618.9620671510775,
      "latency_p50_s": 0.16291605797596276,
      "latency_p99_s": 0.40245426213368773,
      "backend_counts": {
        "trident": 400,
        "vanilla": 100
      },
      "concurrency": 32
    }
  ],
  "gating_stats": {
    "total": 501,
    "by_backend": {
      "vanilla": 100,
      "trident": 401
    },
    "by_workload": {
      "sonnet": 48,
      "chat": 100,
      "code": 353
    },
    "classify_time_total_s": 0.5346861297730356,
    "forward_time_total_s": 99.86928033665754,
    "classify_ms_avg": 1.067237783978115,
    "forward_ms_avg": 199.3398809114921
  }
}