{"total":501,"by_backend":{"vanilla":100,"trident":401},"by_workload":{"sonnet":48,"chat":100,"code":353},"classify_time_total_s":0.5346861297730356,"forward_time_total_s":99.86928033665754,"classify_ms_avg":1.067237783978115,"forward_ms_avg":199.3398809114921}