{
  "generated_at": "2026-03-29T12:13:52.065735+09:00",
  "gpu_only": {
    "request_throughput": 19.491717322960433,
    "output_throughput": 9808.183427620383,
    "total_token_throughput": 12297.392680066368,
    "duration": 102.60768545232713,
    "mean_ttft_ms": 45270.618837136775,
    "median_ttft_ms": 41415.246655698866,
    "p99_ttft_ms": 93623.84494021535,
    "mean_tpot_ms": 25.52402046607506,
    "median_tpot_ms": 25.354685160694117,
    "p99_tpot_ms": 41.52818942675303,
    "mean_itl_ms": 24.728225423956147,
    "median_itl_ms": 21.780863404273987,
    "p99_itl_ms": 115.40162160992617
  },
  "hybrid": {
    "request_throughput": 18.240158795446728,
    "output_throughput": 9164.767786772209,
    "total_token_throughput": 11494.145505903527,
    "duration": 109.64816822204739,
    "mean_ttft_ms": 49839.53041742323,
    "median_ttft_ms": 46760.587111115456,
    "p99_ttft_ms": 101273.76774577424,
    "mean_tpot_ms": 27.81294063819058,
    "median_tpot_ms": 26.83852535240542,
    "p99_tpot_ms": 100.78790080733573,
    "mean_itl_ms": 26.843862470781907,
    "median_itl_ms": 23.750836960971355,
    "p99_itl_ms": 117.2991660051048
  },
  "comparison": {
    "request_throughput": {
      "diff_pct": -6.42,
      "direction": "higher_better"
    },
    "output_throughput": {
      "diff_pct": -6.56,
      "direction": "higher_better"
    },
    "total_token_throughput": {
      "diff_pct": -6.53,
      "direction": "higher_better"
    },
    "duration": {
      "diff_pct": 6.86,
      "direction": "lower_better"
    },
    "mean_ttft_ms": {
      "diff_pct": 10.09,
      "direction": "lower_better"
    },
    "median_ttft_ms": {
      "diff_pct": 12.91,
      "direction": "lower_better"
    },
    "p99_ttft_ms": {
      "diff_pct": 8.17,
      "direction": "lower_better"
    },
    "mean_tpot_ms": {
      "diff_pct": 8.97,
      "direction": "lower_better"
    },
    "median_tpot_ms": {
      "diff_pct": 5.85,
      "direction": "lower_better"
    },
    "p99_tpot_ms": {
      "diff_pct": 142.7,
      "direction": "lower_better"
    },
    "mean_itl_ms": {
      "diff_pct": 8.56,
      "direction": "lower_better"
    },
    "median_itl_ms": {
      "diff_pct": 9.04,
      "direction": "lower_better"
    },
    "p99_itl_ms": {
      "diff_pct": 1.64,
      "direction": "lower_better"
    },
    "request_throughput_speedup": 0.9358,
    "output_tok_speedup": 0.9344,
    "ttft_gain_pct": -10.09
  },
  "gpu_utilization": {
    "gpu_only": {
      "gpu0_util_pct": {
        "mean": 74.67,
        "max": 100.0,
        "min": 0.0
      },
      "gpu0_mem_util_pct": {
        "mean": 38.48,
        "max": 81.0,
        "min": 0.0
      },
      "gpu0_power_w": {
        "mean": 333.63,
        "max": 389.69,
        "min": 46.35
      },
      "gpu_avg_util_pct": {
        "mean": 74.67,
        "max": 100.0,
        "min": 0.0
      },
      "gpu_avg_mem_util_pct": {
        "mean": 38.48,
        "max": 81.0,
        "min": 0.0
      },
      "gpu_avg_power_w": {
        "mean": 333.63,
        "max": 389.69,
        "min": 46.35
      },
      "sample_count": 128,
      "duration_s": 129.6
    },
    "hybrid": {
      "gpu0_util_pct": {
        "mean": 65.37,
        "max": 100.0,
        "min": 0.0
      },
      "gpu0_mem_util_pct": {
        "mean": 33.79,
        "max": 81.0,
        "min": 0.0
      },
      "gpu0_power_w": {
        "mean": 314.28,
        "max": 389.3,
        "min": 49.56
      },
      "gpu_avg_util_pct": {
        "mean": 65.37,
        "max": 100.0,
        "min": 0.0
      },
      "gpu_avg_mem_util_pct": {
        "mean": 33.79,
        "max": 81.0,
        "min": 0.0
      },
      "gpu_avg_power_w": {
        "mean": 314.28,
        "max": 389.3,
        "min": 49.56
      },
      "sample_count": 147,
      "duration_s": 149.3
    }
  },
  "cpu_utilization": {
    "gpu_only": {
      "core0_util_pct": {
        "mean": 22.11,
        "max": 100.0,
        "min": 0.0
      },
      "core1_util_pct": {
        "mean": 21.31,
        "max": 100.0,
        "min": 0.0
      },
      "core2_util_pct": {
        "mean": 44.9,
        "max": 100.0,
        "min": 0.0
      },
      "core3_util_pct": {
        "mean": 27.94,
        "max": 100.0,
        "min": 0.0
      },
      "core4_util_pct": {
        "mean": 8.21,
        "max": 22.8,
        "min": 0.0
      },
      "core5_util_pct": {
        "mean": 0.75,
        "max": 8.7,
        "min": 0.0
      },
      "core6_util_pct": {
        "mean": 3.98,
        "max": 12.9,
        "min": 0.0
      },
      "core7_util_pct": {
        "mean": 0.71,
        "max": 11.7,
        "min": 0.0
      },
      "core8_util_pct": {
        "mean": 2.0,
        "max": 14.6,
        "min": 0.0
      },
      "core9_util_pct": {
        "mean": 0.7,
        "max": 9.9,
        "min": 0.0
      },
      "core10_util_pct": {
        "mean": 2.02,
        "max": 14.7,
        "min": 0.0
      },
      "core11_util_pct": {
        "mean": 0.66,
        "max": 8.7,
        "min": 0.0
      },
      "core12_util_pct": {
        "mean": 1.8,
        "max": 12.9,
        "min": 0.0
      },
      "core13_util_pct": {
        "mean": 0.59,
        "max": 9.7,
        "min": 0.0
      },
      "core14_util_pct": {
        "mean": 1.37,
        "max": 10.9,
        "min": 0.0
      },
      "core15_util_pct": {
        "mean": 0.65,
        "max": 8.8,
        "min": 0.0
      },
      "core16_util_pct": {
        "mean": 1.13,
        "max": 9.8,
        "min": 0.0
      },
      "core17_util_pct": {
        "mean": 1.07,
        "max": 10.8,
        "min": 0.0
      },
      "core18_util_pct": {
        "mean": 0.96,
        "max": 9.8,
        "min": 0.0
      },
      "core19_util_pct": {
        "mean": 0.88,
        "max": 9.7,
        "min": 0.0
      },
      "core20_util_pct": {
        "mean": 0.91,
        "max": 8.9,
        "min": 0.0
      },
      "core21_util_pct": {
        "mean": 0.89,
        "max": 9.8,
        "min": 0.0
      },
      "core22_util_pct": {
        "mean": 0.8,
        "max": 9.7,
        "min": 0.0
      },
      "core23_util_pct": {
        "mean": 0.78,
        "max": 9.8,
        "min": 0.0
      },
      "cpu_avg_util_pct": {
        "mean": 6.13,
        "max": 13.22,
        "min": 1.34
      },
      "sample_count": 128,
      "duration_s": 129.6
    },
    "hybrid": {
      "core0_util_pct": {
        "mean": 40.55,
        "max": 100.0,
        "min": 0.0
      },
      "core1_util_pct": {
        "mean": 69.8,
        "max": 100.0,
        "min": 0.0
      },
      "core2_util_pct": {
        "mean": 54.82,
        "max": 100.0,
        "min": 0.0
      },
      "core3_util_pct": {
        "mean": 48.85,
        "max": 100.0,
        "min": 0.0
      },
      "core4_util_pct": {
        "mean": 19.96,
        "max": 100.0,
        "min": 0.0
      },
      "core5_util_pct": {
        "mean": 48.99,
        "max": 100.0,
        "min": 0.0
      },
      "core6_util_pct": {
        "mean": 32.92,
        "max": 100.0,
        "min": 0.0
      },
      "core7_util_pct": {
        "mean": 28.54,
        "max": 100.0,
        "min": 0.0
      },
      "core8_util_pct": {
        "mean": 37.13,
        "max": 100.0,
        "min": 0.0
      },
      "core9_util_pct": {
        "mean": 26.83,
        "max": 100.0,
        "min": 0.0
      },
      "core10_util_pct": {
        "mean": 30.68,
        "max": 100.0,
        "min": 0.0
      },
      "core11_util_pct": {
        "mean": 41.75,
        "max": 100.0,
        "min": 0.0
      },
      "core12_util_pct": {
        "mean": 38.29,
        "max": 100.0,
        "min": 0.0
      },
      "core13_util_pct": {
        "mean": 43.24,
        "max": 100.0,
        "min": 0.0
      },
      "core14_util_pct": {
        "mean": 47.24,
        "max": 100.0,
        "min": 0.0
      },
      "core15_util_pct": {
        "mean": 46.55,
        "max": 100.0,
        "min": 0.0
      },