{
  "output_tps": 10963.546699392757,
  "prompt_tps": 2390.366017668429,
  "generate_wall_s": 366.59323029313236,
  "total_in_tokens": 876292,
  "total_out_tokens": 4019162,
  "num_prompts_done": 500,
  "init_wall_s": 90.38375973002985,
  "spec_decode": {
    "method": "ngram",
    "num_speculative_tokens": 7,
    "prompt_lookup_max": 5,
    "prompt_lookup_min": 2
  }
}