path,bytes,sha256,published_in_git,location
eval/results/IDE_073_20260917/G-GPU8.a1.runner.log,891,59d8eba7539a57c254bb16e4ea513561d3f8eb372b72adeefd08ef6390e28b41,True,server violet-h100-016
eval/results/IDE_073_20260917/G-GPU8/a1/M073_GLM_LONGER_PREFILL_C8_rep1/bench.stderr.log,1610,a2ba8156bf49377cc8559b7c7c27739d15aa965243ad13c8db8ff55398fc3b1e,True,server violet-h100-016
eval/results/IDE_073_20260917/G-GPU8/a1/M073_GLM_LONGER_PREFILL_C8_rep1/bench.stdout.log,6306,0bae9576289eec5668e64116507853e4a2034c78dfeadb65e7994e78659f7ef9,True,server violet-h100-016
eval/results/IDE_073_20260917/G-GPU8/a1/M073_GLM_LONGER_PREFILL_C8_rep1/bench_cmd.sh,743,2fdba9e30ed629c9caada39fe0159b14e2583fb3ada649cbc830888f41af3b40,True,server violet-h100-016
eval/results/IDE_073_20260917/G-GPU8/a1/M073_GLM_LONGER_PREFILL_C8_rep1/benchmark.raw.json,109372,4d78ea5b2934c61738dcd76390f6053fff3e963227f9ca0f90c35b2bda8456a1,True,server violet-h100-016
eval/results/IDE_073_20260917/G-GPU8/a1/M073_GLM_LONGER_PREFILL_C8_rep1/cpu_timeseries.csv,33569,e927efb2b322cd185ae7566f133d4f234f3a6a79ab25a98fbacb783caf154b7d,True,server violet-h100-016
eval/results/IDE_073_20260917/G-GPU8/a1/M073_GLM_LONGER_PREFILL_C8_rep1/gpu_timeseries.csv,14266,5713e49d701e64cae5668b056b02c60ff74bd9db606074f044614548a8b14c03,True,server violet-h100-016
eval/results/IDE_073_20260917/G-GPU8/a1/M073_GLM_LONGER_PREFILL_C8_rep1/memory_timeseries.csv,467,7909ec055caa390daea6d9a6f64ed73774add1e63a8656be9a3f93a3d22c1f86,True,server violet-h100-016
eval/results/IDE_073_20260917/G-GPU8/a1/M073_GLM_LONGER_PREFILL_C8_rep1/metrics.json,679,2f5e96e920ef141c47ac09758c866f61d85a1a8ac41d542fab75cb482eb86bb5,True,server violet-h100-016
eval/results/IDE_073_20260917/G-GPU8/a1/M073_GLM_LONGER_PREFILL_C8_rep1/requests.jsonl,7432,6e56900a3ff5efec172d46a7d01e34fb91420df1ca6431160b188804d2f21fc6,True,server violet-h100-016
eval/results/IDE_073_20260917/G-GPU8/a1/M073_GLM_LONGER_PREFILL_C8_rep1/thread_affinity_end.json,165651,2cbe559a9d32c3b7d51481fc382ebc458ef9c8bcdae5699a4078113eb74f88e7,True,server violet-h100-016
eval/results/IDE_073_20260917/G-GPU8/a1/M073_GLM_LONGER_PREFILL_C8_rep1/thread_affinity_start.json,165651,4779a1771f9d089b5b5245e569d035624a8d01c6570ca395b0b7d3d960ce8924,True,server violet-h100-016
eval/results/IDE_073_20260917/G-GPU8/a1/M073_GLM_LONGER_PREFILL_C8_rep1/timestamps.json,1228,393e46d20a6901dce35d2d30535ea30628e0bdc872036016626fc9805b8dc980,True,server violet-h100-016
eval/results/IDE_073_20260917/G-GPU8/a1/M073_GLM_LOW_CONCURRENCY_C1_rep1/bench.stderr.log,1456,03c39040c219c4a3a17d7e38e8a78d6ea23bd139e7733b554cb2eee2d3de575e,True,server violet-h100-016
eval/results/IDE_073_20260917/G-GPU8/a1/M073_GLM_LOW_CONCURRENCY_C1_rep1/bench.stdout.log,6307,9829815f7c3f33ad77925486354f2e2da0fb30bfb3f863c4bf98df5056ff5715,True,server violet-h100-016
eval/results/IDE_073_20260917/G-GPU8/a1/M073_GLM_LOW_CONCURRENCY_C1_rep1/bench_cmd.sh,744,523d971ae44088f9dcb83b40bec390d9e48286077309ac121acac391479e7bb6,True,server violet-h100-016
eval/results/IDE_073_20260917/G-GPU8/a1/M073_GLM_LOW_CONCURRENCY_C1_rep1/benchmark.raw.json,55934,3d4d24c460edcc6a0372c8e82e6f39d66074e9dd2c14a87176da8106a33e8da3,True,server violet-h100-016
eval/results/IDE_073_20260917/G-GPU8/a1/M073_GLM_LOW_CONCURRENCY_C1_rep1/cpu_timeseries.csv,39980,3294bae993b16b2e5b52730a361636fc3fb999264882b477c835223abe9e5737,True,server violet-h100-016
eval/results/IDE_073_20260917/G-GPU8/a1/M073_GLM_LOW_CONCURRENCY_C1_rep1/gpu_timeseries.csv,17632,99daf01b77c657fd7731d2e40770cae42997c9ef0af735f4f954876e25f7a7df,True,server violet-h100-016
eval/results/IDE_073_20260917/G-GPU8/a1/M073_GLM_LOW_CONCURRENCY_C1_rep1/memory_timeseries.csv,591,1f8ecc9275b21237eecd74c69c6d186741822d239d8dbdadbd1f67f49e532449,True,server violet-h100-016
eval/results/IDE_073_20260917/G-GPU8/a1/M073_GLM_LOW_CONCURRENCY_C1_rep1/metrics.json,680,2a78fd410257ea78b9045858b901eade7e87766d1747ee12b6e8b6d60d0e2922,True,server violet-h100-016
eval/results/IDE_073_20260917/G-GPU8/a1/M073_GLM_LOW_CONCURRENCY_C1_rep1/requests.jsonl,3719,4f1d876f8f21ca9feb89bb3816506d4d604f23f7a2beee7fc493127c87469915,True,server violet-h100-016
eval/results/IDE_073_20260917/G-GPU8/a1/M073_GLM_LOW_CONCURRENCY_C1_rep1/thread_affinity_end.json,165650,3e0e2978bdf473a0aa6b7fc80ec09984a90e2d47adbc51dce0f3efcdbf170ea2,True,server violet-h100-016
eval/results/IDE_073_20260917/G-GPU8/a1/M073_GLM_LOW_CONCURRENCY_C1_rep1/thread_affinity_start.json,165651,deb32b1205e5e9e4fe3430884600c8f41bee0d634bc651f5de3ec74c13af5d5f,True,server violet-h100-016
eval/results/IDE_073_20260917/G-GPU8/a1/M073_GLM_LOW_CONCURRENCY_C1_rep1/timestamps.json,1231,cc9d812b7248bb99bebf29a56046d69f84729f131330a6c93eba10cf322f8afe,True,server violet-h100-016
eval/results/IDE_073_20260917/G-GPU8/a1/M073_GLM_MAIN_SHORT_C64_rep1/bench.stderr.log,2346,6e99e7be1d9ad58543d5c3a75d8e1cd27cbc451ed3142463ff99ee1fad33fb9e,True,server violet-h100-016
eval/results/IDE_073_20260917/G-GPU8/a1/M073_GLM_MAIN_SHORT_C64_rep1/bench.stdout.log,6305,f285c392d9baf7865ecdf8f1e9e50bcad4741559062ea2ff7b1ac830c6ba1558,True,server violet-h100-016
eval/results/IDE_073_20260917/G-GPU8/a1/M073_GLM_MAIN_SHORT_C64_rep1/bench_cmd.sh,741,4c496d6957adb282301383f4b1b5f423142d01bce4d220b8ce73311dfec86c71,True,server violet-h100-016
eval/results/IDE_073_20260917/G-GPU8/a1/M073_GLM_MAIN_SHORT_C64_rep1/benchmark.raw.json,856424,7c6594539a10ef5bf3684d06f3c0de029d5401fe79c330aa35152606f22f87f3,True,server violet-h100-016
eval/results/IDE_073_20260917/G-GPU8/a1/M073_GLM_MAIN_SHORT_C64_rep1/cpu_timeseries.csv,41008,6a3897bf661e1bd58a6d7127b357d4e2a791f722a416c07c4df510e59472394b,True,server violet-h100-016
eval/results/IDE_073_20260917/G-GPU8/a1/M073_GLM_MAIN_SHORT_C64_rep1/gpu_timeseries.csv,17608,28b9021b45f3af387797936f56806de9f6d18254977b937a9acd9f125f51f9bf,True,server violet-h100-016
eval/results/IDE_073_20260917/G-GPU8/a1/M073_GLM_MAIN_SHORT_C64_rep1/memory_timeseries.csv,591,3516e145c04433c50e3e1d4e1c31a520e7152b443b1d85733b3401aef95a4bde,True,server violet-h100-016
eval/results/IDE_073_20260917/G-GPU8/a1/M073_GLM_MAIN_SHORT_C64_rep1/metrics.json,672,041e755be10c25544a23376e9a9ff286759226e97d8d13251a04d4ec49ebfd6d,True,server violet-h100-016
eval/results/IDE_073_20260917/G-GPU8/a1/M073_GLM_MAIN_SHORT_C64_rep1/requests.jsonl,59111,cde53784e0721301e2ef3ebb966e1e4ce414aeb7cf7a558a67a682238fa5173c,True,server violet-h100-016
eval/results/IDE_073_20260917/G-GPU8/a1/M073_GLM_MAIN_SHORT_C64_rep1/thread_affinity_end.json,167779,dd9dad971bae31e99d0b4e116da742890821e52eb56715da295ace72e83db0c0,True,server violet-h100-016
eval/results/IDE_073_20260917/G-GPU8/a1/M073_GLM_MAIN_SHORT_C64_rep1/thread_affinity_start.json,167779,9e319e85d6b900e28378b6d235743da96e1db2e91bafc5f784717cde7dd26abf,True,server violet-h100-016
eval/results/IDE_073_20260917/G-GPU8/a1/M073_GLM_MAIN_SHORT_C64_rep1/timestamps.json,1223,43152a68de7cfd19c1273dd5ae9d56584c54fdfa560389bef45a2adf838cd093,True,server violet-h100-016
eval/results/IDE_073_20260917/G-GPU8/a1/M073_GLM_MAIN_SHORT_C64_rep2/bench.stderr.log,2346,1ea8a256b6cdae324c89936877619da72a62f06c8db8fdc2b4a31f62120059a2,True,server violet-h100-016
eval/results/IDE_073_20260917/G-GPU8/a1/M073_GLM_MAIN_SHORT_C64_rep2/bench.stdout.log,6305,68083de3a769dc08a833f14411995eafe40af722f3be44847cbb499443d8da9a,True,server violet-h100-016
eval/results/IDE_073_20260917/G-GPU8/a1/M073_GLM_MAIN_SHORT_C64_rep2/bench_cmd.sh,741,6e73a033e2730bd07c7f9f1de691cb13b95b12fc1942d57da9d5ad859c84366e,True,server violet-h100-016
eval/results/IDE_073_20260917/G-GPU8/a1/M073_GLM_MAIN_SHORT_C64_rep2/benchmark.raw.json,855665,0a2fcbcd0182eb03f07fd33a9271c53685ff9efa75146db21cd2516055e45ac2,True,server violet-h100-016
eval/results/IDE_073_20260917/G-GPU8/a1/M073_GLM_MAIN_SHORT_C64_rep2/cpu_timeseries.csv,41016,91dfd04723022fd11369d1bc2557066b3b8d1aef00403b869e4e6728b82a18a7,True,server violet-h100-016
eval/results/IDE_073_20260917/G-GPU8/a1/M073_GLM_MAIN_SHORT_C64_rep2/gpu_timeseries.csv,17623,82e00a96a9ef0028ef91d700ed2be3698737441a2e34999a8d382b272d195f99,True,server violet-h100-016
eval/results/IDE_073_20260917/G-GPU8/a1/M073_GLM_MAIN_SHORT_C64_rep2/memory_timeseries.csv,591,55900c28c5607d9020ac9780efec77a9061653c213b4b1869a207faf06493fb9,True,server violet-h100-016
eval/results/IDE_073_20260917/G-GPU8/a1/M073_GLM_MAIN_SHORT_C64_rep2/metrics.json,669,5e2dea2caa6c161a6be2bf9a3015a4972663ccb2e2b7febb0da79fbed8a7e65c,True,server violet-h100-016
eval/results/IDE_073_20260917/G-GPU8/a1/M073_GLM_MAIN_SHORT_C64_rep2/requests.jsonl,59126,76d7ae22ea288179299038621e6736548548334f6126ec320e7ba189f90e4737,True,server violet-h100-016
eval/results/IDE_073_20260917/G-GPU8/a1/M073_GLM_MAIN_SHORT_C64_rep2/thread_affinity_end.json,165650,431daa2c5b8d1fd7896b665f9c6358884d7be7b0c344c812033b8290836661a9,True,server violet-h100-016
eval/results/IDE_073_20260917/G-GPU8/a1/M073_GLM_MAIN_SHORT_C64_rep2/thread_affinity_start.json,165651,5adc0d1f6fc484d213991d1d4b8d0ecb959b01c3e1d6485f9f18d1ec24e127a8,True,server violet-h100-016
eval/results/IDE_073_20260917/G-GPU8/a1/M073_GLM_MAIN_SHORT_C64_rep2/timestamps.json,1219,c248afc045d1592d123c57998e1b5cf723aad8548f964119a9473573bf8bbd9d,True,server violet-h100-016
eval/results/IDE_073_20260917/G-GPU8/a1/M073_GLM_MAIN_SHORT_C64_rep3/bench.stderr.log,2346,a50a6e30287c02d580312f05c6e837aab2007bfdd349f3c2c91972c78288f353,True,server violet-h100-016
eval/results/IDE_073_20260917/G-GPU8/a1/M073_GLM_MAIN_SHORT_C64_rep3/bench.stdout.log,6305,1343d300c2b1f38858f6449048da0c7cf35391dadf435310b3129103ef31d019,True,server violet-h100-016
eval/results/IDE_073_20260917/G-GPU8/a1/M073_GLM_MAIN_SHORT_C64_rep3/bench_cmd.sh,741,8aa72f6795bd95084068101f14136d853afe6a745d9790c86c7525e04fd52dc5,True,server violet-h100-016
eval/results/IDE_073_20260917/G-GPU8/a1/M073_GLM_MAIN_SHORT_C64_rep3/benchmark.raw.json,855213,0848524f44d5d1986d475a1940df57809e734782538b1606ae38aaa3284c586c,True,server violet-h100-016
eval/results/IDE_073_20260917/G-GPU8/a1/M073_GLM_MAIN_SHORT_C64_rep3/cpu_timeseries.csv,41942,6953d14236450775e699cd975212d5cd5fa16947dc06a7eb60cb3ade7e99ec4c,True,server violet-h100-016
eval/results/IDE_073_20260917/G-GPU8/a1/M073_GLM_MAIN_SHORT_C64_rep3/gpu_timeseries.csv,17610,70a45daa487f3cf7f117233aafc8b0cc71783cd96db0995802b3a87373024de1,True,server violet-h100-016
eval/results/IDE_073_20260917/G-GPU8/a1/M073_GLM_MAIN_SHORT_C64_rep3/memory_timeseries.csv,591,5607452a48bf68135f9ca3ca310f48bcafa96b7a4e0725201d67e1bd3a5fbb89,True,server violet-h100-016
eval/results/IDE_073_20260917/G-GPU8/a1/M073_GLM_MAIN_SHORT_C64_rep3/metrics.json,671,432c8c5611a777285c734e414e9b737751a37f5c2ef7ec1c51482a920177f50c,True,server violet-h100-016
eval/results/IDE_073_20260917/G-GPU8/a1/M073_GLM_MAIN_SHORT_C64_rep3/requests.jsonl,59142,2fca9e73b23fd00acc6c38b040cdf2cf1f0e445b32047960a731276e9f8043f3,True,server violet-h100-016
eval/results/IDE_073_20260917/G-GPU8/a1/M073_GLM_MAIN_SHORT_C64_rep3/thread_affinity_end.json,165651,523c6d0da0be69c415839cf0181bab3f23690082d2d7bf5abb1b2f0a988d54d3,True,server violet-h100-016
eval/results/IDE_073_20260917/G-GPU8/a1/M073_GLM_MAIN_SHORT_C64_rep3/thread_affinity_start.json,165651,91c1fa8a56a6d1190cfb7a2c1c596dc8439f00335a2faac5c36fd2cd726cf9ee,True,server violet-h100-016
eval/results/IDE_073_20260917/G-GPU8/a1/M073_GLM_MAIN_SHORT_C64_rep3/timestamps.json,1221,754d46bdf89a3969e812039c34f94e9b8547f3912d7669756cdea160a0ea7397,True,server violet-h100-016
eval/results/IDE_073_20260917/G-GPU8/a1/cell.log,891,59d8eba7539a57c254bb16e4ea513561d3f8eb372b72adeefd08ef6390e28b41,True,server violet-h100-016
eval/results/IDE_073_20260917/G-GPU8/a1/cell_spec.json,1674,3b2f2311896ee96fc2582b52b2ce093ee0513e6776df7d8c671b3762df21dd5c,True,server violet-h100-016
eval/results/IDE_073_20260917/G-GPU8/a1/effective_config.json,2216,49c89651b5960bb7c0062625507ca5a4398640124029df401927af70e2e4f202,True,server violet-h100-016
eval/results/IDE_073_20260917/G-GPU8/a1/launch_cmd.sh,649,2c82105ae82f2cdc1358d0ab987ee2f9898425ded21fdb30e3d36dcae0f6c09a,True,server violet-h100-016
eval/results/IDE_073_20260917/G-GPU8/a1/quality20.json,25312,48860c525e97be5eec4c99b956ebf423f7afe7391eb42489da5b417c5abe0e95,True,server violet-h100-016
eval/results/IDE_073_20260917/G-GPU8/a1/quality20.log,51,68ea011a5ab390a93153691c081d704d82ca58aa98d6b9759575602a76436067,True,server violet-h100-016
eval/results/IDE_073_20260917/G-GPU8/a1/requested_config.json,717,649717d9b4d7e4d5298a3a89b7e8191596516b203cd6c6b0a21695a8f780a5f0,True,server violet-h100-016
eval/results/IDE_073_20260917/G-GPU8/a1/runtime_proofs.json,20264,2cb86e16cfd9ca9e20b9c6c9f503ff180daef60fb4d2c70e3018de6faf2f2714,True,server violet-h100-016
eval/results/IDE_073_20260917/G-GPU8/a1/server.full.log.gz,21186,515241911ed7274cc515fb986f50e70a31c6d1a629b7df165e87d87fef93d1e6,True,server violet-h100-016
eval/results/IDE_073_20260917/G-GPU8/a1/server_info.json,37586,aac9527daec67f8325f418e4206de22c51cb6c4339938988e37b66b5d756e082,True,server violet-h100-016
eval/results/IDE_073_20260917/G-GPU8/a1/smoke_greedy4.json,1740,9d5c729be3146200ec5ac5e878bb9c3c6c0f2a31359e59b98452df0f5abe47ef,True,server violet-h100-016
eval/results/IDE_073_20260917/G-GPU8/a1/status.json,13609,19e2c74811a33f108e42deb61e904435eb9d7fdb4cbae20a34edb40cd3717ce6,True,server violet-h100-016
eval/results/IDE_073_20260917/G-GPU8/a1/thread_affinity.json,167779,e3cc08e6a3ae482ecdce4ec401c804df64b1cd67c12dc8eee3873d4658f5ab3f,True,server violet-h100-016
eval/results/IDE_073_20260917/G-GPU8/a1/thread_affinity_end.json,165650,c25aa980f51c27147899ed011da8d286d493b3f79eb21b9cdb17ffc7d50001ee,True,server violet-h100-016
eval/results/IDE_073_20260917/G-GPU8/a1/warmup/bench.stderr.log,675,c8d57d1cc8f39ee34260432bf48c67f727f7250126bef4dcef640534231c02d6,True,server violet-h100-016
eval/results/IDE_073_20260917/G-GPU8/a1/warmup/bench.stdout.log,6304,822eeccbc81e284ab6030786593497587d62f5283879ba246c47248b947b6a3d,True,server violet-h100-016
eval/results/IDE_073_20260917/G-GPU8/a1/warmup/bench_cmd.sh,740,ec8166a9d6267c965e7ae930ff1035eb84d15f5bdd42bbe9b64dfb840cfc6ed6,True,server violet-h100-016
eval/results/IDE_073_20260917/G-GPU8/a1/warmup/benchmark.raw.json,109228,bc6dc2cf42a72cbe1086cd6cb857fe83f07a3c9540acc9a17ee5b20373c2cc25,True,server violet-h100-016
eval/results/IDE_073_20260917/G-GPU8/a1/warmup/requests.jsonl,7389,5957c3abd386ca3024a598c9d916eba07d0ed4ccc759b7691dfd14ef27ebef9f,True,server violet-h100-016
eval/results/IDE_073_20260917/G-KT-BASIC4.a1.runner.log,808,0ee23c3a3d465900bddb0bec73985b17df8929b1be06b95cee33026c9832e43a,True,server violet-h100-016
eval/results/IDE_073_20260917/G-KT-BASIC4/a1/M073_GLM_LONGER_PREFILL_C8_rep1/bench.stderr.log,2266,865df48be8c44f376d7cef32c99c6a9aafd39beb9a77d218f518eb53d60e4aa5,True,server violet-h100-016
eval/results/IDE_073_20260917/G-KT-BASIC4/a1/M073_GLM_LONGER_PREFILL_C8_rep1/bench.stdout.log,6306,0b5f943ab7f4379dbd46c1abb5497605c566b1509c76a509401f5cc9f1bdbebd,True,server violet-h100-016
eval/results/IDE_073_20260917/G-KT-BASIC4/a1/M073_GLM_LONGER_PREFILL_C8_rep1/bench_cmd.sh,743,0acfc4eb92e3bc2f5268f85a788a5c3276e5b545c963132aa64e157686ecc1a4,True,server violet-h100-016
eval/results/IDE_073_20260917/G-KT-BASIC4/a1/M073_GLM_LONGER_PREFILL_C8_rep1/benchmark.raw.json,106015,57244b8ec8a86184d9b0f1b624c7b1d566aba5402c0415d9717d04b2222a83a8,True,server violet-h100-016
eval/results/IDE_073_20260917/G-KT-BASIC4/a1/M073_GLM_LONGER_PREFILL_C8_rep1/cpu_timeseries.csv,633416,662740a4a7837952bfb5947b00125b4ac9ccc0935458241880d2256f7b9ef5a8,True,server violet-h100-016
eval/results/IDE_073_20260917/G-KT-BASIC4/a1/M073_GLM_LONGER_PREFILL_C8_rep1/gpu_timeseries.csv,226013,33dfaf5541dd0042f59df5316ce67644b1cea552a915bb5964136d9172681be9,True,server violet-h100-016
eval/results/IDE_073_20260917/G-KT-BASIC4/a1/M073_GLM_LONGER_PREFILL_C8_rep1/memory_timeseries.csv,6815,4b5573254bdf48ae6a9d84bbf822044b069fc5b93773f1e7b2f9f20d318d884f,True,server violet-h100-016
eval/results/IDE_073_20260917/G-KT-BASIC4/a1/M073_GLM_LONGER_PREFILL_C8_rep1/metrics.json,673,fef79601ee81b5cac1e7179d28672d70e869be51188c8e3790d9fe4e84c4b4dc,True,server violet-h100-016
eval/results/IDE_073_20260917/G-KT-BASIC4/a1/M073_GLM_LONGER_PREFILL_C8_rep1/requests.jsonl,7403,9fd89442004fcf6c6e2c5a22983f6cd9a3e2bd088e55315b57158e2bb3bed563,True,server violet-h100-016
eval/results/IDE_073_20260917/G-KT-BASIC4/a1/M073_GLM_LONGER_PREFILL_C8_rep1/thread_affinity_end.json,109889,190ab0de9db6aece18dc13796377bcb64867756db1f1ac2527e8bddf7f83d8ac,True,server violet-h100-016
eval/results/IDE_073_20260917/G-KT-BASIC4/a1/M073_GLM_LONGER_PREFILL_C8_rep1/thread_affinity_start.json,109888,1e2b186f60f9cfc3664bb48b1dfb832957128ce512a6dbcf9b4c19a0bb7b3ab7,True,server violet-h100-016
eval/results/IDE_073_20260917/G-KT-BASIC4/a1/M073_GLM_LONGER_PREFILL_C8_rep1/timestamps.json,1228,a0ed3672ba14e22e3fcaa54746061d21a88d85394a0a34b19fef4c99383885b1,True,server violet-h100-016
eval/results/IDE_073_20260917/G-KT-BASIC4/a1/M073_GLM_LOW_CONCURRENCY_C1_rep1/bench.stderr.log,1456,f712ac7d60662e2d72ef685fb17ed26a5367cd31a47104f7538a55d08733000a,True,server violet-h100-016
eval/results/IDE_073_20260917/G-KT-BASIC4/a1/M073_GLM_LOW_CONCURRENCY_C1_rep1/bench.stdout.log,6307,d39056ad5d970f1e090c8d78d7677f10a34af4c5886227f8052bf5a88adacaad,True,server violet-h100-016
eval/results/IDE_073_20260917/G-KT-BASIC4/a1/M073_GLM_LOW_CONCURRENCY_C1_rep1/bench_cmd.sh,744,93cab8b3d84d82052e791e98e6fc7998d983ea9f589ee087ab9abeea4297ed2d,True,server violet-h100-016
eval/results/IDE_073_20260917/G-KT-BASIC4/a1/M073_GLM_LOW_CONCURRENCY_C1_rep1/benchmark.raw.json,54975,bdca9520e3e256aaf298224ef258369b75bf7e43ec3fd59bebcd84d1fd9d14d7,True,server violet-h100-016
eval/results/IDE_073_20260917/G-KT-BASIC4/a1/M073_GLM_LOW_CONCURRENCY_C1_rep1/cpu_timeseries.csv,150713,31adbf3fe98316874823f6f521e1dc148e3d94e29a90020a02b27932c9d4fe01,True,server violet-h100-016
eval/results/IDE_073_20260917/G-KT-BASIC4/a1/M073_GLM_LOW_CONCURRENCY_C1_rep1/gpu_timeseries.csv,52857,543efbf5f72726a9fea7e6c6e1ccfdd428a44c17e5cf57dea91468d3ceb3b8a2,True,server violet-h100-016
eval/results/IDE_073_20260917/G-KT-BASIC4/a1/M073_GLM_LOW_CONCURRENCY_C1_rep1/memory_timeseries.csv,1655,909ca8006c3466bdf25ac88f95850d60a7a4f53f61ed69cdaa9efb80f33a0c26,True,server violet-h100-016
eval/results/IDE_073_20260917/G-KT-BASIC4/a1/M073_GLM_LOW_CONCURRENCY_C1_rep1/metrics.json,673,1b94307979dc77651b80f4ad207fd4c205474fb8b3f1dd9576d783b00ac538bc,True,server violet-h100-016
eval/results/IDE_073_20260917/G-KT-BASIC4/a1/M073_GLM_LOW_CONCURRENCY_C1_rep1/requests.jsonl,3678,0633db14c51218474ac4ab0c7448cce7ae971e37f795f8d35b76cf53b8188f00,True,server violet-h100-016
eval/results/IDE_073_20260917/G-KT-BASIC4/a1/M073_GLM_LOW_CONCURRENCY_C1_rep1/thread_affinity_end.json,109889,991e0187bce44777f13779377a56a5827cde018232527018ec69f7ea4b4df553,True,server violet-h100-016
eval/results/IDE_073_20260917/G-KT-BASIC4/a1/M073_GLM_LOW_CONCURRENCY_C1_rep1/thread_affinity_start.json,109889,f08b3c431d5a7071f6fa4fa419cd60b1081be715c9e19c537abbb40038e0ea08,True,server violet-h100-016
eval/results/IDE_073_20260917/G-KT-BASIC4/a1/M073_GLM_LOW_CONCURRENCY_C1_rep1/timestamps.json,1230,a7c8480ecf11e2c7b41966985f7741910d94dd19033b8b578644a6e95fd99682,True,server violet-h100-016
eval/results/IDE_073_20260917/G-KT-BASIC4/a1/M073_GLM_MAIN_SHORT_C64_rep1/bench.stderr.log,2993,d6fd9bbaac1f8b52e4d303acb82ec90c62261177d8039da3c13604de5c33a73d,True,server violet-h100-016
eval/results/IDE_073_20260917/G-KT-BASIC4/a1/M073_GLM_MAIN_SHORT_C64_rep1/bench.stdout.log,6305,9a5264d4adbfdaf2192b7ed53333a1d17862b69c876b72ed76bbede6b3022f53,True,server violet-h100-016
eval/results/IDE_073_20260917/G-KT-BASIC4/a1/M073_GLM_MAIN_SHORT_C64_rep1/bench_cmd.sh,741,be12051d1658408d2e611e1b0aeef4f5dd9de5db05240d1048fd55ec62950530,True,server violet-h100-016
eval/results/IDE_073_20260917/G-KT-BASIC4/a1/M073_GLM_MAIN_SHORT_C64_rep1/benchmark.raw.json,811085,acf6d868bee08ad190541c416e57cbed4adb320cff50ed73c3931c786f777c54,True,server violet-h100-016
eval/results/IDE_073_20260917/G-KT-BASIC4/a1/M073_GLM_MAIN_SHORT_C64_rep1/cpu_timeseries.csv,809320,fd6b1a7e6913af51c1c6ab977064c82285dbb269d4ef08efd78cbc4d2ab0494d,True,server violet-h100-016
eval/results/IDE_073_20260917/G-KT-BASIC4/a1/M073_GLM_MAIN_SHORT_C64_rep1/gpu_timeseries.csv,288232,5432252471a25f673179e12fd02f7b955690e78999bd7f80ee257d1516003c0e,True,server violet-h100-016
eval/results/IDE_073_20260917/G-KT-BASIC4/a1/M073_GLM_MAIN_SHORT_C64_rep1/memory_timeseries.csv,8675,45fe25494eacbe966d3d112cc6c42415aa8f829018f71386013c5d4d625099bf,True,server violet-h100-016
eval/results/IDE_073_20260917/G-KT-BASIC4/a1/M073_GLM_MAIN_SHORT_C64_rep1/metrics.json,674,5ab12440078b711bd3456154a74f1ee86c36fdd914a303c29ef1ddbf88e50324,True,server violet-h100-016
eval/results/IDE_073_20260917/G-KT-BASIC4/a1/M073_GLM_MAIN_SHORT_C64_rep1/requests.jsonl,59550,b79389bfe0f39eb506eddc3fa1142941879afa03230d266793c7a45e4476039e,True,server violet-h100-016
eval/results/IDE_073_20260917/G-KT-BASIC4/a1/M073_GLM_MAIN_SHORT_C64_rep1/thread_affinity_end.json,109888,54a5c86e48d6c9851433ad55f51c8cc7cbf0295bfe021df9ea98cb086c994b59,True,server violet-h100-016
eval/results/IDE_073_20260917/G-KT-BASIC4/a1/M073_GLM_MAIN_SHORT_C64_rep1/thread_affinity_start.json,109889,3c8c8a043f196cf31a837f9c0e5832858d457a2d8bf6bf0e6882a9dbf4a737d9,True,server violet-h100-016
eval/results/IDE_073_20260917/G-KT-BASIC4/a1/M073_GLM_MAIN_SHORT_C64_rep1/timestamps.json,1224,57efdd4761bc8d0c67e92cc044ed341044378e06f3154a1db097ce1397eceb41,True,server violet-h100-016
eval/results/IDE_073_20260917/G-KT-BASIC4/a1/M073_GLM_MAIN_SHORT_C64_rep2/bench.stderr.log,2993,ae3c477b20b988f557d1f51002e34a2148c7c7fc7e3cc847abd00c729ab2653a,True,server violet-h100-016
eval/results/IDE_073_20260917/G-KT-BASIC4/a1/M073_GLM_MAIN_SHORT_C64_rep2/bench.stdout.log,6305,417c701b423ac66fcb234cdcfa39b0521278d340ef0edb1bda1a26d0dae51447,True,server violet-h100-016
eval/results/IDE_073_20260917/G-KT-BASIC4/a1/M073_GLM_MAIN_SHORT_C64_rep2/bench_cmd.sh,741,91d42cb4fef1590b50461e39f5f1f4ab65266025f382481f3cd9eb00e3d1eda1,True,server violet-h100-016
eval/results/IDE_073_20260917/G-KT-BASIC4/a1/M073_GLM_MAIN_SHORT_C64_rep2/benchmark.raw.json,812114,4022a807c7f54665979519005cc7f00e1f88f2dc949261d22c439dab02574d0c,True,server violet-h100-016
eval/results/IDE_073_20260917/G-KT-BASIC4/a1/M073_GLM_MAIN_SHORT_C64_rep2/cpu_timeseries.csv,808952,14104e5a9fd84225f242c36f9031580380635290b46c8ff340cd01bb417a3d98,True,server violet-h100-016
eval/results/IDE_073_20260917/G-KT-BASIC4/a1/M073_GLM_MAIN_SHORT_C64_rep2/gpu_timeseries.csv,288227,f6596de6aac114113cd0e5a9f6926ffd5b4ffa3e1fe3f495731a9d5ae58b3e57,True,server violet-h100-016
eval/results/IDE_073_20260917/G-KT-BASIC4/a1/M073_GLM_MAIN_SHORT_C64_rep2/memory_timeseries.csv,8675,b0f7b12dc78b5f1565e4b7d0ad50cb9118d1392acab4f3c57bb79f2718a26523,True,server violet-h100-016
eval/results/IDE_073_20260917/G-KT-BASIC4/a1/M073_GLM_MAIN_SHORT_C64_rep2/metrics.json,672,aee92503c20b7cf218576ce2f2a24227649eab246d465cac057a561377580088,True,server violet-h100-016
eval/results/IDE_073_20260917/G-KT-BASIC4/a1/M073_GLM_MAIN_SHORT_C64_rep2/requests.jsonl,59569,e6599d3225629ae7d9b16cbd0d553c96eba9c204f5f9d98e1a73ca0816644d17,True,server violet-h100-016
eval/results/IDE_073_20260917/G-KT-BASIC4/a1/M073_GLM_MAIN_SHORT_C64_rep2/thread_affinity_end.json,109889,2581b400a43f7718597fd62e4d34ca5a8ef98b95ebc309019813788f0a716f4b,True,server violet-h100-016
eval/results/IDE_073_20260917/G-KT-BASIC4/a1/M073_GLM_MAIN_SHORT_C64_rep2/thread_affinity_start.json,109889,88c9c17cb263f40ee436da436fd238522b3a1d522e7b2484b8e58c23df5002d9,True,server violet-h100-016
eval/results/IDE_073_20260917/G-KT-BASIC4/a1/M073_GLM_MAIN_SHORT_C64_rep2/timestamps.json,1223,e07fe9f0bec862997438b30c74be1cac53d8b988dea4e70342b523abe8e7a69f,True,server violet-h100-016
eval/results/IDE_073_20260917/G-KT-BASIC4/a1/M073_GLM_MAIN_SHORT_C64_rep3/bench.stderr.log,2993,05a8cbba238485f1c4735baf48899d831a67c9793b3c4a646c19de7e26ace644,True,server violet-h100-016
eval/results/IDE_073_20260917/G-KT-BASIC4/a1/M073_GLM_MAIN_SHORT_C64_rep3/bench.stdout.log,6305,a2e5d996ac05066895da960cccbacd2921976409b6d8fa61748398f15d901258,True,server violet-h100-016
eval/results/IDE_073_20260917/G-KT-BASIC4/a1/M073_GLM_MAIN_SHORT_C64_rep3/bench_cmd.sh,741,80f4a4583d72c21b99600b9a21fca5cef86b61764fa7543708436051da6a36d2,True,server violet-h100-016
eval/results/IDE_073_20260917/G-KT-BASIC4/a1/M073_GLM_MAIN_SHORT_C64_rep3/benchmark.raw.json,810163,7d0657905ffa757044fdabcffb029be98693c2dec63e86a4541ddf0600b3dd2d,True,server violet-h100-016
eval/results/IDE_073_20260917/G-KT-BASIC4/a1/M073_GLM_MAIN_SHORT_C64_rep3/cpu_timeseries.csv,810167,c2da530c7b4b30e7999e1e0fd259a988393af76efd3b0fdf550eddf792636687,True,server violet-h100-016
eval/results/IDE_073_20260917/G-KT-BASIC4/a1/M073_GLM_MAIN_SHORT_C64_rep3/gpu_timeseries.csv,288229,caf215cec893fbd99e76da4c57b4ba206a02d05d65f16055186ea48e8e900120,True,server violet-h100-016
eval/results/IDE_073_20260917/G-KT-BASIC4/a1/M073_GLM_MAIN_SHORT_C64_rep3/memory_timeseries.csv,8675,a86f1a0679ec3794c9905515d17ce1853b5f28297cda5e2e248baf9551486b81,True,server violet-h100-016
eval/results/IDE_073_20260917/G-KT-BASIC4/a1/M073_GLM_MAIN_SHORT_C64_rep3/metrics.json,674,3d9daf47601ecbc24fc5a247ee2c2015a2e15d795fed8a65b64e7e8f902a8d2b,True,server violet-h100-016
eval/results/IDE_073_20260917/G-KT-BASIC4/a1/M073_GLM_MAIN_SHORT_C64_rep3/requests.jsonl,59563,85e45639877c37481b421497e7e1e3879b889b559eafb66a26ea8aa46260cd86,True,server violet-h100-016
eval/results/IDE_073_20260917/G-KT-BASIC4/a1/M073_GLM_MAIN_SHORT_C64_rep3/thread_affinity_end.json,109889,b809334a0af2e7b1b92aa1134c40c75eacb1ad1b86accaad15876acfb3c36754,True,server violet-h100-016
eval/results/IDE_073_20260917/G-KT-BASIC4/a1/M073_GLM_MAIN_SHORT_C64_rep3/thread_affinity_start.json,109888,e3cac41ed14dfa18adb4849dd9163f9bbfb76c13ddbe5c47c9a35e4a6f9996f1,True,server violet-h100-016
eval/results/IDE_073_20260917/G-KT-BASIC4/a1/M073_GLM_MAIN_SHORT_C64_rep3/timestamps.json,1224,4ca04891072f05a7aa60567afde042e67dec1356f37fabca11b00c1f4aee3282,True,server violet-h100-016
eval/results/IDE_073_20260917/G-KT-BASIC4/a1/cell.log,794,f237c7189a9c4792faebd90f37ccce9c5549112b296187a964b09e6372147041,True,server violet-h100-016
eval/results/IDE_073_20260917/G-KT-BASIC4/a1/cell_spec.json,1957,59ce4519ee29243e2db40f23d03ea97af4d511ce52b7154ae26d91d6549eef4b,True,server violet-h100-016
eval/results/IDE_073_20260917/G-KT-BASIC4/a1/effective_config.json,2461,a0f00e51cc2338c93ad19eee800633cb1d8d566afcbe8045f9f1f21e40519069,True,server violet-h100-016
eval/results/IDE_073_20260917/G-KT-BASIC4/a1/launch_cmd.sh,870,2caca05a128ea196affe6d14d7975108311cfa126582f06d136a7e26697ded60,True,server violet-h100-016
eval/results/IDE_073_20260917/G-KT-BASIC4/a1/quality20.json,49508,87b5d21efb631da370a6d86258d3acc0a1e45ea13b997324d99e2358b2ff95cd,True,server violet-h100-016
eval/results/IDE_073_20260917/G-KT-BASIC4/a1/requested_config.json,962,fd5d1363225b472b18e753b0bdb590d8317e097adc2148e7aab6146066fca7b2,True,server violet-h100-016
eval/results/IDE_073_20260917/G-KT-BASIC4/a1/runtime_proofs.json,19086,c866f237eeaedf4fd3896e4c5d648ed33488749efd5bb039f999a0de016ac721,True,server violet-h100-016
eval/results/IDE_073_20260917/G-KT-BASIC4/a1/server_info.json,37769,57e6e6211ab970d17ceb2fa66d519890a10a615daed1dabfb053bfb72d69adb7,True,server violet-h100-016
eval/results/IDE_073_20260917/G-KT-BASIC4/a1/smoke_greedy4.json,2027,d0662df626196872e8010f1b910cb0af730f4434f26eeea6bbb6e285f17eb661,True,server violet-h100-016
eval/results/IDE_073_20260917/G-KT-BASIC4/a1/status.json,13225,93b96b7e97bec84e709abd9d2e75d1fdebe1c5e2d83afae75a79d965b027fe4c,True,server violet-h100-016
eval/results/IDE_073_20260917/G-KT-BASIC4/a1/thread_affinity.json,110941,f0843c35879f9688f3549ac480333a0afa66065c0b68c215a3c3018862e355e2,True,server violet-h100-016
eval/results/IDE_073_20260917/G-KT-BASIC4/a1/warmup/bench.stderr.log,848,10e53077515de3805652a290d347a347a015c8acdc2872ab7271c4d45dcb091a,True,server violet-h100-016
eval/results/IDE_073_20260917/G-KT-BASIC4/a1/warmup/bench.stdout.log,6304,37982cc771b7d2caaa5431391563721954395123e8fe7f48ffbb8a063d1fa499,True,server violet-h100-016
eval/results/IDE_073_20260917/G-KT-BASIC4/a1/warmup/bench_cmd.sh,740,a7f66e4b1177e0fafbef405b177138e1e150883276576ce376e096642e25193c,True,server violet-h100-016
eval/results/IDE_073_20260917/G-KT-BASIC4/a1/warmup/benchmark.raw.json,105073,ecf06f685114147539b0ceca06150a0afb80d20fa491087ca1187e6050e5a095,True,server violet-h100-016
eval/results/IDE_073_20260917/G-KT-BASIC4/a1/warmup/requests.jsonl,7416,f1c673e6138bd1e7f6b6537023fb1dd089b112d978b82a0f19ddd45aa338c0f2,True,server violet-h100-016
eval/results/IDE_073_20260917/Q-GPU8.a1.runner.log,705,5b3636638ac3a7afe985d40faee7a15d57e93cb4d1c5dab7cf833c9fa7499528,True,server violet-h100-016
eval/results/IDE_073_20260917/Q-GPU8.a2.runner.log,898,5228e425d850da42a6f0c3e2541e51d7b23bbcbeb5edc81a58c3c84fed428c3d,True,server violet-h100-016
eval/results/IDE_073_20260917/Q-GPU8/a1/M073_QWEN_LONGER_PREFILL_C8_rep1/bench.stderr.log,3078,5187f88f8327d5764e946989b227a9e599cb764047f0a4a815fd195e2a6418fc,True,server violet-h100-016
eval/results/IDE_073_20260917/Q-GPU8/a1/M073_QWEN_LONGER_PREFILL_C8_rep1/bench.stdout.log,3706,f606ff65ba94079933ab6074dce72dbd394ecbf8ff7b036b47e799ee4bfb9c69,True,server violet-h100-016
eval/results/IDE_073_20260917/Q-GPU8/a1/M073_QWEN_LONGER_PREFILL_C8_rep1/bench_cmd.sh,746,c61a420f968201b15a7d0f5ef5ad36cb4371ff52f1890530bdd7c68342d3fc82,True,server violet-h100-016
eval/results/IDE_073_20260917/Q-GPU8/a1/M073_QWEN_LONGER_PREFILL_C8_rep1/cpu_timeseries.csv,17218,5ce76f35dfae1feda9474d12a81b2c41394b265c81650c38fb9f22a74918bb80,True,server violet-h100-016
eval/results/IDE_073_20260917/Q-GPU8/a1/M073_QWEN_LONGER_PREFILL_C8_rep1/gpu_timeseries.csv,6725,9becace786c6296c1e1e9c982df3920bcc8ee927184df6924c54c025e13658b6,True,server violet-h100-016
eval/results/IDE_073_20260917/Q-GPU8/a1/M073_QWEN_LONGER_PREFILL_C8_rep1/memory_timeseries.csv,284,61e69794679ff2c2414e6d4a82d95b40e71ba003a009edb09173eeccbd5ca2df,True,server violet-h100-016
eval/results/IDE_073_20260917/Q-GPU8/a1/M073_QWEN_LONGER_PREFILL_C8_rep1/metrics.json,566,2031b7d2dc3d193ed67712d2cc3a501984d59ba467e6e6e89b6f53b1d6414db7,True,server violet-h100-016
eval/results/IDE_073_20260917/Q-GPU8/a1/M073_QWEN_LONGER_PREFILL_C8_rep1/thread_affinity_end.json,165651,1900f379cd6d5ae885758def51b2204471e57f8cad2a7e1f04f3c15f6a883049,True,server violet-h100-016
eval/results/IDE_073_20260917/Q-GPU8/a1/M073_QWEN_LONGER_PREFILL_C8_rep1/thread_affinity_start.json,165651,b4c3e25f408526ccd3e9411fae13fb58c684959e54b3c823db172e6187fd729c,True,server violet-h100-016
eval/results/IDE_073_20260917/Q-GPU8/a1/M073_QWEN_LONGER_PREFILL_C8_rep1/timestamps.json,1230,95fc5766fde06ee1836af4c40376535ef4abae41f32d6837fa1ce0fac9e5d428,True,server violet-h100-016
eval/results/IDE_073_20260917/Q-GPU8/a1/M073_QWEN_LOW_CONCURRENCY_C1_rep1/bench.stderr.log,3078,fe86909c5fe33e2a7cc0c38fbe343cd7db40712b86ef89a4118c0fba6d9b42d6,True,server violet-h100-016
eval/results/IDE_073_20260917/Q-GPU8/a1/M073_QWEN_LOW_CONCURRENCY_C1_rep1/bench.stdout.log,3707,d9bc6e450ecaa4437f2568652ee5ac484509da4980b7a18c947a656524301f3d,True,server violet-h100-016
eval/results/IDE_073_20260917/Q-GPU8/a1/M073_QWEN_LOW_CONCURRENCY_C1_rep1/bench_cmd.sh,747,8a12de4161742dc68a26cc08d1ee551d8147ab760bf061ed685e3cb0f27e7c1e,True,server violet-h100-016
eval/results/IDE_073_20260917/Q-GPU8/a1/M073_QWEN_LOW_CONCURRENCY_C1_rep1/cpu_timeseries.csv,16263,7e9b9061be8a042de416450ac5d45480b3b7a093fa3230e0ee5cf6a1b4fcc08d,True,server violet-h100-016
eval/results/IDE_073_20260917/Q-GPU8/a1/M073_QWEN_LOW_CONCURRENCY_C1_rep1/gpu_timeseries.csv,6725,7e236d6118a21763651d337de44cd26bd5b8dc1422ae008dd9b96c4e47c10e36,True,server violet-h100-016
eval/results/IDE_073_20260917/Q-GPU8/a1/M073_QWEN_LOW_CONCURRENCY_C1_rep1/memory_timeseries.csv,284,9394e6273ec6c1973a6eed0e85aa94c470bd081523ca00dc637fa4bf07230ea4,True,server violet-h100-016
eval/results/IDE_073_20260917/Q-GPU8/a1/M073_QWEN_LOW_CONCURRENCY_C1_rep1/metrics.json,568,3a3b6c95538ea9efa62c4a0c2f0a9507d5db200a9d8c04e2fe6905463337f886,True,server violet-h100-016
eval/results/IDE_073_20260917/Q-GPU8/a1/M073_QWEN_LOW_CONCURRENCY_C1_rep1/thread_affinity_end.json,165651,f8cf771b3981d6463e95a66d87c277e08cadaef10c44e07cb1b23d31069778d5,True,server violet-h100-016
eval/results/IDE_073_20260917/Q-GPU8/a1/M073_QWEN_LOW_CONCURRENCY_C1_rep1/thread_affinity_start.json,166989,549094da16fc6bcaaea1a8f50fe5194131d8e10a34d14ee3d530e3f472604d31,True,server violet-h100-016
eval/results/IDE_073_20260917/Q-GPU8/a1/M073_QWEN_LOW_CONCURRENCY_C1_rep1/timestamps.json,1234,2806d922384bb7a1576eea376e677155e7db827c7e660761b125fde7f89239de,True,server violet-h100-016
eval/results/IDE_073_20260917/Q-GPU8/a1/M073_QWEN_MAIN_SHORT_C64_rep1/bench.stderr.log,3078,5a80bc5e8b4bf13ff57ad649abcedfa317076a328adbb648358cad239caaf2f8,True,server violet-h100-016
eval/results/IDE_073_20260917/Q-GPU8/a1/M073_QWEN_MAIN_SHORT_C64_rep1/bench.stdout.log,3704,fae37c8245d848c20eb233414a73fa4a7664885d7182ce050357e0eafeb08036,True,server violet-h100-016
eval/results/IDE_073_20260917/Q-GPU8/a1/M073_QWEN_MAIN_SHORT_C64_rep1/bench_cmd.sh,744,65dd539f228576c128e108c8418182f8cc3d45446d58a3bfcfbb7bd116a0d787,True,server violet-h100-016
eval/results/IDE_073_20260917/Q-GPU8/a1/M073_QWEN_MAIN_SHORT_C64_rep1/cpu_timeseries.csv,16420,5a37001a083fb02922bfb3d30fc6ac3dbd98fd164b63fc349adb37a7e4f73120,True,server violet-h100-016
eval/results/IDE_073_20260917/Q-GPU8/a1/M073_QWEN_MAIN_SHORT_C64_rep1/gpu_timeseries.csv,6725,1b70064fa3d69d85bdf6c9fcb79cf6c2dc11d26b1c46ea95883c8a9bb46aad59,True,server violet-h100-016
eval/results/IDE_073_20260917/Q-GPU8/a1/M073_QWEN_MAIN_SHORT_C64_rep1/memory_timeseries.csv,287,82fee8de9919c8ccd8d8b4606aa36d2398066f879a08890b3c4f2f513f6c7f91,True,server violet-h100-016
eval/results/IDE_073_20260917/Q-GPU8/a1/M073_QWEN_MAIN_SHORT_C64_rep1/metrics.json,563,f131dae1b8f80eded552065c27740c52dacaed941cd62a196eb41df557c739f3,True,server violet-h100-016
eval/results/IDE_073_20260917/Q-GPU8/a1/M073_QWEN_MAIN_SHORT_C64_rep1/thread_affinity_end.json,167778,dbb5754904942abea81962fed89becc1cd923d94a0a6c2c25940157591e811b1,True,server violet-h100-016
eval/results/IDE_073_20260917/Q-GPU8/a1/M073_QWEN_MAIN_SHORT_C64_rep1/thread_affinity_start.json,167779,cca6814237e7361be8a20a2a1e67b62c6c9f1a9008ebdd51b32d3b7b263216a4,True,server violet-h100-016
eval/results/IDE_073_20260917/Q-GPU8/a1/M073_QWEN_MAIN_SHORT_C64_rep1/timestamps.json,1226,85f2e10566a6e6e81a933cb917bde26b80674b1025dd79ea9bb8ae6be1927903,True,server violet-h100-016
eval/results/IDE_073_20260917/Q-GPU8/a1/M073_QWEN_MAIN_SHORT_C64_rep2/bench.stderr.log,3078,152303e3b28c143fe5fb001d4429c951f45d7e38547c5ee5f0d36d8e5b4d394b,True,server violet-h100-016
eval/results/IDE_073_20260917/Q-GPU8/a1/M073_QWEN_MAIN_SHORT_C64_rep2/bench.stdout.log,3704,95550ff44de77b59fbb24363826e28f9b5ab497aac432caeb3b4e01b098e1b39,True,server violet-h100-016
eval/results/IDE_073_20260917/Q-GPU8/a1/M073_QWEN_MAIN_SHORT_C64_rep2/bench_cmd.sh,744,bb0c1e16ff8e40833c05e8b53016d933baf4ee657e6ae68b0f60b8657e1271d1,True,server violet-h100-016
eval/results/IDE_073_20260917/Q-GPU8/a1/M073_QWEN_MAIN_SHORT_C64_rep2/cpu_timeseries.csv,16209,dda5f38db80053270ae4e09109a96c2daa36a5548b3c5e198c2add98991c2de7,True,server violet-h100-016
eval/results/IDE_073_20260917/Q-GPU8/a1/M073_QWEN_MAIN_SHORT_C64_rep2/gpu_timeseries.csv,6725,3fd8814a8dc4bd19c98d05e31d1a1f765b42ace2bb3af38b0cd11f815334dd6b,True,server violet-h100-016
eval/results/IDE_073_20260917/Q-GPU8/a1/M073_QWEN_MAIN_SHORT_C64_rep2/memory_timeseries.csv,287,a61e3821d385371b56b1c3f0cc7f80df69afb514006507767134594b12b96505,True,server violet-h100-016
eval/results/IDE_073_20260917/Q-GPU8/a1/M073_QWEN_MAIN_SHORT_C64_rep2/metrics.json,563,b14a977dfb4a87865972a5d7dc40fc27e92ab348775d1b08dc20903ba67066ab,True,server violet-h100-016
eval/results/IDE_073_20260917/Q-GPU8/a1/M073_QWEN_MAIN_SHORT_C64_rep2/thread_affinity_end.json,166990,ff928c63425959bcfae244f81c27016e44a724ad5806c8b7ee977a8b192b7483,True,server violet-h100-016
eval/results/IDE_073_20260917/Q-GPU8/a1/M073_QWEN_MAIN_SHORT_C64_rep2/thread_affinity_start.json,167778,90db2ecb905e0b5d476a18bfb6b8db375af2a35946e3ce99ca5edac0393ae9e1,True,server violet-h100-016
eval/results/IDE_073_20260917/Q-GPU8/a1/M073_QWEN_MAIN_SHORT_C64_rep2/timestamps.json,1226,0c571ed1f2b58dba1a8e535fa3578513bdfe4dfd2f472ecb7f34aa858f0a84f2,True,server violet-h100-016
eval/results/IDE_073_20260917/Q-GPU8/a1/M073_QWEN_MAIN_SHORT_C64_rep3/bench.stderr.log,3078,5b37450eea9796eb45eb1fb279775d52f52f7b7102c6806de528a88a7467fef1,True,server violet-h100-016
eval/results/IDE_073_20260917/Q-GPU8/a1/M073_QWEN_MAIN_SHORT_C64_rep3/bench.stdout.log,3704,7dbd853e4390f4e8ebc3c6ecda0a624993f39960fba16bd1f9dccab46a0cc04e,True,server violet-h100-016
eval/results/IDE_073_20260917/Q-GPU8/a1/M073_QWEN_MAIN_SHORT_C64_rep3/bench_cmd.sh,744,ab9ef0509a0d4c16b006e31a6ec871acff269254cb0749c392e58e7d8d3397cc,True,server violet-h100-016
eval/results/IDE_073_20260917/Q-GPU8/a1/M073_QWEN_MAIN_SHORT_C64_rep3/cpu_timeseries.csv,16249,125d136f1acaa75894061609a0c1308fe5b10a371fefcdabe895ca0116521b2b,True,server violet-h100-016
eval/results/IDE_073_20260917/Q-GPU8/a1/M073_QWEN_MAIN_SHORT_C64_rep3/gpu_timeseries.csv,6725,b4ff57541b81145478f72e07e8f3a71f49b6492a9d51fe8b69a14ed9f2f2ee47,True,server violet-h100-016
eval/results/IDE_073_20260917/Q-GPU8/a1/M073_QWEN_MAIN_SHORT_C64_rep3/memory_timeseries.csv,284,c10253c836884456bf30f7649376cdc563c825adea2741bf32b979c5789b63ae,True,server violet-h100-016
eval/results/IDE_073_20260917/Q-GPU8/a1/M073_QWEN_MAIN_SHORT_C64_rep3/metrics.json,563,ae67250574da92a79b585103469370d0e7dd8b4cd1f70923501f8204b1e2b968,True,server violet-h100-016
eval/results/IDE_073_20260917/Q-GPU8/a1/M073_QWEN_MAIN_SHORT_C64_rep3/thread_affinity_end.json,166990,b66f375ef0849252af66a1b77783213a29d157c14f4b62e13f3b3ec78dbb87e2,True,server violet-h100-016
eval/results/IDE_073_20260917/Q-GPU8/a1/M073_QWEN_MAIN_SHORT_C64_rep3/thread_affinity_start.json,166990,ef2b0915c86c9f90e58a0f97847cb8629c977163d107c24c4158748daacf0a05,True,server violet-h100-016
eval/results/IDE_073_20260917/Q-GPU8/a1/M073_QWEN_MAIN_SHORT_C64_rep3/timestamps.json,1223,2eb8861ffb3b808442ffa8c0cfd38b8de76bb14c71f4269f55cd9e814d67a987,True,server violet-h100-016
eval/results/IDE_073_20260917/Q-GPU8/a1/cell.log,705,5b3636638ac3a7afe985d40faee7a15d57e93cb4d1c5dab7cf833c9fa7499528,True,server violet-h100-016
eval/results/IDE_073_20260917/Q-GPU8/a1/cell_spec.json,1569,728d97978731da8cbb7fc7b1278b5046a8fb61bec86dc6ab1233f65471a606ce,True,server violet-h100-016
eval/results/IDE_073_20260917/Q-GPU8/a1/effective_config.json,2116,8347735023a92d1a4761bf74e7753b8c626d80157639b680ec8e61caa5bca4d8,True,server violet-h100-016
eval/results/IDE_073_20260917/Q-GPU8/a1/errors.jsonl,10976,d5d8388a67e886db81812ce0f26251980ea5bc6efb46e1f3a8a82b476f75c780,True,server violet-h100-016
eval/results/IDE_073_20260917/Q-GPU8/a1/launch_cmd.sh,569,a1922db38a3ea2067d5460d48409e978b0d02070c601717a79fc6813e257b283,True,server violet-h100-016
eval/results/IDE_073_20260917/Q-GPU8/a1/quality20.json,24735,852e4353290abcee0f9a35d4b81b71e2ea8eee23b70aff49d1085028e9ae4184,True,server violet-h100-016
eval/results/IDE_073_20260917/Q-GPU8/a1/quality20.log,51,68ea011a5ab390a93153691c081d704d82ca58aa98d6b9759575602a76436067,True,server violet-h100-016
eval/results/IDE_073_20260917/Q-GPU8/a1/requested_config.json,604,1ad0dac846950a0e62948bc2a0651293164f8c485e2f7623ac7e4e63cedcc274,True,server violet-h100-016
eval/results/IDE_073_20260917/Q-GPU8/a1/runtime_proofs.json,20369,12432494953de2552be3e4edc30737695e0ec0588133c07056b9bd6c4dec9fe6,True,server violet-h100-016
eval/results/IDE_073_20260917/Q-GPU8/a1/server.full.log.gz,10906,21b562d6485cde15bb7e20eb8ca25d67868bd4812456de36d944cd2a7b6f7874,True,server violet-h100-016
eval/results/IDE_073_20260917/Q-GPU8/a1/server_info.json,37756,f8b64a39ed9615294388a1bd07f816a13ef06392814815f6f05382dbdc7f4c17,True,server violet-h100-016
eval/results/IDE_073_20260917/Q-GPU8/a1/smoke_greedy4.json,1341,ed5793e63d85d7318106f9863bad39728e6c948c64cdf09e325aa742294cb693,True,server violet-h100-016
eval/results/IDE_073_20260917/Q-GPU8/a1/status.json,23126,0362e540463e7152702a2117978d99261eaa8e55033a8a381a4e6e2032266724,True,server violet-h100-016
eval/results/IDE_073_20260917/Q-GPU8/a1/thread_affinity.json,167779,50b5fdadd1df8f548a73967d5cd7d81aed28278e34ff98682c6b8373b7187f31,True,server violet-h100-016
eval/results/IDE_073_20260917/Q-GPU8/a1/thread_affinity_end.json,167067,94b90a1db3f23638df10d3ca03e0dbe111fc10051f8bcf9bd85e496e532c5f7c,True,server violet-h100-016
eval/results/IDE_073_20260917/Q-GPU8/a1/warmup/bench.stderr.log,3078,903800472b08826915bed4ea59f88c45b855f385c6c1e8c6a8a53216708de2ec,True,server violet-h100-016
eval/results/IDE_073_20260917/Q-GPU8/a1/warmup/bench.stdout.log,3703,9c9b7c22909f86d533f0b6131b8ea0841551bf99eec06bdc8204b45745f18fc2,True,server violet-h100-016
eval/results/IDE_073_20260917/Q-GPU8/a1/warmup/bench_cmd.sh,743,d8708300c4c9f87315883b50618cda9e608458f7c8b4d831f82f26c6276e44bf,True,server violet-h100-016
eval/results/IDE_073_20260917/Q-GPU8/a2/M073_QWEN_LONGER_PREFILL_C8_rep1/bench.stderr.log,739,392bc89d55e99e76caf780d1e298f9cbe167d6846c1dc7406e658ac9ccd53ca3,True,server violet-h100-016
eval/results/IDE_073_20260917/Q-GPU8/a2/M073_QWEN_LONGER_PREFILL_C8_rep1/bench.stdout.log,6309,785b353fae99726fb04af8f999879766b6016eacb35d2a3a45fdf12d7176c0a0,True,server violet-h100-016
eval/results/IDE_073_20260917/Q-GPU8/a2/M073_QWEN_LONGER_PREFILL_C8_rep1/bench_cmd.sh,746,4bafaada8391b3985ad747d9d47f2cd97630be0f3afed6d21428dd69d40a9012,True,server violet-h100-016
eval/results/IDE_073_20260917/Q-GPU8/a2/M073_QWEN_LONGER_PREFILL_C8_rep1/benchmark.raw.json,109424,47163d81daa0090558f0aaec4bde9b35a6ffdf65b07f74d5ac3dd8e858b1869a,True,server violet-h100-016
eval/results/IDE_073_20260917/Q-GPU8/a2/M073_QWEN_LONGER_PREFILL_C8_rep1/cpu_timeseries.csv,30550,f200ecb86a509692dc954e6c0e354f485b2cc56a4fcb92189bba68ea7808fa54,True,server violet-h100-016
eval/results/IDE_073_20260917/Q-GPU8/a2/M073_QWEN_LONGER_PREFILL_C8_rep1/gpu_timeseries.csv,13445,8233f0e99ea160e03054e4358f9ac9762071615cb1ddff39a6891e332e4bee68,True,server violet-h100-016
eval/results/IDE_073_20260917/Q-GPU8/a2/M073_QWEN_LONGER_PREFILL_C8_rep1/memory_timeseries.csv,467,418cb01cb251ff330cfd136e657fd44b004b6c65fbca20f3c24acd191eb678bd,True,server violet-h100-016
eval/results/IDE_073_20260917/Q-GPU8/a2/M073_QWEN_LONGER_PREFILL_C8_rep1/metrics.json,681,cd6ec1435c4531d21341d87b5a7c75b8654198eb41316276d4afc059be07e637,True,server violet-h100-016
eval/results/IDE_073_20260917/Q-GPU8/a2/M073_QWEN_LONGER_PREFILL_C8_rep1/requests.jsonl,7449,a4b6fb70577c158d64cfa13dfba42fd2ef9dd745a338090d1ed55649d2a488b5,True,server violet-h100-016
eval/results/IDE_073_20260917/Q-GPU8/a2/M073_QWEN_LONGER_PREFILL_C8_rep1/thread_affinity_end.json,165650,68105f2277bd307db2082e111824eed27f26852360c078058959fffe823889b0,True,server violet-h100-016
eval/results/IDE_073_20260917/Q-GPU8/a2/M073_QWEN_LONGER_PREFILL_C8_rep1/thread_affinity_start.json,165651,39a18dee0d23a7672e5750f7f4fc4425ac66194beeefd266bb4bb1da8210b0fa,True,server violet-h100-016
eval/results/IDE_073_20260917/Q-GPU8/a2/M073_QWEN_LONGER_PREFILL_C8_rep1/timestamps.json,1231,082f8cb7abfdd4a0bcdffce3931ac04e6e915f5f45d43a2696e3e93735236fa1,True,server violet-h100-016
eval/results/IDE_073_20260917/Q-GPU8/a2/M073_QWEN_LOW_CONCURRENCY_C1_rep1/bench.stderr.log,1456,c3a69efd963ab0bb436ec295abaddf2ef50fab48a0636a2b941b17fa5e9dcf9f,True,server violet-h100-016
eval/results/IDE_073_20260917/Q-GPU8/a2/M073_QWEN_LOW_CONCURRENCY_C1_rep1/bench.stdout.log,6310,34fb3f2be7988ed8ee97ae335f190f8a56f6912bcbe67054fd9588a0b4c0ccd2,True,server violet-h100-016
eval/results/IDE_073_20260917/Q-GPU8/a2/M073_QWEN_LOW_CONCURRENCY_C1_rep1/bench_cmd.sh,747,001f0cfaaf92c18e73bc860ad9db96b233f6f4eef8c5c24295a333e3f045ef70,True,server violet-h100-016
eval/results/IDE_073_20260917/Q-GPU8/a2/M073_QWEN_LOW_CONCURRENCY_C1_rep1/benchmark.raw.json,56229,b7d276a292bde382ce73eca1299d91e44bec619cac52f50d239fb8653313f3ce,True,server violet-h100-016
eval/results/IDE_073_20260917/Q-GPU8/a2/M073_QWEN_LOW_CONCURRENCY_C1_rep1/cpu_timeseries.csv,40146,f547eeea99df462d9ecf66cc3969652440f60aca71839274d9bf025f3ed685f1,True,server violet-h100-016
eval/results/IDE_073_20260917/Q-GPU8/a2/M073_QWEN_LOW_CONCURRENCY_C1_rep1/gpu_timeseries.csv,17613,c781d9c9962206bf4074e4f3632d7e72c9571af6e5aafc96c3d30d79a3dbcf23,True,server violet-h100-016
eval/results/IDE_073_20260917/Q-GPU8/a2/M073_QWEN_LOW_CONCURRENCY_C1_rep1/memory_timeseries.csv,591,6c6e7a0423d81241e45cdbeed1fb5d1a92313ea6e52ffa53e2e01632e33f3bcd,True,server violet-h100-016
eval/results/IDE_073_20260917/Q-GPU8/a2/M073_QWEN_LOW_CONCURRENCY_C1_rep1/metrics.json,682,37195210e7d5ed49a05a32b7ff026f0df803c42ca1b6939cc0623e357c723e52,True,server violet-h100-016
eval/results/IDE_073_20260917/Q-GPU8/a2/M073_QWEN_LOW_CONCURRENCY_C1_rep1/requests.jsonl,3715,00cc42aaa1e72a9df4e1a5da95084b8f5458e4aa0ddbe07a0a88f784e542d8d8,True,server violet-h100-016
eval/results/IDE_073_20260917/Q-GPU8/a2/M073_QWEN_LOW_CONCURRENCY_C1_rep1/thread_affinity_end.json,165651,f438ca2c0aabe08f07077cb40e249988294e60d4d14483527191202a14b6bdc5,True,server violet-h100-016
eval/results/IDE_073_20260917/Q-GPU8/a2/M073_QWEN_LOW_CONCURRENCY_C1_rep1/thread_affinity_start.json,165650,bf701da717c39e0a42017f6589e73c9d722ab60d0d29d7f804dcb7b2760a0e34,True,server violet-h100-016
eval/results/IDE_073_20260917/Q-GPU8/a2/M073_QWEN_LOW_CONCURRENCY_C1_rep1/timestamps.json,1232,7b99e5cf9aa760805f93a9c8ab15a8caeb2def36185dbf65790e84717dfdc077,True,server violet-h100-016
eval/results/IDE_073_20260917/Q-GPU8/a2/M073_QWEN_MAIN_SHORT_C64_rep1/bench.stderr.log,815,12dacee03aea7a6f0b3c16cdb155990d287efde507dd74f2b7829797bff1e197,True,server violet-h100-016
eval/results/IDE_073_20260917/Q-GPU8/a2/M073_QWEN_MAIN_SHORT_C64_rep1/bench.stdout.log,6308,195b60c57824ce3dd5a6f68e33eb0b700ec7eba370a262a12daf316048ed238a,True,server violet-h100-016
eval/results/IDE_073_20260917/Q-GPU8/a2/M073_QWEN_MAIN_SHORT_C64_rep1/bench_cmd.sh,744,57ffe6a4dc09c4d04da4fd8c33103ea75ce6a847c3dc9afd09d558b8fa57a847,True,server violet-h100-016
eval/results/IDE_073_20260917/Q-GPU8/a2/M073_QWEN_MAIN_SHORT_C64_rep1/benchmark.raw.json,864193,8310e8897b75a71f323c067e2bf6000c69501f27fddd80318f9e8874b78b8404,True,server violet-h100-016
eval/results/IDE_073_20260917/Q-GPU8/a2/M073_QWEN_MAIN_SHORT_C64_rep1/cpu_timeseries.csv,36316,b43ec30f68faa903e8dd5f2fc7fcb0bcad0e86d12e38c98b7768300dc21d8a79,True,server violet-h100-016
eval/results/IDE_073_20260917/Q-GPU8/a2/M073_QWEN_MAIN_SHORT_C64_rep1/gpu_timeseries.csv,15946,509b1844891479e35d627ea1dc5911014894bb5a29ce7d28d139dcdb1f0282ca,True,server violet-h100-016
eval/results/IDE_073_20260917/Q-GPU8/a2/M073_QWEN_MAIN_SHORT_C64_rep1/memory_timeseries.csv,529,40701536778de5ced8ed0b9d967d6bb50699d6fbf3cd0fa4d6b48dd3f398f62f,True,server violet-h100-016
eval/results/IDE_073_20260917/Q-GPU8/a2/M073_QWEN_MAIN_SHORT_C64_rep1/metrics.json,676,1b3ab46fdcd7751d95d9fbc0bf65900e091404c0cf69e13829a23e54b73661c9,True,server violet-h100-016
eval/results/IDE_073_20260917/Q-GPU8/a2/M073_QWEN_MAIN_SHORT_C64_rep1/requests.jsonl,59317,a18407c8054095701c2c508460881692a1d9529aa11b5806838311c13b82e4b6,True,server violet-h100-016
eval/results/IDE_073_20260917/Q-GPU8/a2/M073_QWEN_MAIN_SHORT_C64_rep1/thread_affinity_end.json,166451,8d1911d3ef0b6f6e87029403aad0799d21ffe1d5ccaf74eece744de0f2bf8611,True,server violet-h100-016
eval/results/IDE_073_20260917/Q-GPU8/a2/M073_QWEN_MAIN_SHORT_C64_rep1/thread_affinity_start.json,167778,0016758a17919a1226db954dd48418465a27b037f0ca41750d7157fe306d19ef,True,server violet-h100-016
eval/results/IDE_073_20260917/Q-GPU8/a2/M073_QWEN_MAIN_SHORT_C64_rep1/timestamps.json,1226,29979c85508a2e75b34090383dab4dd002762f1efe1d633264623da317e0f441,True,server violet-h100-016
eval/results/IDE_073_20260917/Q-GPU8/a2/M073_QWEN_MAIN_SHORT_C64_rep2/bench.stderr.log,815,5cc65331042354515133d0f3730cb4eaf346bc73dc55402b352cf9130a3a7fcf,True,server violet-h100-016
eval/results/IDE_073_20260917/Q-GPU8/a2/M073_QWEN_MAIN_SHORT_C64_rep2/bench.stdout.log,6308,a05ab40114e250d90531dfcea5ca849ce92d1187070e63d556645eb50c9e7800,True,server violet-h100-016
eval/results/IDE_073_20260917/Q-GPU8/a2/M073_QWEN_MAIN_SHORT_C64_rep2/bench_cmd.sh,744,8dbb540e5073ecfc1f519d2f5a63109a90b7b92a064634feed07ace15b860d65,True,server violet-h100-016
eval/results/IDE_073_20260917/Q-GPU8/a2/M073_QWEN_MAIN_SHORT_C64_rep2/benchmark.raw.json,865297,97a08c441267088a03574ecafe16cea957f239d9720c94d8b9e652e4263ad50e,True,server violet-h100-016
eval/results/IDE_073_20260917/Q-GPU8/a2/M073_QWEN_MAIN_SHORT_C64_rep2/cpu_timeseries.csv,37272,e4c15c092d87046148dacffe7467f4aec8cfd11d965f8cf6fceb11409cc0eeb7,True,server violet-h100-016
eval/results/IDE_073_20260917/Q-GPU8/a2/M073_QWEN_MAIN_SHORT_C64_rep2/gpu_timeseries.csv,15958,fa4e4f0a6f7388c2c006db402171e9927a52f9df1c9b6360f8304af244273084,True,server violet-h100-016
eval/results/IDE_073_20260917/Q-GPU8/a2/M073_QWEN_MAIN_SHORT_C64_rep2/memory_timeseries.csv,529,d3325b8f3c8921e5a6d04f650766336bf4121fe8687e7bfbf3864bead23efaad,True,server violet-h100-016
eval/results/IDE_073_20260917/Q-GPU8/a2/M073_QWEN_MAIN_SHORT_C64_rep2/metrics.json,673,6e32ab6576388b22712897c5b9337aa0273716d082862d70fa44f6c0cc22d3ea,True,server violet-h100-016
eval/results/IDE_073_20260917/Q-GPU8/a2/M073_QWEN_MAIN_SHORT_C64_rep2/requests.jsonl,59343,5ae3d99bd63cb7b1ca4242409daf58c442a0a6a6b92e09afc92ef5bd67fc150b,True,server violet-h100-016
eval/results/IDE_073_20260917/Q-GPU8/a2/M073_QWEN_MAIN_SHORT_C64_rep2/thread_affinity_end.json,165650,76b62828e433783ba2bbee65c8b27371feec49646e9c744516ad9e1025130bd0,True,server violet-h100-016
eval/results/IDE_073_20260917/Q-GPU8/a2/M073_QWEN_MAIN_SHORT_C64_rep2/thread_affinity_start.json,166452,e85857a0d3f61cd5601e0d41b5502a5620475e245e1912abe310def2a9cb12ad,True,server violet-h100-016
eval/results/IDE_073_20260917/Q-GPU8/a2/M073_QWEN_MAIN_SHORT_C64_rep2/timestamps.json,1224,564723e91e289ffeb645e73b5c8cd4606590e44b5e6d65ebd66bbda74ee0d353,True,server violet-h100-016
eval/results/IDE_073_20260917/Q-GPU8/a2/M073_QWEN_MAIN_SHORT_C64_rep3/bench.stderr.log,815,e544193339b3b51df64887d0b056d893d8b80d026c53f9d3b9ca053c9c5d6881,True,server violet-h100-016
eval/results/IDE_073_20260917/Q-GPU8/a2/M073_QWEN_MAIN_SHORT_C64_rep3/bench.stdout.log,6308,57b4fe0e313287081093f8dc9a631aa74684a090748e01045f306d5cdf806cfb,True,server violet-h100-016
eval/results/IDE_073_20260917/Q-GPU8/a2/M073_QWEN_MAIN_SHORT_C64_rep3/bench_cmd.sh,744,ae1f030cba84e6aa70a034449da26f83be96f55ce2344ed7f7068a842f532969,True,server violet-h100-016
eval/results/IDE_073_20260917/Q-GPU8/a2/M073_QWEN_MAIN_SHORT_C64_rep3/benchmark.raw.json,862762,f1f421a9e0936681f9714dd4c752f144603beb9b882bb0dd547c547a48b65bc5,True,server violet-h100-016
eval/results/IDE_073_20260917/Q-GPU8/a2/M073_QWEN_MAIN_SHORT_C64_rep3/cpu_timeseries.csv,36507,9cb63aa92eefe5ca98f3dcd9fca6691bf49f2e56d617efadd7c8214b55273c5f,True,server violet-h100-016
eval/results/IDE_073_20260917/Q-GPU8/a2/M073_QWEN_MAIN_SHORT_C64_rep3/gpu_timeseries.csv,15963,6d50735a4ee2762fb8346a0a51887426b027693ad55b4a8feeea4d416549f3d7,True,server violet-h100-016
eval/results/IDE_073_20260917/Q-GPU8/a2/M073_QWEN_MAIN_SHORT_C64_rep3/memory_timeseries.csv,529,4f2149780d6d3fbd3cb6be8e62afa2065356c6cb9835ef01d2fd795b8448053d,True,server violet-h100-016
eval/results/IDE_073_20260917/Q-GPU8/a2/M073_QWEN_MAIN_SHORT_C64_rep3/metrics.json,672,66be472338a065de7e16ea2425f973780040898609e39c2f572fd52c06ce34c5,True,server violet-h100-016
eval/results/IDE_073_20260917/Q-GPU8/a2/M073_QWEN_MAIN_SHORT_C64_rep3/requests.jsonl,59363,edddf0d8c151b145643a63c00cb608c0c9b8030e507cb926c48f042770c0f908,True,server violet-h100-016
eval/results/IDE_073_20260917/Q-GPU8/a2/M073_QWEN_MAIN_SHORT_C64_rep3/thread_affinity_end.json,165650,d524e1672b8d11bf05fbac0f4e596a1030fabe525d0ccfc55224ebde2e063db2,True,server violet-h100-016
eval/results/IDE_073_20260917/Q-GPU8/a2/M073_QWEN_MAIN_SHORT_C64_rep3/thread_affinity_start.json,165650,e6afe5214b367147f8678c78a12d2531bed67676649bee71a579d8f8cc8f264f,True,server violet-h100-016
eval/results/IDE_073_20260917/Q-GPU8/a2/M073_QWEN_MAIN_SHORT_C64_rep3/timestamps.json,1225,4eedc6fa0cad3820bf41ac251607a44385e2e5ebdc70d92943757c6cfd8fcc6c,True,server violet-h100-016
eval/results/IDE_073_20260917/Q-GPU8/a2/cell.log,898,5228e425d850da42a6f0c3e2541e51d7b23bbcbeb5edc81a58c3c84fed428c3d,True,server violet-h100-016
eval/results/IDE_073_20260917/Q-GPU8/a2/cell_spec.json,1569,728d97978731da8cbb7fc7b1278b5046a8fb61bec86dc6ab1233f65471a606ce,True,server violet-h100-016
eval/results/IDE_073_20260917/Q-GPU8/a2/effective_config.json,2116,8347735023a92d1a4761bf74e7753b8c626d80157639b680ec8e61caa5bca4d8,True,server violet-h100-016
eval/results/IDE_073_20260917/Q-GPU8/a2/launch_cmd.sh,569,a1922db38a3ea2067d5460d48409e978b0d02070c601717a79fc6813e257b283,True,server violet-h100-016
eval/results/IDE_073_20260917/Q-GPU8/a2/quality20.json,24554,99e22eea8dfb4b6445b8952dcee5f2b3acdd35c520668c8ccfa08054051eece4,True,server violet-h100-016
eval/results/IDE_073_20260917/Q-GPU8/a2/quality20.log,51,68ea011a5ab390a93153691c081d704d82ca58aa98d6b9759575602a76436067,True,server violet-h100-016
eval/results/IDE_073_20260917/Q-GPU8/a2/requested_config.json,604,1ad0dac846950a0e62948bc2a0651293164f8c485e2f7623ac7e4e63cedcc274,True,server violet-h100-016
eval/results/IDE_073_20260917/Q-GPU8/a2/runtime_proofs.json,20368,156ba1ed758d19e9bc19e4ee5de9544555a07b8f8f56f96a454fdb01eb7fd4e3,True,server violet-h100-016
eval/results/IDE_073_20260917/Q-GPU8/a2/server.full.log.gz,17712,3c83ae6f5b3f8935cbc0f00d4417dd67c8557f2d7e4047bf059f031a10044423,True,server violet-h100-016
eval/results/IDE_073_20260917/Q-GPU8/a2/server_info.json,37754,c146ec37322251bf9c2bb0cf7cd4026176db26334fb66f256cbd6b674cf2370b,True,server violet-h100-016
eval/results/IDE_073_20260917/Q-GPU8/a2/smoke_greedy4.json,1341,ed5793e63d85d7318106f9863bad39728e6c948c64cdf09e325aa742294cb693,True,server violet-h100-016
eval/results/IDE_073_20260917/Q-GPU8/a2/status.json,13526,b8f9861d4099985def74faf782324f1cf69678d0f3476e5a5ff52cdac6877a39,True,server violet-h100-016
eval/results/IDE_073_20260917/Q-GPU8/a2/thread_affinity.json,167779,a2c022a5506700d69e1bb838ccb36c7b817fbc2af40f8a8046d181d717880c2e,True,server violet-h100-016
eval/results/IDE_073_20260917/Q-GPU8/a2/thread_affinity_end.json,166339,4ac4e5db1e5412d5f285de5bf932cd10ba68be340891ab7e8a29eb8116bc8efc,True,server violet-h100-016
eval/results/IDE_073_20260917/Q-GPU8/a2/warmup/bench.stderr.log,622,2004f0f40176fe9160355a99e9cc6d8f193f6128fb83f7da52642c987b0d3702,True,server violet-h100-016
eval/results/IDE_073_20260917/Q-GPU8/a2/warmup/bench.stdout.log,6307,bb711f137ac3d0c4632c40ae9eccfd886f2c0689bb2f2587c1b7e274e171234d,True,server violet-h100-016
eval/results/IDE_073_20260917/Q-GPU8/a2/warmup/bench_cmd.sh,743,6fa0dd52b620fc9c0c49119d1865d6a7e277cd9f702b82e1559ec2c93e25581e,True,server violet-h100-016
eval/results/IDE_073_20260917/Q-GPU8/a2/warmup/benchmark.raw.json,109835,aaca2b7663461320695118a741dd0f1769d75ad081c248fa658eb4d79124fba6,True,server violet-h100-016
eval/results/IDE_073_20260917/Q-GPU8/a2/warmup/requests.jsonl,7389,45f53b32b58bf404947eb4706d579f08375bda71f9ee5ca0abf130d100a320b8,True,server violet-h100-016
eval/results/IDE_073_20260917/Q-KT-BASIC4.a1.runner.log,0,e3b0c44298fc1c149afbf4c8996fb92427ae41e4649b934ca495991b7852b855,True,server violet-h100-016
eval/results/IDE_073_20260917/Q-KT-BASIC4.a2.runner.log,0,e3b0c44298fc1c149afbf4c8996fb92427ae41e4649b934ca495991b7852b855,True,server violet-h100-016
eval/results/IDE_073_20260917/Q-KT-BASIC4.a3.runner.log,0,e3b0c44298fc1c149afbf4c8996fb92427ae41e4649b934ca495991b7852b855,True,server violet-h100-016
eval/results/IDE_073_20260917/Q-KT-BASIC4.a4.runner.log,895,ab71aaa54ef3dcac3912d881d79ddd262b42b2f5cd53c78f084ba60c19dcb3c0,True,server violet-h100-016
eval/results/IDE_073_20260917/Q-KT-BASIC4/a1/cell_spec.json,1824,6349fcecd4f060e60d82653230192e7d989b1bb2320b7d8193390724fb4f327a,True,server violet-h100-016
eval/results/IDE_073_20260917/Q-KT-BASIC4/a1/errors.jsonl,1503,382f3ccc1a1f07c9b6bf52f04c34ba7e6974d3715a2df70e934e419433779950,True,server violet-h100-016
eval/results/IDE_073_20260917/Q-KT-BASIC4/a1/launch_cmd.sh,766,e79c0d3e2d47a092a064d3e206635c34a36aff62eb4bc3cf9e0c59635d76244e,True,server violet-h100-016
eval/results/IDE_073_20260917/Q-KT-BASIC4/a1/requested_config.json,835,fb7005b97e3f2a07c7eb1d56ef63d32e70fbe09c4eb1dbb15ffcdd34f1615b32,True,server violet-h100-016
eval/results/IDE_073_20260917/Q-KT-BASIC4/a1/server.full.log.gz,6737,85a6798103a5d12924c825d3d1c63a92fd1b13958ec2e472347791e3802f0bf3,True,server violet-h100-016
eval/results/IDE_073_20260917/Q-KT-BASIC4/a1/status.json,5530,218f69a971bcda3b41b5a19dba4d79eadcef27467a80590273fa07b87ea60649,True,server violet-h100-016
eval/results/IDE_073_20260917/Q-KT-BASIC4/a2/cell_spec.json,1824,6349fcecd4f060e60d82653230192e7d989b1bb2320b7d8193390724fb4f327a,True,server violet-h100-016
eval/results/IDE_073_20260917/Q-KT-BASIC4/a2/errors.jsonl,1503,26322c0c621affc73a71cbb2758c8ae8cde0e9d70d61545230dce5ef0b675132,True,server violet-h100-016
eval/results/IDE_073_20260917/Q-KT-BASIC4/a2/launch_cmd.sh,766,e79c0d3e2d47a092a064d3e206635c34a36aff62eb4bc3cf9e0c59635d76244e,True,server violet-h100-016
eval/results/IDE_073_20260917/Q-KT-BASIC4/a2/requested_config.json,835,fb7005b97e3f2a07c7eb1d56ef63d32e70fbe09c4eb1dbb15ffcdd34f1615b32,True,server violet-h100-016
eval/results/IDE_073_20260917/Q-KT-BASIC4/a2/server.full.log.gz,6740,c63d99340b2392f9997adbca6c3628e54308ceecb61349959ab14e8f6695fe3d,True,server violet-h100-016
eval/results/IDE_073_20260917/Q-KT-BASIC4/a2/status.json,5532,678d78e12882a72f3a0662f0220a9d3311ab57fd1deb83e3cc110d682e038017,True,server violet-h100-016
eval/results/IDE_073_20260917/Q-KT-BASIC4/a3/cell_spec.json,1836,169ea4bbfbb46f96dca2a074519bc0b1a622209398062a177b62efd184eb7b20,True,server violet-h100-016
eval/results/IDE_073_20260917/Q-KT-BASIC4/a3/errors.jsonl,1504,dc7323baa0044870e9b0789ccdde2ef9ca737a6f7dc9b32133a8388459dce177,True,server violet-h100-016
eval/results/IDE_073_20260917/Q-KT-BASIC4/a3/launch_cmd.sh,766,e79c0d3e2d47a092a064d3e206635c34a36aff62eb4bc3cf9e0c59635d76244e,True,server violet-h100-016
eval/results/IDE_073_20260917/Q-KT-BASIC4/a3/requested_config.json,835,fb7005b97e3f2a07c7eb1d56ef63d32e70fbe09c4eb1dbb15ffcdd34f1615b32,True,server violet-h100-016
eval/results/IDE_073_20260917/Q-KT-BASIC4/a3/server.full.log.gz,6735,126393daae0cde16a23f17684d2955c57c1bb9a773dc553cf0b25ded31fc02f1,True,server violet-h100-016
eval/results/IDE_073_20260917/Q-KT-BASIC4/a3/status.json,5535,5747fd37cf39b0fda717005d13b87b6476f4eed4c5ad243ddc98f07f2daf8c0d,True,server violet-h100-016
eval/results/IDE_073_20260917/Q-KT-BASIC4/a4/M073_QWEN_LONGER_PREFILL_C8_rep1/bench.stderr.log,739,60d0c9e8e66fc25193164d0eb9173df94c6d3bef487aed607d289b20ebb1b3cc,True,server violet-h100-016
eval/results/IDE_073_20260917/Q-KT-BASIC4/a4/M073_QWEN_LONGER_PREFILL_C8_rep1/bench.stdout.log,6309,8d03a207455fc1c5dd13395b28a88d07bec3c071532b3f0f5014df0da333deae,True,server violet-h100-016
eval/results/IDE_073_20260917/Q-KT-BASIC4/a4/M073_QWEN_LONGER_PREFILL_C8_rep1/bench_cmd.sh,746,bc2b71ab8be83e4397aa83fbd2c3e27037f284b5a206b471a3611dd100289a7e,True,server violet-h100-016
eval/results/IDE_073_20260917/Q-KT-BASIC4/a4/M073_QWEN_LONGER_PREFILL_C8_rep1/benchmark.raw.json,106369,a236ed36c6109397cf8a22d1ea7dbbc72637b286bb6cd3a30475d6b7fb0c7d90,True,server violet-h100-016
eval/results/IDE_073_20260917/Q-KT-BASIC4/a4/M073_QWEN_LONGER_PREFILL_C8_rep1/cpu_timeseries.csv,163161,5e3c62fc4a9151d461f14e3a76a75b27ca1b0f43c3b1fde60063a242c96a16a0,True,server violet-h100-016
eval/results/IDE_073_20260917/Q-KT-BASIC4/a4/M073_QWEN_LONGER_PREFILL_C8_rep1/gpu_timeseries.csv,56865,678e823d337ecf51798456fb678518ed76345ba6b9fe34572310edf7adf93a4c,True,server violet-h100-016
eval/results/IDE_073_20260917/Q-KT-BASIC4/a4/M073_QWEN_LONGER_PREFILL_C8_rep1/memory_timeseries.csv,1715,089da69d4892dd49bcdc161e3e6eb80a8c45aaf1545b1984128af33748e5915f,True,server violet-h100-016
eval/results/IDE_073_20260917/Q-KT-BASIC4/a4/M073_QWEN_LONGER_PREFILL_C8_rep1/metrics.json,678,1c49c297ba30ba6c08be7fca3d52dfed673367dcdcb8ecc99a53881830fbac96,True,server violet-h100-016
eval/results/IDE_073_20260917/Q-KT-BASIC4/a4/M073_QWEN_LONGER_PREFILL_C8_rep1/requests.jsonl,7460,8401d4b73c0cb217653eeaadb0c6f792754f321efd0d7b80664917e441900ae9,True,server violet-h100-016
eval/results/IDE_073_20260917/Q-KT-BASIC4/a4/M073_QWEN_LONGER_PREFILL_C8_rep1/thread_affinity_end.json,110843,a0008633446d46841346b5688d96b4607d8450e1af0d06d1ba0c3921027d8f1f,True,server violet-h100-016
eval/results/IDE_073_20260917/Q-KT-BASIC4/a4/M073_QWEN_LONGER_PREFILL_C8_rep1/thread_affinity_start.json,110843,586d361a934a06af9965d8a432e11c9d16afcc10ad1522084593f95dc873bc58,True,server violet-h100-016
eval/results/IDE_073_20260917/Q-KT-BASIC4/a4/M073_QWEN_LONGER_PREFILL_C8_rep1/timestamps.json,1229,a6bd49a235283ba0bcb6965ca2139af056eda537397d8e14967459ae1c78b7c9,True,server violet-h100-016
eval/results/IDE_073_20260917/Q-KT-BASIC4/a4/M073_QWEN_LOW_CONCURRENCY_C1_rep1/bench.stderr.log,1456,04987da3a2c8cac8c72f13837115006941d2114788fdb7fbbb0a640beee4d690,True,server violet-h100-016
eval/results/IDE_073_20260917/Q-KT-BASIC4/a4/M073_QWEN_LOW_CONCURRENCY_C1_rep1/bench.stdout.log,6310,fd6455ececbb64782543fcb27c677a5d9da1309b734e5dfab0fc4df390d8ad61,True,server violet-h100-016
eval/results/IDE_073_20260917/Q-KT-BASIC4/a4/M073_QWEN_LOW_CONCURRENCY_C1_rep1/bench_cmd.sh,747,42799c56a20d5a81a115005edc0a911f464bb09aad8e2fdfada723d185b40309,True,server violet-h100-016
eval/results/IDE_073_20260917/Q-KT-BASIC4/a4/M073_QWEN_LOW_CONCURRENCY_C1_rep1/benchmark.raw.json,56013,6c2ab7e5515d1dac063650577af00c49094ee955357bcc38a08a7b5d153aaaa2,True,server violet-h100-016
eval/results/IDE_073_20260917/Q-KT-BASIC4/a4/M073_QWEN_LOW_CONCURRENCY_C1_rep1/cpu_timeseries.csv,95303,3d1877f4fa7ff9218a955f9c66ce1f2691ffac5185aa2aa7be733c63dbb5776d,True,server violet-h100-016
eval/results/IDE_073_20260917/Q-KT-BASIC4/a4/M073_QWEN_LOW_CONCURRENCY_C1_rep1/gpu_timeseries.csv,33694,7cbffe9cf6c4e1277c5df98e1565d7b48065add952345f4a67a7d2dc77a7c939,True,server violet-h100-016
eval/results/IDE_073_20260917/Q-KT-BASIC4/a4/M073_QWEN_LOW_CONCURRENCY_C1_rep1/memory_timeseries.csv,1055,ee6c285d05bb4304d141fd19494010b491b44266769c59950f67f216b50eec29,True,server violet-h100-016
eval/results/IDE_073_20260917/Q-KT-BASIC4/a4/M073_QWEN_LOW_CONCURRENCY_C1_rep1/metrics.json,678,f37b050781eef30c64a3bf4c2d1a280723cf4d557ce7938ac6d3971e44720858,True,server violet-h100-016
eval/results/IDE_073_20260917/Q-KT-BASIC4/a4/M073_QWEN_LOW_CONCURRENCY_C1_rep1/requests.jsonl,3696,ab259e9b76819f5053d5db35575336ceef956c4b51796fea26c5597666fdd963,True,server violet-h100-016
eval/results/IDE_073_20260917/Q-KT-BASIC4/a4/M073_QWEN_LOW_CONCURRENCY_C1_rep1/thread_affinity_end.json,110842,50f5551f93ba3ff8f627a6a02563a023db6b6113f2be1d45e578a1394009cb0e,True,server violet-h100-016
eval/results/IDE_073_20260917/Q-KT-BASIC4/a4/M073_QWEN_LOW_CONCURRENCY_C1_rep1/thread_affinity_start.json,110843,2b851c2814699ea676c58ff3fbbb9ccdfc74c6a079dfe082c4d61ddf7d27c4d4,True,server violet-h100-016
eval/results/IDE_073_20260917/Q-KT-BASIC4/a4/M073_QWEN_LOW_CONCURRENCY_C1_rep1/timestamps.json,1234,5114f7e5f0f18ed49e53fd893eb52b40be2505c8be6eadc2404b097641c7bbef,True,server violet-h100-016
eval/results/IDE_073_20260917/Q-KT-BASIC4/a4/M073_QWEN_MAIN_SHORT_C64_rep1/bench.stderr.log,818,8b1f097c5411a727467f7c205c0e018fe2ed34d1a4d82a2852f05af7d7aad431,True,server violet-h100-016
eval/results/IDE_073_20260917/Q-KT-BASIC4/a4/M073_QWEN_MAIN_SHORT_C64_rep1/bench.stdout.log,6308,d92ea92b7588786fe6c37aa663ecfdea9fada1db2850f414d4f99e1e7ecc5770,True,server violet-h100-016
eval/results/IDE_073_20260917/Q-KT-BASIC4/a4/M073_QWEN_MAIN_SHORT_C64_rep1/bench_cmd.sh,744,69853bd8d46a3ec67a28245b68b1030666f1007c9428f350c9a234035a635538,True,server violet-h100-016
eval/results/IDE_073_20260917/Q-KT-BASIC4/a4/M073_QWEN_MAIN_SHORT_C64_rep1/benchmark.raw.json,823356,9af354f9f9cc67746f7174f02d3855f9738bee0227466904e3a1b4bc7734d942,True,server violet-h100-016
eval/results/IDE_073_20260917/Q-KT-BASIC4/a4/M073_QWEN_MAIN_SHORT_C64_rep1/cpu_timeseries.csv,299902,53070a6736f2c8a7827b67095628532ad560784f72ff872180bbd663701d1b2a,True,server violet-h100-016
eval/results/IDE_073_20260917/Q-KT-BASIC4/a4/M073_QWEN_MAIN_SHORT_C64_rep1/gpu_timeseries.csv,101600,0df982346ad860d63a6dd96c58f655ee38fef720a89bd70f3a8ba5945e881937,True,server violet-h100-016
eval/results/IDE_073_20260917/Q-KT-BASIC4/a4/M073_QWEN_MAIN_SHORT_C64_rep1/memory_timeseries.csv,3095,030115e1cdf580a01b3393816a7f5208e8b310ab834d97d8702b99b1ed313def,True,server violet-h100-016
eval/results/IDE_073_20260917/Q-KT-BASIC4/a4/M073_QWEN_MAIN_SHORT_C64_rep1/metrics.json,672,fef4bfba149f92cc17c753bf0e0ec60c977c8fa6bcd7dc41d0f84ad7890bddd8,True,server violet-h100-016
eval/results/IDE_073_20260917/Q-KT-BASIC4/a4/M073_QWEN_MAIN_SHORT_C64_rep1/requests.jsonl,59347,06b6f5977f6fa54bb1891d66550d7e04f22ec4a31b7f132268168cb1cc081534,True,server violet-h100-016
eval/results/IDE_073_20260917/Q-KT-BASIC4/a4/M073_QWEN_MAIN_SHORT_C64_rep1/thread_affinity_end.json,110841,78c648ae3db70398d6febdb427e56a79f6382952085c9914200659dfd24b493e,True,server violet-h100-016
eval/results/IDE_073_20260917/Q-KT-BASIC4/a4/M073_QWEN_MAIN_SHORT_C64_rep1/thread_affinity_start.json,110843,155cecc46a05c514d1a72a06c9c39c5b960ada9acafde15a564397ee3d39b91e,True,server violet-h100-016
eval/results/IDE_073_20260917/Q-KT-BASIC4/a4/M073_QWEN_MAIN_SHORT_C64_rep1/timestamps.json,1227,db07a962ab52d9eb9b175bd6ed4a6095446fab96fb80fb3e204e347c1b865f3a,True,server violet-h100-016
eval/results/IDE_073_20260917/Q-KT-BASIC4/a4/M073_QWEN_MAIN_SHORT_C64_rep2/bench.stderr.log,818,98aaf08b071bc2bf3d19d94f1d0c6f5dd34df115a8b2699b1242575af7ff3c2d,True,server violet-h100-016
eval/results/IDE_073_20260917/Q-KT-BASIC4/a4/M073_QWEN_MAIN_SHORT_C64_rep2/bench.stdout.log,6308,8fecc5574f438632bcc35e9947b556e8af0bffb7c0272aa456a4eb1a6988fa18,True,server violet-h100-016
eval/results/IDE_073_20260917/Q-KT-BASIC4/a4/M073_QWEN_MAIN_SHORT_C64_rep2/bench_cmd.sh,744,4d79e640e4e57279677974ec34728a95df7921e5cc2875ef516a8b95a145d92c,True,server violet-h100-016
eval/results/IDE_073_20260917/Q-KT-BASIC4/a4/M073_QWEN_MAIN_SHORT_C64_rep2/benchmark.raw.json,824750,d40c75f9690470fbb5d3d7a4663e4b29d171b33a60eb05e2a3320df6642031c9,True,server violet-h100-016
eval/results/IDE_073_20260917/Q-KT-BASIC4/a4/M073_QWEN_MAIN_SHORT_C64_rep2/cpu_timeseries.csv,290370,05dfa4e4b6ac1f03fafc82ed4712b64ce9c71a8e3016d58c19b4c388706c1da5,True,server violet-h100-016
eval/results/IDE_073_20260917/Q-KT-BASIC4/a4/M073_QWEN_MAIN_SHORT_C64_rep2/gpu_timeseries.csv,99213,f1b386abef3c6d33cacf93680293af68731da3e4ee4be49dfb5af53c5a430ca4,True,server violet-h100-016
eval/results/IDE_073_20260917/Q-KT-BASIC4/a4/M073_QWEN_MAIN_SHORT_C64_rep2/memory_timeseries.csv,3035,b867d21622e1ef86896f2703006f05f2aff3381b9a62df71f90c13a0a89d8635,True,server violet-h100-016
eval/results/IDE_073_20260917/Q-KT-BASIC4/a4/M073_QWEN_MAIN_SHORT_C64_rep2/metrics.json,679,d008b970255201eb40c2169dd3fb9cc5453d4d5b28fbf097d6434d683f10c4c5,True,server violet-h100-016
eval/results/IDE_073_20260917/Q-KT-BASIC4/a4/M073_QWEN_MAIN_SHORT_C64_rep2/requests.jsonl,59324,91d8d32f420b0389fd239e5bdf760c1c4436753f67abc65b4f1ae704544dd26b,True,server violet-h100-016
eval/results/IDE_073_20260917/Q-KT-BASIC4/a4/M073_QWEN_MAIN_SHORT_C64_rep2/thread_affinity_end.json,110843,723d0af8fc9b7cb7d1dde100588223e9acfd9936f1cc4098a795bb0c8960cbe5,True,server violet-h100-016
eval/results/IDE_073_20260917/Q-KT-BASIC4/a4/M073_QWEN_MAIN_SHORT_C64_rep2/thread_affinity_start.json,110843,ac71f30a66b2b7ded533a858966638197803bf5c6d1e24bf510bc479646484b5,True,server violet-h100-016
eval/results/IDE_073_20260917/Q-KT-BASIC4/a4/M073_QWEN_MAIN_SHORT_C64_rep2/timestamps.json,1226,c68893635a3bb32f24b18435e5ebb8185a9de299bef294650fcd49c75b60c547,True,server violet-h100-016
eval/results/IDE_073_20260917/Q-KT-BASIC4/a4/M073_QWEN_MAIN_SHORT_C64_rep3/bench.stderr.log,818,640f83fa4290678dfde0df1c40facd357f0383288f3e5a29f0335aa6b9081330,True,server violet-h100-016
eval/results/IDE_073_20260917/Q-KT-BASIC4/a4/M073_QWEN_MAIN_SHORT_C64_rep3/bench.stdout.log,6308,060cdfe659eae93c5160b7dd2d809c21ea6beac90046225966ab3957eaf5d600,True,server violet-h100-016
eval/results/IDE_073_20260917/Q-KT-BASIC4/a4/M073_QWEN_MAIN_SHORT_C64_rep3/bench_cmd.sh,744,2d6883af71b7934624b5060a5f063cbdd574d28a8c1a4ac77a712953dbd4ada3,True,server violet-h100-016
eval/results/IDE_073_20260917/Q-KT-BASIC4/a4/M073_QWEN_MAIN_SHORT_C64_rep3/benchmark.raw.json,822915,50e7faf30418c03c4e40fb5ca876a5d18dabc2c5e711a1c6989d78dcd8345009,True,server violet-h100-016
eval/results/IDE_073_20260917/Q-KT-BASIC4/a4/M073_QWEN_MAIN_SHORT_C64_rep3/cpu_timeseries.csv,286306,c997263517a865ceff2ef60ab7beae65ee08e7c90365d0e909666064c371f3b6,True,server violet-h100-016
eval/results/IDE_073_20260917/Q-KT-BASIC4/a4/M073_QWEN_MAIN_SHORT_C64_rep3/gpu_timeseries.csv,98414,17cbcea5d49a7309de34a517d5cbe93c8eb2244a7a4f36c01ae4259d64d96c71,True,server violet-h100-016
eval/results/IDE_073_20260917/Q-KT-BASIC4/a4/M073_QWEN_MAIN_SHORT_C64_rep3/memory_timeseries.csv,2975,a8743916258dd852ce0dd744b0dc575bbcfcf2bf17fd4dc8b2f5ac79e80fb0f5,True,server violet-h100-016
eval/results/IDE_073_20260917/Q-KT-BASIC4/a4/M073_QWEN_MAIN_SHORT_C64_rep3/metrics.json,675,70d13ac9514cdd5cf2246e64139bb7ff09acda1cb0edd65797db35ee9f24c98a,True,server violet-h100-016
eval/results/IDE_073_20260917/Q-KT-BASIC4/a4/M073_QWEN_MAIN_SHORT_C64_rep3/requests.jsonl,59349,3649d5d76d879f8a9807122f53b7bf7b448b479833e650c93fd6592222d96755,True,server violet-h100-016
eval/results/IDE_073_20260917/Q-KT-BASIC4/a4/M073_QWEN_MAIN_SHORT_C64_rep3/thread_affinity_end.json,110841,cc90c66dd16489432e82586eb92392041523c9a9c5da45a2f9b61e66ae0f27cd,True,server violet-h100-016
eval/results/IDE_073_20260917/Q-KT-BASIC4/a4/M073_QWEN_MAIN_SHORT_C64_rep3/thread_affinity_start.json,110842,627cc35070dd6a631b0ec2c2b27ea7bd9b5a638cf858cf3dfaa798b93a98e77b,True,server violet-h100-016
eval/results/IDE_073_20260917/Q-KT-BASIC4/a4/M073_QWEN_MAIN_SHORT_C64_rep3/timestamps.json,1226,f3230d674352937930a221a514a62dede2172cf254fc0dcc4fb70410d211bd6e,True,server violet-h100-016
eval/results/IDE_073_20260917/Q-KT-BASIC4/a4/cell.log,895,ab71aaa54ef3dcac3912d881d79ddd262b42b2f5cd53c78f084ba60c19dcb3c0,True,server violet-h100-016
eval/results/IDE_073_20260917/Q-KT-BASIC4/a4/cell_spec.json,1766,7ffe05257e44fa2edeb1452de9f6578f103ae044ea775588e66df8ca5d3c014a,True,server violet-h100-016
eval/results/IDE_073_20260917/Q-KT-BASIC4/a4/effective_config.json,2289,d3c2050b64397f5e978a615cb0a7bc256e2e576d4ef98a2811c9357093e703d2,True,server violet-h100-016
eval/results/IDE_073_20260917/Q-KT-BASIC4/a4/launch_cmd.sh,718,a9510c9322e3d0297fce81f7eb0f40fcaa5bd1d43a5114c3c61702a54ab62a5b,True,server violet-h100-016
eval/results/IDE_073_20260917/Q-KT-BASIC4/a4/quality20.json,24547,385d20fa4519481e3c2a382ff72b0e8a333f2c779fa622ae5ac508034ec23d06,True,server violet-h100-016
eval/results/IDE_073_20260917/Q-KT-BASIC4/a4/quality20.log,51,68ea011a5ab390a93153691c081d704d82ca58aa98d6b9759575602a76436067,True,server violet-h100-016
eval/results/IDE_073_20260917/Q-KT-BASIC4/a4/requested_config.json,777,b8c70a4544332c8cc67dc13eb6237d274b8f66b59073bfaabb2cc254abe25224,True,server violet-h100-016
eval/results/IDE_073_20260917/Q-KT-BASIC4/a4/runtime_proofs.json,19111,b6ea756427455b56a491a5d6618841c29804a1ec2da68ccd0e3dc1a7e0e57e10,True,server violet-h100-016
eval/results/IDE_073_20260917/Q-KT-BASIC4/a4/server.full.log.gz,4190941,fa38be7f47acb15e3cd5b92d1d7232a1c784806f618a2c8aa59631f24660c935,True,server violet-h100-016
eval/results/IDE_073_20260917/Q-KT-BASIC4/a4/server_info.json,37788,d0f05cbe2eef9eaa3c8b04aa555245dbfcc86c67940ed77ad44ca84acaaab519,True,server violet-h100-016
eval/results/IDE_073_20260917/Q-KT-BASIC4/a4/smoke_greedy4.json,1380,d5668b341eae28a5fda33168f8faed81843132402a93bdc67ce9e30d871a2d7a,True,server violet-h100-016
eval/results/IDE_073_20260917/Q-KT-BASIC4/a4/status.json,13929,0d46b0e0f93205df057ce8b423e5d081d5c5d95acfba9be2c92f1aabbbd2cb4a,True,server violet-h100-016
eval/results/IDE_073_20260917/Q-KT-BASIC4/a4/thread_affinity.json,111895,3b9983e51524f3d703220715079e631554ee09d363f85222d2f81b36b4b882e3,True,server violet-h100-016
eval/results/IDE_073_20260917/Q-KT-BASIC4/a4/thread_affinity_end.json,111182,ace753ea702ef8242fec499a4144a7a1baa7e00995b049412b4dc77ec18e3c6d,True,server violet-h100-016
eval/results/IDE_073_20260917/Q-KT-BASIC4/a4/warmup/bench.stderr.log,622,dbb00a14ff493347d1576afed7f47ead80d4df1b0bc97de990c5cc8f3c138ca9,True,server violet-h100-016
eval/results/IDE_073_20260917/Q-KT-BASIC4/a4/warmup/bench.stdout.log,6307,8168fc80c35139a9149aadfea7897c1c0a1bd943517306c601df11fb7e842060,True,server violet-h100-016
eval/results/IDE_073_20260917/Q-KT-BASIC4/a4/warmup/bench_cmd.sh,743,910b2639c2104b8751e382eeb4b7ec5c17b7d4b63ba715015fbb8e19a017585b,True,server violet-h100-016
eval/results/IDE_073_20260917/Q-KT-BASIC4/a4/warmup/benchmark.raw.json,105590,261b52c4d89b6f4ac295d80f5a4fa5ed310e07c1a395dc76058264ae50c86400,True,server violet-h100-016
eval/results/IDE_073_20260917/Q-KT-BASIC4/a4/warmup/requests.jsonl,7421,2f9c7002622bdf38022496c7e33625ae58da4050a4473d9acf3f6686afd519e3,True,server violet-h100-016
eval/results/IDE_073_20260917/Q-OPT4-b1.a1.runner.log,1168,9773e4e243979034b2dd14dcb759494effe9c0746ed1aec68b62d78fe7ada5b8,True,server violet-h100-016
eval/results/IDE_073_20260917/Q-OPT4-b1/a1/M073_QWEN_LONGER_PREFILL_C8_rep1/bench.stderr.log,739,dc9f79c521daf84b32cca5d17512ef6601ce9bdeb964d954225153c2dff7c948,True,server violet-h100-016
eval/results/IDE_073_20260917/Q-OPT4-b1/a1/M073_QWEN_LONGER_PREFILL_C8_rep1/bench.stdout.log,6309,4d8af9ff27beb61e7c11b84fd8fd2b7c15c22dcfab4cb9cffc4ff8c87116282b,True,server violet-h100-016
eval/results/IDE_073_20260917/Q-OPT4-b1/a1/M073_QWEN_LONGER_PREFILL_C8_rep1/bench_cmd.sh,746,ef393f326ca3716f58857ad4fabcbd37a5a1b62c2f6e78d97ebffcf6be9130b3,True,server violet-h100-016
eval/results/IDE_073_20260917/Q-OPT4-b1/a1/M073_QWEN_LONGER_PREFILL_C8_rep1/benchmark.raw.json,108850,b6d6b2d149454a486b048539b28f8dd111f3fe17b593ecc181148717f3d0c789,True,server violet-h100-016
eval/results/IDE_073_20260917/Q-OPT4-b1/a1/M073_QWEN_LONGER_PREFILL_C8_rep1/cpu_timeseries.csv,45427,ec41ec4f215ddb4e9ab6c9146df327b3c057875d659c78b4d00bacdc309e5391,True,server violet-h100-016
eval/results/IDE_073_20260917/Q-OPT4-b1/a1/M073_QWEN_LONGER_PREFILL_C8_rep1/gpu_timeseries.csv,16975,a358a19bc862c6503d39ae888c94d21a1720679d2a644342be62f48f64fb4378,True,server violet-h100-016
eval/results/IDE_073_20260917/Q-OPT4-b1/a1/M073_QWEN_LONGER_PREFILL_C8_rep1/memory_timeseries.csv,575,e69e6bd8fb059503b69a1c25c208d38f2836aca7dd9a57823ab43674eba0ff2f,True,server violet-h100-016
eval/results/IDE_073_20260917/Q-OPT4-b1/a1/M073_QWEN_LONGER_PREFILL_C8_rep1/metrics.json,673,7234efff74f1aa7030d4d317f99f3e9b31943c6276b4fc30c0fa174b64eb34be,True,server violet-h100-016
eval/results/IDE_073_20260917/Q-OPT4-b1/a1/M073_QWEN_LONGER_PREFILL_C8_rep1/requests.jsonl,7418,7060f6cc79c1d75c99469cda530aeec867c54ea5db100e4655900b05c40a0894,True,server violet-h100-016
eval/results/IDE_073_20260917/Q-OPT4-b1/a1/M073_QWEN_LONGER_PREFILL_C8_rep1/thread_affinity_end.json,133289,a3c8bbe766bcf7fa0ad50f0791d027efa4a402f0f3f9a86c661b90f9f4ee1fa8,True,server violet-h100-016
eval/results/IDE_073_20260917/Q-OPT4-b1/a1/M073_QWEN_LONGER_PREFILL_C8_rep1/thread_affinity_start.json,133288,dbe0a5550da7240cbf64ff3759253ae7799013bdd67d57a0e2ba9177e077e305,True,server violet-h100-016
eval/results/IDE_073_20260917/Q-OPT4-b1/a1/M073_QWEN_LONGER_PREFILL_C8_rep1/timestamps.json,1229,92fce777fa263e434cedab22e92c230f1544da6171164cef6f4f79b51290c562,True,server violet-h100-016
eval/results/IDE_073_20260917/Q-OPT4-b1/a1/M073_QWEN_LOW_CONCURRENCY_C1_rep1/bench.stderr.log,1456,bf87bfe258deefc0db3c3a207ab76a87f2a0efc9420bbbb7cde02f7292524eb3,True,server violet-h100-016
eval/results/IDE_073_20260917/Q-OPT4-b1/a1/M073_QWEN_LOW_CONCURRENCY_C1_rep1/bench.stdout.log,6310,8b3a81a5caad690504c73e1a313f43275f728a785ea088db2d2f167266e6570f,True,server violet-h100-016
eval/results/IDE_073_20260917/Q-OPT4-b1/a1/M073_QWEN_LOW_CONCURRENCY_C1_rep1/bench_cmd.sh,747,590fa59ca40e3cb2aa8097214181bd490bbab69d3f734a7379bc565c3b1caaaf,True,server violet-h100-016
eval/results/IDE_073_20260917/Q-OPT4-b1/a1/M073_QWEN_LOW_CONCURRENCY_C1_rep1/benchmark.raw.json,55916,29b8d5e3a13ecbe96e8c1798ed5bc7d4dfa058c7929df4ddf30e0104bfb01e60,True,server violet-h100-016
eval/results/IDE_073_20260917/Q-OPT4-b1/a1/M073_QWEN_LOW_CONCURRENCY_C1_rep1/cpu_timeseries.csv,53292,5c3571f886477e3c1a699ec281eb8fa6684ba574c363b303067154f4f693aa0e,True,server violet-h100-016
eval/results/IDE_073_20260917/Q-OPT4-b1/a1/M073_QWEN_LOW_CONCURRENCY_C1_rep1/gpu_timeseries.csv,19381,c35028682fc8a7d6c2cf0a2db5dc26c4447363b31e0766de64952928d1ed58be,True,server violet-h100-016
eval/results/IDE_073_20260917/Q-OPT4-b1/a1/M073_QWEN_LOW_CONCURRENCY_C1_rep1/memory_timeseries.csv,635,a21636844e381a2dd209463e047ba89308a5a555f98de3c7adaac13d755c01c2,True,server violet-h100-016
eval/results/IDE_073_20260917/Q-OPT4-b1/a1/M073_QWEN_LOW_CONCURRENCY_C1_rep1/metrics.json,680,fde96112b413331b974168191836a519845fac526b69acf9056ceb59344f0e6c,True,server violet-h100-016
eval/results/IDE_073_20260917/Q-OPT4-b1/a1/M073_QWEN_LOW_CONCURRENCY_C1_rep1/requests.jsonl,3712,5d29347bef95b3e85e514f270cb0d6fdb65727ddd344e0d17393909c6dc04e04,True,server violet-h100-016
eval/results/IDE_073_20260917/Q-OPT4-b1/a1/M073_QWEN_LOW_CONCURRENCY_C1_rep1/thread_affinity_end.json,133286,73378aaed9025bca878fef56fce109157779b7e7df72d1060e3be249894621d5,True,server violet-h100-016
eval/results/IDE_073_20260917/Q-OPT4-b1/a1/M073_QWEN_LOW_CONCURRENCY_C1_rep1/thread_affinity_start.json,133289,1e5d367f5dcc58eee7f5a16f9639de4587f13b230a65d57c2d1ff8e24dacec06,True,server violet-h100-016
eval/results/IDE_073_20260917/Q-OPT4-b1/a1/M073_QWEN_LOW_CONCURRENCY_C1_rep1/timestamps.json,1231,5f119c90a79ffbcc3bdf45fa0bed3b719dbc60025d34725108cf49bf9b4d920f,True,server violet-h100-016
eval/results/IDE_073_20260917/Q-OPT4-b1/a1/M073_QWEN_MAIN_SHORT_C64_rep1/bench.stderr.log,1044,9ffc890f0ff284b43f57aa31708bab69ea679d14a21151999ccba4532a5a8416,True,server violet-h100-016
eval/results/IDE_073_20260917/Q-OPT4-b1/a1/M073_QWEN_MAIN_SHORT_C64_rep1/bench.stdout.log,6308,0b8f8735dbbcc804144a2d389542ea534388da7048db553550f864029e993f5d,True,server violet-h100-016
eval/results/IDE_073_20260917/Q-OPT4-b1/a1/M073_QWEN_MAIN_SHORT_C64_rep1/bench_cmd.sh,744,58bde5a937fedc1c18a1a206356f40d72e3f2ad6d225145404e1d0df8fcdd552,True,server violet-h100-016
eval/results/IDE_073_20260917/Q-OPT4-b1/a1/M073_QWEN_MAIN_SHORT_C64_rep1/benchmark.raw.json,843038,7aa6e860298a201908285aa75abe394b119c0ee870bfcdbed774a8c821e51c1a,True,server violet-h100-016
eval/results/IDE_073_20260917/Q-OPT4-b1/a1/M073_QWEN_MAIN_SHORT_C64_rep1/cpu_timeseries.csv,70758,8b2edf163de1bc4e3823a9ae792fe8105d6ef60fff7c8242d4a9582458c0e795,True,server violet-h100-016
eval/results/IDE_073_20260917/Q-OPT4-b1/a1/M073_QWEN_MAIN_SHORT_C64_rep1/gpu_timeseries.csv,25804,c7d211aad9fb22b43e9dbdc45da3e51ef78d0e76595888d21d551c307e07a91e,True,server violet-h100-016
eval/results/IDE_073_20260917/Q-OPT4-b1/a1/M073_QWEN_MAIN_SHORT_C64_rep1/memory_timeseries.csv,815,75314b6ea9f73d0fc368b34d0daecfd3674157f8a5d752a4fcb58e83cd48bd87,True,server violet-h100-016
eval/results/IDE_073_20260917/Q-OPT4-b1/a1/M073_QWEN_MAIN_SHORT_C64_rep1/metrics.json,668,b7b5ff97fb2ea3acf371a94be1713d64beb1b70e02ca92066b013601383f88ba,True,server violet-h100-016
eval/results/IDE_073_20260917/Q-OPT4-b1/a1/M073_QWEN_MAIN_SHORT_C64_rep1/requests.jsonl,59344,5ee63530418f2bdb6198fc6944679e0311e0fb226a4162f4470a90cbc85e7d00,True,server violet-h100-016
eval/results/IDE_073_20260917/Q-OPT4-b1/a1/M073_QWEN_MAIN_SHORT_C64_rep1/thread_affinity_end.json,133289,920c734c363a39276e8085a499dc531244d217fdd8d43fd1b5689f3ec5c2b934,True,server violet-h100-016
eval/results/IDE_073_20260917/Q-OPT4-b1/a1/M073_QWEN_MAIN_SHORT_C64_rep1/thread_affinity_start.json,134409,e85768bd95cd87d512e35ae3a0b7ae4522817c2f36cc2efd7da37cda2d524c02,True,server violet-h100-016
eval/results/IDE_073_20260917/Q-OPT4-b1/a1/M073_QWEN_MAIN_SHORT_C64_rep1/timestamps.json,1225,df573f277f97afa528c95e32d912674e9a48d2ee8412d0c5e40fd15af1c5424a,True,server violet-h100-016
eval/results/IDE_073_20260917/Q-OPT4-b1/a1/REPLAY_C16/bench.stderr.log,622,54133d8da746f09de647bd3f828a82cc29cd11e62b9c4a53ce7822109162f590,True,server violet-h100-016
eval/results/IDE_073_20260917/Q-OPT4-b1/a1/REPLAY_C16/bench.stdout.log,6307,63887aeffcf54777c2e5a855edf5ebd5475b7fa84686608903e1f7a65fca87ef,True,server violet-h100-016
eval/results/IDE_073_20260917/Q-OPT4-b1/a1/REPLAY_C16/bench_cmd.sh,743,9a4189d1a011080e65365c735f09bcf0764cad494044c0beb8f2b5c5ca6f27c1,True,server violet-h100-016
eval/results/IDE_073_20260917/Q-OPT4-b1/a1/REPLAY_C16/benchmark.raw.json,109259,a4757d04c3e9f8c3d431f33d8af08a0f6a852a2a6ae835f4b8488ce7620ccf60,True,server violet-h100-016
eval/results/IDE_073_20260917/Q-OPT4-b1/a1/REPLAY_C16/cpu_timeseries.csv,23468,d2fa5d21e681d07f552a134447f62b82ce8b1cff5b9642c1494f570e38e7a62d,True,server violet-h100-016
eval/results/IDE_073_20260917/Q-OPT4-b1/a1/REPLAY_C16/gpu_timeseries.csv,8953,6ccfd41b6429a8ccb5aa295dae5eb2488bb6ea8fbfdc8083f96a90c25c902389,True,server violet-h100-016
eval/results/IDE_073_20260917/Q-OPT4-b1/a1/REPLAY_C16/memory_timeseries.csv,335,80d9661def5f24a354107fe0b932312c5af415d885e97701cf6ec289e9260d32,True,server violet-h100-016
eval/results/IDE_073_20260917/Q-OPT4-b1/a1/REPLAY_C16/metrics.json,406,9d3667978428f309216247d87348469dff5c020c7cd4976548cc62a8bc303e3c,True,server violet-h100-016
eval/results/IDE_073_20260917/Q-OPT4-b1/a1/REPLAY_C16/requests.jsonl,7409,f160e059f839aa00e81d29e61eba3a8ff9d80dd4219b3957c6f7c4b20065f95b,True,server violet-h100-016
eval/results/IDE_073_20260917/Q-OPT4-b1/a1/REPLAY_C16/thread_affinity_start.json,133289,c218db5b37a0dc3bc753dbb9be4fbc07a969da903c98014e108511ed8596f693,True,server violet-h100-016
eval/results/IDE_073_20260917/Q-OPT4-b1/a1/cell.log,1168,9773e4e243979034b2dd14dcb759494effe9c0746ed1aec68b62d78fe7ada5b8,True,server violet-h100-016
eval/results/IDE_073_20260917/Q-OPT4-b1/a1/cell_spec.json,1999,d41ead92eacc23d36ecb3d2ce3d44849697ad0a2a25005e46c227f9400d16f6d,True,server violet-h100-016
eval/results/IDE_073_20260917/Q-OPT4-b1/a1/effective_config.json,2577,04cb9c3308859c0b86277e8c2ff2f9ed33f1f1051add1bf2ca67261cd57b9f78,True,server violet-h100-016
eval/results/IDE_073_20260917/Q-OPT4-b1/a1/launch_cmd.sh,924,a4abb0679ed12d2785535fd6b00c95f93b96e94e71527b218b882804947847e0,True,server violet-h100-016
eval/results/IDE_073_20260917/Q-OPT4-b1/a1/quality20.json,24746,fc62364174f932d1644d5a5e626806fc7320cf016fd423a7c14a18a160d5c721,True,server violet-h100-016
eval/results/IDE_073_20260917/Q-OPT4-b1/a1/quality20.log,51,7722c7250a1d1809960e0f2acde9a2c720d3746d511e86e8fba60c7651d281fb,True,server violet-h100-016
eval/results/IDE_073_20260917/Q-OPT4-b1/a1/requested_config.json,1029,83f9614aa481274c373a8a2f7e72bd0d0b75391bc0778dbed64753e9590a5eab,True,server violet-h100-016
eval/results/IDE_073_20260917/Q-OPT4-b1/a1/runtime_proofs.json,19619,ffd6a96e4d975e0556c6def6d120826b2ec76d7fe34308e8d854eb797a35e3af,True,server violet-h100-016
eval/results/IDE_073_20260917/Q-OPT4-b1/a1/server.full.log.gz,1127758,d2cb23b43e5feac141d0defb2ce7ce77c391393013d771fcdc6583e681b1b146,True,server violet-h100-016
eval/results/IDE_073_20260917/Q-OPT4-b1/a1/server_info.json,37846,bb967f68aebc1df549dbc634dd725a759a531fe290592639ef1c302358d35b32,True,server violet-h100-016
eval/results/IDE_073_20260917/Q-OPT4-b1/a1/smoke_greedy4.json,1387,37f2f24fa7611d5e0ba33eb35a9384e3fdb3435ebde508308db1c45a8fb68f2b,True,server violet-h100-016
eval/results/IDE_073_20260917/Q-OPT4-b1/a1/status.json,12191,aa025f5b43a65f44f5a5935fd348584e228c884f266179f6622ea5bbdbea95a4,True,server violet-h100-016
eval/results/IDE_073_20260917/Q-OPT4-b1/a1/thread_affinity.json,134409,b26dc471336972d955247ed1f2e9118103e25357a97bdad333606c3d7f63734a,True,server violet-h100-016
eval/results/IDE_073_20260917/Q-OPT4-b1/a1/thread_affinity_end.json,133629,9063ba5c1e8d09e5c55354a4b470e325ab42d2b3031b3db628ba9214519beb0d,True,server violet-h100-016
eval/results/IDE_073_20260917/Q-OPT4-b1/a1/warmup/bench.stderr.log,622,ca6f48b92f00d797b5e7db2f3bb02ffd2aa97f3a3b3aa9496100fe1a38f3f152,True,server violet-h100-016
eval/results/IDE_073_20260917/Q-OPT4-b1/a1/warmup/bench.stdout.log,6307,d6147cdd76865b7ee2d74b988ae355e2d63b6a0e4e0c0966f516e96340f71aa6,True,server violet-h100-016
eval/results/IDE_073_20260917/Q-OPT4-b1/a1/warmup/bench_cmd.sh,743,ae99c777d44e5e176eb23050a807399c34def585264ba209f569b43f0ae705a2,True,server violet-h100-016
eval/results/IDE_073_20260917/Q-OPT4-b1/a1/warmup/benchmark.raw.json,109944,ddab720d6972f81e1516a49c977c4a521d1223cf820c3ac6b4fe1002022bb5a6,True,server violet-h100-016
eval/results/IDE_073_20260917/Q-OPT4-b1/a1/warmup/requests.jsonl,7411,547dbd2f2935b987b3c9c481477c165499d5165a13d5c1df66be091d6d156f57,True,server violet-h100-016
eval/results/IDE_073_20260917/Q-OPT4-b2.a1.runner.log,471,278f172db3872e02c6def8c5583fa946270295ea3b68ca8f87d331de7fff4809,True,server violet-h100-016
eval/results/IDE_073_20260917/Q-OPT4-b2/a1/M073_QWEN_MAIN_SHORT_C64_rep1/bench.stderr.log,815,955ff271114d8b052890c548dd611ee373c0d0dc37cf578880155ea48fb909c8,True,server violet-h100-016
eval/results/IDE_073_20260917/Q-OPT4-b2/a1/M073_QWEN_MAIN_SHORT_C64_rep1/bench.stdout.log,6308,7038599a6d1f29b1e94e6e83c1203e2724f725eb4a5c4940bc6a25acdbd46bc7,True,server violet-h100-016
eval/results/IDE_073_20260917/Q-OPT4-b2/a1/M073_QWEN_MAIN_SHORT_C64_rep1/bench_cmd.sh,744,0b1510e86cae0edd031fe22aee993680e8380b102bf9d801a1f0d7a12f6ab8ae,True,server violet-h100-016
eval/results/IDE_073_20260917/Q-OPT4-b2/a1/M073_QWEN_MAIN_SHORT_C64_rep1/benchmark.raw.json,842809,3d6e61d7dfa198961064ad0e4762259eb67381ff7331b85ab10924db6856aae2,True,server violet-h100-016
eval/results/IDE_073_20260917/Q-OPT4-b2/a1/M073_QWEN_MAIN_SHORT_C64_rep1/cpu_timeseries.csv,69402,3fdf47e2d136494eb8c07f94edec05bffafcb388ad2241101701600f7aa6acaa,True,server violet-h100-016
eval/results/IDE_073_20260917/Q-OPT4-b2/a1/M073_QWEN_MAIN_SHORT_C64_rep1/gpu_timeseries.csv,25004,3c705b0114f5751b23f6152e8eb9c183ec7c85d80eaaaafdcf6ca8da1aee965c,True,server violet-h100-016
eval/results/IDE_073_20260917/Q-OPT4-b2/a1/M073_QWEN_MAIN_SHORT_C64_rep1/memory_timeseries.csv,815,ddd83ada5a311ef5994c01df42c56aab37b6c7643d2b7f02378fbe344fb10f33,True,server violet-h100-016
eval/results/IDE_073_20260917/Q-OPT4-b2/a1/M073_QWEN_MAIN_SHORT_C64_rep1/metrics.json,673,d84feca6d2ba46b35463b19fdb47cedde104595765425decdc8e9476940dee48,True,server violet-h100-016
eval/results/IDE_073_20260917/Q-OPT4-b2/a1/M073_QWEN_MAIN_SHORT_C64_rep1/requests.jsonl,59385,a75006e300ced70371b8d7417454c01fcbc50ccb75cab137cca1f7d3779ff1db,True,server violet-h100-016
eval/results/IDE_073_20260917/Q-OPT4-b2/a1/M073_QWEN_MAIN_SHORT_C64_rep1/thread_affinity_end.json,133289,0b1cbac8767efcb91677589e8fe68835ce7f82909a1879340e5539b08e110cdc,True,server violet-h100-016
eval/results/IDE_073_20260917/Q-OPT4-b2/a1/M073_QWEN_MAIN_SHORT_C64_rep1/thread_affinity_start.json,134409,250c64cd105a3615a2659d9c54e42945de772ba084e50bc97478b0d7307a2d27,True,server violet-h100-016
eval/results/IDE_073_20260917/Q-OPT4-b2/a1/M073_QWEN_MAIN_SHORT_C64_rep1/timestamps.json,1226,21f1bf8f4672d74f3ebc621d085eecd11cb0b585943ee04041648f5f033742d5,True,server violet-h100-016
eval/results/IDE_073_20260917/Q-OPT4-b2/a1/M073_QWEN_MAIN_SHORT_C64_rep2/bench.stderr.log,815,672452cbf992ab399814261a920e78cee7d71fcd45d000d742fc94fd40262726,True,server violet-h100-016
eval/results/IDE_073_20260917/Q-OPT4-b2/a1/M073_QWEN_MAIN_SHORT_C64_rep2/bench.stdout.log,6308,66eaffb29d94d617db2a35d145a444320e8a862594f7cd3fd0f9d9aed45f2a86,True,server violet-h100-016
eval/results/IDE_073_20260917/Q-OPT4-b2/a1/M073_QWEN_MAIN_SHORT_C64_rep2/bench_cmd.sh,744,987879815f33769e30ee7c612bc738c8cd1336aab2053f312b6f785f76be0793,True,server violet-h100-016
eval/results/IDE_073_20260917/Q-OPT4-b2/a1/M073_QWEN_MAIN_SHORT_C64_rep2/benchmark.raw.json,848734,239ccd9c4989d7da301fbb2bdb5fa696fffcbc7167019dc596a8463ad4bfb8db,True,server violet-h100-016
eval/results/IDE_073_20260917/Q-OPT4-b2/a1/M073_QWEN_MAIN_SHORT_C64_rep2/cpu_timeseries.csv,67657,531d1ea303f6a1586dd652290b03a7a5aa2b2ba97f425a858a93ba0864890672,True,server violet-h100-016
eval/results/IDE_073_20260917/Q-OPT4-b2/a1/M073_QWEN_MAIN_SHORT_C64_rep2/gpu_timeseries.csv,24204,e144e93bc2e85ef5445694bcec928c7f0963ef8044ce738631f60df46a7b9918,True,server violet-h100-016
eval/results/IDE_073_20260917/Q-OPT4-b2/a1/M073_QWEN_MAIN_SHORT_C64_rep2/memory_timeseries.csv,755,f085bc6b2f7096342aad0ba8c5cf27568abab2e855c3be4fe358b666ff257144,True,server violet-h100-016
eval/results/IDE_073_20260917/Q-OPT4-b2/a1/M073_QWEN_MAIN_SHORT_C64_rep2/metrics.json,672,452c16ee832de5e68727b089f7d822d306ee812414864f0ffa2e0f073333fce9,True,server violet-h100-016
eval/results/IDE_073_20260917/Q-OPT4-b2/a1/M073_QWEN_MAIN_SHORT_C64_rep2/requests.jsonl,59296,e3dea1ca9e15f32eefbb6a9fb36f33e2a58322598485a77dc01e02b03f306fa8,True,server violet-h100-016
eval/results/IDE_073_20260917/Q-OPT4-b2/a1/M073_QWEN_MAIN_SHORT_C64_rep2/thread_affinity_end.json,133289,664b0256a8309eb2104967af658393334221b3d75fa71872e94b3dcf0460f00a,True,server violet-h100-016
eval/results/IDE_073_20260917/Q-OPT4-b2/a1/M073_QWEN_MAIN_SHORT_C64_rep2/thread_affinity_start.json,133289,d74ace377782cc66e61d2f53a9a890f23ca07f1f741f18e29499a4878d73b687,True,server violet-h100-016
eval/results/IDE_073_20260917/Q-OPT4-b2/a1/M073_QWEN_MAIN_SHORT_C64_rep2/timestamps.json,1226,7d9c86e63b3d960d84861e0533e6bc64add2d03e29bed672f53c0f2e3fd9ae3b,True,server violet-h100-016
eval/results/IDE_073_20260917/Q-OPT4-b2/a1/cell.log,471,278f172db3872e02c6def8c5583fa946270295ea3b68ca8f87d331de7fff4809,True,server violet-h100-016
eval/results/IDE_073_20260917/Q-OPT4-b2/a1/cell_spec.json,1660,fcc1c7bc58651de13798d36c86b191976431e241544d6b9b0bc3810c7dcc25cb,True,server violet-h100-016
eval/results/IDE_073_20260917/Q-OPT4-b2/a1/effective_config.json,2577,04cb9c3308859c0b86277e8c2ff2f9ed33f1f1051add1bf2ca67261cd57b9f78,True,server violet-h100-016
eval/results/IDE_073_20260917/Q-OPT4-b2/a1/launch_cmd.sh,924,a4abb0679ed12d2785535fd6b00c95f93b96e94e71527b218b882804947847e0,True,server violet-h100-016
eval/results/IDE_073_20260917/Q-OPT4-b2/a1/requested_config.json,1029,83f9614aa481274c373a8a2f7e72bd0d0b75391bc0778dbed64753e9590a5eab,True,server violet-h100-016
eval/results/IDE_073_20260917/Q-OPT4-b2/a1/runtime_proofs.json,19619,2b9c7cd953c80822b55d545b34386e0e02f08968e16b623b1b1ccc5c7f50932b,True,server violet-h100-016
eval/results/IDE_073_20260917/Q-OPT4-b2/a1/server.full.log.gz,172526,c006236ffb787076182e6178c3844224660f1230e1d23178a7652961b67c6e7a,True,server violet-h100-016
eval/results/IDE_073_20260917/Q-OPT4-b2/a1/server_info.json,37845,cc907a20cb757fe38ac46ab02c81b907a87d7ac1d42316924f1369bbc63c00d8,True,server violet-h100-016
eval/results/IDE_073_20260917/Q-OPT4-b2/a1/smoke_greedy4.json,1387,37f2f24fa7611d5e0ba33eb35a9384e3fdb3435ebde508308db1c45a8fb68f2b,True,server violet-h100-016
eval/results/IDE_073_20260917/Q-OPT4-b2/a1/status.json,9862,283580fb824f28b4a20238c2420f8578c3c92f6bdf657f92707dcc10dcbc565a,True,server violet-h100-016
eval/results/IDE_073_20260917/Q-OPT4-b2/a1/thread_affinity.json,134408,956f3dfe931c02b0805f00df2781cb2648740c078b69ad79ff9b3319127d4b91,True,server violet-h100-016
eval/results/IDE_073_20260917/Q-OPT4-b2/a1/thread_affinity_end.json,133289,795b94160f1b287c6ec84891a663a503b76b3168ef78a302ea539d051616fd83,True,server violet-h100-016
eval/results/IDE_073_20260917/Q-OPT4-b2/a1/warmup/bench.stderr.log,622,b547b57335b309bb8e1e771d6629a549b58a83184d945975aaa8db60a4d23ef6,True,server violet-h100-016
eval/results/IDE_073_20260917/Q-OPT4-b2/a1/warmup/bench.stdout.log,6307,402685c20a69fd72b4ba33f96f16e150bb75c118d7d5bfb52f9f828b91e78346,True,server violet-h100-016
eval/results/IDE_073_20260917/Q-OPT4-b2/a1/warmup/bench_cmd.sh,743,b628cb06d5f02e9eceb77bd127b28acbabf512c74d16ddd76569ab44a5f1aed0,True,server violet-h100-016
eval/results/IDE_073_20260917/Q-OPT4-b2/a1/warmup/benchmark.raw.json,109586,bc193b2bd3d4873c49ba2ffeb6667fc79af0f98704850be491fbef485a557936,True,server violet-h100-016
eval/results/IDE_073_20260917/Q-OPT4-b2/a1/warmup/requests.jsonl,7403,0c271e945f0467395f2e3b42f40bd81bb5db1ab4f1f25df14c63d596d3139bef,True,server violet-h100-016
eval/results/IDE_073_20260917/qwen-PROBES/bootA/D0/bench.stderr.log,623,b48679e87a84e24f71d1a5d61e3c0f8d7f8be79474769bf20a1a737c0b76343a,True,server violet-h100-016
eval/results/IDE_073_20260917/qwen-PROBES/bootA/D0/bench.stdout.log,19311,d294f4d06cb1181e569877ec7cb8e3733f5ec5ec8a346975e80ab256de5c5507,True,server violet-h100-016
eval/results/IDE_073_20260917/qwen-PROBES/bootA/D0/bench_cmd.sh,744,fe1bf72718626df3a7ce5def4aecdef1c06d6f7086f6b1b55a440870ad1d5c9c,True,server violet-h100-016
eval/results/IDE_073_20260917/qwen-PROBES/bootA/D0/benchmark.raw.json,292276,5da6260368619caa96dfd8650d37c2a640e855616d1d3e7f3bf2cf29259a7cd6,True,server violet-h100-016
eval/results/IDE_073_20260917/qwen-PROBES/bootA/D0/cpu_timeseries.csv,296764,a8311cede51f7f63e425bb6db27d3afb1e8a8eb8390f27ddc5891104f4116760,True,server violet-h100-016
eval/results/IDE_073_20260917/qwen-PROBES/bootA/D0/gpu_timeseries.csv,121398,db19a2a8e6c8b95103728c0c0d524e7cbd2b5b047fd18bd53fb9462532170c0d,True,server violet-h100-016
eval/results/IDE_073_20260917/qwen-PROBES/bootA/D0/memory_timeseries.csv,3869,b1e9d18dd887a99c022e0f87f4015a5867b3da4bddcae3fa645dadcaccd95ba5,True,server violet-h100-016
eval/results/IDE_073_20260917/qwen-PROBES/bootA/D0/metrics.json,1590,382d497b8340a23c64f014bc9f74a8da5f84cc61e00445c04e00ed0fbd4d3336,True,server violet-h100-016
eval/results/IDE_073_20260917/qwen-PROBES/bootA/D0/requests.jsonl,105658,d00b2ccb4f7c113bb798b911cf871d91f47a38d64c748afb886aa3bdc7b45028,True,server violet-h100-016
eval/results/IDE_073_20260917/qwen-PROBES/bootA/D0/thread_affinity_start.json,134409,13705cc7b31ef9e1c613a7c3bcfc67a33843bb5a367044b41f4957a9e6722fd0,True,server violet-h100-016
eval/results/IDE_073_20260917/qwen-PROBES/bootA/D2/bench.stderr.log,864,20107a988d8a7349127509c1a2acd7139e6393b21edf0265f5e09f050a029f7c,True,server violet-h100-016
eval/results/IDE_073_20260917/qwen-PROBES/bootA/D2/bench.stdout.log,36724,d01236b6350495c5c3ae7c468352afe2d8817aeb394c53fd8fb776aba6e1fc50,True,server violet-h100-016
eval/results/IDE_073_20260917/qwen-PROBES/bootA/D2/bench_cmd.sh,744,5982d6e8b05cc749ac4fd89ea8ee658062481fcf46ce410ce13e6e75855f9c33,True,server violet-h100-016
eval/results/IDE_073_20260917/qwen-PROBES/bootA/D2/benchmark.raw.json,404512,52b63395d1ae054239defb2c15b27b3733dde67f5244841c8d51ae721c141d5c,True,server violet-h100-016
eval/results/IDE_073_20260917/qwen-PROBES/bootA/D2/cpu_timeseries.csv,13994,a7ee835eb7ccd149079e4c912f1eda5c8085f27137f6c897252ad3bca84e36f4,True,server violet-h100-016
eval/results/IDE_073_20260917/qwen-PROBES/bootA/D2/gpu_timeseries.csv,5573,0606b036eff8116aedc1c4559eff70deab42e1662e5ab651d91ed2496766582e,True,server violet-h100-016
eval/results/IDE_073_20260917/qwen-PROBES/bootA/D2/memory_timeseries.csv,221,5af9a1d2a0b601a5166fedf544499d8540dac4c5925df1a4a43b2eccc2993dbf,True,server violet-h100-016
eval/results/IDE_073_20260917/qwen-PROBES/bootA/D2/metrics.json,1356,4e562349fb45842b69501de11dae1e15096d9168c9219b479e6d683ae920a28f,True,server violet-h100-016
eval/results/IDE_073_20260917/qwen-PROBES/bootA/D2/requests.jsonl,419090,3cb93bad69d1de9f431ab3b4fc5c1a9ddc6900cc66c620cf0e290d0a741532b5,True,server violet-h100-016
eval/results/IDE_073_20260917/qwen-PROBES/bootA/D2/thread_affinity_start.json,2090,6a03aa2b9c7d48d07b6fa4de7d87b20234a66488a7c2ac825431b43c9998e9d9,True,server violet-h100-016
eval/results/IDE_073_20260917/qwen-PROBES/bootA/D3/bench.stderr.log,864,e2a2edbcb0a92aa456f75b8b6e95f738b3bb3300dd956f1d13ac16b739f09b97,True,server violet-h100-016
eval/results/IDE_073_20260917/qwen-PROBES/bootA/D3/bench.stdout.log,36724,b7e3f564d518db187399259144802387826097e8881e9625b01695d84f577f95,True,server violet-h100-016
eval/results/IDE_073_20260917/qwen-PROBES/bootA/D3/bench_cmd.sh,744,a44a4aed06322aabd528ff6fcba8b681cd8335492fcf3d1a73e5d8397ee6381b,True,server violet-h100-016
eval/results/IDE_073_20260917/qwen-PROBES/bootA/D3/benchmark.raw.json,404508,957b74f0bb8905917ca4e8d429ef5f96d7dcc30abdddb501c95c4ca11417b13e,True,server violet-h100-016
eval/results/IDE_073_20260917/qwen-PROBES/bootA/D3/cpu_timeseries.csv,14011,ac4377267f5513ee66e561de5b1f583442ac760dd8b6569e974b7f72960b69d1,True,server violet-h100-016
eval/results/IDE_073_20260917/qwen-PROBES/bootA/D3/gpu_timeseries.csv,5573,c18db8200d48828a2aaf15c994bd9518074ca4515f9b6fab482a03f3fbd7f9a6,True,server violet-h100-016
eval/results/IDE_073_20260917/qwen-PROBES/bootA/D3/memory_timeseries.csv,221,e427cda8f90366cd1aa2697e08860bd1e75fc38edd57b33d74a94689e6614bf2,True,server violet-h100-016
eval/results/IDE_073_20260917/qwen-PROBES/bootA/D3/metrics.json,1280,a3b6bb12d8fc33d26930116053e805ea790583fefa40512931af9b39aa3ba82d,True,server violet-h100-016
eval/results/IDE_073_20260917/qwen-PROBES/bootA/D3/pcm_memory.csv,9821,644e7b5be0e2a50a968e805383b1295757f8b4c4ccef578a07eb81f90cfa61b7,True,server violet-h100-016
eval/results/IDE_073_20260917/qwen-PROBES/bootA/D3/pcm_memory.log,2063,46e8ea98d69633aad2cb75210b600cdcb6a7b101fb9ba75a83987396579d127f,True,server violet-h100-016
eval/results/IDE_073_20260917/qwen-PROBES/bootA/D3/perf_record.log,49,2c9860d0996f62a9b15f90c43ffd97ee93601da24c7f3375be94c1e3046a2fde,True,server violet-h100-016
eval/results/IDE_073_20260917/qwen-PROBES/bootA/D3/perf_report_top.txt,0,e3b0c44298fc1c149afbf4c8996fb92427ae41e4649b934ca495991b7852b855,True,server violet-h100-016
eval/results/IDE_073_20260917/qwen-PROBES/bootA/D3/requests.jsonl,419090,3cb93bad69d1de9f431ab3b4fc5c1a9ddc6900cc66c620cf0e290d0a741532b5,True,server violet-h100-016
eval/results/IDE_073_20260917/qwen-PROBES/bootA/D3/thread_affinity_start.json,2089,b89be82f0d9deac402a3c7749c1125ea96e0715cef466e185f08f18fe51273a4,True,server violet-h100-016
eval/results/IDE_073_20260917/qwen-PROBES/bootA/launch_cmd.sh,982,e225e162352acc73ccc78869695d31ff0c7379d9b7da0df4efac827254e4eb32,True,server violet-h100-016
eval/results/IDE_073_20260917/qwen-PROBES/bootA/requested_config.json,1132,b5943c311ba24b8b8b116a585150dd24984cc14f5c1b36b4fb227a3cd3d9eaea,True,server violet-h100-016
eval/results/IDE_073_20260917/qwen-PROBES/bootA/server.full.log.gz,160971,47416e057e756da30a6c2fcd531c3c19e97d84450e07586cfc350efcb576a4d0,True,server violet-h100-016
eval/results/IDE_073_20260917/qwen-PROBES/bootA/server_info.json,37845,8c302fa7c111816a8bc5347c27ac082e597b5ab744d8d85198b981559143ab7e,True,server violet-h100-016
eval/results/IDE_073_20260917/qwen-PROBES/bootA/smoke_greedy4.json,1387,37f2f24fa7611d5e0ba33eb35a9384e3fdb3435ebde508308db1c45a8fb68f2b,True,server violet-h100-016
eval/results/IDE_073_20260917/qwen-PROBES/bootA/thread_affinity.json,134409,e83515193a99e02539b5114d931618732af14a3d06ec7524edf6f4a53eece055,True,server violet-h100-016
eval/results/IDE_073_20260917/qwen-PROBES/bootA/warmup/bench.stderr.log,622,664abe521ddccacb952357cadd8c52a82a5493cfe37e616eab4aad262bfe0529,True,server violet-h100-016
eval/results/IDE_073_20260917/qwen-PROBES/bootA/warmup/bench.stdout.log,6300,25a6ce9810ce0da01aa1d28a756cc9ebc7c8dde22813705c148502016cfe3c08,True,server violet-h100-016
eval/results/IDE_073_20260917/qwen-PROBES/bootA/warmup/bench_cmd.sh,736,aa661954a669150eaf7d19d422bf68401458a2a017792b748ee1deed78e246ad,True,server violet-h100-016
eval/results/IDE_073_20260917/qwen-PROBES/bootA/warmup/benchmark.raw.json,109251,82a5770e1daf4cc595c9e00dbeb6e93ff25cc195782ea7f814b855e8058f951c,True,server violet-h100-016
eval/results/IDE_073_20260917/qwen-PROBES/bootA/warmup/requests.jsonl,7400,dd52edf4905121d944940fae84b4fde59f708f46848c0b51f7c5b600a9466ad3,True,server violet-h100-016
eval/results/IDE_073_20260917/qwen-PROBES/bootA_retry/D0/bench.stderr.log,693,164d62a99f5e0fa5afdf096da8ff8c24ef7c9797a28a48dd1c02d04837234024,True,server violet-h100-016
eval/results/IDE_073_20260917/qwen-PROBES/bootA_retry/D0/bench.stdout.log,6309,fe30c4571cf14cfeaca308ed6bf662c735578db9eee15c99e75089b4aba5db17,True,server violet-h100-016
eval/results/IDE_073_20260917/qwen-PROBES/bootA_retry/D0/bench_cmd.sh,745,0413247b803e3dd4f8ca3dcf2dd3d796f6f15d0b09844041ed45ae29b90eb0ac,True,server violet-h100-016
eval/results/IDE_073_20260917/qwen-PROBES/bootA_retry/D0/benchmark.raw.json,422204,d1e688aef5e0ab394dfff77d230763a372fc93312877df1d240ff1aabfa67f32,True,server violet-h100-016
eval/results/IDE_073_20260917/qwen-PROBES/bootA_retry/D0/cpu_timeseries.csv,41795,5a45e412284793f2054783fc0a316e35cd17141c7785823bc10ac03d6a151903,True,server violet-h100-016
eval/results/IDE_073_20260917/qwen-PROBES/bootA_retry/D0/gpu_timeseries.csv,15378,1b683d7e4614603e19cfb80ef1af66b7d03bf6e1d1bc651a6557a6830767fdf4,True,server violet-h100-016
eval/results/IDE_073_20260917/qwen-PROBES/bootA_retry/D0/memory_timeseries.csv,529,40d0df576b105ad7c1abcc3b6fb04dcdfb088aa5787e31b00c7c83a21ee624e3,True,server violet-h100-016
eval/results/IDE_073_20260917/qwen-PROBES/bootA_retry/D0/metrics.json,1582,30e936250dfc7ac0dd8308a02ac1265052e460386a9176c7859c94ad24f97f41,True,server violet-h100-016
eval/results/IDE_073_20260917/qwen-PROBES/bootA_retry/D0/requests.jsonl,29630,5025b174374ab0c60aa468a2f7d95b49750ff731b2a8b60be614c8f499983ca0,True,server violet-h100-016
eval/results/IDE_073_20260917/qwen-PROBES/bootA_retry/D0/thread_affinity_start.json,135736,70cb947154a379f67cb4106cb0dff4f4b2bb4593ff5fa28307c9e02bd9d9c540,True,server violet-h100-016
eval/results/IDE_073_20260917/qwen-PROBES/bootA_retry/D2/bench.stderr.log,693,c6bbb1306641357ff26604c5fed38d62e640f19523fbe6804724aaff9cdd4560,True,server violet-h100-016
eval/results/IDE_073_20260917/qwen-PROBES/bootA_retry/D2/bench.stdout.log,6309,02bf58edf78dba68a0e37e1f7f157a245f64a4146c673807fa41cdfd11f8a9b8,True,server violet-h100-016
eval/results/IDE_073_20260917/qwen-PROBES/bootA_retry/D2/bench_cmd.sh,745,f855237b6858ad365e061760238e3078dcfdb475c09b9d51f3ade5f4ba6ccc87,True,server violet-h100-016
eval/results/IDE_073_20260917/qwen-PROBES/bootA_retry/D2/benchmark.raw.json,423517,e2cd3e2e897fa1c0e83d07f1aa1e936c6e32e9ebb696bfc9d8b73d7972861ce0,True,server violet-h100-016
eval/results/IDE_073_20260917/qwen-PROBES/bootA_retry/D2/cpu_timeseries.csv,40543,5fef65659eacd7c20218909ea05bb9356837f8222432d1350285c0cd0101f322,True,server violet-h100-016
eval/results/IDE_073_20260917/qwen-PROBES/bootA_retry/D2/gpu_timeseries.csv,15366,c8d124e09a1a4b7729d6ba519b8493402e290c2bac0fb88b9f6650f6e70da9e8,True,server violet-h100-016
eval/results/IDE_073_20260917/qwen-PROBES/bootA_retry/D2/memory_timeseries.csv,529,37d3c89cbb83d6f6465fe0dd590cbcea91d666af630325d9bf55b175648ad84c,True,server violet-h100-016
eval/results/IDE_073_20260917/qwen-PROBES/bootA_retry/D2/metrics.json,1959,e38b0cda5e6e5df2087d019072ede00c8de79dd7c268d008323372521b9192bf,True,server violet-h100-016
eval/results/IDE_073_20260917/qwen-PROBES/bootA_retry/D2/requests.jsonl,29620,9e5a82c591d4a8796a259e56f8142460a472fc91f2f546feff70d0d65564bcac,True,server violet-h100-016
eval/results/IDE_073_20260917/qwen-PROBES/bootA_retry/D2/thread_affinity_start.json,135048,13bac6c640968fb66fadb7c332d13ce4fc199f568197a36d6aecf553f8935031,True,server violet-h100-016
eval/results/IDE_073_20260917/qwen-PROBES/bootA_retry/D3/bench.stderr.log,693,a3a3c21462eace70c2aa0a7402a9ea173622681e86a4e6b4fca3285a747767b5,True,server violet-h100-016
eval/results/IDE_073_20260917/qwen-PROBES/bootA_retry/D3/bench.stdout.log,6309,c7d0008e1702a72366424ffb4bb11ea032800f28abeb101ff522a0d5906d920b,True,server violet-h100-016
eval/results/IDE_073_20260917/qwen-PROBES/bootA_retry/D3/bench_cmd.sh,745,bf70d54bcbd91f8142609310ece27a0234e581a9c7482595ea36509aea37af41,True,server violet-h100-016
eval/results/IDE_073_20260917/qwen-PROBES/bootA_retry/D3/benchmark.raw.json,423542,46e2dc00119fa7cd22cfc52e6e6406e87681bfe4bedd28d414e0a7fc829dde3d,True,server violet-h100-016
eval/results/IDE_073_20260917/qwen-PROBES/bootA_retry/D3/cpu_timeseries.csv,40757,3ee4c23d7ffbfc8bc1973ac6160c03de00b7541c54ac4cdea0cb9d920705c7be,True,server violet-h100-016
eval/results/IDE_073_20260917/qwen-PROBES/bootA_retry/D3/gpu_timeseries.csv,15377,47d21465693ca9c56ae115b48da64393f8ed4d65c88dcae833a99cd6399b7d7a,True,server violet-h100-016
eval/results/IDE_073_20260917/qwen-PROBES/bootA_retry/D3/memory_timeseries.csv,529,1c9bd92c000d7368a8ce27caa6cbf33999a3281199bc81465723dee88a0fc5ec,True,server violet-h100-016
eval/results/IDE_073_20260917/qwen-PROBES/bootA_retry/D3/metrics.json,1587,b7041cc7be98b0246e555d733c9ffa65e4e14da0303439f96172633dd337f3fc,True,server violet-h100-016
eval/results/IDE_073_20260917/qwen-PROBES/bootA_retry/D3/pcm_memory.csv,9821,a47f08ac30542a96897eb91ba125b6be253fed5a297c74c8a250cd02072b1117,True,server violet-h100-016
eval/results/IDE_073_20260917/qwen-PROBES/bootA_retry/D3/pcm_memory.log,2063,46e8ea98d69633aad2cb75210b600cdcb6a7b101fb9ba75a83987396579d127f,True,server violet-h100-016
eval/results/IDE_073_20260917/qwen-PROBES/bootA_retry/D3/perf.data,28094726,ae897eb804abdec37a40128ab97af83ffd54f63fcce5ddfa6741e51929b674c1,False,server violet-h100-016
eval/results/IDE_073_20260917/qwen-PROBES/bootA_retry/D3/perf_record.log,213,73113b98d6cb867d9a99c1d67607075e7a88c1a87f5e0e1345b8d2df1526b1b7,True,server violet-h100-016
eval/results/IDE_073_20260917/qwen-PROBES/bootA_retry/D3/perf_report_top.txt,27020,40ed09dd5e24d05f702a6ea17eeacca38b32ce9b23eb9b94320e5d0512e35b8a,True,server violet-h100-016
eval/results/IDE_073_20260917/qwen-PROBES/bootA_retry/D3/perf_stat_20s.txt,635,0526a631a5f57bc6c3a8bb88e847afc3e446598cd056e288fcb927eebe8252a4,True,server violet-h100-016
eval/results/IDE_073_20260917/qwen-PROBES/bootA_retry/D3/requests.jsonl,29609,ed1b1dd1e3b8c1319194f989ab500b0e6c83c680f0da77ff869920197574046f,True,server violet-h100-016
eval/results/IDE_073_20260917/qwen-PROBES/bootA_retry/D3/thread_affinity_start.json,135048,7c3d0bf98fc86c0a0675f13a28561dee4f6a7179e4da74cbc6dfa7fa15385d46,True,server violet-h100-016
eval/results/IDE_073_20260917/qwen-PROBES/bootA_retry/launch_cmd.sh,982,e225e162352acc73ccc78869695d31ff0c7379d9b7da0df4efac827254e4eb32,True,server violet-h100-016
eval/results/IDE_073_20260917/qwen-PROBES/bootA_retry/requested_config.json,1132,b5943c311ba24b8b8b116a585150dd24984cc14f5c1b36b4fb227a3cd3d9eaea,True,server violet-h100-016
eval/results/IDE_073_20260917/qwen-PROBES/bootA_retry/server.full.log.gz,172262,e7b035830e6df66e0b4b004a8ca917d8d011eec86ec07b6a32a093725ff516dd,True,server violet-h100-016
eval/results/IDE_073_20260917/qwen-PROBES/bootA_retry/server_info.json,37848,34ef51b3791f2620e8ea27027b463304edb6633d116470e9a3c16ad800a8f1e8,True,server violet-h100-016
eval/results/IDE_073_20260917/qwen-PROBES/bootA_retry/smoke_greedy4.json,1387,37f2f24fa7611d5e0ba33eb35a9384e3fdb3435ebde508308db1c45a8fb68f2b,True,server violet-h100-016
eval/results/IDE_073_20260917/qwen-PROBES/bootA_retry/thread_affinity.json,135735,12e330bde6a10f0d88667f2dce659face92df403a885837c3295b70ec8868291,True,server violet-h100-016
eval/results/IDE_073_20260917/qwen-PROBES/bootA_retry/warmup/bench.stderr.log,622,864aa652d52b85a2cc14b3ab2475604f4694bc7f2771a0a83ffccf07add0077c,True,server violet-h100-016
eval/results/IDE_073_20260917/qwen-PROBES/bootA_retry/warmup/bench.stdout.log,6301,d83f085c45dee287d462fcd5ed697bdbbcc860b50441cf0551913c5565b77070,True,server violet-h100-016
eval/results/IDE_073_20260917/qwen-PROBES/bootA_retry/warmup/bench_cmd.sh,737,c50bba042dfc9baca1b70faa904a558f0f3183bc1d373c61e398bc7f76f1c361,True,server violet-h100-016
eval/results/IDE_073_20260917/qwen-PROBES/bootA_retry/warmup/benchmark.raw.json,109652,29ad11e4a8e0f2a579d41d271470a22e193cd0277c65e767153355ccab1fb6f7,True,server violet-h100-016
eval/results/IDE_073_20260917/qwen-PROBES/bootA_retry/warmup/requests.jsonl,7404,b8a3b067c4b66a4c5a5d6a3d540199105bdc1674255fe6535e7dc14656527a22,True,server violet-h100-016
eval/results/IDE_073_20260917/qwen-PROBES/bootA_retry2/D2/bench.stderr.log,693,730e603d4777f400e204b43523bde989519e70c64ec6748e8df5c2d5029a5178,True,server violet-h100-016
eval/results/IDE_073_20260917/qwen-PROBES/bootA_retry2/D2/bench.stdout.log,6309,eefed0350ee1e58cb09cc41e0e3c97a948f560d00cfca8f0b578bcd47a97f0f7,True,server violet-h100-016
eval/results/IDE_073_20260917/qwen-PROBES/bootA_retry2/D2/bench_cmd.sh,745,a3a774efa9ecbb047480958400959f02c6c43be74bac9e6b8086de563aaf8c53,True,server violet-h100-016
eval/results/IDE_073_20260917/qwen-PROBES/bootA_retry2/D2/benchmark.raw.json,423348,bdda6c2b49a24160bf5cff56dc0d54d22be4a846daceb3e633eb92c4c45b899a,True,server violet-h100-016
eval/results/IDE_073_20260917/qwen-PROBES/bootA_retry2/D2/cpu_timeseries.csv,41666,a54c9b73ca6cb36dd91ba48afd9ee4d456cd7db6f427bf0e356908a1668b0668,True,server violet-h100-016
eval/results/IDE_073_20260917/qwen-PROBES/bootA_retry2/D2/gpu_timeseries.csv,15380,353438d0de373db1ffd43a2614ea17ee7340c0935ef498a10cc072086738208d,True,server violet-h100-016
eval/results/IDE_073_20260917/qwen-PROBES/bootA_retry2/D2/memory_timeseries.csv,529,3df9da7a6fdbe787bc16ffeb01e0fb59ae96cab92b7573e69461e5987a63e2b9,True,server violet-h100-016
eval/results/IDE_073_20260917/qwen-PROBES/bootA_retry2/D2/metrics.json,2007,a1cd67f8f2ed6155f052edd372617ce01ed60e8544dd63640fc5b6d0ba23d1d4,True,server violet-h100-016
eval/results/IDE_073_20260917/qwen-PROBES/bootA_retry2/D2/requests.jsonl,29616,bf35137ac93539303c74f180c446ff2d3ba3d9eb435881ac472f6490be9568b6,True,server violet-h100-016
eval/results/IDE_073_20260917/qwen-PROBES/bootA_retry2/D2/thread_affinity_start.json,137068,935ac3da64b487151cb726899e9b65bac129b09453ad14ecb5dfa038bce27440,True,server violet-h100-016
eval/results/IDE_073_20260917/qwen-PROBES/bootA_retry2/launch_cmd.sh,982,e225e162352acc73ccc78869695d31ff0c7379d9b7da0df4efac827254e4eb32,True,server violet-h100-016
eval/results/IDE_073_20260917/qwen-PROBES/bootA_retry2/requested_config.json,1132,b5943c311ba24b8b8b116a585150dd24984cc14f5c1b36b4fb227a3cd3d9eaea,True,server violet-h100-016
eval/results/IDE_073_20260917/qwen-PROBES/bootA_retry2/server.full.log.gz,159392,568973ecd265b6be09142d0145370e86bf1fe68aa957e14758230eaafdaee993,True,server violet-h100-016
eval/results/IDE_073_20260917/qwen-PROBES/bootA_retry2/server_info.json,37846,f36647f94e7e29aa11f4471402ae09de3187ec97042216d054d2fe3f527e16f9,True,server violet-h100-016
eval/results/IDE_073_20260917/qwen-PROBES/bootA_retry2/smoke_greedy4.json,1387,37f2f24fa7611d5e0ba33eb35a9384e3fdb3435ebde508308db1c45a8fb68f2b,True,server violet-h100-016
eval/results/IDE_073_20260917/qwen-PROBES/bootA_retry2/thread_affinity.json,135736,af46955a6fb3ff0a21c4e08e11da4ff0bd2cb8bb8c3769423c2aa833f3c64b90,True,server violet-h100-016
eval/results/IDE_073_20260917/qwen-PROBES/bootA_retry2/warmup/bench.stderr.log,622,3ee3aed3d6ac86d2ba2721bab371608b83af31a35deea7101c9bb6cdb71ab46a,True,server violet-h100-016
eval/results/IDE_073_20260917/qwen-PROBES/bootA_retry2/warmup/bench.stdout.log,6301,adedf0328bfb829eea3934f84bfd7f4121c423b1aade27744c3cd5f2cae2da7d,True,server violet-h100-016
eval/results/IDE_073_20260917/qwen-PROBES/bootA_retry2/warmup/bench_cmd.sh,737,73e4c8832d9f32fac9c083a8e61bedb91ab4ef9c5de7b3c285fb13685adc374f,True,server violet-h100-016
eval/results/IDE_073_20260917/qwen-PROBES/bootA_retry2/warmup/benchmark.raw.json,110097,8ea9f41f71a52aa266a0710a1c89919d0cd2a5dc4b34c5d35311d5d815a63bf7,True,server violet-h100-016
eval/results/IDE_073_20260917/qwen-PROBES/bootA_retry2/warmup/requests.jsonl,7397,d4b6f91cdf7bd911fd8060a28f07ea9da85fadd12b0a017ac8688ccab7c7f12d,True,server violet-h100-016
eval/results/IDE_073_20260917/qwen-PROBES/bootB/D1/bench.stderr.log,693,598f6d28dece53166212ab00b56daf797fc651fe46280c6f779fe0628f34aaca,True,server violet-h100-016
eval/results/IDE_073_20260917/qwen-PROBES/bootB/D1/bench.stdout.log,6308,a1a4bed8f4610731f0d607b053d2c49b16a20c945dca8d295c2987e4e229e01e,True,server violet-h100-016
eval/results/IDE_073_20260917/qwen-PROBES/bootB/D1/bench_cmd.sh,744,f38724094f9e137fffc5bb08881d037c6055cc64e9d7b033bca0188e56e76f61,True,server violet-h100-016
eval/results/IDE_073_20260917/qwen-PROBES/bootB/D1/benchmark.raw.json,426373,775815c69b38281df2c74eb169e9400d6acb773d399871971d1c93fa21351543,True,server violet-h100-016
eval/results/IDE_073_20260917/qwen-PROBES/bootB/D1/cpu_jobs.csv,26429,885416299de5d487e0892bf3439415f1af35fe0be69cc0594c0deee15059baf0,True,server violet-h100-016
eval/results/IDE_073_20260917/qwen-PROBES/bootB/D1/cpu_jobs_raw.txt,233330,1464bc4a86662113ea63f130a87612033ff1263e44b953ddb5cdb4a76ba4cddc,True,server violet-h100-016
eval/results/IDE_073_20260917/qwen-PROBES/bootB/D1/cpu_timeseries.csv,40584,8f046a2562d7764d1bf5ad585b184674bf602b0cc10a9b4ad01ff0deaed25c50,True,server violet-h100-016
eval/results/IDE_073_20260917/qwen-PROBES/bootB/D1/gpu_timeseries.csv,15376,0a1430902934e416eff89338a1c7a06541ba49a5de91835ef2caba1d1551824d,True,server violet-h100-016
eval/results/IDE_073_20260917/qwen-PROBES/bootB/D1/memory_timeseries.csv,536,276966e59187f5ddc8ec445271969015961d1c1fd17722d3ec34f54f49ceee1e,True,server violet-h100-016
eval/results/IDE_073_20260917/qwen-PROBES/bootB/D1/metrics.json,1630,2b209a5d3ed5cf6eecc0d0a2e413841bc39046194cfac15045eb7da63d9ca4ea,True,server violet-h100-016
eval/results/IDE_073_20260917/qwen-PROBES/bootB/D1/requests.jsonl,29625,ff57d8959ae794a5ca484ba8e73710cf67e52f8f2bd8ad73e2dd973d34c33ac4,True,server violet-h100-016
eval/results/IDE_073_20260917/qwen-PROBES/bootB/D1/thread_affinity_start.json,134409,9bac86994ed99d6d7f390563893b3bd1843f90e098aaafcfa86a2f931b7a831a,True,server violet-h100-016
eval/results/IDE_073_20260917/qwen-PROBES/bootB/launch_cmd.sh,955,31e3ad071434843b2c456d9cd198f97b523fbb09780f0e2c6ba1926ecdc30ca9,True,server violet-h100-016
eval/results/IDE_073_20260917/qwen-PROBES/bootB/requested_config.json,1113,48a484f83fba39ebd362e1a0d903582d3a1e7db8341c865b101b087e68296add,True,server violet-h100-016
eval/results/IDE_073_20260917/qwen-PROBES/bootB/server.full.log.gz,189511,d09c35171800fda487873ccadd2571a8e1979f891ee8fc7db8b978a9f1740a09,True,server violet-h100-016
eval/results/IDE_073_20260917/qwen-PROBES/bootB/server_info.json,37846,ae4d250efe107e5731602249584db272357bf54997cfd78397317e2e61a51e1a,True,server violet-h100-016
eval/results/IDE_073_20260917/qwen-PROBES/bootB/smoke_greedy4.json,1387,37f2f24fa7611d5e0ba33eb35a9384e3fdb3435ebde508308db1c45a8fb68f2b,True,server violet-h100-016
eval/results/IDE_073_20260917/qwen-PROBES/bootB/thread_affinity.json,134409,a75631087314f919bf3a39690ab1755952ddb7671ab3ceb39e48bf3f0f79e79b,True,server violet-h100-016
eval/results/IDE_073_20260917/qwen-PROBES/bootB/warmup/bench.stderr.log,622,d57eb5316d39eeca48cf5e55a1b178158a6cc8f1bda615713ca6c6aea3731bb1,True,server violet-h100-016
eval/results/IDE_073_20260917/qwen-PROBES/bootB/warmup/bench.stdout.log,6300,1306c96807f6f657240cbdb9c4b6831e074c52701de97bdfb4c4af446c818558,True,server violet-h100-016
eval/results/IDE_073_20260917/qwen-PROBES/bootB/warmup/bench_cmd.sh,736,387668243771e3d61ad9a7fa1036ef034e154c6f3e84b515bb2fce9d10e9894c,True,server violet-h100-016
eval/results/IDE_073_20260917/qwen-PROBES/bootB/warmup/benchmark.raw.json,109856,2f75c7b78f6da708cfe970a95c748c9389fafa2cb16c27fa5c63cccd3a87a920,True,server violet-h100-016
eval/results/IDE_073_20260917/qwen-PROBES/bootB/warmup/requests.jsonl,7400,ca4037da9b3a04e36ac57e7408f3a4310dd25e3042333170c5aaefa11faf6e42,True,server violet-h100-016
eval/results/IDE_073_20260917/qwen-PROBES/probes_summary.json,7562,f3723f7343d708f4fbd8f13e469cd8190591ec9257dc192687d3c8d060e9427b,True,server violet-h100-016
eval/results/IDE_073_20260917/specs/G-GPU8.json,1674,3b2f2311896ee96fc2582b52b2ce093ee0513e6776df7d8c671b3762df21dd5c,True,server violet-h100-016
eval/results/IDE_073_20260917/specs/G-KT-BASIC4.json,1957,59ce4519ee29243e2db40f23d03ea97af4d511ce52b7154ae26d91d6549eef4b,True,server violet-h100-016
eval/results/IDE_073_20260917/specs/Q-GPU8.json,1569,728d97978731da8cbb7fc7b1278b5046a8fb61bec86dc6ab1233f65471a606ce,True,server violet-h100-016
eval/results/IDE_073_20260917/specs/Q-KT-BASIC4.json,1766,7ffe05257e44fa2edeb1452de9f6578f103ae044ea775588e66df8ca5d3c014a,True,server violet-h100-016
eval/results/IDE_073_20260917/specs/Q-OPT4-b1.json,1999,d41ead92eacc23d36ecb3d2ce3d44849697ad0a2a25005e46c227f9400d16f6d,True,server violet-h100-016
eval/results/IDE_073_20260917/specs/Q-OPT4-b2.json,1660,fcc1c7bc58651de13798d36c86b191976431e241544d6b9b0bc3810c7dcc25cb,True,server violet-h100-016
eval/results/IDE_073_20260917/state/CAMPAIGN_DONE,0,e3b0c44298fc1c149afbf4c8996fb92427ae41e4649b934ca495991b7852b855,True,server violet-h100-016
eval/results/IDE_073_20260917/state/RUN_MANIFEST.json,3885,0e36f7d7c98747ae3e379b5acc8fd65ae3e0e659abc0089094cdf86ac827cfd7,True,server violet-h100-016
eval/results/IDE_073_20260917/state/RUN_STATE.json,6618,c11e7f0b9aad7828fbfc535555d77ecebb3d5bccee762870a1c49ffb10478d69,True,server violet-h100-016
eval/results/IDE_073_20260917/state/analyze_qwen.log,90,2b9dd3a3cc1570aa956198af60720d880bca65603f0644195427150fefdd5178,True,server violet-h100-016
eval/results/IDE_073_20260917/state/analyze_qwen_retry2.log,91,b8be0fdb2abf4094a23def7b6a372d37e88659af7e709ae445ea2b7bf24a7fd0,True,server violet-h100-016
eval/results/IDE_073_20260917/state/analyze_qwen_retry2b.log,91,b8be0fdb2abf4094a23def7b6a372d37e88659af7e709ae445ea2b7bf24a7fd0,True,server violet-h100-016
eval/results/IDE_073_20260917/state/chain5.log,0,e3b0c44298fc1c149afbf4c8996fb92427ae41e4649b934ca495991b7852b855,True,server violet-h100-016
eval/results/IDE_073_20260917/state/execution_events.jsonl,35225,d698214694bdfeff9fd2bce713ec6abaad231cca0b63c32c8684b0a18c7cf262,True,server violet-h100-016
eval/results/IDE_073_20260917/state/glm_chain.log,171,61416193387ec715e6976daaac6ab96f5584922bf85efda3fca940bb08d664dd,True,server violet-h100-016
eval/results/IDE_073_20260917/state/glm_opt_plan.json,44,1d3aa07d112f30e2029082f9371533203997b11d37ec43980c4e737e74a88741,True,server violet-h100-016
eval/results/IDE_073_20260917/state/glm_prepare.log,2324,497d21578f751d51b5cc41d50312f206d88a4d6bcbcd0bdbf5c7e31975928382,True,server violet-h100-016
eval/results/IDE_073_20260917/state/glm_prepare_state.json,3182,8644b6bc0d2b2eb5854dad741eab46703c1c684b2761b69f1f7156a3f21f11de,True,server violet-h100-016
eval/results/IDE_073_20260917/state/probes_qwen.log,323,351ce619abb6271dcac2a92c5b574ba7df435c741a19df1101dc7519b6a97896,True,server violet-h100-016
eval/results/IDE_073_20260917/state/probes_qwen_retry.log,347,5b80b64418d8b04f2c46b1fd60f13500fb0224467b5d8f17354ff6badc9e9b32,True,server violet-h100-016
eval/results/IDE_073_20260917/state/probes_qwen_retry2.log,0,e3b0c44298fc1c149afbf4c8996fb92427ae41e4649b934ca495991b7852b855,True,server violet-h100-016
eval/results/IDE_073_20260917/state/render.log,168,dccbe6e55fb32b058cc81a326e5aeb3b1fc86e3adf57757c579fcab5c331af48,True,server violet-h100-016
eval/results/IDE_073_20260917/state/render2.log,169,3b74eef3be68bbc47a9a0c32699e1b8cb7ad5eed576d4861247530eb93abb819,True,server violet-h100-016
eval/results/IDE_073_20260917/state/render3.log,169,a382630cf165a16a621113be018007b8def7324724d4a7e15253f08a6ab9de71,True,server violet-h100-016
eval/results/IDE_073_20260917/state/report_loop.log,0,e3b0c44298fc1c149afbf4c8996fb92427ae41e4649b934ca495991b7852b855,True,server violet-h100-016
eval/results/IDE_073_20260917/state/run_glm_a.log,91,6e60bbec369b25b462378c7f37ae587096e66b7cc6bef5a5283411fe3841b2f3,True,server violet-h100-016
eval/results/IDE_073_20260917/state/run_glm_b.log,1070,0422f28a33a2d35ec36a2514a248978b289850cde3419fab63ed87ed31d00b55,True,server violet-h100-016
eval/results/IDE_073_20260917/state/run_glm_b2.log,91,2c673c72c59a0b0158108c4bd2f02dfef4810b66ffb78b8551a62b6295b140d3,True,server violet-h100-016
eval/results/IDE_073_20260917/state/run_qwen.log,90,386722df83b00f38b87ef4b0b6bcec984a94a023045af6380feba86e76c9c1d1,True,server violet-h100-016
eval/results/IDE_073_20260917/state/run_qwen_basic4.log,90,4256067c58e758dadb8fb42e05f0e482faf307fee8c5953469ba56b1f86b297d,True,server violet-h100-016
/home/mystous/.cache/huggingface/kt/ide073/profiles/qwen/D2_1789608105-TP-0.trace.json.gz,9420428,19186564765d044c4201b5d7dd663e78a8c02876fdf1f1ec7e4fc01094d5def3,False,server violet-h100-016
/home/mystous/.cache/huggingface/kt/ide073/profiles/qwen/D2_1789608105-TP-1.trace.json.gz,9923196,17c9a87b452bcf95e00eebc56998c9e79f6a3d1a2d6496e7eaf7bd0c9226a5e0,False,server violet-h100-016
/home/mystous/.cache/huggingface/kt/ide073/profiles/qwen/D2_1789608105-TP-2.trace.json.gz,9937596,0482c390ead29da766e0f2beb9c1dde03b6fdda21464519a8426f64c9982f679,False,server violet-h100-016
/home/mystous/.cache/huggingface/kt/ide073/profiles/qwen/D2_1789608105-TP-3.trace.json.gz,9924979,8ebe80bde6f0e9ace76e14582ff3c4feecb1e071325452d33feacc2d33b4afcd,False,server violet-h100-016
/home/mystous/.cache/huggingface/kt/ide073/profiles/qwen/D2_1789610161-TP-0.trace.json.gz,66462764,8586ec31acd8c3c2101f4ea93dec0638c5d6128615154a12fcb111a14e25f4a5,False,server violet-h100-016
/home/mystous/.cache/huggingface/kt/ide073/profiles/qwen/D2_1789610161-TP-1.trace.json.gz,33290536,25bd115a5ffd50d1b1cd1118ade656f6f7cdb74038accadfe904efc3fe85d635,False,server violet-h100-016
/home/mystous/.cache/huggingface/kt/ide073/profiles/qwen/D2_1789610161-TP-2.trace.json.gz,33314637,5ee28c46089dcd95d2642ef17eec8e3302ed4d8ebc7f0ecf4c1b59c48184880f,False,server violet-h100-016
/home/mystous/.cache/huggingface/kt/ide073/profiles/qwen/D2_1789610161-TP-3.trace.json.gz,33245802,1270fc363c4d2eeb95395d693bd6afab5fd7b9319836010d1f6bafddb2cbb61b,False,server violet-h100-016
