path,bytes,sha256,kind,access,in_git(<=5MB & repo)
/home/mystous/.cache/huggingface/kt/ide075/CORE2_162053/ctl_S10_CORR.ready,19,c168ae175015bc029ee404ac4e424323654fc9b5713ef2556d70b912b40c2391,text,server violet-h100-016,False
/home/mystous/.cache/huggingface/kt/ide075/CORE2_162053/ctl_S10_CORR.start,19,81966d7b21cb8dce256c2aefea09405b6410c080808d7c33b70ccff2e8d10767,text,server violet-h100-016,False
/home/mystous/.cache/huggingface/kt/ide075/CORE2_162053/ctl_S11_RESOURCE.ready,19,c74f812400a79130872027138b310b84a598a5810d9cc42d52ced3e11ea0ebe9,text,server violet-h100-016,False
/home/mystous/.cache/huggingface/kt/ide075/CORE2_162053/ctl_S11_RESOURCE.start,19,c8807d54029d2b50bf45fb7ed23758b872579a109f355cf80667bb8b6bf2683e,text,server violet-h100-016,False
/home/mystous/.cache/huggingface/kt/ide075/CORE2_162053/ctl_S12_C1_CORR.ready,19,b2353ec8f64ec808d3dc3b58c94f6d4bc1caee6f1101b17db8c5a38e8396a7f5,text,server violet-h100-016,False
/home/mystous/.cache/huggingface/kt/ide075/CORE2_162053/ctl_S12_C1_CORR.start,19,761a9724893d278934362fa81d8f02fb1d03e1b1a1b1903356c365400f042c43,text,server violet-h100-016,False
/home/mystous/.cache/huggingface/kt/ide075/CORE2_162053/ctl_S13_LONG_CORR.ready,19,910cf5e0b5af01e9144ce51ef3b2ac4df64e60b394e97b90bd6e64bdf4b63b0c,text,server violet-h100-016,False
/home/mystous/.cache/huggingface/kt/ide075/CORE2_162053/ctl_S13_LONG_CORR.start,19,b89f7f29c457ff540848d405d420bdd84faf8dcbf63abd768901145da352c35d,text,server violet-h100-016,False
/home/mystous/.cache/huggingface/kt/ide075/CORE2_162053/ctl_S14_FOCUS_sched.ready,19,b507b670eecd4856f333ba5f10556796f20f0d937d1870d5f9af79e7c1ee03ba,text,server violet-h100-016,False
/home/mystous/.cache/huggingface/kt/ide075/CORE2_162053/ctl_S14_FOCUS_sched.start,19,d038dcb5e5d39dc5a2e163730211bad2ed3b2129fd2650752e772f77c5619902,text,server violet-h100-016,False
/home/mystous/.cache/huggingface/kt/ide075/CORE2_162053/ctl_S9_CORR.ready,19,f73d8872346dc0f8a3bc5a4d6dddc855bb01c02c83d634780568534df27efbd3,text,server violet-h100-016,False
/home/mystous/.cache/huggingface/kt/ide075/CORE2_162053/ctl_S9_CORR.start,19,e6b34ca4fb2ba9c912d01d77d27b0a7adef1b618f0db81ab5a54635123e5b873,text,server violet-h100-016,False
/home/mystous/.cache/huggingface/kt/ide075/CORE2_162053/kt_evt.csv,124645010,08dc9719a7b0538b253a81ce399b02cef3ae163574ec6096574aced543395893,cpu_event_log,server violet-h100-016,False
/home/mystous/.cache/huggingface/kt/ide075/CORE2_162053/kt_evt.csv.experts,1501702,90e043073282c6cd70ca203851d5ebf8f378144a5331f3dc082308935140335f,cpu_event_log,server violet-h100-016,False
/home/mystous/.cache/huggingface/kt/ide075/CORE2_162053/kt_evt.csv.map,323854,fcee5535e4876ae2e6360cd8c9bbf85b26bffdd865490823c211558e1d048a6a,cpu_event_log,server violet-h100-016,False
/home/mystous/.cache/huggingface/kt/ide075/CORE2_162053/kt_evt.csv.tasks,79601495,c6adadbb0b7dd041f094b78de10f0994d466502043ca762d9bdd8295155d6fbe,cpu_event_log,server violet-h100-016,False
/home/mystous/.cache/huggingface/kt/ide075/CORE2_162053/probe_S10_CORR.json,25541,e462a396cb10b0604fae5bdcc1900921bb8c240d091eb8e910b13698d8bd2be5,text,server violet-h100-016,False
/home/mystous/.cache/huggingface/kt/ide075/CORE2_162053/probe_S11_RESOURCE.json,25542,514e150fce1adcdffc955b43b26603bc0d6b70d848e68d2a6621180639b82aa4,text,server violet-h100-016,False
/home/mystous/.cache/huggingface/kt/ide075/CORE2_162053/probe_S12_C1_CORR.json,3887,16395b88e68916caadfb09a5562fa8c41b6245e79a3f2f6ca7270ba13dc85386,text,server violet-h100-016,False
/home/mystous/.cache/huggingface/kt/ide075/CORE2_162053/probe_S13_LONG_CORR.json,6977,e0dbb0ea98e899664376c46ff1dce911f4fdb1983017ab9507cdf68210a4ee41,text,server violet-h100-016,False
/home/mystous/.cache/huggingface/kt/ide075/CORE2_162053/probe_S14_FOCUS_sched.json,25541,bad9db42e84408e174465b599caf7eb68881a8459b2f791c1886d25526eadf6d,text,server violet-h100-016,False
/home/mystous/.cache/huggingface/kt/ide075/CORE2_162053/probe_S9_CORR.json,25540,af008c2b570bb8736198a3c2209f4a7ac449805d460cf4fcd2349b3f3a0b0e5c,text,server violet-h100-016,False
/home/mystous/.cache/huggingface/kt/ide075/CORE2_162053/profiles/S10_CORR_1789631087-TP-0.trace.json.gz,58885612,89d501803be6dc51ab4f6e4d9de699a0babfda525e2bd69896ba6755ad2cd888,trace,server violet-h100-016,False
/home/mystous/.cache/huggingface/kt/ide075/CORE2_162053/profiles/S10_CORR_1789631087-TP-1.trace.json.gz,24694496,b8a4365490a71ab1a16d7936387eee48ea0dbebccf866cd7c725c0d7f301530e,trace,server violet-h100-016,False
/home/mystous/.cache/huggingface/kt/ide075/CORE2_162053/profiles/S10_CORR_1789631087-TP-2.trace.json.gz,24692264,36c83655b50b318f2c4cb763d7872a80a4d9e13b6b17bf0c0ed8ec7daf0ca9a4,trace,server violet-h100-016,False
/home/mystous/.cache/huggingface/kt/ide075/CORE2_162053/profiles/S10_CORR_1789631087-TP-3.trace.json.gz,24666306,ee9504e96bc207f7364e8b1cce0bdc9a7abe3f4e1718e8f1a7d6601fd55563d6,trace,server violet-h100-016,False
/home/mystous/.cache/huggingface/kt/ide075/CORE2_162053/profiles/S12_C1_CORR_1789631257-TP-0.trace.json.gz,258715906,29adcd0e564dd142579b248c4bc8349bd02973a4d0bb716f3b4a15647d2974c8,trace,server violet-h100-016,False
/home/mystous/.cache/huggingface/kt/ide075/CORE2_162053/profiles/S12_C1_CORR_1789631257-TP-1.trace.json.gz,97427295,5b1effa049b99017ca108b74f5ce9e2bce81c5659fa21ed5131933dc482c0e8e,trace,server violet-h100-016,False
/home/mystous/.cache/huggingface/kt/ide075/CORE2_162053/profiles/S12_C1_CORR_1789631257-TP-2.trace.json.gz,97524796,45ab4032e2cf99dc7ae3ab8fd7e05da4b7657f62b9bd602ccd8267e8008bd321,trace,server violet-h100-016,False
/home/mystous/.cache/huggingface/kt/ide075/CORE2_162053/profiles/S12_C1_CORR_1789631257-TP-3.trace.json.gz,97517800,6937a107df1b60b477ddb02ef7cf6fb5f6ab8227b6ad7823328577f5c9c6b408,trace,server violet-h100-016,False
/home/mystous/.cache/huggingface/kt/ide075/CORE2_162053/profiles/S13_LONG_CORR_1789631642-TP-0.trace.json.gz,77878877,df3049ff0ed4b9b18e100ba30437cc293f213d7e30946d0d505dcee28ef4deea,trace,server violet-h100-016,False
/home/mystous/.cache/huggingface/kt/ide075/CORE2_162053/profiles/S13_LONG_CORR_1789631642-TP-1.trace.json.gz,33052353,59b6926c3501097a775435ee0cebfe28466fc1c4f74c91058ff472a09e65e015,trace,server violet-h100-016,False
/home/mystous/.cache/huggingface/kt/ide075/CORE2_162053/profiles/S13_LONG_CORR_1789631642-TP-2.trace.json.gz,33093830,592aa5cdca821c5ef1c69932d3a7f116e084eb494636db7afbc577b3320f6e5a,trace,server violet-h100-016,False
/home/mystous/.cache/huggingface/kt/ide075/CORE2_162053/profiles/S13_LONG_CORR_1789631642-TP-3.trace.json.gz,33094928,acf4b5417cbb2c5ccef0dd431eec3979b7185fe14b72fd5a057301ca14df4e60,trace,server violet-h100-016,False
/home/mystous/.cache/huggingface/kt/ide075/CORE2_162053/profiles/S9_CORR_1789629816-TP-0.trace.json.gz,227659706,66c9207ca3d1fb11a7aecba7403dc227ed844b0aa2b0d32998929a561a7ec0d6,trace,server violet-h100-016,False
/home/mystous/.cache/huggingface/kt/ide075/CORE2_162053/profiles/S9_CORR_1789629816-TP-1.trace.json.gz,179262387,aa041dc024167c53ac4b4196350ca7b105ec091bf17571e22153db533b6a5f8f,trace,server violet-h100-016,False
/home/mystous/.cache/huggingface/kt/ide075/CORE2_162053/profiles/S9_CORR_1789629816-TP-2.trace.json.gz,179291288,ce02dc682d6d6a1e478f2577657c97845a4c5f8f758788f5f958add5188f3b1e,trace,server violet-h100-016,False
/home/mystous/.cache/huggingface/kt/ide075/CORE2_162053/profiles/S9_CORR_1789629816-TP-3.trace.json.gz,179223520,c6b5c58d96b6760e12b85e83cd0f8cf0d055c537e27fe51e519af867b352f482,trace,server violet-h100-016,False
/home/mystous/.cache/huggingface/kt/ide075/CORE3_171618/ctl_S17_CORR_pinned.ready,19,9a3b98838975f7cf97c09356f967c94f67e0178be8d86d64e9cc06da4ec32be4,text,server violet-h100-016,False
/home/mystous/.cache/huggingface/kt/ide075/CORE3_171618/ctl_S17_CORR_pinned.start,19,3e1c3ea96318df9a301658fdffdda64fa1ef4c6463e125b4f8ebfdaabb6660de,text,server violet-h100-016,False
/home/mystous/.cache/huggingface/kt/ide075/CORE3_171618/ctl_S18_CORR_pinned.ready,19,8e71ffeb5c93358dbd56f7a464735d5dd7bf1df239d716fd2743987a68825bb3,text,server violet-h100-016,False
/home/mystous/.cache/huggingface/kt/ide075/CORE3_171618/ctl_S18_CORR_pinned.start,19,67f696b3a4cb704299f89f124ce98e4ef2b569f5d61b5cf35162c98b6c2de659,text,server violet-h100-016,False
/home/mystous/.cache/huggingface/kt/ide075/CORE3_171618/ctl_S19_FOCUS_pinned.ready,19,1011ef16f0fea422a3d94610129435d1efd7cf178962a55a6c36b013bd14ed92,text,server violet-h100-016,False
/home/mystous/.cache/huggingface/kt/ide075/CORE3_171618/ctl_S19_FOCUS_pinned.start,19,40bf66abee288fc7d1933100e111c6fdf725e0e8818a76cc7b7ea405c9614ac9,text,server violet-h100-016,False
/home/mystous/.cache/huggingface/kt/ide075/CORE3_171618/ctl_S20_RESOURCE_pinned.ready,19,805bd97875bb628e8afdf7e75e2fbf2a6d37058e08224bc4062b130efe110f97,text,server violet-h100-016,False
/home/mystous/.cache/huggingface/kt/ide075/CORE3_171618/ctl_S20_RESOURCE_pinned.start,19,31f4ca14749f6a3a7bae54fc00499fb027013131e4586648922a31f93b5f9799,text,server violet-h100-016,False
/home/mystous/.cache/huggingface/kt/ide075/CORE3_171618/kt_evt.csv,50912979,149ee72ce872437e28a897884e9a64358e2c00a5f6a5c2936b603659b96980f1,cpu_event_log,server violet-h100-016,False
/home/mystous/.cache/huggingface/kt/ide075/CORE3_171618/kt_evt.csv.experts,1190756,24255f39dbaf7fb53411c066ee11bb590f6a8cf6c5ef558cc58ed3d69dc3eba1,cpu_event_log,server violet-h100-016,False
/home/mystous/.cache/huggingface/kt/ide075/CORE3_171618/kt_evt.csv.map,192472,b14c84dabeee30f7a7185705028cf04436ab33a4ee35aadf9e9b80dad1b46009,cpu_event_log,server violet-h100-016,False
/home/mystous/.cache/huggingface/kt/ide075/CORE3_171618/kt_evt.csv.tasks,31737245,3a1a95ea23fc320912a93da33151a393643714a586db7f9feefbf962eda61869,cpu_event_log,server violet-h100-016,False
/home/mystous/.cache/huggingface/kt/ide075/CORE3_171618/probe_S17_CORR_pinned.json,25541,737d41f4f5f5cade187b46e255595d4e6993fc1cb6b79f765d43c3f9170282cc,text,server violet-h100-016,False
/home/mystous/.cache/huggingface/kt/ide075/CORE3_171618/probe_S18_CORR_pinned.json,25534,0e1a8dd73e22329f075b114b49ba7d74a05419a73db0f2c1e87021dc44a3074d,text,server violet-h100-016,False
/home/mystous/.cache/huggingface/kt/ide075/CORE3_171618/probe_S19_FOCUS_pinned.json,25540,9a9b2b01bcc6ca3fd4a5f1b059b3ecad14abdfe459fabf7cdf9a56b7d29ef18a,text,server violet-h100-016,False
/home/mystous/.cache/huggingface/kt/ide075/CORE3_171618/probe_S20_RESOURCE_pinned.json,25542,9491b77d71d71e44e0b2aadd7d2205e5e9d839d24a137ac68cc4ec7881f1c3da,text,server violet-h100-016,False
/home/mystous/.cache/huggingface/kt/ide075/CORE3_171618/profiles/S17_CORR_pinned_1789633145-TP-0.trace.json.gz,58742833,5b2f8957f7bbd743d7c5159437a78f3d1786d87bf8bdd9a04e6ac1526f4c3f11,trace,server violet-h100-016,False
/home/mystous/.cache/huggingface/kt/ide075/CORE3_171618/profiles/S17_CORR_pinned_1789633145-TP-1.trace.json.gz,24551167,ab9b211f7dfd6ba5e53036ed87bc739726d6178551b1439b4a9b2448bd71a956,trace,server violet-h100-016,False
/home/mystous/.cache/huggingface/kt/ide075/CORE3_171618/profiles/S17_CORR_pinned_1789633145-TP-2.trace.json.gz,24573849,d9655e92e1364f6cee7cc3f9a39aa7f269af4f13b09cab6fabf0b05fab517d8b,trace,server violet-h100-016,False
/home/mystous/.cache/huggingface/kt/ide075/CORE3_171618/profiles/S17_CORR_pinned_1789633145-TP-3.trace.json.gz,24539406,0e38d5c90e5bab3f8cc4bc0ca73c8e12ad18719053e245fe053e455a13c739b8,trace,server violet-h100-016,False
/home/mystous/.cache/huggingface/kt/ide075/CORE3_171618/profiles/S18_CORR_pinned_1789633268-TP-0.trace.json.gz,58937828,356292d64c63a81105374b39991904543facabb5d95f9f2f61189a09c6739e0a,trace,server violet-h100-016,False
/home/mystous/.cache/huggingface/kt/ide075/CORE3_171618/profiles/S18_CORR_pinned_1789633268-TP-1.trace.json.gz,24735020,52301242da2d07861b4437e39dcd389a7fcafdb853301dfff8d0f6bca8e441af,trace,server violet-h100-016,False
/home/mystous/.cache/huggingface/kt/ide075/CORE3_171618/profiles/S18_CORR_pinned_1789633268-TP-2.trace.json.gz,24754019,95692c393f0fde85791a24ff27867b7f2775e6ce276fa3d509103b737471ce3a,trace,server violet-h100-016,False
/home/mystous/.cache/huggingface/kt/ide075/CORE3_171618/profiles/S18_CORR_pinned_1789633268-TP-3.trace.json.gz,24716933,78fb0c9b1f3a97f54d784dac2eccde9d9637299e7617822a1d3ab57ea3e7125d,trace,server violet-h100-016,False
/home/mystous/.cache/huggingface/kt/ide075/CORE4_174930/ctl_S22_CORR_vllmw.anchor.json,229,40099e5218b025fbbfba35c9e78c266429a5c7391f29232d3960d69abb1d0598,text,server violet-h100-016,False
/home/mystous/.cache/huggingface/kt/ide075/CORE4_174930/ctl_S22_CORR_vllmw.ready,19,20010b2ab766ee0742c4cab9343df3438def592717930d3d0c4f409edf071f84,text,server violet-h100-016,False
/home/mystous/.cache/huggingface/kt/ide075/CORE4_174930/ctl_S22_CORR_vllmw.start,19,9a55af236bd48aafc253fa92da7c607ea54d1aa66b73a1c89ea4fbd0610c4596,text,server violet-h100-016,False
/home/mystous/.cache/huggingface/kt/ide075/CORE4_174930/ctl_S23_CORR_vllmw.anchor.json,228,bd9d54db99614fc1012bfe0923f65b79915cb9d40b3060823a6692b1fd9fbcf8,text,server violet-h100-016,False
/home/mystous/.cache/huggingface/kt/ide075/CORE4_174930/ctl_S23_CORR_vllmw.ready,19,0d671479b659d47df7b8f5b4b73fc2f9d36489b429723b6deabc899943afadf0,text,server violet-h100-016,False
/home/mystous/.cache/huggingface/kt/ide075/CORE4_174930/ctl_S23_CORR_vllmw.start,19,d8d767a37fd92ea8e65f19dd630cba0098aaaa614b2ffbaebad6ef0bd2c8fb48,text,server violet-h100-016,False
/home/mystous/.cache/huggingface/kt/ide075/CORE4_174930/ctl_S24_RESOURCE_vllmw.anchor.json,229,f5599d64d688e2f6e1bc4369bf182ddb49c99c8b16a9a53bd73b17abc2fbd39e,text,server violet-h100-016,False
/home/mystous/.cache/huggingface/kt/ide075/CORE4_174930/ctl_S24_RESOURCE_vllmw.ready,19,de759a91f4e7cce5cc1dc77a5d086838ee9ec19451bbb04f77ec8dc21175e8e7,text,server violet-h100-016,False
/home/mystous/.cache/huggingface/kt/ide075/CORE4_174930/ctl_S24_RESOURCE_vllmw.start,19,f73599456e59cd1e5c50a7e0c81c5db988a792397a31fc70cc843a6b359c2bdf,text,server violet-h100-016,False
/home/mystous/.cache/huggingface/kt/ide075/CORE4_174930/ctl_S25_FOCUS_vllmw.anchor.json,229,87767e8d5514a2ca360fae4c76c538643d3782857774c0e7ad336baf0a698b24,text,server violet-h100-016,False
/home/mystous/.cache/huggingface/kt/ide075/CORE4_174930/ctl_S25_FOCUS_vllmw.ready,19,09616d5745289d011a28a44327cdc5a75096370c221d61941c888700e7d40633,text,server violet-h100-016,False
/home/mystous/.cache/huggingface/kt/ide075/CORE4_174930/ctl_S25_FOCUS_vllmw.start,19,c02ef1d1af54ef0a90de3956ad78275ca319015af81a450ff7f0dd00b10a5b03,text,server violet-h100-016,False
/home/mystous/.cache/huggingface/kt/ide075/CORE4_174930/ctl_S26_C1_CORR_vllmw.anchor.json,229,a9c46e9ededca07bfd70c064e0f1f93406e1fdf7f27bb7a58e7a247f10fa8fea,text,server violet-h100-016,False
/home/mystous/.cache/huggingface/kt/ide075/CORE4_174930/ctl_S26_C1_CORR_vllmw.ready,19,c5be9ce6eea6965e428033a9eedaa685f4b46525d1d74199ef6826b23069b9dd,text,server violet-h100-016,False
/home/mystous/.cache/huggingface/kt/ide075/CORE4_174930/ctl_S26_C1_CORR_vllmw.start,19,11ef747cf4570ca81ee7f0cb346b3540d17035eaaef5288a08033e73dc6d8e54,text,server violet-h100-016,False
/home/mystous/.cache/huggingface/kt/ide075/CORE4_174930/ctl_S27_LONG_CORR_vllmw.anchor.json,229,966780e69cc639277091ee66e24a8d723c6cf7f876ea9da25f86fcbaa1bdaf9f,text,server violet-h100-016,False
/home/mystous/.cache/huggingface/kt/ide075/CORE4_174930/ctl_S27_LONG_CORR_vllmw.ready,19,97ef1bfd0c329a25fc78e60300363346fe48a78284d4d7a7b1834e08b1334ebc,text,server violet-h100-016,False
/home/mystous/.cache/huggingface/kt/ide075/CORE4_174930/ctl_S27_LONG_CORR_vllmw.start,19,b6a0df7ded7372b725bd77a3d4644d32e456d9f85b74f16881c0e3d00e826786,text,server violet-h100-016,False
/home/mystous/.cache/huggingface/kt/ide075/CORE4_174930/kt_evt.csv,113175139,3a75312a83389627d5b13a992d83697f4f6082fac253d897972acb9174deaf6b,cpu_event_log,server violet-h100-016,False
/home/mystous/.cache/huggingface/kt/ide075/CORE4_174930/kt_evt.csv.experts,1043722,12aefbcd7e14928a8ebcf5e05f6330c9d46cf10868790f72985f030a5c7a043b,cpu_event_log,server violet-h100-016,False
/home/mystous/.cache/huggingface/kt/ide075/CORE4_174930/kt_evt.csv.map,276076,e1264f896fc81cbb9ddea86ba2354d69cc5e912be9e82928b50cca7ead419253,cpu_event_log,server violet-h100-016,False
/home/mystous/.cache/huggingface/kt/ide075/CORE4_174930/kt_evt.csv.tasks,72765995,894410bb0ef8e7026809c561f5e95f77b021ea014f582a168fe60917c0ef8703,cpu_event_log,server violet-h100-016,False
/home/mystous/.cache/huggingface/kt/ide075/CORE4_174930/profiles/S22_CORR_vllmw_1789635133-TP-0.trace.json.gz,60321850,f38c1ed3b72b0c1ffe85d270f6abda979f14dca02a3ecaebabc73f8ce74847be,trace,server violet-h100-016,False
/home/mystous/.cache/huggingface/kt/ide075/CORE4_174930/profiles/S22_CORR_vllmw_1789635133-TP-1.trace.json.gz,25950383,37c0a28bab205fc9c002240a341b3b3f6da3256ad6b7a76997396ef6a2427cdd,trace,server violet-h100-016,False
/home/mystous/.cache/huggingface/kt/ide075/CORE4_174930/profiles/S22_CORR_vllmw_1789635133-TP-2.trace.json.gz,25963644,aa292e9e0cffe04e25aa93e5b46fbb2df8299287a5923a249cb5afadac1f549b,trace,server violet-h100-016,False
/home/mystous/.cache/huggingface/kt/ide075/CORE4_174930/profiles/S22_CORR_vllmw_1789635133-TP-3.trace.json.gz,25928965,3e2eaf78bfcb1208aa973b31bb18069cb9e61203c13e405fc0778b91fae61e9f,trace,server violet-h100-016,False
/home/mystous/.cache/huggingface/kt/ide075/CORE4_174930/profiles/S23_CORR_vllmw_1789635258-TP-0.trace.json.gz,61950794,f30ff1eafb9f70616d23df508afe7db02da22b313969b7864d1fb3b71844bbc5,trace,server violet-h100-016,False
/home/mystous/.cache/huggingface/kt/ide075/CORE4_174930/profiles/S23_CORR_vllmw_1789635258-TP-1.trace.json.gz,27919297,59f3b40e791e566e1cc0776233fe615c6cbc95989edef3342c43115d0b073ec0,trace,server violet-h100-016,False
/home/mystous/.cache/huggingface/kt/ide075/CORE4_174930/profiles/S23_CORR_vllmw_1789635258-TP-2.trace.json.gz,27933635,668adc998c23cfbb0abaa26f01a9d8d883fa53e94193de222729a16b0b8a3480,trace,server violet-h100-016,False
/home/mystous/.cache/huggingface/kt/ide075/CORE4_174930/profiles/S23_CORR_vllmw_1789635258-TP-3.trace.json.gz,27889766,a5cc588303a7518c4336672dede496b5b8dba40c3fc257e635b863136a5cb299,trace,server violet-h100-016,False
/home/mystous/.cache/huggingface/kt/ide075/CORE4_174930/profiles/S26_C1_CORR_vllmw_1789635506-TP-0.trace.json.gz,265103829,1cecb7c28fa479fe3b4e9573287821de2f9d842b48e581b8e75fff9312f92857,trace,server violet-h100-016,False
/home/mystous/.cache/huggingface/kt/ide075/CORE4_174930/profiles/S26_C1_CORR_vllmw_1789635506-TP-1.trace.json.gz,103685236,c033aa0dfaa1abb8153cfcc375ee8f19418669631e2e76cba3e1fcc68bb1814c,trace,server violet-h100-016,False
/home/mystous/.cache/huggingface/kt/ide075/CORE4_174930/profiles/S26_C1_CORR_vllmw_1789635506-TP-2.trace.json.gz,103828392,f0651d3fe426b206b055c5b5ff20e290fd06b23e1720cbb8b0e89e1cec6de4f0,trace,server violet-h100-016,False
/home/mystous/.cache/huggingface/kt/ide075/CORE4_174930/profiles/S26_C1_CORR_vllmw_1789635506-TP-3.trace.json.gz,103780118,b3ffb86aaa08e7e6bad151bbf9dc1d7fdc11f8dacc78ecd428e87012d333a8f3,trace,server violet-h100-016,False
/home/mystous/.cache/huggingface/kt/ide075/CORE4_174930/profiles/S27_LONG_CORR_vllmw_1789635910-TP-0.trace.json.gz,79054809,59ac2db0bb035c449e00ba5b890e37db32fd24d16f17e6dd8c2048dc6698b00d,trace,server violet-h100-016,False
/home/mystous/.cache/huggingface/kt/ide075/CORE4_174930/profiles/S27_LONG_CORR_vllmw_1789635910-TP-1.trace.json.gz,34258177,54a3a0c6ab243e5f11f0df3f7a43a3aa714e03e367f8e1f389acbd5df0f4a74b,trace,server violet-h100-016,False
/home/mystous/.cache/huggingface/kt/ide075/CORE4_174930/profiles/S27_LONG_CORR_vllmw_1789635910-TP-2.trace.json.gz,34291205,4c61b13d84f664b64f1a6948c7098faafed5eefdf9232ad0a24941bdeb572cb3,trace,server violet-h100-016,False
/home/mystous/.cache/huggingface/kt/ide075/CORE4_174930/profiles/S27_LONG_CORR_vllmw_1789635910-TP-3.trace.json.gz,34230996,f4acb1b7097329087804c157adf8e7ee84f20d29fca864b2021438f4890d3251,trace,server violet-h100-016,False
/home/mystous/.cache/huggingface/kt/ide075/CORE_153555/kt_evt.csv,50503025,6ef9e46c90054704b6cf4cdf24a92ef3a03cb9284639a9520b73ad02684081cf,cpu_event_log,server violet-h100-016,False
/home/mystous/.cache/huggingface/kt/ide075/CORE_153555/kt_evt.csv.map,194808,1395c836a46f07dfff03cdf3a327bf95954c99b3cfe9d52b2643978009610045,cpu_event_log,server violet-h100-016,False
/home/mystous/.cache/huggingface/kt/ide075/CORE_153555/kt_evt.csv.tasks,31721495,b42a22918035c410544163dff1a973d9cc5fa04a8b75eae646ca635d320538c5,cpu_event_log,server violet-h100-016,False
/home/mystous/.cache/huggingface/kt/ide075/CORE_153555/profiles/S3_CORR_1789627166-TP-0.trace.json.gz,59481776,7b2464be649a03061337dabb25126cb414d05e7abe2c85c58bf6054927059bed,trace,server violet-h100-016,False
/home/mystous/.cache/huggingface/kt/ide075/CORE_153555/profiles/S3_CORR_1789627166-TP-1.trace.json.gz,25208429,1060cf872ea9bc95830785706b07b8ae6e68a4ada6a4f9d27fcc372571fc32b0,trace,server violet-h100-016,False
/home/mystous/.cache/huggingface/kt/ide075/CORE_153555/profiles/S3_CORR_1789627166-TP-2.trace.json.gz,25226081,4229eaee3e5716d78ce51f5c07aff4123410a80b3ad36a98c6cb40f9059655c8,trace,server violet-h100-016,False
/home/mystous/.cache/huggingface/kt/ide075/CORE_153555/profiles/S3_CORR_1789627166-TP-3.trace.json.gz,25192278,6df124d61121e173a309995d058bd5a4876f58befb06ede5b9518b6f1385f08b,trace,server violet-h100-016,False
/home/mystous/.cache/huggingface/kt/ide075/CORE_153555/profiles/S4_CORR_1789627290-TP-0.trace.json.gz,59692971,e4fc7d4662dd5ee1645d8e89e3769c6cdaec50fcf65539c1f63532059396155d,trace,server violet-h100-016,False
/home/mystous/.cache/huggingface/kt/ide075/CORE_153555/profiles/S4_CORR_1789627290-TP-1.trace.json.gz,25480062,d38a17ee65a36f5d81f7450c2d0c969dc1379abc4987c3d5c47891aa053d2527,trace,server violet-h100-016,False
/home/mystous/.cache/huggingface/kt/ide075/CORE_153555/profiles/S4_CORR_1789627290-TP-2.trace.json.gz,25495348,2320e52dd5370f7d9d5f74c4d9ac466a7a9a2754e4e95a853a1d50b41b8fa5d8,trace,server violet-h100-016,False
/home/mystous/.cache/huggingface/kt/ide075/CORE_153555/profiles/S4_CORR_1789627290-TP-3.trace.json.gz,25451886,c0c0f3ee8feec7c8d45588a88a5a028123a7f1ebe7ea3dbd267bbcb763659cb3,trace,server violet-h100-016,False
/home/mystous/.cache/huggingface/kt/ide075/FOCUS2_183951/ctl_S28_FOCUS2_vllmw_syswide.anchor.json,229,23e4ed675b79d29a8e66827e11f602d3cdde1c26e1dade03633ab0ee71160006,text,server violet-h100-016,False
/home/mystous/.cache/huggingface/kt/ide075/FOCUS2_183951/ctl_S28_FOCUS2_vllmw_syswide.ready,19,8d2d70bd998b16b3e11356751be9a84c8156eb483f1b296cd5e7ae60fdf8bcff,text,server violet-h100-016,False
/home/mystous/.cache/huggingface/kt/ide075/FOCUS2_183951/ctl_S28_FOCUS2_vllmw_syswide.start,19,82b5ac3a157ca718888b6ede26593cf3832a4db2c25bd00e249eaf2acf7c9eff,text,server violet-h100-016,False
/home/mystous/.cache/huggingface/kt/ide075/FOCUS2_183951/ctl_S29_CORR_vllmw_fp8fixso.anchor.json,229,f91ecf754c41ff690d98bbb65eb3cbe58ee77b10716cb4fd524b1c1bc116d363,text,server violet-h100-016,False
/home/mystous/.cache/huggingface/kt/ide075/FOCUS2_183951/ctl_S29_CORR_vllmw_fp8fixso.ready,19,9b66553dbbf7b5bb37d6fd542c7dcc61ed1299cf4aee8a9093fa8ebce5816259,text,server violet-h100-016,False
/home/mystous/.cache/huggingface/kt/ide075/FOCUS2_183951/ctl_S29_CORR_vllmw_fp8fixso.start,19,aa9d05666a0eb036d219f6a5805dc1178326736d015c360d83a9e9b62a5fcd59,text,server violet-h100-016,False
/home/mystous/.cache/huggingface/kt/ide075/FOCUS2_183951/kt_evt.csv,30481229,a98c3005a00ebe529d08595f634b287afa7d3471cabd8e761d4ae79591c03770,cpu_event_log,server violet-h100-016,False
/home/mystous/.cache/huggingface/kt/ide075/FOCUS2_183951/kt_evt.csv.experts,485382,45502d17f92f549fe0fe030fb7daaefc6c1ea7dad63223d08f7a4e30ded5daae,cpu_event_log,server violet-h100-016,False
/home/mystous/.cache/huggingface/kt/ide075/FOCUS2_183951/kt_evt.csv.map,141346,c40c4cf51ff61f66e8a5c98030eb5c545739c5001660881f10cbbbbf47e4297b,cpu_event_log,server violet-h100-016,False
/home/mystous/.cache/huggingface/kt/ide075/FOCUS2_183951/kt_evt.csv.tasks,19121495,e119fa2bb98f17e4d681fb3a6694a5320ca8b1024e2bcdff1c1efc80fbfb5fbc,cpu_event_log,server violet-h100-016,False
/home/mystous/.cache/huggingface/kt/ide075/FOCUS2_183951/profiles/S29_CORR_vllmw_fp8fixso_1789638259-TP-0.trace.json.gz,62325592,68f2f636bb5be34229ebc59c86591aa74ca7f6c3d6b6764b5c0e477da06f7a7f,trace,server violet-h100-016,False
/home/mystous/.cache/huggingface/kt/ide075/FOCUS2_183951/profiles/S29_CORR_vllmw_fp8fixso_1789638259-TP-1.trace.json.gz,28296918,48de856ae58473eea03e42395020548da24c0bcfb122e1473fa9caefaa0f8698,trace,server violet-h100-016,False
/home/mystous/.cache/huggingface/kt/ide075/FOCUS2_183951/profiles/S29_CORR_vllmw_fp8fixso_1789638259-TP-2.trace.json.gz,28318102,7507b0fc4925731019064d3615b2b3ccc352da2e199f87facf120136de2c767c,trace,server violet-h100-016,False
/home/mystous/.cache/huggingface/kt/ide075/FOCUS2_183951/profiles/S29_CORR_vllmw_fp8fixso_1789638259-TP-3.trace.json.gz,28285986,a6f20b25cb9c3201d741f110dde5cdffd9a153bd27b8127387c28612bb00147b,trace,server violet-h100-016,False
/home/mystous/.cache/huggingface/kt/ide075/GLM_D6_181159/ctl_G_CORR.anchor.json,228,cc30619a50869992648851e86f7fd05f00ad3afc04c8073c589d3dac3b375de8,text,server violet-h100-016,False
/home/mystous/.cache/huggingface/kt/ide075/GLM_D6_181159/ctl_G_CORR.ready,19,8a6250c73ad8206c183e574eecc2e12a6cbd404b653aa196bd0ffef2baf19c4a,text,server violet-h100-016,False
/home/mystous/.cache/huggingface/kt/ide075/GLM_D6_181159/ctl_G_CORR.start,19,189b031c1cf48fe46086cc1ce833be1c47f6842f83c3d51ea995b378716dd51b,text,server violet-h100-016,False
/home/mystous/.cache/huggingface/kt/ide075/GLM_D6_181159/profiles/G_CORR_1789637097-TP-0.trace.json.gz,155217689,aa7f2f9567e314d81f2abcc436746e4fd1d8e2484e2e2375e4d51db97c576ca4,trace,server violet-h100-016,False
/home/mystous/.cache/huggingface/kt/ide075/GLM_D6_181159/profiles/G_CORR_1789637097-TP-1.trace.json.gz,100040513,7363cb242fb8e29d06e56a9d1e3dfa54ebdea183bbc185b116c4ce7a80acf75d,trace,server violet-h100-016,False
/home/mystous/.cache/huggingface/kt/ide075/GLM_D6_181159/profiles/G_CORR_1789637097-TP-2.trace.json.gz,99928788,5fffbbe5534d5e5014fc477d9d5903717a1c17d4e1e113eb1b9fe45d75d43840,trace,server violet-h100-016,False
/home/mystous/.cache/huggingface/kt/ide075/GLM_D6_181159/profiles/G_CORR_1789637097-TP-3.trace.json.gz,99891808,c3ad94cc0e214c9ae6ea1631ec3afcd3b5e336c94c5ebe5bb24c2197e64b2fe5,trace,server violet-h100-016,False
/home/mystous/.cache/huggingface/kt/ide075/GLM_D8_185927/ctl_G_CORR2.anchor.json,229,f30950bf6895699c4aafc516c28b79652390aeea4d01eb4b3fcc2cdd295077b5,text,server violet-h100-016,False
/home/mystous/.cache/huggingface/kt/ide075/GLM_D8_185927/ctl_G_CORR2.ready,19,100d757db9220809bd269b40b6a818f000090bade8d66fb33d3a91bc2c5ba42d,text,server violet-h100-016,False
/home/mystous/.cache/huggingface/kt/ide075/GLM_D8_185927/ctl_G_CORR2.start,19,fcbdc030ecedbd20926abd9d54acf9986f766079006bfb70e4f1e0c821196b41,text,server violet-h100-016,False
/home/mystous/.cache/huggingface/kt/ide075/GLM_D8_185927/profiles/G_CORR2_1789639925-TP-0.trace.json.gz,155182533,81391c5dbf4ad495b1a7c1e2103dd92a11008c06f02f269dbe122156239c321b,trace,server violet-h100-016,False
/home/mystous/.cache/huggingface/kt/ide075/GLM_D8_185927/profiles/G_CORR2_1789639925-TP-1.trace.json.gz,99933184,113fb53a59721513b5b5617683f5bc465c857a0b5cc20e423af534651de8c0fd,trace,server violet-h100-016,False
/home/mystous/.cache/huggingface/kt/ide075/GLM_D8_185927/profiles/G_CORR2_1789639925-TP-2.trace.json.gz,99812149,320942f6d381ec2301beb8a79dd8b19d330e5a70f9e01c498f4d01a0bde3315b,trace,server violet-h100-016,False
/home/mystous/.cache/huggingface/kt/ide075/GLM_D8_185927/profiles/G_CORR2_1789639925-TP-3.trace.json.gz,99868345,83c62cb7b76aaa5862fbd8846b6b70ab99dbd52612e142fe70d91d01fec688ee,trace,server violet-h100-016,False
/home/mystous/.cache/huggingface/kt/ide075/GLM_D9_194029/ctl_G_CORR3_cbfree.anchor.json,229,af6e2b093e5223285b2afa1d4c236a0e02f6c048b141b536668cc8850d7ae0d1,text,server violet-h100-016,False
/home/mystous/.cache/huggingface/kt/ide075/GLM_D9_194029/ctl_G_CORR3_cbfree.ready,19,be85bbd8af52e4d24d45f68c2b7cb94026b9a5581a83d3b0f7894a8f8b46cc05,text,server violet-h100-016,False
/home/mystous/.cache/huggingface/kt/ide075/GLM_D9_194029/ctl_G_CORR3_cbfree.start,19,261680ccdf24c19b4f36173fcc852802109a5c0e45485d8fa003fca765eced23,text,server violet-h100-016,False
/home/mystous/.cache/huggingface/kt/ide075/GLM_D9_194029/kt_evt.csv,68144484,efefc697f553918c7d9da772a00947340dc0e51b5821785c7f6502b8dd101881,cpu_event_log,server violet-h100-016,False
/home/mystous/.cache/huggingface/kt/ide075/GLM_D9_194029/kt_evt.csv.experts,561970,64a5776c45c40c218dbc018237ae940417199ec05b385c80277c7f823eeaeca4,cpu_event_log,server violet-h100-016,False
/home/mystous/.cache/huggingface/kt/ide075/GLM_D9_194029/kt_evt.csv.map,270618,8d415de4e0628df19fe486d6d04b115bda2b65dcb963a668f8bd02e0c8b9418d,cpu_event_log,server violet-h100-016,False
/home/mystous/.cache/huggingface/kt/ide075/GLM_D9_194029/kt_evt.csv.tasks,54113456,9f088a14e4a627a2262fdaa6ba5a8ee1b9ac1ae8f9cb73b0f509fd5af97ab4ca,cpu_event_log,server violet-h100-016,False
/home/mystous/.cache/huggingface/kt/ide075/GLM_D9_194029/profiles/G_CORR3_cbfree_1789642003-TP-0.trace.json.gz,155345337,000f2283818fb2cad962375d267efcd163675e19e8cb12d1f4c0195e178217ca,trace,server violet-h100-016,False
/home/mystous/.cache/huggingface/kt/ide075/GLM_D9_194029/profiles/G_CORR3_cbfree_1789642003-TP-1.trace.json.gz,100027212,991336ab81fcab0f390fc95870266270e162ea5edf4553c691483045e27960c8,trace,server violet-h100-016,False
/home/mystous/.cache/huggingface/kt/ide075/GLM_D9_194029/profiles/G_CORR3_cbfree_1789642003-TP-2.trace.json.gz,99935242,ca353f2d894d8a1f7e17c3e5b45e492974f1dc8fa6e068bcee4a500559aadd7d,trace,server violet-h100-016,False
/home/mystous/.cache/huggingface/kt/ide075/GLM_D9_194029/profiles/G_CORR3_cbfree_1789642003-TP-3.trace.json.gz,99953071,563cb82e57959b481d0a2b0f8463ba0dab80e26e9acfdec58819bc3586878bbf,trace,server violet-h100-016,False
/home/mystous/.cache/huggingface/kt/ide075/OFF_CLOSE2_165803/ctl_S15b_OFF_CLOSE2_probe.ready,19,08e8c649c6d7eefd866e54f056db1154160b166bb869b178eb1d9b222bc6a696,text,server violet-h100-016,False
/home/mystous/.cache/huggingface/kt/ide075/OFF_CLOSE2_165803/ctl_S15b_OFF_CLOSE2_probe.start,19,1a7ade28ef17dd4e3e868852c36ec957a66df9ccdc5ad4b6fcae172187950226,text,server violet-h100-016,False
/home/mystous/.cache/huggingface/kt/ide075/OFF_CLOSE2_165803/probe_S15b_OFF_CLOSE2_probe.json,25540,d8c68c20d86bf4b5236bb27fa0652dcd3ac842bee117aed21b32f50478947513,text,server violet-h100-016,False
/home/mystous/.cache/huggingface/kt/ide075/OFF_OPEN2_161158/ctl_S8b_OFF_OPEN2_probe.start,19,560f4577dac373b79645df3944d9efa71defd85a361e509cebb6bf22012c93cc,text,server violet-h100-016,False
/home/mystous/.cache/huggingface/kt/ide075/OFF_X_171100/ctl_S16b_OFF_X_probe_pinned.ready,19,6d77d5d75cb69af8866de34794d91674fc06b662502befc445a65361ebe60368,text,server violet-h100-016,False
/home/mystous/.cache/huggingface/kt/ide075/OFF_X_171100/ctl_S16b_OFF_X_probe_pinned.start,19,a3cc6dccf03771683723244a5f26436c28571a8d170707aee014249408375611,text,server violet-h100-016,False
/home/mystous/.cache/huggingface/kt/ide075/OFF_X_171100/probe_S16b_OFF_X_probe_pinned.json,25541,1699760e22d01b4899d292431a7b546e56375bc0d970a6691ebdf89ee6b99feb,text,server violet-h100-016,False
/home/mystous/.cache/huggingface/kt/ide075/OFF_Y_174421/ctl_S21b_OFF_Y_vllmw.anchor.json,229,8587a03b34367903356ef9adfb6455fdda91f9c8b7179709b329b65c60f88bef,text,server violet-h100-016,False
/home/mystous/.cache/huggingface/kt/ide075/OFF_Y_174421/ctl_S21b_OFF_Y_vllmw.ready,19,f629b75311dffe11765a1e4ca81ed63ee13f251193e7ccd60838720821f16e85,text,server violet-h100-016,False
/home/mystous/.cache/huggingface/kt/ide075/OFF_Y_174421/ctl_S21b_OFF_Y_vllmw.start,19,b395fb123ac9ee4fb02469010d1f9561507b1adca16144fe755b449aee278ce0,text,server violet-h100-016,False
eval/results/IDE_075_20260917/glm/BASIC4/GLM_D1_170439/expert_samples.log,14,3f001b316633c8d759e69c0470a39b64606280763983c2a7a6ed952a7ee56cc5,text,repo,True
eval/results/IDE_075_20260917/glm/BASIC4/GLM_D1_170439/launch_cmd.sh,952,6629ea525cdfe3f87046155745999a45e0cdb5f7e60bfa39ec44962c112eec25,text,repo,True
eval/results/IDE_075_20260917/glm/BASIC4/GLM_D1_170439/requested_config.json,1266,5a540e22f1459a945ea4f54a4d3ddda95d74eae4a2d193414cc1ab1e286a1045,text,repo,True
eval/results/IDE_075_20260917/glm/BASIC4/GLM_D1_170439/server.full.log.gz,7570,e78819214b99e3f8e1ec22faa8e7d76838c8ac0c4c7dd5b62ecb1b0bff9793e8,text,repo,True
eval/results/IDE_075_20260917/glm/BASIC4/GLM_D2_170535/expert_samples.log,14,3f001b316633c8d759e69c0470a39b64606280763983c2a7a6ed952a7ee56cc5,text,repo,True
eval/results/IDE_075_20260917/glm/BASIC4/GLM_D2_170535/gate_quality4_D2_fixed.json,17716,fcf852eb96f3e90d2da8edda95657fa3a0ae735f17c705a5828072e864f163ec,text,repo,True
eval/results/IDE_075_20260917/glm/BASIC4/GLM_D2_170535/gate_result_D2_fixed.json,2159,b507988a08b9be37a855dd9ea833b7c87fe74b7f9f590e80da09ad381886bf86,text,repo,True
eval/results/IDE_075_20260917/glm/BASIC4/GLM_D2_170535/launch_cmd.sh,936,588d029dc70d5a11420eb4c641a9dd160ca9dfafcf9fb312e4a10da609377da5,text,repo,True
eval/results/IDE_075_20260917/glm/BASIC4/GLM_D2_170535/quality_requests_4.jsonl,1915,977c9ad203e3e4c65d308efb8cc88c87417add864c51495ead677908ebe630ef,text,repo,True
eval/results/IDE_075_20260917/glm/BASIC4/GLM_D2_170535/requested_config.json,1242,3b028d68d326b700f93155793d8e8bca6c145054f6a7ab6e62284e4addea9b23,text,repo,True
eval/results/IDE_075_20260917/glm/BASIC4/GLM_D2_170535/server.full.log.gz,14377,2e3f1f835a9f32d8c0f133f0b606df6c820dc5cd2d4f061eefe35dd772491dfe,text,repo,True
eval/results/IDE_075_20260917/glm/BASIC4/GLM_D2_170535/server_info.json,37769,506a5e3b769aec6517f7873b5fc317868804798d10716bb2451d03a8b1c1c28e,text,repo,True
eval/results/IDE_075_20260917/glm/BASIC4/GLM_D2_170535/thread_role_map.csv,183524,fff99e08575122ce9123ea09634b5b413e6b2859cbdf8cb2ed0063efe28ed0cc,text,repo,True
eval/results/IDE_075_20260917/glm/BASIC4/GLM_D3_172545/expert_samples.log,14,3f001b316633c8d759e69c0470a39b64606280763983c2a7a6ed952a7ee56cc5,text,repo,True
eval/results/IDE_075_20260917/glm/BASIC4/GLM_D3_172545/gate_quality4_D3_fixed_deferred0.json,15740,5ece77b835c5828a92296dd40ab9a8e1c40cc55284c7f4265fd7577450218841,text,repo,True
eval/results/IDE_075_20260917/glm/BASIC4/GLM_D3_172545/gate_result_D3_fixed_deferred0.json,2173,9d5847fa660b99a4ca8ab46a671b842fb965fb8f8fc178fcf5b19b3f6fed074b,text,repo,True
eval/results/IDE_075_20260917/glm/BASIC4/GLM_D3_172545/launch_cmd.sh,936,de90f0a9044ed14b3cf8b0850ad30c4bf00f4dfcfdb518d801451c73f476c5a3,text,repo,True
eval/results/IDE_075_20260917/glm/BASIC4/GLM_D3_172545/quality_requests_4.jsonl,1915,977c9ad203e3e4c65d308efb8cc88c87417add864c51495ead677908ebe630ef,text,repo,True
eval/results/IDE_075_20260917/glm/BASIC4/GLM_D3_172545/requested_config.json,1242,3a586f272217b26a08fe57276690146fdfcf8d3a632528d586cf4b66a4ec38f0,text,repo,True
eval/results/IDE_075_20260917/glm/BASIC4/GLM_D3_172545/server.full.log.gz,14368,cdfb8f33f0d895edac2abded14394d1adb094fdd3b58e2c271bc15f57d3f6c07,text,repo,True
eval/results/IDE_075_20260917/glm/BASIC4/GLM_D3_172545/server_info.json,37768,145ba136ac6cd24f100f6246d4e1c8784cb155e1d82e8eaac785bb9781aa686a,text,repo,True
eval/results/IDE_075_20260917/glm/BASIC4/GLM_D3_172545/thread_role_map.csv,187202,1329ad55a9b2ddaf0294e19f9784d0100623348594d1e13c35f0b8bc393f7ecd,text,repo,True
eval/results/IDE_075_20260917/glm/BASIC4/GLM_D4_173122/expert_samples.log,14,3f001b316633c8d759e69c0470a39b64606280763983c2a7a6ed952a7ee56cc5,text,repo,True
eval/results/IDE_075_20260917/glm/BASIC4/GLM_D4_173122/gate_quality4_D4_fixed_allcpu.json,17217,7cd6f98587fa918c546f8d02022f5414e79f690fb99955b72fdf30af2a6e9cae,text,repo,True
eval/results/IDE_075_20260917/glm/BASIC4/GLM_D4_173122/gate_result_D4_fixed_allcpu.json,2186,6c2fb6ec23748464078189318ad1c3db6dfe6b367e61acbb8f92c8e2532b857d,text,repo,True
eval/results/IDE_075_20260917/glm/BASIC4/GLM_D4_173122/launch_cmd.sh,935,d18f3dfc32c821886ad287d009afc43814b254538148b2f9ec401e403eac47f6,text,repo,True
eval/results/IDE_075_20260917/glm/BASIC4/GLM_D4_173122/quality_requests_4.jsonl,1915,977c9ad203e3e4c65d308efb8cc88c87417add864c51495ead677908ebe630ef,text,repo,True
eval/results/IDE_075_20260917/glm/BASIC4/GLM_D4_173122/requested_config.json,1241,b9b5e97a3a750cef4f9c53994ca8e3cb603f4ea119fcfb3c657106fe67c4f198,text,repo,True
eval/results/IDE_075_20260917/glm/BASIC4/GLM_D4_173122/server.full.log.gz,13524,9872ff4ca3edc0de8b01ebf028c09a7d2b4b67c59af0ec58c336c854cae0954a,text,repo,True
eval/results/IDE_075_20260917/glm/BASIC4/GLM_D4_173122/server_info.json,37766,df728de1932096d0da391b3e6759ab95da110167324b9a632956a801902cd1c6,text,repo,True
eval/results/IDE_075_20260917/glm/BASIC4/GLM_D4_173122/thread_role_map.csv,182538,f7a0490265a90949b2f30ac1c6fa04fd76b80479171372d734d7449f8e30ac15,text,repo,True
eval/results/IDE_075_20260917/glm/BASIC4/GLM_D5_173737/expert_samples.log,14,3f001b316633c8d759e69c0470a39b64606280763983c2a7a6ed952a7ee56cc5,text,repo,True
eval/results/IDE_075_20260917/glm/BASIC4/GLM_D5_173737/gate_quality4_D5_unfixed_allcpu_deferred0.json,17645,7243ff83bf225277897f93f175b52a917a0e20d4a212ae7f5efcad33e8e77cb9,text,repo,True
eval/results/IDE_075_20260917/glm/BASIC4/GLM_D5_173737/gate_result_D5_unfixed_allcpu_deferred0.json,2177,52996e03f21dd461c08dc3d12339155143c67e1fbfd6dbbd83570f653ccf80dd,text,repo,True
eval/results/IDE_075_20260917/glm/BASIC4/GLM_D5_173737/launch_cmd.sh,935,4555b570568be16b8c055e9fb0872c183a3125ac4f90c3b7b187f283eb71f464,text,repo,True
eval/results/IDE_075_20260917/glm/BASIC4/GLM_D5_173737/quality_requests_4.jsonl,1915,977c9ad203e3e4c65d308efb8cc88c87417add864c51495ead677908ebe630ef,text,repo,True
eval/results/IDE_075_20260917/glm/BASIC4/GLM_D5_173737/requested_config.json,1241,ec7f0c2da5ee80c8d1c25de320f77f8895210204db965f7062d28257ba2c2666,text,repo,True
eval/results/IDE_075_20260917/glm/BASIC4/GLM_D5_173737/server.full.log.gz,13590,d5d0cff5e8afda974554d60cc607c0731aad7f842b42cc95546f7cc2d2495358,text,repo,True
eval/results/IDE_075_20260917/glm/BASIC4/GLM_D5_173737/server_info.json,37767,e61dbdd5ad27c630f971fe1aef2748d70f64e88a2921eeca5c1a83832395082f,text,repo,True
eval/results/IDE_075_20260917/glm/BASIC4/GLM_D5_173737/thread_role_map.csv,182569,41d630fdd22a47b84bd3b35e52cf7dc1e9cbd8fe698625f651a265a60bd944e8,text,repo,True
eval/results/IDE_075_20260917/glm/BASIC4/GLM_D6_181159/G_CORR/bench.stderr.log,1713,22c301ab0fc223eaee106fc70b5135fc8a7249d378ee8b37f3c10202a1a71a2a,text,repo,True
eval/results/IDE_075_20260917/glm/BASIC4/GLM_D6_181159/G_CORR/bench.stdout.log,6108,80ec437119c1a5c211966574632add164369ce8df5bfbd80955357423eafac54,text,repo,True
eval/results/IDE_075_20260917/glm/BASIC4/GLM_D6_181159/G_CORR/bench_cmd.sh,842,a091b8cbb0c7d68df5d617e83ded8a23ff1070c82ce57126ff1f30fdf77e51a3,text,repo,True
eval/results/IDE_075_20260917/glm/BASIC4/GLM_D6_181159/G_CORR/benchmark.raw.json,409770,265e409dd402b780e069cb2e5bc72760348b90df1381c27e1450d61334fd823f,text,repo,True
eval/results/IDE_075_20260917/glm/BASIC4/GLM_D6_181159/G_CORR/clock_anchors_client.json,216,48e39c52df1a0589d2e18a581a75e7c689fbf5e7a1f68bfb9e0394f6ded00405,text,repo,True
eval/results/IDE_075_20260917/glm/BASIC4/GLM_D6_181159/G_CORR/costs_v2.log,794,b81231057339b4ce2a01156ca1d7c482ce003ee4949bede49732734ef5c491c3,text,repo,True
eval/results/IDE_075_20260917/glm/BASIC4/GLM_D6_181159/G_CORR/cpu_timeseries.csv,644931,88b67ada0996a8eef11c534fef9d7be3c3dc1f84a9000701bc2f31aeeebd0158,text,repo,True
eval/results/IDE_075_20260917/glm/BASIC4/GLM_D6_181159/G_CORR/dependency_v2.log,531,7beb3c7dea9f861316e33f1371c247cdfe0df5fc1aa27ec60b74b72b2b610f3f,text,repo,True
eval/results/IDE_075_20260917/glm/BASIC4/GLM_D6_181159/G_CORR/eager.log,516,6511e107c49d9a9fe187dd84a2d366c7b370f1395f2ab0f9ac8760adf6cf55ea,text,repo,True
eval/results/IDE_075_20260917/glm/BASIC4/GLM_D6_181159/G_CORR/gpu_layer_timeline_TP0.csv.gz,1907701,49ada89856561c204cf58c7ee95ceac3cd661fb543cd65c0417ae88317d68abc,text,repo,True
eval/results/IDE_075_20260917/glm/BASIC4/GLM_D6_181159/G_CORR/gpu_timeseries.csv,238936,429a0bf12f7058656020be6ed3880c63d391a3f3aa71f2fbcc8e6ff2a0de63ca,text,repo,True
eval/results/IDE_075_20260917/glm/BASIC4/GLM_D6_181159/G_CORR/memory_timeseries.csv,7512,e151221aa7c442a3434878bd0b59b0a14aacc422b0f3e62b657f34e9bf70894a,text,repo,True
eval/results/IDE_075_20260917/glm/BASIC4/GLM_D6_181159/G_CORR/metrics.json,3942,a849d338f79db1c06f7efa62062f3e3a5c0694dcbb13c2bebeeb9a789fd87edb,text,repo,True
eval/results/IDE_075_20260917/glm/BASIC4/GLM_D6_181159/G_CORR/observer_config.json,162,5cb4d008dc8548522571cbd06898b1775f609104532d19f4e1414366236fb28d,text,repo,True
eval/results/IDE_075_20260917/glm/BASIC4/GLM_D6_181159/G_CORR/request_results.jsonl,24466,7ce99030c475111c751165d28adf48a9010670c5b4462653948d669e3c5860da,text,repo,True
eval/results/IDE_075_20260917/glm/BASIC4/GLM_D6_181159/G_CORR/requests.jsonl,29713,e1cb166cc0abf84b9d8ae19c5e18b5572491ae325dcc2ebca8e45775cba7dad2,text,repo,True
eval/results/IDE_075_20260917/glm/BASIC4/GLM_D6_181159/G_CORR/thread_affinity_start.json,109888,d65bd2f6228d8ee282af0b2de1bbcd72987cf4c7491965b5bc2c2e85c85989b2,text,repo,True
eval/results/IDE_075_20260917/glm/BASIC4/GLM_D6_181159/G_CORR/tp_collective.log,2639,cedef75806acd7e80eae7a35c974c90e6b80fbc3054d4263032a2d6613cb5c58,text,repo,True
eval/results/IDE_075_20260917/glm/BASIC4/GLM_D6_181159/G_CORR/v2/tp_collective.csv.gz,1082305,da63b0688df8b346c8d488550d2178ce391f1f180b804ad057d2d1b4b26b6359,text,repo,True
eval/results/IDE_075_20260917/glm/BASIC4/GLM_D6_181159/G_CORR/v2/tp_collective_summary.json,8724,36eb145448438640a98f6ac021bfafa5121be4943a1154e3aaf34db738f900bd,text,repo,True
eval/results/IDE_075_20260917/glm/BASIC4/GLM_D6_181159/G_CORR/validate_v2.log,457,42e32fd8542301b63ff8b595c63be636a8502c51c6d8eed65085b734f8500312,text,repo,True
eval/results/IDE_075_20260917/glm/BASIC4/GLM_D6_181159/G_CORR/window_events.jsonl,4445,fd9f783835837775241e2cefd2a04cbcdccf44a192652dd4f6d7bd49943ca1e8,text,repo,True
eval/results/IDE_075_20260917/glm/BASIC4/GLM_D6_181159/G_OFF/bench.stderr.log,1713,1d23316b3b60e337ba377176208f9d75cf364b5253adc43ab00f63fc3ac502c7,text,repo,True
eval/results/IDE_075_20260917/glm/BASIC4/GLM_D6_181159/G_OFF/bench.stdout.log,6307,8bb1277452262e8f3feb4708a2dfe8662fb4be67c80c63ad447808bb73a9ae8b,text,repo,True
eval/results/IDE_075_20260917/glm/BASIC4/GLM_D6_181159/G_OFF/bench_cmd.sh,743,b914a1d1500fe9fdc76f7cf2199fe0e3c73ee37740ae3bf3d95480153eed0d1a,text,repo,True
eval/results/IDE_075_20260917/glm/BASIC4/GLM_D6_181159/G_OFF/benchmark.raw.json,411196,56caf0c297a90426a7e1dafef5238b8cda67554436b30a8195cecaf2c09b2a0d,text,repo,True
eval/results/IDE_075_20260917/glm/BASIC4/GLM_D6_181159/G_OFF/cpu_timeseries.csv,451080,c22fbe29add48f4593993cbc72207f1c31c95197deb734a638968bda88e64184,text,repo,True
eval/results/IDE_075_20260917/glm/BASIC4/GLM_D6_181159/G_OFF/gpu_timeseries.csv,158953,398957d66f9daf440a48288755d97976b5fecaa2e71fce0dded8fca3f2ee8bd1,text,repo,True
eval/results/IDE_075_20260917/glm/BASIC4/GLM_D6_181159/G_OFF/memory_timeseries.csv,5034,1af28f6bb7a5958943ee508a3b80deb3feb921df3386022adc799eed0bdddb9c,text,repo,True
eval/results/IDE_075_20260917/glm/BASIC4/GLM_D6_181159/G_OFF/metrics.json,2782,e616adcb65a021a46c2f28439a5f2587b76aba308c6a7dc988d0a2bafc688a5a,text,repo,True
eval/results/IDE_075_20260917/glm/BASIC4/GLM_D6_181159/G_OFF/observer_config.json,164,81274d60b113223df1b721570abe8f980441f54151afae269d1ff3ae674724f8,text,repo,True
eval/results/IDE_075_20260917/glm/BASIC4/GLM_D6_181159/G_OFF/requests.jsonl,29697,00a597aab59ce4d16c99576876e6df7eb17fa9cb0bcd93c64bfb48e2d66b4d05,text,repo,True
eval/results/IDE_075_20260917/glm/BASIC4/GLM_D6_181159/G_OFF/thread_affinity_start.json,109887,d052cc389d3f94995cf3f593155049f080abce1120f63972516afe4400685423,text,repo,True
eval/results/IDE_075_20260917/glm/BASIC4/GLM_D6_181159/G_OFF/v2/validation_results_v2.json,849,e01bc0830270238983dbda05b039bbd0c41f136417ddc324bf398fbb20a4f467,text,repo,True
eval/results/IDE_075_20260917/glm/BASIC4/GLM_D6_181159/G_OFF/validate_v2.log,129,a9f41a5b6ad7542810632a2e951b09dbad34293d7b2fe65e48333e529e904b1f,text,repo,True
eval/results/IDE_075_20260917/glm/BASIC4/GLM_D6_181159/G_OFF/window_events.jsonl,2536,e97179017c7615044aca0d4b0cd2c739c3bd6e0148438c3b1a29eaf5e5def1d0,text,repo,True
eval/results/IDE_075_20260917/glm/BASIC4/GLM_D6_181159/expert_samples.log,14,3f001b316633c8d759e69c0470a39b64606280763983c2a7a6ed952a7ee56cc5,text,repo,True
eval/results/IDE_075_20260917/glm/BASIC4/GLM_D6_181159/gate_quality4_D6_dispatchfix_rsf.json,4276,4f2005f20341bf265e619243e398cd479f4a89da1d725bd14df7e160b30a715e,text,repo,True
eval/results/IDE_075_20260917/glm/BASIC4/GLM_D6_181159/gate_result_D6_dispatchfix_rsf.json,956,23c311373e39ed05cbed86d61ef41189e937fd3297613b6b72c1d7dcf68353d1,text,repo,True
eval/results/IDE_075_20260917/glm/BASIC4/GLM_D6_181159/launch_cmd.sh,936,a570f680314cf21c8dadfde4b1467c3a1da743d18eaac15ccf8415f2f4392e96,text,repo,True
eval/results/IDE_075_20260917/glm/BASIC4/GLM_D6_181159/quality_requests_4.jsonl,1915,977c9ad203e3e4c65d308efb8cc88c87417add864c51495ead677908ebe630ef,text,repo,True
eval/results/IDE_075_20260917/glm/BASIC4/GLM_D6_181159/requested_config.json,1242,56bd81c83e7bbab19c3ba1f8c5147b652290aca7434fc30ccdc13fc6ce609363,text,repo,True
eval/results/IDE_075_20260917/glm/BASIC4/GLM_D6_181159/server.full.log.gz,17814,2d735af8b9f819d1931e9aae5979a1cfc9d01d2bbf03d4c6807e023582da9a58,text,repo,True
eval/results/IDE_075_20260917/glm/BASIC4/GLM_D6_181159/server_info.json,37769,dea7b31832dcf179f79265d2bd30968492f1846f446e3029f59d4438e62146a5,text,repo,True
eval/results/IDE_075_20260917/glm/BASIC4/GLM_D6_181159/smoke_greedy4.json,1752,c8809635eea7e8b2b8d32b7d85d5d550d1af800530d8b871492d5903ac72811f,text,repo,True
eval/results/IDE_075_20260917/glm/BASIC4/GLM_D6_181159/thread_role_map.csv,187189,eb163f396962d29d88bfc14b95561af3edec4ec636bc2204b86c1727c54c8b52,text,repo,True
eval/results/IDE_075_20260917/glm/BASIC4/GLM_D6_181159/warmup/bench.stderr.log,916,5b06fa7a985c7cf96b343f5f704b332d7b4a086d969ebfed8964fd0d43107d4b,text,repo,True
eval/results/IDE_075_20260917/glm/BASIC4/GLM_D6_181159/warmup/bench.stdout.log,6297,f9082cef3eeb4b26027f4f19f792fef25fd564970a6fcd541d4e98ba69274cf4,text,repo,True
eval/results/IDE_075_20260917/glm/BASIC4/GLM_D6_181159/warmup/bench_cmd.sh,733,fdac6420c47834808dbe2f2448c4f897fece17cfe06cdb53b35056229c0ac327,text,repo,True
eval/results/IDE_075_20260917/glm/BASIC4/GLM_D6_181159/warmup/benchmark.raw.json,105220,bfdc4a51d9a162a0e82a15cf9e361755f7c27fce19a57f23bc2d0aa11d215bcf,text,repo,True
eval/results/IDE_075_20260917/glm/BASIC4/GLM_D6_181159/warmup/requests.jsonl,7404,b693254d9c6a9b554e84377dd65c21449ab3526290c9b84f3cf26e190eddee1d,text,repo,True
eval/results/IDE_075_20260917/glm/BASIC4/GLM_D7_183516/expert_samples.log,14,3f001b316633c8d759e69c0470a39b64606280763983c2a7a6ed952a7ee56cc5,text,repo,True
eval/results/IDE_075_20260917/glm/BASIC4/GLM_D7_183516/gate_quality4_D7_dispatchfix_norsf.json,4537,baee03ca281909ce16148f12ffa1c8cbdb7c0a5243f21f5cfec372320f0ee7e0,text,repo,True
eval/results/IDE_075_20260917/glm/BASIC4/GLM_D7_183516/gate_result_D7_dispatchfix_norsf.json,951,fbd6aff2c0bee87bafade907143f80a876f7add1d09bddf11f914c3104a0afdd,text,repo,True
eval/results/IDE_075_20260917/glm/BASIC4/GLM_D7_183516/launch_cmd.sh,936,acd16af703f65de5eb3176bae1ab8e0c89ceec14b2da3681e6ee390be975d3af,text,repo,True
eval/results/IDE_075_20260917/glm/BASIC4/GLM_D7_183516/quality_requests_4.jsonl,1915,977c9ad203e3e4c65d308efb8cc88c87417add864c51495ead677908ebe630ef,text,repo,True
eval/results/IDE_075_20260917/glm/BASIC4/GLM_D7_183516/requested_config.json,1242,4dc3caded2bf23003f0d53234bca8020a46fc7cb525178d95ab59d12f6e6de68,text,repo,True
eval/results/IDE_075_20260917/glm/BASIC4/GLM_D7_183516/server.full.log.gz,14121,0a3aad61ca8a092e6b3b24fcfc4be619e605b0914c85da514a96d6bbb9e02f89,text,repo,True
eval/results/IDE_075_20260917/glm/BASIC4/GLM_D7_183516/server_info.json,37769,3907cc6c5e5eedb26b68bfb65fe05de88fbdaea840f3fd905358c62bcd35f74e,text,repo,True
eval/results/IDE_075_20260917/glm/BASIC4/GLM_D7_183516/thread_role_map.csv,187206,20cbd78f96c097c9cd3c9aa19e82d385d7f5b60a8528dd893d3d296b829d7457,text,repo,True
eval/results/IDE_075_20260917/glm/BASIC4/GLM_D8_185927/G_CORR2/bench.stderr.log,1713,5381e8a82d5486490f30ae9a4793092198954ad04df1d028e5d77846296c12a2,text,repo,True
eval/results/IDE_075_20260917/glm/BASIC4/GLM_D8_185927/G_CORR2/bench.stdout.log,6106,57e7c71ebb0c52861400d9530764b84eadc24d63b0a130081a83e4fc10e52df6,text,repo,True
eval/results/IDE_075_20260917/glm/BASIC4/GLM_D8_185927/G_CORR2/bench_cmd.sh,841,07839945ed038d94b90a8fe6312fdc656a95b903e8615c2f88c513420c46846a,text,repo,True
eval/results/IDE_075_20260917/glm/BASIC4/GLM_D8_185927/G_CORR2/benchmark.raw.json,410189,c370262ae41e39b5f51595a33b0602e0bf8749898ad1173639845287d48c25dd,text,repo,True
eval/results/IDE_075_20260917/glm/BASIC4/GLM_D8_185927/G_CORR2/clock_anchors_client.json,217,fbbc33be2d940da0075b75be24fe5b7dd2f38f68e6b24ca8de71d01f04a403d7,text,repo,True
eval/results/IDE_075_20260917/glm/BASIC4/GLM_D8_185927/G_CORR2/costs_v2.log,795,1aaee9fd11e901ccacb8a9469bf3595bfed606588d0aa08b845e9bd91d9d81c0,text,repo,True
eval/results/IDE_075_20260917/glm/BASIC4/GLM_D8_185927/G_CORR2/cpu_timeseries.csv,628387,8d3de7da6cab8952e1da08ffbaa42c79817392fdbe88aa28050faeedd53ebf6c,text,repo,True
eval/results/IDE_075_20260917/glm/BASIC4/GLM_D8_185927/G_CORR2/dependency_v2.log,531,898ea1e7d17fad6c9b906226cb9037dee097b744b40271a20847f0b29719c778,text,repo,True
eval/results/IDE_075_20260917/glm/BASIC4/GLM_D8_185927/G_CORR2/eager.log,516,87942bd1d6e08966a76c3c5338574c9274ee9e5d4ae1f6ac5ad755ad45e07e56,text,repo,True
eval/results/IDE_075_20260917/glm/BASIC4/GLM_D8_185927/G_CORR2/gpu_layer_timeline_TP0.csv.gz,1904494,515e6c7d2c1d0944aa7e04b8688bf45cd85cc6a4707743cc5c66c4e5cb0aada6,text,repo,True
eval/results/IDE_075_20260917/glm/BASIC4/GLM_D8_185927/G_CORR2/gpu_timeseries.csv,234168,e94ee9068f7cff0a684b6190e3fc369a147edbeaa91dcf1b2f15f3d65dd9e4fd,text,repo,True
eval/results/IDE_075_20260917/glm/BASIC4/GLM_D8_185927/G_CORR2/memory_timeseries.csv,7403,586aad35b9eaaf8b3f703f52d16e10e3a4ae06f40981250ce81a0cea53382cb7,text,repo,True
eval/results/IDE_075_20260917/glm/BASIC4/GLM_D8_185927/G_CORR2/metrics.json,3943,102859598f0ef1d4ea482e026219cd657fe3dc59ce3e77313f1dc47dac86ca69,text,repo,True
eval/results/IDE_075_20260917/glm/BASIC4/GLM_D8_185927/G_CORR2/observer_config.json,162,5cb4d008dc8548522571cbd06898b1775f609104532d19f4e1414366236fb28d,text,repo,True
eval/results/IDE_075_20260917/glm/BASIC4/GLM_D8_185927/G_CORR2/request_results.jsonl,24466,428a80033f52f323c7903e542ed32e4d1898af2eadf0a62834a53cfbfb542333,text,repo,True
eval/results/IDE_075_20260917/glm/BASIC4/GLM_D8_185927/G_CORR2/requests.jsonl,29712,b6a24442ea62e75f6505ac64bb2818b17572be3904253ed5fa60ff43b4dac7c3,text,repo,True
eval/results/IDE_075_20260917/glm/BASIC4/GLM_D8_185927/G_CORR2/thread_affinity_start.json,109888,08e45490ff1262f9690e4e17d87f080166584243b9556001d5bec16abc2cc534,text,repo,True
eval/results/IDE_075_20260917/glm/BASIC4/GLM_D8_185927/G_CORR2/tp_collective.log,2782,c29272c8a0ad176f79e96ea66190814af0e9a1eebc44ca73bbb4e9ce541c12fa,text,repo,True
eval/results/IDE_075_20260917/glm/BASIC4/GLM_D8_185927/G_CORR2/v2/tp_collective.csv.gz,1085427,f7effec99ad878b81f30ec7bf8b78f1efa729f302bdc76029a80be1088240b55,text,repo,True
eval/results/IDE_075_20260917/glm/BASIC4/GLM_D8_185927/G_CORR2/v2/tp_collective_summary.json,9196,d3c3c213dd587f46bec70e5afb3259c9476e7e939d7b44d46bc3b0a4855a1d9e,text,repo,True
eval/results/IDE_075_20260917/glm/BASIC4/GLM_D8_185927/G_CORR2/validate_v2.log,457,679bc272f8b004bbe42ddc1936b80d01752cf30416fef7c8cdb83124a54276aa,text,repo,True
eval/results/IDE_075_20260917/glm/BASIC4/GLM_D8_185927/G_CORR2/window_events.jsonl,4446,7704f54ac153f96b188ce038af889e1fbb61262973c5cd78886def1c8a468758,text,repo,True
eval/results/IDE_075_20260917/glm/BASIC4/GLM_D8_185927/G_OFF2/bench.stderr.log,1713,fed1fbd6477473b09da236e6734b9b86f28072e45e40274e4dacd408682b05cd,text,repo,True
eval/results/IDE_075_20260917/glm/BASIC4/GLM_D8_185927/G_OFF2/bench.stdout.log,6305,2ca3d0f1dba304307b77b9bc47c3c73c5fb4e6c8d2a6e3f3d9d524933d7bc6fa,text,repo,True
eval/results/IDE_075_20260917/glm/BASIC4/GLM_D8_185927/G_OFF2/bench_cmd.sh,741,07823d5d1cf639424ee04a1e911643d8a85d7e8a048610f2260386f4b80514b5,text,repo,True
eval/results/IDE_075_20260917/glm/BASIC4/GLM_D8_185927/G_OFF2/benchmark.raw.json,408925,5bbb0c47dbb1b3d65295a7e58fb80c76efb1486561361b12e449adb6cd58dddb,text,repo,True
eval/results/IDE_075_20260917/glm/BASIC4/GLM_D8_185927/G_OFF2/cpu_timeseries.csv,436391,587133fe566db5cf7b5c85896e6e040d60317e5d5e3fcaf5461ced067ccb283a,text,repo,True
eval/results/IDE_075_20260917/glm/BASIC4/GLM_D8_185927/G_OFF2/gpu_timeseries.csv,154166,9fe70749674c6d2b27aa1c1de3247b6cb19c9846660431fee5728bae89c8db18,text,repo,True
eval/results/IDE_075_20260917/glm/BASIC4/GLM_D8_185927/G_OFF2/memory_timeseries.csv,4883,1cf13877db35dab9a8776216a0c57a671a55085e38f827fe44b222e14577ce05,text,repo,True
eval/results/IDE_075_20260917/glm/BASIC4/GLM_D8_185927/G_OFF2/metrics.json,2780,b2e57aa07b07739c98993250ad92985318e9b1969ec24e84bd5a84b073b3ec79,text,repo,True
eval/results/IDE_075_20260917/glm/BASIC4/GLM_D8_185927/G_OFF2/observer_config.json,164,81274d60b113223df1b721570abe8f980441f54151afae269d1ff3ae674724f8,text,repo,True
eval/results/IDE_075_20260917/glm/BASIC4/GLM_D8_185927/G_OFF2/requests.jsonl,29710,af928c6ee69267f4a00de129d76d46265f2cd9b9bde8a8aec06fcbd2d2880d86,text,repo,True
eval/results/IDE_075_20260917/glm/BASIC4/GLM_D8_185927/G_OFF2/thread_affinity_start.json,109888,0283eb0b8dd77ad0a86915035a22029d3a26f109db35dafc6545973e786ff0f1,text,repo,True
eval/results/IDE_075_20260917/glm/BASIC4/GLM_D8_185927/G_OFF2/v2/validation_results_v2.json,890,dbbd217ed64803303dbd17a2013834183b4e58613ccab4a9b18fb332d0c676ed,text,repo,True
eval/results/IDE_075_20260917/glm/BASIC4/GLM_D8_185927/G_OFF2/validate_v2.log,129,a9f41a5b6ad7542810632a2e951b09dbad34293d7b2fe65e48333e529e904b1f,text,repo,True
eval/results/IDE_075_20260917/glm/BASIC4/GLM_D8_185927/G_OFF2/window_events.jsonl,2537,d57adc5665d7ebf2aaf61355e81d76e184f63206409c559a4c026a770e726dcf,text,repo,True
eval/results/IDE_075_20260917/glm/BASIC4/GLM_D8_185927/G_OFF3/bench.stderr.log,1713,f897d34e3adcd1339190b9b2c7aa57b73a251fffd7a9ee6ab6c1a8bdcd9b3e48,text,repo,True
eval/results/IDE_075_20260917/glm/BASIC4/GLM_D8_185927/G_OFF3/bench.stdout.log,6305,d8c9984f465884e62d49035ed69f9462c40e75db655bfcad4a796b684948b454,text,repo,True
eval/results/IDE_075_20260917/glm/BASIC4/GLM_D8_185927/G_OFF3/bench_cmd.sh,741,7d0bbd4fdc52e9a82e4f121b111da5e2202fca70152a656ab4c01efe4ae20fbd,text,repo,True
eval/results/IDE_075_20260917/glm/BASIC4/GLM_D8_185927/G_OFF3/benchmark.raw.json,409532,e599754de3c6b284acbcfb0e47a3b7d4865e54ed054856d716366929c5d734dd,text,repo,True
eval/results/IDE_075_20260917/glm/BASIC4/GLM_D8_185927/G_OFF3/cpu_timeseries.csv,435513,3e1599c88438b774dcec2c4721056b810d7838410a9591709659745fa5399987,text,repo,True
eval/results/IDE_075_20260917/glm/BASIC4/GLM_D8_185927/G_OFF3/gpu_timeseries.csv,154165,f17ba003bfba688033928f2023298df2a28825ce672dd9ff8dae149a4aa954c3,text,repo,True
eval/results/IDE_075_20260917/glm/BASIC4/GLM_D8_185927/G_OFF3/memory_timeseries.csv,4883,a901424f0059b2549adfb86b84e5e7f8e386dae74a8f189e7f205180ff1a643a,text,repo,True
eval/results/IDE_075_20260917/glm/BASIC4/GLM_D8_185927/G_OFF3/metrics.json,2777,3d574fca02c48c8edaa6f567bed031758a3de3b36be7a9e3953553809cc94052,text,repo,True
eval/results/IDE_075_20260917/glm/BASIC4/GLM_D8_185927/G_OFF3/observer_config.json,164,81274d60b113223df1b721570abe8f980441f54151afae269d1ff3ae674724f8,text,repo,True
eval/results/IDE_075_20260917/glm/BASIC4/GLM_D8_185927/G_OFF3/requests.jsonl,29699,93692fc9543666633aafde45bb503e8db31bcf06b8c0878ccd192f9dea0faa8e,text,repo,True
eval/results/IDE_075_20260917/glm/BASIC4/GLM_D8_185927/G_OFF3/thread_affinity_start.json,111014,82ad6496bd5f5812d54728d26b3f2e3d04da2e25e8d16c578b17af38c0258363,text,repo,True
eval/results/IDE_075_20260917/glm/BASIC4/GLM_D8_185927/G_OFF3/v2/validation_results_v2.json,890,e2cfea1196eb534938e5baa83f31314a9d917d53fa9d55dedc2a257363815ca2,text,repo,True
eval/results/IDE_075_20260917/glm/BASIC4/GLM_D8_185927/G_OFF3/validate_v2.log,129,a9f41a5b6ad7542810632a2e951b09dbad34293d7b2fe65e48333e529e904b1f,text,repo,True
eval/results/IDE_075_20260917/glm/BASIC4/GLM_D8_185927/G_OFF3/window_events.jsonl,2537,8e18e7be0eb079aac6ba2d2540281386e218f2e4ef6f063e6dd4f6f4b37933e9,text,repo,True
eval/results/IDE_075_20260917/glm/BASIC4/GLM_D8_185927/expert_samples.log,14,3f001b316633c8d759e69c0470a39b64606280763983c2a7a6ed952a7ee56cc5,text,repo,True
eval/results/IDE_075_20260917/glm/BASIC4/GLM_D8_185927/gate_quality4_D8_dispatchfix_rsf.json,4273,edeb6a4d97ca4b4ea565d49dd050c734b2364bc35200bb8c0f006e58cc48db22,text,repo,True
eval/results/IDE_075_20260917/glm/BASIC4/GLM_D8_185927/gate_result_D8_dispatchfix_rsf.json,956,af366775c425e575d5e4bfdb6edfce7d0d6bb5a98cc212f679aa260ae1312084,text,repo,True
eval/results/IDE_075_20260917/glm/BASIC4/GLM_D8_185927/launch_cmd.sh,986,0577fdc38207ef47db57b3e968401cabd85667e8153d898dfb279c4f208fbb1d,text,repo,True
eval/results/IDE_075_20260917/glm/BASIC4/GLM_D8_185927/quality_requests_4.jsonl,1915,977c9ad203e3e4c65d308efb8cc88c87417add864c51495ead677908ebe630ef,text,repo,True
eval/results/IDE_075_20260917/glm/BASIC4/GLM_D8_185927/requested_config.json,1300,d3f8c02aa8d2ac0b8f601e7841a5fd35eba21d7c05d3a568cc89a61845426d73,text,repo,True
eval/results/IDE_075_20260917/glm/BASIC4/GLM_D8_185927/server.full.log.gz,18767,c88418e74c699b36ff2746b7d5b86f88cd9e104931252ad3e0d9f18c47209e3d,text,repo,True
eval/results/IDE_075_20260917/glm/BASIC4/GLM_D8_185927/server_info.json,37771,eb00186b27ed68713668353163443884e42fcb471c89cde250ba305ce7e96480,text,repo,True
eval/results/IDE_075_20260917/glm/BASIC4/GLM_D8_185927/smoke_greedy4.json,1752,c8809635eea7e8b2b8d32b7d85d5d550d1af800530d8b871492d5903ac72811f,text,repo,True
eval/results/IDE_075_20260917/glm/BASIC4/GLM_D8_185927/thread_role_map.csv,187115,d23fad0a4e8cc3188314d34a304340d2f925c1fc9722ec91f60a1998e7cc0a2b,text,repo,True
eval/results/IDE_075_20260917/glm/BASIC4/GLM_D8_185927/warmup/bench.stderr.log,916,8a3a3f1c96479b769eb62df502fe0d259ce3eb59fad2427426919e52a43ffe62,text,repo,True
eval/results/IDE_075_20260917/glm/BASIC4/GLM_D8_185927/warmup/bench.stdout.log,6297,d047fbe79dbac03f0ce7424b6fa002683f8aaa892a11c500ddda7ecbea8152c0,text,repo,True
eval/results/IDE_075_20260917/glm/BASIC4/GLM_D8_185927/warmup/bench_cmd.sh,733,96f7535afcd4a8fa038570c52b59af6dfe5b836c2dc129021ee955812035127d,text,repo,True
eval/results/IDE_075_20260917/glm/BASIC4/GLM_D8_185927/warmup/benchmark.raw.json,105368,aa8c2b3743357d964d18bd57e58f0336f74a0a01890a1ba1c05fd18e29a29210,text,repo,True
eval/results/IDE_075_20260917/glm/BASIC4/GLM_D8_185927/warmup/requests.jsonl,7409,e2bb2bffe6c691184224e6f376428117b617a9fa04d527b3165f57a8062170c6,text,repo,True
eval/results/IDE_075_20260917/glm/BASIC4/GLM_D9_194029/G_CORR3_cbfree/bench.stderr.log,1713,21aec1123ea562198b295b90ea9f326f555531bf5e9a2c84bdd750de2e653ddd,text,repo,True
eval/results/IDE_075_20260917/glm/BASIC4/GLM_D9_194029/G_CORR3_cbfree/bench.stdout.log,6107,8fd7bed5cf8829c5df1bc8aa53dd187e0cff5eae888be8416d41422d957e44f1,text,repo,True
eval/results/IDE_075_20260917/glm/BASIC4/GLM_D9_194029/G_CORR3_cbfree/bench_cmd.sh,849,11fbbab07f6980c1aff593ce19c8bb852f8f710f82722b21e660ccd872a3b9d4,text,repo,True
eval/results/IDE_075_20260917/glm/BASIC4/GLM_D9_194029/G_CORR3_cbfree/benchmark.raw.json,409976,d22dc8220be749aeb179157cd676e4e3aeb4a32d15fbd5faa8f509e0b1074221,text,repo,True
eval/results/IDE_075_20260917/glm/BASIC4/GLM_D9_194029/G_CORR3_cbfree/clock_anchors_client.json,217,e4fbe04b92aa1d9ba87ae7df96dbb584f2d5c89521a4fdd512f679333da2092c,text,repo,True
eval/results/IDE_075_20260917/glm/BASIC4/GLM_D9_194029/G_CORR3_cbfree/costs_v2.log,36,61eb1cc2448644309d5aef38ae4af0d2e811d2585ef366934d74cd9f65e8e96f,text,repo,True
eval/results/IDE_075_20260917/glm/BASIC4/GLM_D9_194029/G_CORR3_cbfree/cpu_timeseries.csv,629799,9531bb1c5d1f61d64774297bdc7cc3f99a863ffdee0b6103db2ac30918d7661d,text,repo,True
eval/results/IDE_075_20260917/glm/BASIC4/GLM_D9_194029/G_CORR3_cbfree/dependency_v2.log,2061,9ef19f951c0b669af556bbd3aa0994d401ea5916fbc9db60968ec7d8f3b1ff81,text,repo,True
eval/results/IDE_075_20260917/glm/BASIC4/GLM_D9_194029/G_CORR3_cbfree/eager.log,167,17d28c9304214c2ae14ed0a52886e34db07cf4deb35e59b21f75de61869cb2fe,text,repo,True
eval/results/IDE_075_20260917/glm/BASIC4/GLM_D9_194029/G_CORR3_cbfree/gpu_layer_timeline_TP0.csv.gz,1893330,86ae4a4229e3359106fe69378d8ad407949780ebf2855c3aa0f352def7f2ef0b,text,repo,True
eval/results/IDE_075_20260917/glm/BASIC4/GLM_D9_194029/G_CORR3_cbfree/gpu_timeseries.csv,234168,6e4c488f04edec588fa0a04a73745a7ec8941bf984ff2e07b2da8cb90d4e0de9,text,repo,True
eval/results/IDE_075_20260917/glm/BASIC4/GLM_D9_194029/G_CORR3_cbfree/memory_timeseries.csv,7403,97c407243ff50b8b6cfe92033415a0c221f9fd8bacca265a3fc785c9ba7fe86d,text,repo,True
eval/results/IDE_075_20260917/glm/BASIC4/GLM_D9_194029/G_CORR3_cbfree/metrics.json,4025,9e7dd9ba48bd3797ddf95eb7f26446eb1533fb8e93b896d4b86f72124f340265,text,repo,True
eval/results/IDE_075_20260917/glm/BASIC4/GLM_D9_194029/G_CORR3_cbfree/observer_config.json,162,5cb4d008dc8548522571cbd06898b1775f609104532d19f4e1414366236fb28d,text,repo,True
eval/results/IDE_075_20260917/glm/BASIC4/GLM_D9_194029/G_CORR3_cbfree/request_results.jsonl,24466,b1a2d71d2a6f68c9005158676708b90332d20393ea7fb6083953ae2da8e59186,text,repo,True
eval/results/IDE_075_20260917/glm/BASIC4/GLM_D9_194029/G_CORR3_cbfree/requests.jsonl,29695,f13d6189c339fb61faaa1c1f0a4c7b164641c798e667a4cdaa79f01fea5623bf,text,repo,True
eval/results/IDE_075_20260917/glm/BASIC4/GLM_D9_194029/G_CORR3_cbfree/thread_affinity_start.json,111293,ed0ef8c313e5d55f6d3e548d4b70f026504abcbbd6e018e6758ff814f29eb504,text,repo,True
eval/results/IDE_075_20260917/glm/BASIC4/GLM_D9_194029/G_CORR3_cbfree/tp_collective.log,2805,960231d6f0370b15c53edeeb0bccc18b4921f452e6d8657e2d321bc097a8bee2,text,repo,True
eval/results/IDE_075_20260917/glm/BASIC4/GLM_D9_194029/G_CORR3_cbfree/v2/dependency_summary_v2.json,280,dc98bde899f5750b80d6852bcbc4fcbc42c7944595ffa4cd153dcbbb011272cb,text,repo,True
eval/results/IDE_075_20260917/glm/BASIC4/GLM_D9_194029/G_CORR3_cbfree/v2/eager_layer_metrics.csv.gz,6672,a1240ceb56405bae0903c22fea949f05dc7da47b1a886ddc79f421f77b073433,text,repo,True
eval/results/IDE_075_20260917/glm/BASIC4/GLM_D9_194029/G_CORR3_cbfree/v2/eager_summary.json,1299,ec67b55cc829740afa0e8011ee46dde14b2dfcce7f2d5dbd53504d6aed15963e,text,repo,True
eval/results/IDE_075_20260917/glm/BASIC4/GLM_D9_194029/G_CORR3_cbfree/v2/expert_cost_samples.csv.gz,49,e95d2fc64f627cae1614e7fe8e8e70120886abcce6cb56ee0eb491fc77bebd90,text,repo,True
eval/results/IDE_075_20260917/glm/BASIC4/GLM_D9_194029/G_CORR3_cbfree/v2/fifo_casebook.md,430,c27c2d20288483bd817fac5826924c3d1f79793562e433658f09b819538414fd,text,repo,True
eval/results/IDE_075_20260917/glm/BASIC4/GLM_D9_194029/G_CORR3_cbfree/v2/fifo_dependency_edges.csv.gz,51,a4b812ae931ca880a9eebcf0b6cd1121235ee0b426e7d4ef829471d0b457e4f6,text,repo,True
eval/results/IDE_075_20260917/glm/BASIC4/GLM_D9_194029/G_CORR3_cbfree/v2/missing_coverage_v2.csv,85,6f582af7085b888a577fe737ffe6141ca4e9ad5065e1f13122665c3ab0cf65fa,text,repo,True
eval/results/IDE_075_20260917/glm/BASIC4/GLM_D9_194029/G_CORR3_cbfree/v2/producer_consumer_metrics_v2.csv.gz,61,8c46b0bafc8e1c5cf63a289f8e75ca93e7941ff77ac5ecd2bbf5bd16fd14960f,text,repo,True
eval/results/IDE_075_20260917/glm/BASIC4/GLM_D9_194029/G_CORR3_cbfree/v2/producer_layer_costs.csv,0,e3b0c44298fc1c149afbf4c8996fb92427ae41e4649b934ca495991b7852b855,text,repo,True
eval/results/IDE_075_20260917/glm/BASIC4/GLM_D9_194029/G_CORR3_cbfree/v2/queue_wait_breakdown.csv.gz,50,27b3faec12efc3aa0e7fc4c568e9d112aa316704529e8e9c3961fba8bf6350de,text,repo,True
eval/results/IDE_075_20260917/glm/BASIC4/GLM_D9_194029/G_CORR3_cbfree/v2/tp_collective.csv.gz,1089635,bf1c33f16b49c5f2a1af41cb9b5585f8acf3664bfebe690b094464628ba3b9b1,text,repo,True
eval/results/IDE_075_20260917/glm/BASIC4/GLM_D9_194029/G_CORR3_cbfree/v2/tp_collective_summary.json,9249,1aa5f78f650f6c4caaa36fe04b00a14379d5f32fd05b044af13fad5a805e3c1e,text,repo,True
eval/results/IDE_075_20260917/glm/BASIC4/GLM_D9_194029/G_CORR3_cbfree/v2/validation_results_v2.json,2610,45094e80ec3e223c1c46e92c609c452f5ffe8089d16bbe1b7365c76943b7ad9b,text,repo,True
eval/results/IDE_075_20260917/glm/BASIC4/GLM_D9_194029/G_CORR3_cbfree/validate_v2.log,318,09454bad1b49436d772be64a6dc5342551ed59516cea5c1918ecd8b8ff6f9ea1,text,repo,True
eval/results/IDE_075_20260917/glm/BASIC4/GLM_D9_194029/G_CORR3_cbfree/window_events.jsonl,5038,60213f5f292c54d0cac681881ad71c52ac9a3f1cc5a537b0f23bb4162db8c9db,text,repo,True
eval/results/IDE_075_20260917/glm/BASIC4/GLM_D9_194029/G_OFF4_cbfree/bench.stderr.log,1713,4122c19241b32efef44b2e5cf2706f95dc5fe6643fd59ea1a32959ca0c15f4c4,text,repo,True
eval/results/IDE_075_20260917/glm/BASIC4/GLM_D9_194029/G_OFF4_cbfree/bench.stdout.log,6306,3c018285a83733e736d1bcfbf6895de41ef237796706358f407be5ef5db164b4,text,repo,True
eval/results/IDE_075_20260917/glm/BASIC4/GLM_D9_194029/G_OFF4_cbfree/bench_cmd.sh,742,45a11f614bef3aa9c4c427dbdaf37c0a76d0a0ec21dd3340e514c89de1d6c4c5,text,repo,True
eval/results/IDE_075_20260917/glm/BASIC4/GLM_D9_194029/G_OFF4_cbfree/benchmark.raw.json,408424,31e7912c6482b56be77f47742a4704dc27634099508d529c1fbf7297608a3a9e,text,repo,True
eval/results/IDE_075_20260917/glm/BASIC4/GLM_D9_194029/G_OFF4_cbfree/cpu_timeseries.csv,439538,ae736597ae47066618301dbc79a6de2d70e83246d60f82afb7698430d2d8ec21,text,repo,True
eval/results/IDE_075_20260917/glm/BASIC4/GLM_D9_194029/G_OFF4_cbfree/gpu_timeseries.csv,154963,29f50df3d721b427e335ed82b505f2c958eb8ec585a0f1613cb84211851741a7,text,repo,True
eval/results/IDE_075_20260917/glm/BASIC4/GLM_D9_194029/G_OFF4_cbfree/memory_timeseries.csv,4946,3f990a3329925a5690cf80cf86012f534403d349c9efb5638fcfe8e749b96278,text,repo,True
eval/results/IDE_075_20260917/glm/BASIC4/GLM_D9_194029/G_OFF4_cbfree/metrics.json,2828,881bc5754d29395e7329382f44dd4380481054aac2e8807bacf3ce2e9472bdd6,text,repo,True
eval/results/IDE_075_20260917/glm/BASIC4/GLM_D9_194029/G_OFF4_cbfree/observer_config.json,164,81274d60b113223df1b721570abe8f980441f54151afae269d1ff3ae674724f8,text,repo,True
eval/results/IDE_075_20260917/glm/BASIC4/GLM_D9_194029/G_OFF4_cbfree/requests.jsonl,29697,d88657fcb77a76bdb1048a70a404d397d224595f81d9e8d79fc0be4e55fa846e,text,repo,True
eval/results/IDE_075_20260917/glm/BASIC4/GLM_D9_194029/G_OFF4_cbfree/thread_affinity_start.json,112421,f793a4d7d58b6c20e279067be524c7c2f9e6ce37696c115ebb291dfaee2f00b9,text,repo,True
eval/results/IDE_075_20260917/glm/BASIC4/GLM_D9_194029/G_OFF4_cbfree/v2/validation_results_v2.json,946,20250e60ea3cc33a46872fa62f084575aca32e3ac2437288cf197e7500b04ee9,text,repo,True
eval/results/IDE_075_20260917/glm/BASIC4/GLM_D9_194029/G_OFF4_cbfree/validate_v2.log,129,a9f41a5b6ad7542810632a2e951b09dbad34293d7b2fe65e48333e529e904b1f,text,repo,True
eval/results/IDE_075_20260917/glm/BASIC4/GLM_D9_194029/G_OFF4_cbfree/window_events.jsonl,3124,580b5b87087e9f83a95dab8b7c7932df87aed58831bff47678343313973ee5c8,text,repo,True
eval/results/IDE_075_20260917/glm/BASIC4/GLM_D9_194029/expert_rows_samples.csv.gz,122080,bf9c9341c76c8f21c11dba0ebe90ae0c9a2767a1b071cb16ce3a7da19bb473e6,text,repo,True
eval/results/IDE_075_20260917/glm/BASIC4/GLM_D9_194029/expert_rows_summary.json,2482,fc7fe5f996e348040d5e6aed1cad57516973dc42c04509bc805d23e51aac1df6,text,repo,True
eval/results/IDE_075_20260917/glm/BASIC4/GLM_D9_194029/expert_samples.log,146,44faf1557aa7966cc36257707568563b56b9ef291a868cb5b155074c95a155ac,text,repo,True
eval/results/IDE_075_20260917/glm/BASIC4/GLM_D9_194029/gate_quality4_D9_dispatchfix_rsf_cbfree.json,4423,b3815b42faa77550619c4bd2cd2e95e57b125dc6b60434e26c086e35f21400cd,text,repo,True
eval/results/IDE_075_20260917/glm/BASIC4/GLM_D9_194029/gate_result_D9_dispatchfix_rsf_cbfree.json,966,8e704747996e64ed2d71977c1e00eee549a8826f5ddffa52ad286a4759a38a9d,text,repo,True
eval/results/IDE_075_20260917/glm/BASIC4/GLM_D9_194029/launch_cmd.sh,1028,9882b46b38daeb223e8430d475b6765da2d8b3d70d5427f2faf7a350e24c170f,text,repo,True
eval/results/IDE_075_20260917/glm/BASIC4/GLM_D9_194029/quality_requests_4.jsonl,1915,977c9ad203e3e4c65d308efb8cc88c87417add864c51495ead677908ebe630ef,text,repo,True
eval/results/IDE_075_20260917/glm/BASIC4/GLM_D9_194029/requested_config.json,1358,d7f65a035ca78c01d5b5e22a6ce102078e6c0897435bfd05a5038101cb8def39,text,repo,True
eval/results/IDE_075_20260917/glm/BASIC4/GLM_D9_194029/server.full.log.gz,17701,14d8a7294521b7dd92f7951f673aa606c8db08379fd3e445a58c24ccc3283f96,text,repo,True
eval/results/IDE_075_20260917/glm/BASIC4/GLM_D9_194029/server_info.json,37769,66baaac9416df60e228b53d641525855e5ff9ee9ddd2fd1215b65712ce54e183,text,repo,True
eval/results/IDE_075_20260917/glm/BASIC4/GLM_D9_194029/smoke_greedy4.json,1750,8ba185a9e056e4b55ba5156fffb20c9568784aaa7f095837c034f1d9a634711a,text,repo,True
eval/results/IDE_075_20260917/glm/BASIC4/GLM_D9_194029/thread_role_map.csv,191243,57ac014521deaf1f05cbdac0a215ebb5c6b243afccfef75be630fb55be4ef00e,text,repo,True
eval/results/IDE_075_20260917/glm/BASIC4/GLM_D9_194029/warmup/bench.stderr.log,848,f303dfb2305bea48eb93a1d92fa0f8f6160b576c3478ed050cdb434b53c74e7c,text,repo,True
eval/results/IDE_075_20260917/glm/BASIC4/GLM_D9_194029/warmup/bench.stdout.log,6298,7e0d8b2f5563a8cda5e975d01c9b40e503c0b2c9ac40712dcd2d961a056ee596,text,repo,True
eval/results/IDE_075_20260917/glm/BASIC4/GLM_D9_194029/warmup/bench_cmd.sh,734,a00cee0cfa2dbbb34be7df39d1834697ff436d5dac147fd72d75cb31ed2ff978,text,repo,True
eval/results/IDE_075_20260917/glm/BASIC4/GLM_D9_194029/warmup/benchmark.raw.json,104809,b15cc650e460ae0679c42b51b22fbe459f19f2d455ff4c3e7206d58fe078684e,text,repo,True
eval/results/IDE_075_20260917/glm/BASIC4/GLM_D9_194029/warmup/requests.jsonl,7418,3ede53b99d52c82984423489934cb1c44c53f1f7b36ab480ad2970f262e993ea,text,repo,True
eval/results/IDE_075_20260917/glm/kt_fp8_tests_after_fix.log,245,b56e5b8439dc3c175ad4f3498fb1b6e2e0a6efd8bde26b809c909de3dbe16449,text,repo,True
eval/results/IDE_075_20260917/offline/clock_anchor_gpu0.json,394,f4a4297ccd5cf1ebbd8194c01f72f8b244f6c7e06edf64b784270f44b9a091f9,text,repo,True
eval/results/IDE_075_20260917/offline/clock_anchor_gpu1.json,395,d379aaee1f7f7afdc2305bf8de0362d13a4ecd27fc3a57433254232674d7be0b,text,repo,True
eval/results/IDE_075_20260917/offline/legacy_windows.csv,10080,3ced612aa29ef480fb1164413f8196a50b3e1d11f78a00165b2d6ead37a766b2,text,repo,True
eval/results/IDE_075_20260917/offline/parser_test_results.json,587,a67117a3847b61195a0c528bc8f09696ac44488fb7a2846fe415fef382854985,text,repo,True
eval/results/IDE_075_20260917/offline/pcm_samples_v2.csv,35490,7e3087ef2f12b1122ae62381eafb7f599c49e6026e88ee4848fa2c530a547468,text,repo,True
eval/results/IDE_075_20260917/offline/pcm_window_summary_v2.csv,4760,7f2f8a6b4a663db1e67155e6a61587decc8d33fdfbda7073518de8e2bba88bcf,text,repo,True
eval/results/IDE_075_20260917/offline/timestamp_parse_errors.jsonl,0,e3b0c44298fc1c149afbf4c8996fb92427ae41e4649b934ca495991b7852b855,text,repo,True
eval/results/IDE_075_20260917/qwen/OPT4/CORE2_162053/S10_CORR/bench.stderr.log,0,e3b0c44298fc1c149afbf4c8996fb92427ae41e4649b934ca495991b7852b855,text,repo,True
eval/results/IDE_075_20260917/qwen/OPT4/CORE2_162053/S10_CORR/bench.stdout.log,793,5ebfb721c19fc63fbfde21644518c75982aecdb59c71230ba29c997d6f0f29ff,text,repo,True
eval/results/IDE_075_20260917/qwen/OPT4/CORE2_162053/S10_CORR/bench_cmd.sh,319,3b7a14c36484f75112603427a3b8cdcda0779165bf776b278d32279be1712eb3,text,repo,True
eval/results/IDE_075_20260917/qwen/OPT4/CORE2_162053/S10_CORR/costs_v2.log,414,75e14807873fa75048744acd8b3151d483048b5b5384e5852de53ee207c4900c,text,repo,True
eval/results/IDE_075_20260917/qwen/OPT4/CORE2_162053/S10_CORR/cpu_timeseries.csv,117958,791cef391591427f6b114b11d0391046672efeee1ac00b2d14df9db3187198aa,text,repo,True
eval/results/IDE_075_20260917/qwen/OPT4/CORE2_162053/S10_CORR/dependency_v2.log,1124,04f9782ac8b31ec0cb74a91a6c2d8afa3e079c59f269d9197fa021c149cdb8e1,text,repo,True
eval/results/IDE_075_20260917/qwen/OPT4/CORE2_162053/S10_CORR/eager.log,667,47a03dde14fbf8f3dfaa44c3a66103c99cbc6f835c1f6973f8411ed338db816b,text,repo,True
eval/results/IDE_075_20260917/qwen/OPT4/CORE2_162053/S10_CORR/gpu_layer_timeline_TP0.csv.gz,1241439,ebf92541b6ff6d62d7b40c10f5f0d59facb02388828675c130920b17683330b1,text,repo,True
eval/results/IDE_075_20260917/qwen/OPT4/CORE2_162053/S10_CORR/gpu_timeseries.csv,46307,01cefa663fe070f88710164297f658445b83eba5754e67d22103f657f2386838,text,repo,True
eval/results/IDE_075_20260917/qwen/OPT4/CORE2_162053/S10_CORR/memory_timeseries.csv,1544,c216bd702ef7a7bbd78e11d4b61f7b2173098268868597343ab91dde15067cc8,text,repo,True
eval/results/IDE_075_20260917/qwen/OPT4/CORE2_162053/S10_CORR/metrics.json,3722,bdced62f1d5f2ce862e9bf8d884a6a60827e40622b329210ad981809e3d29cf5,text,repo,True
eval/results/IDE_075_20260917/qwen/OPT4/CORE2_162053/S10_CORR/observer_config.json,162,5cb4d008dc8548522571cbd06898b1775f609104532d19f4e1414366236fb28d,text,repo,True
eval/results/IDE_075_20260917/qwen/OPT4/CORE2_162053/S10_CORR/request_results.jsonl,24594,b8f1d53b825289fbb3b43b6d998bf900d4a2c86b2838daf8bc220f2c0bffcc19,text,repo,True
eval/results/IDE_075_20260917/qwen/OPT4/CORE2_162053/S10_CORR/thread_affinity_start.json,136038,9cc0feccecf0e2d70177ff4e83cc7627db604f6d111c599d0dd2081be3d94742,text,repo,True
eval/results/IDE_075_20260917/qwen/OPT4/CORE2_162053/S10_CORR/tp_collective.log,963,22bb665ac68dc6a2efaaa16a645a39ff8b9174045d46df27fc8da0521ecf20cf,text,repo,True
eval/results/IDE_075_20260917/qwen/OPT4/CORE2_162053/S10_CORR/v2/dependency_summary_v2.json,22505,901821bbfcbda91ce6ecdd1d73e75d9dd2afdb3bd68ba5790a236475b8eb72ac,text,repo,True
eval/results/IDE_075_20260917/qwen/OPT4/CORE2_162053/S10_CORR/v2/eager_layer_metrics.csv.gz,47306,ec8f175272dd46f9821b8cc88f72e7a8db6fdcc60e0d85db74b7f7ba4e4b1d11,text,repo,True
eval/results/IDE_075_20260917/qwen/OPT4/CORE2_162053/S10_CORR/v2/eager_summary.json,5185,0384ae3899c3c9437c4d061f8977ebf617973f0966004e65bd166f7e92f6373a,text,repo,True
eval/results/IDE_075_20260917/qwen/OPT4/CORE2_162053/S10_CORR/v2/expert_cost_samples.csv.gz,930432,8f640832489caccba92684dd0a2ea0ee9283e4dde930846786c80e404d0e2462,text,repo,True
eval/results/IDE_075_20260917/qwen/OPT4/CORE2_162053/S10_CORR/v2/fifo_casebook.md,4797,98bc936984892f7b0a60f7aafc1b2698d216964f678adb2bcb0098a5342b26f5,text,repo,True
eval/results/IDE_075_20260917/qwen/OPT4/CORE2_162053/S10_CORR/v2/fifo_dependency_edges.csv.gz,204929,e47acbf1218d4e361443f4d7383900d14ab8a17878909dda3a088d06d57ce3b5,text,repo,True
eval/results/IDE_075_20260917/qwen/OPT4/CORE2_162053/S10_CORR/v2/missing_coverage_v2.csv,220,0ab5715f7b7726ed31848ee08ba5674574cada8736787088138d6542001a1827,text,repo,True
eval/results/IDE_075_20260917/qwen/OPT4/CORE2_162053/S10_CORR/v2/producer_consumer_metrics_v2.csv.gz,2918745,855a8e00f5819b9d7175a735fa4de683e2ebceb5edcc5672cfa56b2621296572,text,repo,True
eval/results/IDE_075_20260917/qwen/OPT4/CORE2_162053/S10_CORR/v2/producer_layer_costs.csv,29809,a880ce7b0039f42b6d505438009851cf9f2cc3795e6358e4856b27f386c1d671,text,repo,True
eval/results/IDE_075_20260917/qwen/OPT4/CORE2_162053/S10_CORR/v2/queue_wait_breakdown.csv.gz,358335,0497a782193e7ad860d020fc0b37b6609cf8aa9394a7154c4bf1d1ca8cde8a0c,text,repo,True
eval/results/IDE_075_20260917/qwen/OPT4/CORE2_162053/S10_CORR/v2/tp_collective.csv.gz,1304676,920e09dbdfbb290bd465ebf4026b78bc1587c23cb54b4cd7e2dce16854d9fab2,text,repo,True
eval/results/IDE_075_20260917/qwen/OPT4/CORE2_162053/S10_CORR/v2/tp_collective_summary.json,3318,dd691a44525ba7295761ff288ac134b3e5d54ea66e3cbeffdacb2c536a9b5006,text,repo,True
eval/results/IDE_075_20260917/qwen/OPT4/CORE2_162053/S10_CORR/v2/validation_results_v2.json,3975,252c8d449f3ae431bff35ac7166f894f7e4e013eb0d16f55bc25d0c64ba6a1e0,text,repo,True
eval/results/IDE_075_20260917/qwen/OPT4/CORE2_162053/S10_CORR/validate_v2.log,317,943917806aadbb23550de82284083239c684330608f98d3e5566846952c75590,text,repo,True
eval/results/IDE_075_20260917/qwen/OPT4/CORE2_162053/S10_CORR/window_events.jsonl,4996,568c2d2a12630233b25eccd461ccf325937ffc96a2348dadb6b5d3a2d2b87b8d,text,repo,True
eval/results/IDE_075_20260917/qwen/OPT4/CORE2_162053/S11_RESOURCE/bench.stderr.log,0,e3b0c44298fc1c149afbf4c8996fb92427ae41e4649b934ca495991b7852b855,text,repo,True
eval/results/IDE_075_20260917/qwen/OPT4/CORE2_162053/S11_RESOURCE/bench.stdout.log,794,56d7ab7aa43bd5ec5344548b31818865f9a40603f21a0e12e08aa94f8352a713,text,repo,True
eval/results/IDE_075_20260917/qwen/OPT4/CORE2_162053/S11_RESOURCE/bench_cmd.sh,327,1300c7cd1f4361ba2729a290cc4a4e51062fb52445396233d05f42cd73b877f8,text,repo,True
eval/results/IDE_075_20260917/qwen/OPT4/CORE2_162053/S11_RESOURCE/cpu_counter_intervals.csv,16128,fabd4aaf61dfcaae5809e8632b28affb82147141c63695cbdc4bd0f8cfe73d86,text,repo,True
eval/results/IDE_075_20260917/qwen/OPT4/CORE2_162053/S11_RESOURCE/cpu_time_by_tid.csv,2643811,b9b4db272f3cf5d3d975e55daeed9edad87c1da1395ca26634af9f9cb5f9d1cf,text,repo,True
eval/results/IDE_075_20260917/qwen/OPT4/CORE2_162053/S11_RESOURCE/cpu_timeseries.csv,46329,ab165001db4146d4dbcb32cb610ee1abf4c2917804bf4e1b5bfe61fc33788fa7,text,repo,True
eval/results/IDE_075_20260917/qwen/OPT4/CORE2_162053/S11_RESOURCE/gpu_timeseries.csv,17005,ccbb8607b9cf522812f51cd2b5555484021ab9e608281d48d0f856cf7c235609,text,repo,True
eval/results/IDE_075_20260917/qwen/OPT4/CORE2_162053/S11_RESOURCE/memory_timeseries.csv,599,0ee453a34b564660c68e69a4d7e88667f6ce572a7cf9565cd260f72a814c4ba1,text,repo,True
eval/results/IDE_075_20260917/qwen/OPT4/CORE2_162053/S11_RESOURCE/metrics.json,4327,85e5283b4b16a8ced5671565809005c339c2ac8d4e17cd98f18d125b4040d016,text,repo,True
eval/results/IDE_075_20260917/qwen/OPT4/CORE2_162053/S11_RESOURCE/observer_config.json,161,18d7a5ae0802ddc0b2e0457fb62be08d1609c640867d662f1392b22fc0ad08bb,text,repo,True
eval/results/IDE_075_20260917/qwen/OPT4/CORE2_162053/S11_RESOURCE/pcm_memory.log,2063,61274cac6d73653bfed294e224516b5ca4c24592b68a069ee30c9c2e5357e90b,text,repo,True
eval/results/IDE_075_20260917/qwen/OPT4/CORE2_162053/S11_RESOURCE/pcm_memory.raw.csv,31502,e7a7e2f4e00c982a12a7ed69a30b6c5660d7faadbe55081623f6c6bca978f912,text,repo,True
eval/results/IDE_075_20260917/qwen/OPT4/CORE2_162053/S11_RESOURCE/perf_stat.log,0,e3b0c44298fc1c149afbf4c8996fb92427ae41e4649b934ca495991b7852b855,text,repo,True
eval/results/IDE_075_20260917/qwen/OPT4/CORE2_162053/S11_RESOURCE/request_results.jsonl,24594,730e4f7ce483eb0930b7509c7e550134f5784c3ac91141734cf3fcadabca138a,text,repo,True
eval/results/IDE_075_20260917/qwen/OPT4/CORE2_162053/S11_RESOURCE/resource_v2.log,172,8f529bf412b8111e194d7edbc02727970fa796df5cbfdf4b9b7edcb8b9dd6815,text,repo,True
eval/results/IDE_075_20260917/qwen/OPT4/CORE2_162053/S11_RESOURCE/thread_affinity_start.json,136036,a78e82404736f6a1c029728729d952099f5981e78dc36c6e722679f29f593df9,text,repo,True
eval/results/IDE_075_20260917/qwen/OPT4/CORE2_162053/S11_RESOURCE/tid_cpu.log,199,d4782100d85bc803c36789d2b5f38604d537bb69c4ae7ec61f51f1d58f4802f0,text,repo,True
eval/results/IDE_075_20260917/qwen/OPT4/CORE2_162053/S11_RESOURCE/v2/cpu_counter_windows.csv,4960,f92e81807840b00d8cd9d8a068e3faab5fd70b93409145298d1b9bc28b4f4136,text,repo,True
eval/results/IDE_075_20260917/qwen/OPT4/CORE2_162053/S11_RESOURCE/v2/cpu_time_by_role.json,1923,c1f7571d18462be51b9e88e47b2b8b424a8cea18351442ec9a6b7be05a710efb,text,repo,True
eval/results/IDE_075_20260917/qwen/OPT4/CORE2_162053/S11_RESOURCE/v2/pcm_samples_v2.csv,7056,9e20d6d9bd1d9696e6bfc5d92063662483db71a8408df624eb88c17a44b98042,text,repo,True
eval/results/IDE_075_20260917/qwen/OPT4/CORE2_162053/S11_RESOURCE/v2/resource_summary.json,2351,5c49a4eda6917f683b91a2685416dfe8998f3791e2bbc0980f0a2f7479ac070c,text,repo,True
eval/results/IDE_075_20260917/qwen/OPT4/CORE2_162053/S11_RESOURCE/v2/validation_results_v2.json,2232,f633c3979fbeb264a2bcc1b0f3510acdbea5cb193df30d6de3c40d2a893fd633,text,repo,True
eval/results/IDE_075_20260917/qwen/OPT4/CORE2_162053/S11_RESOURCE/validate_v2.log,292,ee249dc09ae6acc3330918560efa03fb85bf422d2d5c52a006b2b1439bc1702e,text,repo,True
eval/results/IDE_075_20260917/qwen/OPT4/CORE2_162053/S11_RESOURCE/window_events.jsonl,6247,57e038e17f738b226607f635409708790f9a9674e758f166fcdaf726def4ad1f,text,repo,True
eval/results/IDE_075_20260917/qwen/OPT4/CORE2_162053/S12_C1_CORR/bench.stderr.log,0,e3b0c44298fc1c149afbf4c8996fb92427ae41e4649b934ca495991b7852b855,text,repo,True
eval/results/IDE_075_20260917/qwen/OPT4/CORE2_162053/S12_C1_CORR/bench.stdout.log,783,12a6d65eda27b00ab98ff0fcfc436e9c204a89ab278f39e0b647370b1e6bb708,text,repo,True
eval/results/IDE_075_20260917/qwen/OPT4/CORE2_162053/S12_C1_CORR/bench_cmd.sh,328,cafbd0e4415765a65c80f01cddb1dba896c145809d5e49962d904e7d73a660ef,text,repo,True
eval/results/IDE_075_20260917/qwen/OPT4/CORE2_162053/S12_C1_CORR/costs_v2.log,402,3c6362455d9733115544bb9bf0788989b5986b9facb0ed41cd6cc501d6514b27,text,repo,True
eval/results/IDE_075_20260917/qwen/OPT4/CORE2_162053/S12_C1_CORR/cpu_timeseries.csv,366566,8815bc3b9c762afdb8046c6f3c409b3d327263b985ea6e059ea4e8d6bab3c217,text,repo,True
eval/results/IDE_075_20260917/qwen/OPT4/CORE2_162053/S12_C1_CORR/dependency_v2.log,698,8568e81e37d14a840c30c2ee6129465b52f92904c9a5e5ff85794c78006434b1,text,repo,True
eval/results/IDE_075_20260917/qwen/OPT4/CORE2_162053/S12_C1_CORR/eager.log,1157,45a88572a1e82143d421c8777e9c620cdd9992eaa9b25a0835adb84d98c7951c,text,repo,True
eval/results/IDE_075_20260917/qwen/OPT4/CORE2_162053/S12_C1_CORR/gpu_layer_timeline_TP0.csv.gz,6027398,f57a14a4aeb7350281570cd3601a58f759164e56bc3f4fa262f9542ae2c6ec49,text,repo,False
eval/results/IDE_075_20260917/qwen/OPT4/CORE2_162053/S12_C1_CORR/gpu_timeseries.csv,149283,fed644bdc8fc9b63967c43ba253ac605744a52a7b483081df2f966bf988f5a3f,text,repo,True
eval/results/IDE_075_20260917/qwen/OPT4/CORE2_162053/S12_C1_CORR/memory_timeseries.csv,4734,517eb5a53856dab1b2bf9cc9610c2aa23a66cc769792648bcaa6daacad7e0d4e,text,repo,True
eval/results/IDE_075_20260917/qwen/OPT4/CORE2_162053/S12_C1_CORR/metrics.json,3734,20b17bc842e6c2dab24132e9f5585e9ec85e3c25590f8feb774483cb1c24c776,text,repo,True
eval/results/IDE_075_20260917/qwen/OPT4/CORE2_162053/S12_C1_CORR/observer_config.json,162,5cb4d008dc8548522571cbd06898b1775f609104532d19f4e1414366236fb28d,text,repo,True
eval/results/IDE_075_20260917/qwen/OPT4/CORE2_162053/S12_C1_CORR/request_results.jsonl,3062,9c96056ec4cbe751092a06a90851d52c97ba70c230516330e498cb93bb227be7,text,repo,True
eval/results/IDE_075_20260917/qwen/OPT4/CORE2_162053/S12_C1_CORR/thread_affinity_start.json,136038,ff479d47ec387da4e631c9a492f75c2831a9a71bbe29df173c12b108967ad497,text,repo,True
eval/results/IDE_075_20260917/qwen/OPT4/CORE2_162053/S12_C1_CORR/tp_collective.log,339,fd65a76a3e3c95c724aebeca4ed2396eb96001b4016b9dec6d84d18b2d6ff5b0,text,repo,True
eval/results/IDE_075_20260917/qwen/OPT4/CORE2_162053/S12_C1_CORR/v2/dependency_summary_v2.json,11593,509c2231394181ada49efd558fc037a6549c9a6d43d610ad76b832af12949c45,text,repo,True
eval/results/IDE_075_20260917/qwen/OPT4/CORE2_162053/S12_C1_CORR/v2/eager_layer_metrics.csv.gz,67636,41f10451907f168cc12a1e9da46fa68ad439645cb490aba314913d6210152758,text,repo,True
eval/results/IDE_075_20260917/qwen/OPT4/CORE2_162053/S12_C1_CORR/v2/eager_summary.json,9902,12f84b394dbf19ccafccef82b869e31e54ead5ffe6dfc57a96830928173d4502,text,repo,True
eval/results/IDE_075_20260917/qwen/OPT4/CORE2_162053/S12_C1_CORR/v2/expert_cost_samples.csv.gz,2368695,4fc7e2ab07a7469d9805d3ddc246fd1c2db7decf829dd94105dd7d7e73165e6d,text,repo,True
eval/results/IDE_075_20260917/qwen/OPT4/CORE2_162053/S12_C1_CORR/v2/fifo_casebook.md,2050,44132a1a86b614d4d494e0cda6292cb650a61fddfb3c773352a4aaad49a8d658,text,repo,True
eval/results/IDE_075_20260917/qwen/OPT4/CORE2_162053/S12_C1_CORR/v2/fifo_dependency_edges.csv.gz,353365,6e1dbd197ab0392f27a9a669e0529860c6b2f94dac2b00f33f55489a2583a052,text,repo,True
eval/results/IDE_075_20260917/qwen/OPT4/CORE2_162053/S12_C1_CORR/v2/missing_coverage_v2.csv,246,ca597a65424ca6048dcbc92f826f3f6bf646e860b85e943c43434c8f64cdc701,text,repo,True
eval/results/IDE_075_20260917/qwen/OPT4/CORE2_162053/S12_C1_CORR/v2/producer_consumer_metrics_v2.csv.gz,11197979,88b946ebc463d15d85e9e6a19e90a99116c4ffd988f1bd4b1aa944dc69ea27ad,text,repo,False
eval/results/IDE_075_20260917/qwen/OPT4/CORE2_162053/S12_C1_CORR/v2/producer_layer_costs.csv,14980,80e1ec0c955f9e53412b3f66e839df990612e7ce6f6c82a147c2483c33a2b7e4,text,repo,True
eval/results/IDE_075_20260917/qwen/OPT4/CORE2_162053/S12_C1_CORR/v2/queue_wait_breakdown.csv.gz,717806,525b36dea6c9c18a2c6ee3183af93cadc83fabee7d56f2abe377268ddf641f30,text,repo,True
eval/results/IDE_075_20260917/qwen/OPT4/CORE2_162053/S12_C1_CORR/v2/tp_collective.csv.gz,6554574,81181a215e2f9a6a4eea8a2f1eda18b445a14b1abe2753f1c6f7e0d9f14c2fa5,text,repo,False
eval/results/IDE_075_20260917/qwen/OPT4/CORE2_162053/S12_C1_CORR/v2/tp_collective_summary.json,1345,20b94d691bbc9863e8cb3d01a8249b11a46f634d92b7cff38ac162443262577e,text,repo,True
eval/results/IDE_075_20260917/qwen/OPT4/CORE2_162053/S12_C1_CORR/v2/validation_results_v2.json,3525,b70577b8177b535b647363152967391f799c3708804a7209f2310de5f57b59d7,text,repo,True
eval/results/IDE_075_20260917/qwen/OPT4/CORE2_162053/S12_C1_CORR/validate_v2.log,317,943917806aadbb23550de82284083239c684330608f98d3e5566846952c75590,text,repo,True
eval/results/IDE_075_20260917/qwen/OPT4/CORE2_162053/S12_C1_CORR/window_events.jsonl,4999,7483967524bab09fbbf0d9f833fecb3029dedf97a41e350e4ce2597070f873a2,text,repo,True
eval/results/IDE_075_20260917/qwen/OPT4/CORE2_162053/S13_LONG_CORR/bench.stderr.log,0,e3b0c44298fc1c149afbf4c8996fb92427ae41e4649b934ca495991b7852b855,text,repo,True
eval/results/IDE_075_20260917/qwen/OPT4/CORE2_162053/S13_LONG_CORR/bench.stdout.log,785,5ce96393cc5877b2283864b21abf426a71b8b65c00b6c02fe190b47cc5197961,text,repo,True
eval/results/IDE_075_20260917/qwen/OPT4/CORE2_162053/S13_LONG_CORR/bench_cmd.sh,331,8b4fafaf0d1b566762e882ee2c9d3f7d0ca287316b6679d46a2e009ab50cb83d,text,repo,True
eval/results/IDE_075_20260917/qwen/OPT4/CORE2_162053/S13_LONG_CORR/costs_v2.log,407,8875d9806f5027318f1daee8d530c96c0e2df0b5e06b4f3cd02496f8f74de4e2,text,repo,True
eval/results/IDE_075_20260917/qwen/OPT4/CORE2_162053/S13_LONG_CORR/cpu_timeseries.csv,138463,87802de6065a36f761801bd9f4a6081d6e86683e6ed2a221077e20a3bceba85a,text,repo,True
eval/results/IDE_075_20260917/qwen/OPT4/CORE2_162053/S13_LONG_CORR/dependency_v2.log,677,532c0ae9f0a210e8a7572ce30161d1336b75b32820206d3fd4877815ad61bc60,text,repo,True
eval/results/IDE_075_20260917/qwen/OPT4/CORE2_162053/S13_LONG_CORR/eager.log,1086,e002417a96d2f5cde7377aa1a311ba57d2c16a1260d0843edbc497bcc18aa471,text,repo,True
eval/results/IDE_075_20260917/qwen/OPT4/CORE2_162053/S13_LONG_CORR/gpu_layer_timeline_TP0.csv.gz,1613723,91ca6490e330ff9ef71c2263065cbaf0b3d96e0d8c22e1af853abf689d2dd040,text,repo,True
eval/results/IDE_075_20260917/qwen/OPT4/CORE2_162053/S13_LONG_CORR/gpu_timeseries.csv,55014,de0ed7e0df9bb07ef7826163855ecdb19e5bb5ec41725526fc7cd75abe530d1a,text,repo,True
eval/results/IDE_075_20260917/qwen/OPT4/CORE2_162053/S13_LONG_CORR/memory_timeseries.csv,1796,d88c52f64ed0f3945e9d7866aff3514c3a2175c4d39babae1da3d3746cb97f19,text,repo,True
eval/results/IDE_075_20260917/qwen/OPT4/CORE2_162053/S13_LONG_CORR/metrics.json,3750,726b02d294f46848e986e5c629929ed273c545e568d580bb990324ef818b0bd4,text,repo,True
eval/results/IDE_075_20260917/qwen/OPT4/CORE2_162053/S13_LONG_CORR/observer_config.json,162,5cb4d008dc8548522571cbd06898b1775f609104532d19f4e1414366236fb28d,text,repo,True
eval/results/IDE_075_20260917/qwen/OPT4/CORE2_162053/S13_LONG_CORR/request_results.jsonl,6134,96453fbec27a44b872b61153122fa3ba22cc040144c7218cb0bc4f70a9573fc6,text,repo,True
eval/results/IDE_075_20260917/qwen/OPT4/CORE2_162053/S13_LONG_CORR/thread_affinity_start.json,136038,f12ccc7f92402edf6c80c4bbb2b038bd8abf91f69e33dea9aa9ed08bb24a0c8e,text,repo,True
eval/results/IDE_075_20260917/qwen/OPT4/CORE2_162053/S13_LONG_CORR/tp_collective.log,628,4b2379125b76faa5eaca5f4c4c555ae193ab609b574e4a2082e21270fcfdb070,text,repo,True
eval/results/IDE_075_20260917/qwen/OPT4/CORE2_162053/S13_LONG_CORR/v2/dependency_summary_v2.json,11579,8b0538554eadcc4bd91df464b731e84b8f4f47098524090a0a332f38462ec62e,text,repo,True
eval/results/IDE_075_20260917/qwen/OPT4/CORE2_162053/S13_LONG_CORR/v2/eager_layer_metrics.csv.gz,93193,eebd2aac0b09d175790b7df0c49a7aa6d01b11fe88db85e0284074c214570123,text,repo,True
eval/results/IDE_075_20260917/qwen/OPT4/CORE2_162053/S13_LONG_CORR/v2/eager_summary.json,8212,231218cc0933796ae102c82dd5385a450cfc6affaac7253ade419fe447ef6cad,text,repo,True
eval/results/IDE_075_20260917/qwen/OPT4/CORE2_162053/S13_LONG_CORR/v2/expert_cost_samples.csv.gz,1152264,86055d21bfaa1a0e15c55447721814480acff26a23bd0c6dc1c2cad621c2d246,text,repo,True
eval/results/IDE_075_20260917/qwen/OPT4/CORE2_162053/S13_LONG_CORR/v2/fifo_casebook.md,2069,11b302b706c11e51bafed839cca314a25060485be64e1e30a16214a2ca8ba4c8,text,repo,True
eval/results/IDE_075_20260917/qwen/OPT4/CORE2_162053/S13_LONG_CORR/v2/fifo_dependency_edges.csv.gz,289632,8a9b019d41f22c9e3dfd0f1c7aed28598349192b6a29b81b574c69f88a257ef8,text,repo,True
eval/results/IDE_075_20260917/qwen/OPT4/CORE2_162053/S13_LONG_CORR/v2/missing_coverage_v2.csv,220,cb2c88815bc498a26626a855f089063b102666a0f307711d572fd5531296cffb,text,repo,True
eval/results/IDE_075_20260917/qwen/OPT4/CORE2_162053/S13_LONG_CORR/v2/producer_consumer_metrics_v2.csv.gz,3838676,dd8dacb27413658d3fc52f7bea1c1996c7ff5ada977f908d174f73e75311cb0b,text,repo,True
eval/results/IDE_075_20260917/qwen/OPT4/CORE2_162053/S13_LONG_CORR/v2/producer_layer_costs.csv,15442,5ec7f2f5fc0999ea76f69ec6a068197b5f2d0b3f8beca2163f37c2b9bba1d5b7,text,repo,True
eval/results/IDE_075_20260917/qwen/OPT4/CORE2_162053/S13_LONG_CORR/v2/queue_wait_breakdown.csv.gz,510351,e574d7cb0c6433b8e59e0c762e06ad5deedcd50c521607ccfa9958e4107c92c9,text,repo,True
eval/results/IDE_075_20260917/qwen/OPT4/CORE2_162053/S13_LONG_CORR/v2/tp_collective.csv.gz,1726016,b353034cf8a7acf7238cd217d98033dfb4e86e2f6bb234bc6a2cfd2311bc2764,text,repo,True
eval/results/IDE_075_20260917/qwen/OPT4/CORE2_162053/S13_LONG_CORR/v2/tp_collective_summary.json,2302,1e254a4d5e619ffdf0b5ad075192d8c090ba2b9c1ea568f81cf4943be990ee6e,text,repo,True
eval/results/IDE_075_20260917/qwen/OPT4/CORE2_162053/S13_LONG_CORR/v2/validation_results_v2.json,3477,1405ceddf625ab9f0096d82f4f68a34e8e87aded8046f5f193081bf7d2bb28c7,text,repo,True
eval/results/IDE_075_20260917/qwen/OPT4/CORE2_162053/S13_LONG_CORR/validate_v2.log,317,943917806aadbb23550de82284083239c684330608f98d3e5566846952c75590,text,repo,True
eval/results/IDE_075_20260917/qwen/OPT4/CORE2_162053/S13_LONG_CORR/window_events.jsonl,5002,608b497c61dc1f879525e02662340da0c0a64c9659f80e2ba05b9ca410292eb4,text,repo,True
eval/results/IDE_075_20260917/qwen/OPT4/CORE2_162053/S14_FOCUS_sched/bench.stderr.log,0,e3b0c44298fc1c149afbf4c8996fb92427ae41e4649b934ca495991b7852b855,text,repo,True
eval/results/IDE_075_20260917/qwen/OPT4/CORE2_162053/S14_FOCUS_sched/bench.stdout.log,793,c624118a9a67ca11cc1342b384a7edc595e1f90cb53883a4298753062d84d31b,text,repo,True
eval/results/IDE_075_20260917/qwen/OPT4/CORE2_162053/S14_FOCUS_sched/bench_cmd.sh,333,52f0cd1d091b379e74897ac28b234823f4c98d0472b0e0c588cf7a1eaf586743,text,repo,True
eval/results/IDE_075_20260917/qwen/OPT4/CORE2_162053/S14_FOCUS_sched/clock_anchors.jsonl,165,8b3ed3c342ba4ef2d29125e12281523afb0b4c3d89aa2798d468fb366bf85da0,text,repo,True
eval/results/IDE_075_20260917/qwen/OPT4/CORE2_162053/S14_FOCUS_sched/cpu_time_by_tid.csv,4431574,dd995ef36e6e0ce3b10e312b311b45bbc62f4c9fdbcbf9de1a9cd4c2232f50ad,text,repo,True
eval/results/IDE_075_20260917/qwen/OPT4/CORE2_162053/S14_FOCUS_sched/cpu_timeseries.csv,71736,a2bc8082880e0f83ea8a27a33092da23be43bf5131df3821408d97e9f6c5ad03,text,repo,True
eval/results/IDE_075_20260917/qwen/OPT4/CORE2_162053/S14_FOCUS_sched/focus.log,1471,2aa2e7ead1e839adde0a52c9ad9808cf653dca1f8d99c985a6bbb7aca224e4f4,text,repo,True
eval/results/IDE_075_20260917/qwen/OPT4/CORE2_162053/S14_FOCUS_sched/gpu_timeseries.csv,27299,88f72807ed8b69ac587629343ebc9da3a301404f40065fac093dd56d77da60bd,text,repo,True
eval/results/IDE_075_20260917/qwen/OPT4/CORE2_162053/S14_FOCUS_sched/memory_timeseries.csv,914,1f70605a46a3678be69fee6171b3bbf91d7909c196d15f7dcb85b61caeff4d9e,text,repo,True
eval/results/IDE_075_20260917/qwen/OPT4/CORE2_162053/S14_FOCUS_sched/metrics.json,3638,e2617f664b8446f1a08e9d40a0d1b0ac3a6fc30b65b758f3f6700b71923f24e7,text,repo,True
eval/results/IDE_075_20260917/qwen/OPT4/CORE2_162053/S14_FOCUS_sched/observer_config.json,163,73f45e465c6144afe1d3f0ca7cc81bba3c4dc95766bf74e3e1c93c426fa4fccf,text,repo,True
eval/results/IDE_075_20260917/qwen/OPT4/CORE2_162053/S14_FOCUS_sched/perf_sched.data,81505293,04df57eed3650e351d8532e8d2b19699e9d8c68cfc0ce507387f2f7c18eadf7d,text,repo,False
eval/results/IDE_075_20260917/qwen/OPT4/CORE2_162053/S14_FOCUS_sched/perf_sched.log,361,c2274ce31fbcb9ec8901e3b22aea2eede37f11de67ee7d67610dc81050cab7b3,text,repo,True
eval/results/IDE_075_20260917/qwen/OPT4/CORE2_162053/S14_FOCUS_sched/perf_sched.txt,53622079,c19a8d9a60ed53d99e4756f91682f58a32a11605f81cfb8bc9dbee53e8ef59ad,text,repo,False
eval/results/IDE_075_20260917/qwen/OPT4/CORE2_162053/S14_FOCUS_sched/perf_script.err,129,c062f0611faab478f2f5f2218f099a09595596815ddfa268ea4858c5b7e806f0,text,repo,True
eval/results/IDE_075_20260917/qwen/OPT4/CORE2_162053/S14_FOCUS_sched/request_results.jsonl,24594,0eb0a6ac933e45f418f10a061a0d0fbfb28b3cd8186718bbaa64071b0789f06f,text,repo,True
eval/results/IDE_075_20260917/qwen/OPT4/CORE2_162053/S14_FOCUS_sched/thread_affinity_start.json,136038,35cf53aee9525749341dc9045b51e29c87481e5826a1ab2aced83527df85ef19,text,repo,True
eval/results/IDE_075_20260917/qwen/OPT4/CORE2_162053/S14_FOCUS_sched/tid_cpu.log,199,584fdb2d65008b5c779addcf7f2eae4d2e52f6e739377175a78f78c1be750a90,text,repo,True
eval/results/IDE_075_20260917/qwen/OPT4/CORE2_162053/S14_FOCUS_sched/v2/cpu_time_by_role.json,1923,c39b890fba5778d7b5159a94686198d6b627638b469b95cf55d912cdb92aaac4,text,repo,True
eval/results/IDE_075_20260917/qwen/OPT4/CORE2_162053/S14_FOCUS_sched/v2/tail_offcpu.csv,186444,8885980011fad378d85b176b71ad70e0e4bcd5a70a68ae133e7092d86e7a2823,text,repo,True
eval/results/IDE_075_20260917/qwen/OPT4/CORE2_162053/S14_FOCUS_sched/v2/tail_offcpu_summary.json,1538,1ef0d0e2fc0ee4114e7b2878b37272389dd6ccec0de3a7e7a1d40204d4110cb7,text,repo,True
eval/results/IDE_075_20260917/qwen/OPT4/CORE2_162053/S14_FOCUS_sched/v2/validation_results_v2.json,1857,f2c76a1e526bbec6e7b6062d52e9aa0224b2fff203706c3e5850f53a939ece9c,text,repo,True
eval/results/IDE_075_20260917/qwen/OPT4/CORE2_162053/S14_FOCUS_sched/validate_v2.log,204,3b7f05e932866f69d6763980f6ed51e2abaf711e5d64f8c0a617a2d7861da518,text,repo,True
eval/results/IDE_075_20260917/qwen/OPT4/CORE2_162053/S14_FOCUS_sched/window_events.jsonl,5585,d1d0fe536ce66fe99e1987b1b9d89a8d3003790b0b73bb8544a35794c97f352a,text,repo,True
eval/results/IDE_075_20260917/qwen/OPT4/CORE2_162053/S9_CORR/bench.stderr.log,0,e3b0c44298fc1c149afbf4c8996fb92427ae41e4649b934ca495991b7852b855,text,repo,True
eval/results/IDE_075_20260917/qwen/OPT4/CORE2_162053/S9_CORR/bench.stdout.log,793,452366db7a6af57e2a13722d0114d3abead992b73c478abdb4e27602e1d5ddfd,text,repo,True
eval/results/IDE_075_20260917/qwen/OPT4/CORE2_162053/S9_CORR/bench_cmd.sh,317,9dfe4171f08c660ab3b6047f8e7246d72632d7a2f9874f6407a07ba325b9b1a0,text,repo,True
eval/results/IDE_075_20260917/qwen/OPT4/CORE2_162053/S9_CORR/costs_v2.log,412,5bc2742c9b1662aa552aa97e78ad8f79d70c31095fddbad9e71acd66ad097c24,text,repo,True
eval/results/IDE_075_20260917/qwen/OPT4/CORE2_162053/S9_CORR/cpu_timeseries.csv,942930,53860b51ee2718fdf571ac56a0c3b60208f0bb2019c263389dc3c0745a424f75,text,repo,True
eval/results/IDE_075_20260917/qwen/OPT4/CORE2_162053/S9_CORR/dependency_v2.log,1133,3f2192cc9852cd8e19eb424c023eff0314845a92b5b4be8144fb3e5b3c75dc9b,text,repo,True
eval/results/IDE_075_20260917/qwen/OPT4/CORE2_162053/S9_CORR/eager.log,684,52dc4a48113b058c78d20ab083d3adbfa360c1891ee2925e44e0a6a1b64441db,text,repo,True
eval/results/IDE_075_20260917/qwen/OPT4/CORE2_162053/S9_CORR/gpu_layer_timeline_TP0.csv.gz,2454275,793c4220b56663f78721aab4a4aa50b133fd58d74641661bc4586fa50af68a26,text,repo,True
eval/results/IDE_075_20260917/qwen/OPT4/CORE2_162053/S9_CORR/gpu_timeseries.csv,6373916,f66fd4d536012874eb235397b6047e2c8197e5ff350195a9d4345617f9056bf6,text,repo,False
eval/results/IDE_075_20260917/qwen/OPT4/CORE2_162053/S9_CORR/memory_timeseries.csv,12273,4aca322a3d5cd7f68da62739dfdb8f06dafdec172112b07ef4fd762d20073ce2,text,repo,True
eval/results/IDE_075_20260917/qwen/OPT4/CORE2_162053/S9_CORR/metrics.json,3903,cb832cc179ba8819f2ed90353517ea0940c91b42deb46ea9c94a87ea3d1f786f,text,repo,True
eval/results/IDE_075_20260917/qwen/OPT4/CORE2_162053/S9_CORR/observer_config.json,162,5cb4d008dc8548522571cbd06898b1775f609104532d19f4e1414366236fb28d,text,repo,True
eval/results/IDE_075_20260917/qwen/OPT4/CORE2_162053/S9_CORR/request_results.jsonl,24593,bcb96d5a0abfb003a8a2be2764a44fc6aa05bfa2d7e749af723945c50af24743,text,repo,True
eval/results/IDE_075_20260917/qwen/OPT4/CORE2_162053/S9_CORR/thread_affinity_start.json,136037,2d058c707a58daf85240b4d85d85fc30c011e50d01aece1ded864ca385c3fd82,text,repo,True
eval/results/IDE_075_20260917/qwen/OPT4/CORE2_162053/S9_CORR/tp_collective.log,1332,7191cd81665b738092d82d074e65bf4adca42d540e051dfea7011c36a67650c4,text,repo,True
eval/results/IDE_075_20260917/qwen/OPT4/CORE2_162053/S9_CORR/v2/dependency_summary_v2.json,22401,b3a148dac7a91c857fa2659a64c5b71e934667d9ecc74f62fab5961a01bc4394,text,repo,True
eval/results/IDE_075_20260917/qwen/OPT4/CORE2_162053/S9_CORR/v2/eager_layer_metrics.csv.gz,47942,25deebecdc48c655c8569ffaeaad06da539d59d67d33fc8df78632c4d5fad47d,text,repo,True
eval/results/IDE_075_20260917/qwen/OPT4/CORE2_162053/S9_CORR/v2/eager_summary.json,5202,a6bc6cb1a446c95605324e191853ce579c15657ba3b9c826a35918a67ae2c449,text,repo,True
eval/results/IDE_075_20260917/qwen/OPT4/CORE2_162053/S9_CORR/v2/expert_cost_samples.csv.gz,935569,8492920bfabeeb10133dfbd9c18575ea6f5684cacbb3da24d4da58377ee89a65,text,repo,True
eval/results/IDE_075_20260917/qwen/OPT4/CORE2_162053/S9_CORR/v2/fifo_casebook.md,4806,d32b16df47cf85c0926e98a9d17cdaf1307ee8661562f9c0fe6a4e42dd080d66,text,repo,True
eval/results/IDE_075_20260917/qwen/OPT4/CORE2_162053/S9_CORR/v2/fifo_dependency_edges.csv.gz,206762,36265a7a4dd2b442c6a0bc609657eda1b44fa3036c1bd4dd3666895aeceb7875,text,repo,True
eval/results/IDE_075_20260917/qwen/OPT4/CORE2_162053/S9_CORR/v2/missing_coverage_v2.csv,227,1158b67cf1586af81b8272dab1454c49c69dbf136db345c5e6d4905cda223e89,text,repo,True
eval/results/IDE_075_20260917/qwen/OPT4/CORE2_162053/S9_CORR/v2/producer_consumer_metrics_v2.csv.gz,2928500,c5033c63140c048b6beb7a42079f1412724274d8d983e981a41e0ca03a4b66ca,text,repo,True
eval/results/IDE_075_20260917/qwen/OPT4/CORE2_162053/S9_CORR/v2/producer_layer_costs.csv,29843,22eab5d7828a4071e5c8696a10a6088129f3a940f3617b061ef7b7044336e52e,text,repo,True
eval/results/IDE_075_20260917/qwen/OPT4/CORE2_162053/S9_CORR/v2/queue_wait_breakdown.csv.gz,362010,95199edfda89de01894bef2318f6ed752f8880cee0c25ea3f87cb8e96fc00611,text,repo,True
eval/results/IDE_075_20260917/qwen/OPT4/CORE2_162053/S9_CORR/v2/tp_collective.csv.gz,2593977,37ac8e970b9c15ee6f41ed5a7f8b36d753cbb3a23ced3ffa28c5d5f0e8e26343,text,repo,True
eval/results/IDE_075_20260917/qwen/OPT4/CORE2_162053/S9_CORR/v2/tp_collective_summary.json,4372,d53d836346655ce885b66b17b0351a440d4119126848813a0a9ef377933b43da,text,repo,True
eval/results/IDE_075_20260917/qwen/OPT4/CORE2_162053/S9_CORR/v2/validation_results_v2.json,3989,f03178d01a501ab1bdf6a852633919207f425e4304e775744a46750efcdd3368,text,repo,True
eval/results/IDE_075_20260917/qwen/OPT4/CORE2_162053/S9_CORR/validate_v2.log,318,5482bcdcd38266b0c13feeb1f2f91e98825960e584d41da3288b13d674f1127e,text,repo,True
eval/results/IDE_075_20260917/qwen/OPT4/CORE2_162053/S9_CORR/window_events.jsonl,6620,24538f66cc83082de745dad3643295b74810c3d88081b62e21d207abc1f752e9,text,repo,True
eval/results/IDE_075_20260917/qwen/OPT4/CORE2_162053/expert_rows_samples.csv.gz,300454,cc37c105f455938a849186f568cf9876d6d5e9bc834fc0fd29572a98ca803128,text,repo,True
eval/results/IDE_075_20260917/qwen/OPT4/CORE2_162053/expert_rows_summary.json,2887,8d837438d3f6bf3d1d29c1d804ee2390538e845b756c33fbf2a7f35694f7394f,text,repo,True
eval/results/IDE_075_20260917/qwen/OPT4/CORE2_162053/expert_samples.log,147,f758b0d569cec2dc154f1698f3e95ce456c2f4d9bc56d32d8e5b30b1ca229032,text,repo,True
eval/results/IDE_075_20260917/qwen/OPT4/CORE2_162053/launch_cmd.sh,1039,c26445d591aff388bd2b978e965af193a23bd9bd41cac8d34f98437926f3e924,text,repo,True
eval/results/IDE_075_20260917/qwen/OPT4/CORE2_162053/requested_config.json,1421,00e05b48b2a42666b642a60600b5aa6d680fe2716fbd0e6cca0feea820dea138,text,repo,True
eval/results/IDE_075_20260917/qwen/OPT4/CORE2_162053/runtime_proofs.json,2767,fcd239f9c48e8f9e1639d5794c55d6e4d004ec1fcf3028fb9b686c8e1354b50e,text,repo,True
eval/results/IDE_075_20260917/qwen/OPT4/CORE2_162053/server.full.log.gz,20492,346ee2931a41aaebae68dc8e6264aed4510bf4a86265138166d8fc77d39a3219,text,repo,True
eval/results/IDE_075_20260917/qwen/OPT4/CORE2_162053/server_info.json,37863,463d6be310903c56f348f089503ef0f172c21067c92f22a67e7aeebd676bbc15,text,repo,True
eval/results/IDE_075_20260917/qwen/OPT4/CORE2_162053/smoke_greedy4.json,1387,37f2f24fa7611d5e0ba33eb35a9384e3fdb3435ebde508308db1c45a8fb68f2b,text,repo,True
eval/results/IDE_075_20260917/qwen/OPT4/CORE2_162053/thread_affinity.json,136038,f96fef1cef4c4df4163332bf5ad1da6fe4d4331d93f8d111297c50a78ff153aa,text,repo,True
eval/results/IDE_075_20260917/qwen/OPT4/CORE2_162053/thread_role_map.csv,215709,55e2e3584361610a356da69abc11d7bd30684941381936e433e2a52fbe75cbee,text,repo,True
eval/results/IDE_075_20260917/qwen/OPT4/CORE2_162053/warmup/bench.stderr.log,622,852a4336584abbebcc3984e3ac90c472cd1f36c26a68f5b57195735c3a7cfbd5,text,repo,True
eval/results/IDE_075_20260917/qwen/OPT4/CORE2_162053/warmup/bench.stdout.log,6301,ba61ada6366dae2032db70a5a6979b42e0b502d0fe738aae5539be4c7a1c7c3b,text,repo,True
eval/results/IDE_075_20260917/qwen/OPT4/CORE2_162053/warmup/bench_cmd.sh,737,84bd8fe9f0510dfbb952acd8f91e00b66501040905572fd0865c19e554a11aec,text,repo,True
eval/results/IDE_075_20260917/qwen/OPT4/CORE2_162053/warmup/benchmark.raw.json,109437,7d08b6874d2b756e27719cd18f8bea33f444e80d6ec28070dda0341618f0583a,text,repo,True
eval/results/IDE_075_20260917/qwen/OPT4/CORE2_162053/warmup/requests.jsonl,7413,3115215c90e7f20e02722319996f2b560ef7a63756bdfea9b5b6d93b650cb003,text,repo,True
eval/results/IDE_075_20260917/qwen/OPT4/CORE3_171618/S17_CORR_pinned/bench.stderr.log,0,e3b0c44298fc1c149afbf4c8996fb92427ae41e4649b934ca495991b7852b855,text,repo,True
eval/results/IDE_075_20260917/qwen/OPT4/CORE3_171618/S17_CORR_pinned/bench.stdout.log,793,c03cc0f4b705c8bc172ff88295b71993b6ed0a3753b64b63989f7f61548ae04c,text,repo,True
eval/results/IDE_075_20260917/qwen/OPT4/CORE3_171618/S17_CORR_pinned/bench_cmd.sh,374,037b7c0e3135926d0d5fee07d076d75b10230340e04d2a06f8088dd6ede5c56b,text,repo,True
eval/results/IDE_075_20260917/qwen/OPT4/CORE3_171618/S17_CORR_pinned/costs_v2.log,416,7e090df153ec6e6a0b4860ba93626517d46bda6445eb3dd1ddabe713255217fe,text,repo,True
eval/results/IDE_075_20260917/qwen/OPT4/CORE3_171618/S17_CORR_pinned/cpu_timeseries.csv,119853,b8beaabcd33cad41c8ff8b982fd110e56de3c1623f85432e046c1154e255b214,text,repo,True
eval/results/IDE_075_20260917/qwen/OPT4/CORE3_171618/S17_CORR_pinned/dependency_v2.log,1126,6cc7d761066315f843e47a5026afb16ec5bc47e97f467e09038a63d2b5a7b144,text,repo,True
eval/results/IDE_075_20260917/qwen/OPT4/CORE3_171618/S17_CORR_pinned/eager.log,680,7c9a933a240f20bcb07e64ad7514ba79deb32d17459caf210be070136e63bca2,text,repo,True
eval/results/IDE_075_20260917/qwen/OPT4/CORE3_171618/S17_CORR_pinned/gpu_layer_timeline_TP0.csv.gz,1240447,ac0cc48e61a4dd68a758e84cba479013456d1cbaa75351056cae9561b0dea5ed,text,repo,True
eval/results/IDE_075_20260917/qwen/OPT4/CORE3_171618/S17_CORR_pinned/gpu_timeseries.csv,47113,b201ea1325fd6cf104ad5ca0e0eed754cf3d19ca4a4fbbc0259a6bfdcb9b3c9e,text,repo,True
eval/results/IDE_075_20260917/qwen/OPT4/CORE3_171618/S17_CORR_pinned/memory_timeseries.csv,1567,83e21a258f11ff6cf836ea396380bfa2499053f906b29259d0a28caf855ba740,text,repo,True
eval/results/IDE_075_20260917/qwen/OPT4/CORE3_171618/S17_CORR_pinned/metrics.json,3761,ce3d863071d408d4b944cd4bbc7e15573d512bc16bb714db1ce0e6cbd2b65f48,text,repo,True
eval/results/IDE_075_20260917/qwen/OPT4/CORE3_171618/S17_CORR_pinned/observer_config.json,162,5cb4d008dc8548522571cbd06898b1775f609104532d19f4e1414366236fb28d,text,repo,True
eval/results/IDE_075_20260917/qwen/OPT4/CORE3_171618/S17_CORR_pinned/request_results.jsonl,24594,00c4b3f0e84f36752237131c436630c1a53397b2be784c6ae564db1df5513cda,text,repo,True
eval/results/IDE_075_20260917/qwen/OPT4/CORE3_171618/S17_CORR_pinned/thread_affinity_start.json,133670,f57332a9f1f006ecace85c50a60dec37a5e7217372c95c0c24e8ba0e894e17a2,text,repo,True
eval/results/IDE_075_20260917/qwen/OPT4/CORE3_171618/S17_CORR_pinned/tp_collective.log,962,3ddab6246b6091050885a88d79d2c7aa315c4880a86feb0b9aa8c22d445ebfea,text,repo,True
eval/results/IDE_075_20260917/qwen/OPT4/CORE3_171618/S17_CORR_pinned/v2/dependency_summary_v2.json,22558,2564eb2748673c9858df4dbc87dc3ac67e050e2437f771bc6cda623747831812,text,repo,True
eval/results/IDE_075_20260917/qwen/OPT4/CORE3_171618/S17_CORR_pinned/v2/eager_layer_metrics.csv.gz,47460,dee90f27784ccc35115fed0c24bdcfdf20738fe896c02bcfc596353d42f6f8e5,text,repo,True
eval/results/IDE_075_20260917/qwen/OPT4/CORE3_171618/S17_CORR_pinned/v2/eager_summary.json,5206,c66e9157486b2ad8908b74990dadb143ed7a9360c0d041ffc3dd8d92c4245277,text,repo,True
eval/results/IDE_075_20260917/qwen/OPT4/CORE3_171618/S17_CORR_pinned/v2/expert_cost_samples.csv.gz,931051,d406609b77b8c36edae6f95ef1b741a0f645580fe2e5aef2693c5bcce98da8b9,text,repo,True
eval/results/IDE_075_20260917/qwen/OPT4/CORE3_171618/S17_CORR_pinned/v2/fifo_casebook.md,4799,e3312e3ae3548995b33fea3a8196adc84aa57c8dbad668fcb44fe541e037b184,text,repo,True
eval/results/IDE_075_20260917/qwen/OPT4/CORE3_171618/S17_CORR_pinned/v2/fifo_dependency_edges.csv.gz,201139,810ab7fc6b3672be373e5f8e85ab699f8ae467db15c951d7747ae5cc5e0e6a3f,text,repo,True
eval/results/IDE_075_20260917/qwen/OPT4/CORE3_171618/S17_CORR_pinned/v2/missing_coverage_v2.csv,220,0ab5715f7b7726ed31848ee08ba5674574cada8736787088138d6542001a1827,text,repo,True
eval/results/IDE_075_20260917/qwen/OPT4/CORE3_171618/S17_CORR_pinned/v2/producer_consumer_metrics_v2.csv.gz,2923043,f15a70e8dec230e0794900d2ba494e78ab75718dea2d337d172f6e9dfb36666d,text,repo,True
eval/results/IDE_075_20260917/qwen/OPT4/CORE3_171618/S17_CORR_pinned/v2/producer_layer_costs.csv,29719,e8ce9c3a65286fdb8b67602b2de3696e44806d554b498cf806362fc033afda8f,text,repo,True
eval/results/IDE_075_20260917/qwen/OPT4/CORE3_171618/S17_CORR_pinned/v2/queue_wait_breakdown.csv.gz,362448,9166d34df29285dfc972337b2f4808246685fed7aee577c0555d09718f986ce5,text,repo,True
eval/results/IDE_075_20260917/qwen/OPT4/CORE3_171618/S17_CORR_pinned/v2/tp_collective.csv.gz,1305348,fd2021e14c01c5b715d22c69b66c973dc9cce4d85f74c60ea530e12a1fc958b5,text,repo,True
eval/results/IDE_075_20260917/qwen/OPT4/CORE3_171618/S17_CORR_pinned/v2/tp_collective_summary.json,3330,49df4a77f17d4ddb7b83c3cabfdf7e04831c812de4034e68e12bb21f4ef693d9,text,repo,True
eval/results/IDE_075_20260917/qwen/OPT4/CORE3_171618/S17_CORR_pinned/v2/validation_results_v2.json,3986,7ae850cd360641faf6b1d984e22c3ddcf7a006dbaa1ddc88db8789740d93e17e,text,repo,True
eval/results/IDE_075_20260917/qwen/OPT4/CORE3_171618/S17_CORR_pinned/validate_v2.log,317,943917806aadbb23550de82284083239c684330608f98d3e5566846952c75590,text,repo,True
eval/results/IDE_075_20260917/qwen/OPT4/CORE3_171618/S17_CORR_pinned/window_events.jsonl,4986,06e6a65dc30ac453b5f938f7de5962f2132acaf706acc31e52a0dc9235205fe9,text,repo,True
eval/results/IDE_075_20260917/qwen/OPT4/CORE3_171618/S18_CORR_pinned/bench.stderr.log,0,e3b0c44298fc1c149afbf4c8996fb92427ae41e4649b934ca495991b7852b855,text,repo,True
eval/results/IDE_075_20260917/qwen/OPT4/CORE3_171618/S18_CORR_pinned/bench.stdout.log,786,bc9b49d1d723f66f71eced9f78cb0a55548b0ea798af5a5438b63d2011b6fea2,text,repo,True
eval/results/IDE_075_20260917/qwen/OPT4/CORE3_171618/S18_CORR_pinned/bench_cmd.sh,374,726d8bdb62b265bdcdaf7ceaa4447cbafe58fb0e65437a33c8d6ebea7495995f,text,repo,True
eval/results/IDE_075_20260917/qwen/OPT4/CORE3_171618/S18_CORR_pinned/costs_v2.log,414,0039dd18e5d7a7f7a1cc99d25d629dbeee228fa8060a68f155fc584d9d05131a,text,repo,True
eval/results/IDE_075_20260917/qwen/OPT4/CORE3_171618/S18_CORR_pinned/cpu_timeseries.csv,121588,30651d96b77878e7932c534eac48538b19b46388234dbf51cee0dcb70b0c6734,text,repo,True
eval/results/IDE_075_20260917/qwen/OPT4/CORE3_171618/S18_CORR_pinned/dependency_v2.log,1115,3f0f8a4d53efdd989f4f28eb6909216a40c79ee4007eed5497d2cfedec269dcc,text,repo,True
eval/results/IDE_075_20260917/qwen/OPT4/CORE3_171618/S18_CORR_pinned/eager.log,666,11c2da5b703e4716344767952d5800f0482a344b8b2c320ab2548e95cc858afb,text,repo,True
eval/results/IDE_075_20260917/qwen/OPT4/CORE3_171618/S18_CORR_pinned/gpu_layer_timeline_TP0.csv.gz,1241301,736e1e134877db693f74705547374c34ff3bf01e492ef899db9e9d04c68b8ed3,text,repo,True
eval/results/IDE_075_20260917/qwen/OPT4/CORE3_171618/S18_CORR_pinned/gpu_timeseries.csv,47114,15af395d64f23ced1ef68e7fd2a604c8c44512126611275f2f5978abe5a57b11,text,repo,True
eval/results/IDE_075_20260917/qwen/OPT4/CORE3_171618/S18_CORR_pinned/memory_timeseries.csv,1567,7f9ada635becdf58dde0c5769dfdd332ca4acc20d4cfb4673b418e14d0b65db7,text,repo,True
eval/results/IDE_075_20260917/qwen/OPT4/CORE3_171618/S18_CORR_pinned/metrics.json,3758,058655989847b88e8d9eaa46972493562347d5d986252c9586d87c163317e839,text,repo,True
eval/results/IDE_075_20260917/qwen/OPT4/CORE3_171618/S18_CORR_pinned/observer_config.json,162,5cb4d008dc8548522571cbd06898b1775f609104532d19f4e1414366236fb28d,text,repo,True
eval/results/IDE_075_20260917/qwen/OPT4/CORE3_171618/S18_CORR_pinned/request_results.jsonl,24594,7745ca11115423b81213c0be5e97984d939f5ec4c102dfbbc6cce78803f20d93,text,repo,True
eval/results/IDE_075_20260917/qwen/OPT4/CORE3_171618/S18_CORR_pinned/thread_affinity_start.json,134710,b8f59307f6731cbaed7aac8ae5dcc95d12698cb404808201be99457c557682c7,text,repo,True
eval/results/IDE_075_20260917/qwen/OPT4/CORE3_171618/S18_CORR_pinned/tp_collective.log,969,f621caa7c86f3f7d97998c5e3e645d7dd93579f0fec8c7ea0bb0e4de69b8c16c,text,repo,True
eval/results/IDE_075_20260917/qwen/OPT4/CORE3_171618/S18_CORR_pinned/v2/dependency_summary_v2.json,22527,40b5a0b77b26fb8bfcf8cea9f71a78add00504c6a79e8f83716ecc90cd1f1cf5,text,repo,True
eval/results/IDE_075_20260917/qwen/OPT4/CORE3_171618/S18_CORR_pinned/v2/eager_layer_metrics.csv.gz,47329,7766e63ce5c070bebe9366f0baf1afe49bfca044fd4896bc96b0a82be88dac3f,text,repo,True
eval/results/IDE_075_20260917/qwen/OPT4/CORE3_171618/S18_CORR_pinned/v2/eager_summary.json,5182,ede3fadd561686b2831d9f379abd9fcc679b56137794e1fdded7adf8eda78b3f,text,repo,True
eval/results/IDE_075_20260917/qwen/OPT4/CORE3_171618/S18_CORR_pinned/v2/expert_cost_samples.csv.gz,931269,40fb148039dd0cec4a4d4ab6a6f8c4444dba410a38a0faabfa5e74341953208b,text,repo,True
eval/results/IDE_075_20260917/qwen/OPT4/CORE3_171618/S18_CORR_pinned/v2/fifo_casebook.md,4803,d2a7603272e8b9dbee44b3dc2ec3982e39ead01a7266e263991576175b742a65,text,repo,True
eval/results/IDE_075_20260917/qwen/OPT4/CORE3_171618/S18_CORR_pinned/v2/fifo_dependency_edges.csv.gz,205583,919f0982f30737140cf35f25fd4f4256801de46befb1d9dbf0876eb49752dcee,text,repo,True
eval/results/IDE_075_20260917/qwen/OPT4/CORE3_171618/S18_CORR_pinned/v2/missing_coverage_v2.csv,220,0ab5715f7b7726ed31848ee08ba5674574cada8736787088138d6542001a1827,text,repo,True
eval/results/IDE_075_20260917/qwen/OPT4/CORE3_171618/S18_CORR_pinned/v2/producer_consumer_metrics_v2.csv.gz,2926257,98fb2701eee4e8b5703bdafb979ba25d3c69bc8c4733938265c62086a8881f9a,text,repo,True
eval/results/IDE_075_20260917/qwen/OPT4/CORE3_171618/S18_CORR_pinned/v2/producer_layer_costs.csv,29749,2d50d0ba1aeaaab1d61537ab2e368a0586b777045b3af3cc9f82b88e12981e21,text,repo,True
eval/results/IDE_075_20260917/qwen/OPT4/CORE3_171618/S18_CORR_pinned/v2/queue_wait_breakdown.csv.gz,362467,ca309ee6823271999cc8d0987981416ed28fdf9e49901f198a04c4d44853897b,text,repo,True
eval/results/IDE_075_20260917/qwen/OPT4/CORE3_171618/S18_CORR_pinned/v2/tp_collective.csv.gz,1391356,748fe2db8e362a121249ba776aec5d20fd52c1c561189c21cb8a10475d8a7db9,text,repo,True
eval/results/IDE_075_20260917/qwen/OPT4/CORE3_171618/S18_CORR_pinned/v2/tp_collective_summary.json,3331,e7011d1b7870f74b746d5741391249c92203d7caff32c499ed468c75e5607307,text,repo,True
eval/results/IDE_075_20260917/qwen/OPT4/CORE3_171618/S18_CORR_pinned/v2/validation_results_v2.json,3983,0d67ec7609c4a20ae770f8262e8922e22fa67d24c5f029b92567f79271400594,text,repo,True
eval/results/IDE_075_20260917/qwen/OPT4/CORE3_171618/S18_CORR_pinned/validate_v2.log,317,943917806aadbb23550de82284083239c684330608f98d3e5566846952c75590,text,repo,True
eval/results/IDE_075_20260917/qwen/OPT4/CORE3_171618/S18_CORR_pinned/window_events.jsonl,4988,43759cb69c6f16d8c302a53d3214af26760665c4a8d60cdc224f66f6b3413519,text,repo,True
eval/results/IDE_075_20260917/qwen/OPT4/CORE3_171618/S19_FOCUS_pinned/bench.stderr.log,0,e3b0c44298fc1c149afbf4c8996fb92427ae41e4649b934ca495991b7852b855,text,repo,True
eval/results/IDE_075_20260917/qwen/OPT4/CORE3_171618/S19_FOCUS_pinned/bench.stdout.log,792,894f7f9474460bc1baad9a361ce9cc7d4b34a90918bd0c03037f0bf87edda2a3,text,repo,True
eval/results/IDE_075_20260917/qwen/OPT4/CORE3_171618/S19_FOCUS_pinned/bench_cmd.sh,376,6317a06bac072d8f1247b9a13456f6c988f692b8bf07668af2428c327117c35a,text,repo,True
eval/results/IDE_075_20260917/qwen/OPT4/CORE3_171618/S19_FOCUS_pinned/clock_anchors.jsonl,165,f7c395e14c87edc72588b740800ccf7b995e0180f2c07e0444354d2eb03a0237,text,repo,True
eval/results/IDE_075_20260917/qwen/OPT4/CORE3_171618/S19_FOCUS_pinned/cpu_time_by_tid.csv,4334127,dc604b15f25db99ebb21a8e77a05cd12d0791576e820bdae7b74aedb3f1576fb,text,repo,True
eval/results/IDE_075_20260917/qwen/OPT4/CORE3_171618/S19_FOCUS_pinned/cpu_timeseries.csv,71832,0fa63de6a91c0a9a0066fcd6bb4b7218f4aee78a08d3b6a311f71c12b9ddec0b,text,repo,True
eval/results/IDE_075_20260917/qwen/OPT4/CORE3_171618/S19_FOCUS_pinned/focus.log,1473,f1f2a2f31b5e14fef7daf69f0bf8b45fecd6e8af651fd86ce1932c27b1f50a30,text,repo,True
eval/results/IDE_075_20260917/qwen/OPT4/CORE3_171618/S19_FOCUS_pinned/gpu_timeseries.csv,27311,620e7b0dcd47e5a9a9a8c5e4fb7944f36c58f54938c707248721436ec2034f1f,text,repo,True
eval/results/IDE_075_20260917/qwen/OPT4/CORE3_171618/S19_FOCUS_pinned/memory_timeseries.csv,927,e4d36156325a54071eedccfbcefb7afe404c3da35d4899d6c2712bf3c450744c,text,repo,True
eval/results/IDE_075_20260917/qwen/OPT4/CORE3_171618/S19_FOCUS_pinned/metrics.json,3637,1474a522b57af92e3892556a8902e7ffcc511caa4dfde9b3facdb67a89ba07b8,text,repo,True
eval/results/IDE_075_20260917/qwen/OPT4/CORE3_171618/S19_FOCUS_pinned/observer_config.json,163,73f45e465c6144afe1d3f0ca7cc81bba3c4dc95766bf74e3e1c93c426fa4fccf,text,repo,True
eval/results/IDE_075_20260917/qwen/OPT4/CORE3_171618/S19_FOCUS_pinned/perf_sched.data,82946709,82f8d35c1f6560484d70a94af0c45f6225fd12a6b8268c33452cc8e4cfbbe540,text,repo,False
eval/results/IDE_075_20260917/qwen/OPT4/CORE3_171618/S19_FOCUS_pinned/perf_sched.log,362,10e33e17639bf1ef8dc3358951da090cd48c9c4d9717890658e29d96ccd4738f,text,repo,True
eval/results/IDE_075_20260917/qwen/OPT4/CORE3_171618/S19_FOCUS_pinned/perf_sched.txt,54515296,5f44f7e29938f70f21f58217e40dc28e791b74732704cec99b1d774dd4c9d277,text,repo,False
eval/results/IDE_075_20260917/qwen/OPT4/CORE3_171618/S19_FOCUS_pinned/perf_script.err,129,80cc1df2fe87deb57853fd3a0cb781ac3fdb881ead28c8e4cd1662b5beb285ba,text,repo,True
eval/results/IDE_075_20260917/qwen/OPT4/CORE3_171618/S19_FOCUS_pinned/request_results.jsonl,24594,d684c600f8e604fc2fe8ed9e951fecad63847dc85ab70561d827713ff493d2b1,text,repo,True
eval/results/IDE_075_20260917/qwen/OPT4/CORE3_171618/S19_FOCUS_pinned/thread_affinity_start.json,134709,ce0a96bf61f34691bc3970a7728ba1f2394c1ba788541f5b6e275e801b13daa0,text,repo,True
eval/results/IDE_075_20260917/qwen/OPT4/CORE3_171618/S19_FOCUS_pinned/tid_cpu.log,199,aa46dee18b0ac6fca1acc3333082af8bef220818eac2f6c7e4c5d8ebf8da3326,text,repo,True
eval/results/IDE_075_20260917/qwen/OPT4/CORE3_171618/S19_FOCUS_pinned/v2/cpu_time_by_role.json,1922,a4578d16e584765857b0414f8ea71733304643b49e3fa90673e748dfd92a9caa,text,repo,True
eval/results/IDE_075_20260917/qwen/OPT4/CORE3_171618/S19_FOCUS_pinned/v2/tail_offcpu.csv,195425,4508a247430aa0642f09dd7555c4014764605d31b240e92db3026ec6a8b965a4,text,repo,True
eval/results/IDE_075_20260917/qwen/OPT4/CORE3_171618/S19_FOCUS_pinned/v2/tail_offcpu_summary.json,1540,08903a51ef0664a168913ef0dda8385e1aaa7b13378c76855b9c6145350ce43d,text,repo,True
eval/results/IDE_075_20260917/qwen/OPT4/CORE3_171618/S19_FOCUS_pinned/v2/validation_results_v2.json,1858,d5974fd9fb087b972d2f9bb0f38c8feb4f1da6e82be03055ffc1f950c08fc300,text,repo,True
eval/results/IDE_075_20260917/qwen/OPT4/CORE3_171618/S19_FOCUS_pinned/validate_v2.log,204,3b7f05e932866f69d6763980f6ed51e2abaf711e5d64f8c0a617a2d7861da518,text,repo,True
eval/results/IDE_075_20260917/qwen/OPT4/CORE3_171618/S19_FOCUS_pinned/window_events.jsonl,5568,1b29308af982983ac072d38a7989093ce470e8a313b82153b24929d985e28da9,text,repo,True
eval/results/IDE_075_20260917/qwen/OPT4/CORE3_171618/S20_RESOURCE_pinned/bench.stderr.log,0,e3b0c44298fc1c149afbf4c8996fb92427ae41e4649b934ca495991b7852b855,text,repo,True
eval/results/IDE_075_20260917/qwen/OPT4/CORE3_171618/S20_RESOURCE_pinned/bench.stdout.log,794,01eef14f417f3c8d36af3ee45c2b9a160c8d571a97d39279be9d11de11d7a027,text,repo,True
eval/results/IDE_075_20260917/qwen/OPT4/CORE3_171618/S20_RESOURCE_pinned/bench_cmd.sh,382,3b7380d0f6fa18c3f48e7b837a59143c80404ff83edb4dd4e607ef7389aebbf1,text,repo,True
eval/results/IDE_075_20260917/qwen/OPT4/CORE3_171618/S20_RESOURCE_pinned/cpu_counter_intervals.csv,16524,fbb794f7b8eac2ddf89e7e8e589314864ec2a0ae3e7942fa32cb28e8182775ec,text,repo,True
eval/results/IDE_075_20260917/qwen/OPT4/CORE3_171618/S20_RESOURCE_pinned/cpu_time_by_tid.csv,2615046,7271468824aac1513cf182db8acdba495f04ebe0f9fe2c65d72378841ff075c4,text,repo,True
eval/results/IDE_075_20260917/qwen/OPT4/CORE3_171618/S20_RESOURCE_pinned/cpu_timeseries.csv,46571,eb520fe78087d8b0e5aaf9f671f6e0a5ad3c540b3e0fd23062fc6d67004e8c9a,text,repo,True
eval/results/IDE_075_20260917/qwen/OPT4/CORE3_171618/S20_RESOURCE_pinned/gpu_timeseries.csv,17017,3a49c442ca2c8f00e9ff15d1cb791f0be3fb04758fa36ee0fa902d568fc1f6bd,text,repo,True
eval/results/IDE_075_20260917/qwen/OPT4/CORE3_171618/S20_RESOURCE_pinned/memory_timeseries.csv,607,1f0ba34f5b0fc2e124727a41b04e1269fbeebd48576337f3fb5d36ec734c5d3b,text,repo,True
eval/results/IDE_075_20260917/qwen/OPT4/CORE3_171618/S20_RESOURCE_pinned/metrics.json,4324,c43b7a0d7ad7d34b445c3dc3a9fd773b70e55678e0258871ea11f93a2ba018e1,text,repo,True
eval/results/IDE_075_20260917/qwen/OPT4/CORE3_171618/S20_RESOURCE_pinned/observer_config.json,161,18d7a5ae0802ddc0b2e0457fb62be08d1609c640867d662f1392b22fc0ad08bb,text,repo,True
eval/results/IDE_075_20260917/qwen/OPT4/CORE3_171618/S20_RESOURCE_pinned/pcm_memory.log,2063,61274cac6d73653bfed294e224516b5ca4c24592b68a069ee30c9c2e5357e90b,text,repo,True
eval/results/IDE_075_20260917/qwen/OPT4/CORE3_171618/S20_RESOURCE_pinned/pcm_memory.raw.csv,31502,4c7261ad7e47656aa6e5b4284ca74d67bef09d09be0c3b90b47bdd703efbf338,text,repo,True
eval/results/IDE_075_20260917/qwen/OPT4/CORE3_171618/S20_RESOURCE_pinned/perf_stat.log,0,e3b0c44298fc1c149afbf4c8996fb92427ae41e4649b934ca495991b7852b855,text,repo,True
eval/results/IDE_075_20260917/qwen/OPT4/CORE3_171618/S20_RESOURCE_pinned/request_results.jsonl,24594,e57ca3e9d1b1097ee3206ed63fde05d423f8915c82fe313a56592a0d27dda10f,text,repo,True
eval/results/IDE_075_20260917/qwen/OPT4/CORE3_171618/S20_RESOURCE_pinned/resource_v2.log,172,aea897b179e9bf297cb4e39f235f6bf0af5775a75a1393ed2831158d5c6b1096,text,repo,True
eval/results/IDE_075_20260917/qwen/OPT4/CORE3_171618/S20_RESOURCE_pinned/thread_affinity_start.json,134710,195bdd328dc8bed670e7c9b940d07a385ad644c144ef429ddb9067fad0748edc,text,repo,True
eval/results/IDE_075_20260917/qwen/OPT4/CORE3_171618/S20_RESOURCE_pinned/tid_cpu.log,199,584fdb2d65008b5c779addcf7f2eae4d2e52f6e739377175a78f78c1be750a90,text,repo,True
eval/results/IDE_075_20260917/qwen/OPT4/CORE3_171618/S20_RESOURCE_pinned/v2/cpu_counter_windows.csv,5086,a2f16c775ca4fb85ee56d5d7cae509a5a7d03763b427c7eea473edfdcad7c6d1,text,repo,True
eval/results/IDE_075_20260917/qwen/OPT4/CORE3_171618/S20_RESOURCE_pinned/v2/cpu_time_by_role.json,1925,da19c66299d7821fbae7435ebb1cc89e049013ea9bace6a570d4c2feed78204f,text,repo,True
eval/results/IDE_075_20260917/qwen/OPT4/CORE3_171618/S20_RESOURCE_pinned/v2/pcm_samples_v2.csv,7056,46abe7a3a941b1e02421de57329cf78e60d8b8e56073413f9ce76a5f7ae341d7,text,repo,True
eval/results/IDE_075_20260917/qwen/OPT4/CORE3_171618/S20_RESOURCE_pinned/v2/resource_summary.json,2369,4be8b7b68076188aba64c9ff63a9d1f53c486f1f93c83b1f9286d4d56a87687f,text,repo,True
eval/results/IDE_075_20260917/qwen/OPT4/CORE3_171618/S20_RESOURCE_pinned/v2/validation_results_v2.json,2235,0ee7b13dbb1a2977e38c60235914cd89e546bf24b588601b29a457417a33365f,text,repo,True
eval/results/IDE_075_20260917/qwen/OPT4/CORE3_171618/S20_RESOURCE_pinned/validate_v2.log,292,ee249dc09ae6acc3330918560efa03fb85bf422d2d5c52a006b2b1439bc1702e,text,repo,True
eval/results/IDE_075_20260917/qwen/OPT4/CORE3_171618/S20_RESOURCE_pinned/window_events.jsonl,6234,ba933796f8f39eda535aee9631bdb0d32350f27cc8864c874ff0a2c177272016,text,repo,True
eval/results/IDE_075_20260917/qwen/OPT4/CORE3_171618/expert_rows_samples.csv.gz,231548,7b86be3f89f636a46ba069ea340c4b0a33ff955f96e8b2c0ca33000f45a6eb5e,text,repo,True
eval/results/IDE_075_20260917/qwen/OPT4/CORE3_171618/expert_rows_summary.json,2863,ccb4a24719e3c5f8745bd2714e148ab8379a5dee1f68d4bfa9ca8130d8ec5781,text,repo,True
eval/results/IDE_075_20260917/qwen/OPT4/CORE3_171618/expert_samples.log,147,ac8c1b1461f68000f3c62bb10698ab8c8619ea0fd1d4d1aa60fd5bd38d5c29d9,text,repo,True
eval/results/IDE_075_20260917/qwen/OPT4/CORE3_171618/launch_cmd.sh,1039,4ee1ce45f70a590640a42f0f188b3f26c5220c1cc52045a2a179815b6e2a0bdb,text,repo,True
eval/results/IDE_075_20260917/qwen/OPT4/CORE3_171618/requested_config.json,1421,e6e731c07000fbd859e0b7cff108319c6e50558e2b353dfd41df9e0440522883,text,repo,True
eval/results/IDE_075_20260917/qwen/OPT4/CORE3_171618/runtime_proofs.json,2767,55172d611a63fbe3c4ffd54cf605bfff9cae3b96634f3eb111f3a0e8df171573,text,repo,True
eval/results/IDE_075_20260917/qwen/OPT4/CORE3_171618/server.full.log.gz,16700,77c7985a065e990d8437cf9d566240c68cd1b620031230cda7beadf66b501271,text,repo,True
eval/results/IDE_075_20260917/qwen/OPT4/CORE3_171618/server_info.json,37849,ede09f0a91b49e6278e7c338e0ed3a3e75309f277c9c91e968e764c256d2a39b,text,repo,True
eval/results/IDE_075_20260917/qwen/OPT4/CORE3_171618/smoke_greedy4.json,1387,37f2f24fa7611d5e0ba33eb35a9384e3fdb3435ebde508308db1c45a8fb68f2b,text,repo,True
eval/results/IDE_075_20260917/qwen/OPT4/CORE3_171618/thread_affinity.json,134508,1bdd3c2e42b68bb376387a5f9e406253e9c4a531d73cdb4b111ab5f6a0b862a5,text,repo,True
eval/results/IDE_075_20260917/qwen/OPT4/CORE3_171618/thread_role_map.csv,211573,0d8e081926433a130b8ea5d56b86f5cd9b3cb916303cc7fed1b57037cf67a46c,text,repo,True
eval/results/IDE_075_20260917/qwen/OPT4/CORE3_171618/warmup/bench.stderr.log,622,db95471c36af85b5e91f6e2b43378822e2bddb6b73bffc09f366fb27ae3c9c0f,text,repo,True
eval/results/IDE_075_20260917/qwen/OPT4/CORE3_171618/warmup/bench.stdout.log,6300,0f1455879243a118f0fe35585df736ec5c7d82424f4d44cc3ae93d194de6f29e,text,repo,True
eval/results/IDE_075_20260917/qwen/OPT4/CORE3_171618/warmup/bench_cmd.sh,736,28d8425f726ec1a6da9b1a12d59dc97f91042a3b3ee5b40537da21b523b70e1a,text,repo,True
eval/results/IDE_075_20260917/qwen/OPT4/CORE3_171618/warmup/benchmark.raw.json,109037,aa2655cb232d890fc46713a308f2b2bcd050d3bee6b108eb7d74453f6a1a874f,text,repo,True
eval/results/IDE_075_20260917/qwen/OPT4/CORE3_171618/warmup/requests.jsonl,7408,ce04109b8527d5e25aee4e672901fdf30259a8514f2bdf3441388c5a2d7d94de,text,repo,True
eval/results/IDE_075_20260917/qwen/OPT4/CORE4_174930/S22_CORR_vllmw/bench.stderr.log,693,0220a38fd0139732bc1182b77b86c174976c5d5440762f9eb4d829361f62b06b,text,repo,True
eval/results/IDE_075_20260917/qwen/OPT4/CORE4_174930/S22_CORR_vllmw/bench.stdout.log,6109,889d202cb0ef78f073f2c70cc89906002be0cd962333d4e4dc348b1151f3962a,text,repo,True
eval/results/IDE_075_20260917/qwen/OPT4/CORE4_174930/S22_CORR_vllmw/bench_cmd.sh,850,23b7ebc1f12a4bf67c91dbccc468d7cf858828586fe50a0b516bb6588d9003b3,text,repo,True
eval/results/IDE_075_20260917/qwen/OPT4/CORE4_174930/S22_CORR_vllmw/benchmark.raw.json,424460,dbe16d48ebe73bc0a59550fe0acabf3bab6ba5471137982c75e79c5ef92888b3,text,repo,True
eval/results/IDE_075_20260917/qwen/OPT4/CORE4_174930/S22_CORR_vllmw/clock_anchors_client.json,217,67b296413d816c04f03d9069d6f02b20f104f07eb8f688e57ed054358354df00,text,repo,True
eval/results/IDE_075_20260917/qwen/OPT4/CORE4_174930/S22_CORR_vllmw/costs_v2.log,417,fe82c235b2a9f16b9242226a492206b4bc7bda1a8720a8410060a5e12977b3e4,text,repo,True
eval/results/IDE_075_20260917/qwen/OPT4/CORE4_174930/S22_CORR_vllmw/cpu_timeseries.csv,119715,6b123d867c7fbf42da12eb28d0f69477b5272a64bc3b685af5b6816983640059,text,repo,True
eval/results/IDE_075_20260917/qwen/OPT4/CORE4_174930/S22_CORR_vllmw/dependency_v2.log,1346,1487fc3c21a7e0e69b476599f6d52cf8effde50744aa792e4dd7ca2bab09ce90,text,repo,True
eval/results/IDE_075_20260917/qwen/OPT4/CORE4_174930/S22_CORR_vllmw/eager.log,767,ce8a1fc2ff171c64691129fb7671aee3439c6d66168201e6cddd074ee4f49341,text,repo,True
eval/results/IDE_075_20260917/qwen/OPT4/CORE4_174930/S22_CORR_vllmw/gpu_layer_timeline_TP0.csv.gz,1231205,b2b88e298898cd6f30d5f7171da327c63421987322c8c18b4e4b77864f8a72b8,text,repo,True
eval/results/IDE_075_20260917/qwen/OPT4/CORE4_174930/S22_CORR_vllmw/gpu_timeseries.csv,47858,64a8f364f37413079f8c1dde89c7e347da65059fda3f679e60b7220d0ed62999,text,repo,True
eval/results/IDE_075_20260917/qwen/OPT4/CORE4_174930/S22_CORR_vllmw/memory_timeseries.csv,1567,4e5e87a4a47a5274da57734054c9d5ba013f38f7f4b9a158984e4efb809b3dc9,text,repo,True
eval/results/IDE_075_20260917/qwen/OPT4/CORE4_174930/S22_CORR_vllmw/metrics.json,4015,51716666b57a280ffadb85dc91b0dbfe68876ad51e4b3266043c93921ddcb8d2,text,repo,True
eval/results/IDE_075_20260917/qwen/OPT4/CORE4_174930/S22_CORR_vllmw/observer_config.json,162,5cb4d008dc8548522571cbd06898b1775f609104532d19f4e1414366236fb28d,text,repo,True
eval/results/IDE_075_20260917/qwen/OPT4/CORE4_174930/S22_CORR_vllmw/request_results.jsonl,24466,93503118b7c259155a19f1854d79e49196cb2428f70bb867eb823839e9adcdad,text,repo,True
eval/results/IDE_075_20260917/qwen/OPT4/CORE4_174930/S22_CORR_vllmw/requests.jsonl,29640,0fd7168b336b936d97b0d9ddee1f70fea09fc3bdcbaaac0efcc86b0d9f8f7006,text,repo,True
eval/results/IDE_075_20260917/qwen/OPT4/CORE4_174930/S22_CORR_vllmw/thread_affinity_start.json,134509,d236ebba7c431a75d0e971bdcb7ec517e12f46d94d5c2cdeae103cc5c13c816f,text,repo,True
eval/results/IDE_075_20260917/qwen/OPT4/CORE4_174930/S22_CORR_vllmw/tp_collective.log,1010,6b1c1640c8447b2a125ede7d06416f7b5acc06478b3e5151371716596012242c,text,repo,True
eval/results/IDE_075_20260917/qwen/OPT4/CORE4_174930/S22_CORR_vllmw/v2/dependency_summary_v2.json,24596,53bfb697c713d2d6e9c79632306daf89bb13e6c84fff78ca612db212a8280b08,text,repo,True
eval/results/IDE_075_20260917/qwen/OPT4/CORE4_174930/S22_CORR_vllmw/v2/eager_layer_metrics.csv.gz,51269,6bff7bca7dd723ecc4fca909bcaa5a4c4d48b6cacd890132678dccf5c68cf754,text,repo,True
eval/results/IDE_075_20260917/qwen/OPT4/CORE4_174930/S22_CORR_vllmw/v2/eager_summary.json,6142,040d50713c777286771d3c30d41c91dccba38e22835a854b8c2fb0301d43e266,text,repo,True
eval/results/IDE_075_20260917/qwen/OPT4/CORE4_174930/S22_CORR_vllmw/v2/expert_cost_samples.csv.gz,825124,59b8b16095ff2f057e9c3b86c5778401d3e9561eb81a27e3ced6aa7e9c17af86,text,repo,True
eval/results/IDE_075_20260917/qwen/OPT4/CORE4_174930/S22_CORR_vllmw/v2/fifo_casebook.md,4811,173047648cec709df2d8b29c238928dbf44b27ea3fb1cdf919a234d5aacce3d5,text,repo,True
eval/results/IDE_075_20260917/qwen/OPT4/CORE4_174930/S22_CORR_vllmw/v2/fifo_dependency_edges.csv.gz,209888,e694f6c804388bec0e3645dedfcb6fb1d5570fdb0ab2add89ade751e12d2b1e6,text,repo,True
eval/results/IDE_075_20260917/qwen/OPT4/CORE4_174930/S22_CORR_vllmw/v2/missing_coverage_v2.csv,442,afc33ab03cbea0633c52c34e2909f28863c62822abdf5a73b36512daac76102d,text,repo,True
eval/results/IDE_075_20260917/qwen/OPT4/CORE4_174930/S22_CORR_vllmw/v2/producer_consumer_metrics_v2.csv.gz,2898648,71794a9c4188c150091e86148ed481627b1069e4b04024e9f25ff6454abf76f3,text,repo,True
eval/results/IDE_075_20260917/qwen/OPT4/CORE4_174930/S22_CORR_vllmw/v2/producer_layer_costs.csv,30077,219345c436addedc40a702521824565c1b3ff3bbf81aa288e50b726c8cbfc725,text,repo,True
eval/results/IDE_075_20260917/qwen/OPT4/CORE4_174930/S22_CORR_vllmw/v2/queue_wait_breakdown.csv.gz,345472,ef13f123556b180a3fec6b403f5241719c92e941a54c1d598a7bd0aa8d365ca3,text,repo,True
eval/results/IDE_075_20260917/qwen/OPT4/CORE4_174930/S22_CORR_vllmw/v2/tp_collective.csv.gz,1355173,ea3ad30789fbd56e5c60da3dc24c9945f16aa51273a2617f329a859057e5dc81,text,repo,True
eval/results/IDE_075_20260917/qwen/OPT4/CORE4_174930/S22_CORR_vllmw/v2/tp_collective_summary.json,3393,2e7d91d40b1f28368b4bb0103821ca28748799871415e39432dbc050e75db2d2,text,repo,True
eval/results/IDE_075_20260917/qwen/OPT4/CORE4_174930/S22_CORR_vllmw/v2/validation_results_v2.json,4235,1b6dc74d7aa2045b665d12ec97939de7a8b7957fed60210812dad2756f2f20c0,text,repo,True
eval/results/IDE_075_20260917/qwen/OPT4/CORE4_174930/S22_CORR_vllmw/validate_v2.log,317,2164a7706d3eb7e9793883b15fb4e189dc379c8d301ece60d6fc31529cbed467,text,repo,True
eval/results/IDE_075_20260917/qwen/OPT4/CORE4_174930/S22_CORR_vllmw/window_events.jsonl,5021,e16ec0b82917f0ce0e98374a384da2309428dd3dd42222c7669f0da5fa197ef0,text,repo,True
eval/results/IDE_075_20260917/qwen/OPT4/CORE4_174930/S23_CORR_vllmw/bench.stderr.log,693,c021b4f542e0361a8ebb1f02f1d9d02393764abc29dc76422027b43271f404b9,text,repo,True
eval/results/IDE_075_20260917/qwen/OPT4/CORE4_174930/S23_CORR_vllmw/bench.stdout.log,6109,b34f2903e5878d1f81612939139d97cbddfd22d2d330287210ade917b047b71e,text,repo,True
eval/results/IDE_075_20260917/qwen/OPT4/CORE4_174930/S23_CORR_vllmw/bench_cmd.sh,850,f5a5b646dde4012ab9b8a44c452f28935c9e7c8ba82c8f4514f01d6d14db1561,text,repo,True
eval/results/IDE_075_20260917/qwen/OPT4/CORE4_174930/S23_CORR_vllmw/benchmark.raw.json,423441,a59ea07cba2572531ac3eb76dc51baefdcbbb62c89a0469675cc14778065d80d,text,repo,True
eval/results/IDE_075_20260917/qwen/OPT4/CORE4_174930/S23_CORR_vllmw/clock_anchors_client.json,216,cb276ac20d542f404608b9ed060de060cd4ff7d72b3226148b1cbf0d68cb8fe1,text,repo,True
eval/results/IDE_075_20260917/qwen/OPT4/CORE4_174930/S23_CORR_vllmw/costs_v2.log,410,31dbef0aa61154d03f49a580494e7f8bf48ad5a33df26efff95a801eef0c0d48,text,repo,True
eval/results/IDE_075_20260917/qwen/OPT4/CORE4_174930/S23_CORR_vllmw/cpu_timeseries.csv,120708,a7d6ef3640de5db6652d7f46cbce4759073b857a8b0a5e78eb9fccaecde8a055,text,repo,True
eval/results/IDE_075_20260917/qwen/OPT4/CORE4_174930/S23_CORR_vllmw/dependency_v2.log,1289,4d91e8eed031b1fc39fc5b07fafacd4a87b02d9744a537dd7befe0b0e57e7f52,text,repo,True
eval/results/IDE_075_20260917/qwen/OPT4/CORE4_174930/S23_CORR_vllmw/eager.log,742,36fcefe8ce811e82ac52d0e96f57bd78d2d8b878d8815c886bd8e83e15d2c61e,text,repo,True
eval/results/IDE_075_20260917/qwen/OPT4/CORE4_174930/S23_CORR_vllmw/gpu_layer_timeline_TP0.csv.gz,1230689,7864f1cb671fe8cbef2f5548d1cced4a5e106e3855480e695dfdb2bd86e7aaf2,text,repo,True
eval/results/IDE_075_20260917/qwen/OPT4/CORE4_174930/S23_CORR_vllmw/gpu_timeseries.csv,47846,2ca9b08b87704d473031c98d3c153621651e1edba773ae1c0aca5c2d965101bf,text,repo,True
eval/results/IDE_075_20260917/qwen/OPT4/CORE4_174930/S23_CORR_vllmw/memory_timeseries.csv,1567,a6e5a7ff76e5f5ab93c8646050572479a5d6131015044732f35d8081485c7502,text,repo,True
eval/results/IDE_075_20260917/qwen/OPT4/CORE4_174930/S23_CORR_vllmw/metrics.json,4012,b2d3d479175a02686b4ceb942b4e646c1d880105b1aa95ada7f1396329764ed4,text,repo,True
eval/results/IDE_075_20260917/qwen/OPT4/CORE4_174930/S23_CORR_vllmw/observer_config.json,162,5cb4d008dc8548522571cbd06898b1775f609104532d19f4e1414366236fb28d,text,repo,True
eval/results/IDE_075_20260917/qwen/OPT4/CORE4_174930/S23_CORR_vllmw/request_results.jsonl,24466,03d654acfe08a69c13bb912dbdf27308e71473a206e517b63a68ea55b42c95af,text,repo,True
eval/results/IDE_075_20260917/qwen/OPT4/CORE4_174930/S23_CORR_vllmw/requests.jsonl,29623,69f752353049bce7f1162f8195caff6100acc12fa5f4ff02f48ff8e880cd0877,text,repo,True
eval/results/IDE_075_20260917/qwen/OPT4/CORE4_174930/S23_CORR_vllmw/thread_affinity_start.json,134710,6fe625ab6bc1d3b51a5286af0a0bead67657fbf3f65ad1c25697e1cadd73e24d,text,repo,True
eval/results/IDE_075_20260917/qwen/OPT4/CORE4_174930/S23_CORR_vllmw/tp_collective.log,1006,acca38d0ee6973e730a7c4a54ff8c5c87d7e4aab1fac8b710a5ef18d72681733,text,repo,True
eval/results/IDE_075_20260917/qwen/OPT4/CORE4_174930/S23_CORR_vllmw/v2/dependency_summary_v2.json,22625,db150eec1f3500de5f5a6f968712f87e42637724850c07268e68866a1bc81e69,text,repo,True
eval/results/IDE_075_20260917/qwen/OPT4/CORE4_174930/S23_CORR_vllmw/v2/eager_layer_metrics.csv.gz,50954,4c4c139795320a71f0885284a4d0fcb000c662469a2e9c7433885fcab4f91853,text,repo,True
eval/results/IDE_075_20260917/qwen/OPT4/CORE4_174930/S23_CORR_vllmw/v2/eager_summary.json,6082,dee335f3b434dde7e0d52f93eee3e212b8b4f162d959a2cd652dd6cf1b1ddfe0,text,repo,True
eval/results/IDE_075_20260917/qwen/OPT4/CORE4_174930/S23_CORR_vllmw/v2/expert_cost_samples.csv.gz,831845,26bbff30e20801d7b1489728917fe0119dfbdcd96ca06d35869e7d1c88a435dd,text,repo,True
eval/results/IDE_075_20260917/qwen/OPT4/CORE4_174930/S23_CORR_vllmw/v2/fifo_casebook.md,4768,45944eb0b737fd6d060b55f61552e9057ee5469f2802662431e20e3aaa21d5bd,text,repo,True
eval/results/IDE_075_20260917/qwen/OPT4/CORE4_174930/S23_CORR_vllmw/v2/fifo_dependency_edges.csv.gz,200979,2cfb3caf5e79abd6c2e7e41511e9bac50ff6e629ab72499a89b98b19a552fb6f,text,repo,True
eval/results/IDE_075_20260917/qwen/OPT4/CORE4_174930/S23_CORR_vllmw/v2/missing_coverage_v2.csv,379,74303369a8e463f5d2f4b50cfb5bca9b9bc5de6fb636ddd7d9da7ca080b7f8ad,text,repo,True
eval/results/IDE_075_20260917/qwen/OPT4/CORE4_174930/S23_CORR_vllmw/v2/producer_consumer_metrics_v2.csv.gz,2806290,daca9efb9c7ebed87aed953207b6cedf78ef71377281b81a49b8be8f78f05185,text,repo,True
eval/results/IDE_075_20260917/qwen/OPT4/CORE4_174930/S23_CORR_vllmw/v2/producer_layer_costs.csv,29685,bc826233e7037bd2133bc1d8d35670cb704258d9f33718b434d64cf7866459c8,text,repo,True
eval/results/IDE_075_20260917/qwen/OPT4/CORE4_174930/S23_CORR_vllmw/v2/queue_wait_breakdown.csv.gz,361439,9bac32f5bdff6cf24fc9b5fb49e4333327cc71c9c33af3bf285970df7b3aadc1,text,repo,True
eval/results/IDE_075_20260917/qwen/OPT4/CORE4_174930/S23_CORR_vllmw/v2/tp_collective.csv.gz,1306669,2da6a42eb801ff28b192ddb2da6a5c91656afacc398c7b526d52cdcd93a063d5,text,repo,True
eval/results/IDE_075_20260917/qwen/OPT4/CORE4_174930/S23_CORR_vllmw/v2/tp_collective_summary.json,3388,06b59235e816f5d93d43c1fdab7e4cb652b08f29f7e5bd837b2d3aeefc9f0b9c,text,repo,True
eval/results/IDE_075_20260917/qwen/OPT4/CORE4_174930/S23_CORR_vllmw/v2/validation_results_v2.json,4130,8bb52c95ce8ae387becc4edf0e1daadf2716b860e5166a24fd939635619e13fd,text,repo,True
eval/results/IDE_075_20260917/qwen/OPT4/CORE4_174930/S23_CORR_vllmw/validate_v2.log,315,503410530df2df528b2a4ef9e1debbc680d0dfc966c7e0f6eda8747de29c2476,text,repo,True
eval/results/IDE_075_20260917/qwen/OPT4/CORE4_174930/S23_CORR_vllmw/window_events.jsonl,5020,81d7478a1b666abfbe3114d211607d197b5ee4ca301efed57553ab0e965fbfea,text,repo,True
eval/results/IDE_075_20260917/qwen/OPT4/CORE4_174930/S24_RESOURCE_vllmw/bench.stderr.log,693,7e522a8164a3abe67268238dcaadd82bdd85b17d81280ba3ae57ba7d7aa064b3,text,repo,True
eval/results/IDE_075_20260917/qwen/OPT4/CORE4_174930/S24_RESOURCE_vllmw/bench.stdout.log,6109,8e8bd093a0ca606055c161ac45c284a6be52aee838387bb55772ef17829f33ee,text,repo,True
eval/results/IDE_075_20260917/qwen/OPT4/CORE4_174930/S24_RESOURCE_vllmw/bench_cmd.sh,854,34f75c0a2aee7e832fd469cbc63f7a4a85a910654cba41a8c264e828535492d3,text,repo,True
eval/results/IDE_075_20260917/qwen/OPT4/CORE4_174930/S24_RESOURCE_vllmw/benchmark.raw.json,425196,85906776ee02c78b46298320980b939c01271d32d76b1576c78bc173721e7d4a,text,repo,True
eval/results/IDE_075_20260917/qwen/OPT4/CORE4_174930/S24_RESOURCE_vllmw/clock_anchors_client.json,217,8b2de1d24badc60b71d875dfc45ea60047f97c060418b6e7b3e1eb14a7bd574a,text,repo,True
eval/results/IDE_075_20260917/qwen/OPT4/CORE4_174930/S24_RESOURCE_vllmw/cpu_counter_intervals.csv,15950,47ca007ff7fbebffc14f56cb06002c0f9daa95b79b2e2b0066dce2fc6e7236f4,text,repo,True
eval/results/IDE_075_20260917/qwen/OPT4/CORE4_174930/S24_RESOURCE_vllmw/cpu_time_by_tid.csv,2610326,aecabd6b06a07886a94a9ed10a23c30f9e74247e48cc19de1c00598f4f562072,text,repo,True
eval/results/IDE_075_20260917/qwen/OPT4/CORE4_174930/S24_RESOURCE_vllmw/cpu_timeseries.csv,44813,77d9533ed91e3313c35556cd17d1442148e1038bec2da63f436d2dfe8c0d5f5c,text,repo,True
eval/results/IDE_075_20260917/qwen/OPT4/CORE4_174930/S24_RESOURCE_vllmw/gpu_timeseries.csv,16963,c05eed46b274ac18a986ca93517c8967eb026cc4eea295a69033fb6234507142,text,repo,True
eval/results/IDE_075_20260917/qwen/OPT4/CORE4_174930/S24_RESOURCE_vllmw/memory_timeseries.csv,607,132f6eb799548ff8f046603abbc68877d7dae1953f301a93d2a626aed6206528,text,repo,True
eval/results/IDE_075_20260917/qwen/OPT4/CORE4_174930/S24_RESOURCE_vllmw/metrics.json,4579,19805500a22987c68954a5d182e789a086d1d99358bc7d4a1354859ab8224483,text,repo,True
eval/results/IDE_075_20260917/qwen/OPT4/CORE4_174930/S24_RESOURCE_vllmw/observer_config.json,161,18d7a5ae0802ddc0b2e0457fb62be08d1609c640867d662f1392b22fc0ad08bb,text,repo,True
eval/results/IDE_075_20260917/qwen/OPT4/CORE4_174930/S24_RESOURCE_vllmw/pcm_memory.log,2063,61274cac6d73653bfed294e224516b5ca4c24592b68a069ee30c9c2e5357e90b,text,repo,True
eval/results/IDE_075_20260917/qwen/OPT4/CORE4_174930/S24_RESOURCE_vllmw/pcm_memory.raw.csv,31466,4188ed6635aca845030fc77b5216e732da2db418a40aac744dde76d6b1d47001,text,repo,True
eval/results/IDE_075_20260917/qwen/OPT4/CORE4_174930/S24_RESOURCE_vllmw/perf_stat.log,0,e3b0c44298fc1c149afbf4c8996fb92427ae41e4649b934ca495991b7852b855,text,repo,True
eval/results/IDE_075_20260917/qwen/OPT4/CORE4_174930/S24_RESOURCE_vllmw/request_results.jsonl,24466,90d53a78f39b14703e1d5baff75b91799d32f89108fa302c546e90a6efe237a1,text,repo,True
eval/results/IDE_075_20260917/qwen/OPT4/CORE4_174930/S24_RESOURCE_vllmw/requests.jsonl,29604,5c33e18221a772e37cce1c6a6c71f08477ed7247c1f5772d42cccd2197b8bdc0,text,repo,True
eval/results/IDE_075_20260917/qwen/OPT4/CORE4_174930/S24_RESOURCE_vllmw/resource_v2.log,176,b6991cf2b345315f0f1d12bba3939af062b187f0c18515d7e01a4a4979fc8a8a,text,repo,True
eval/results/IDE_075_20260917/qwen/OPT4/CORE4_174930/S24_RESOURCE_vllmw/thread_affinity_start.json,134710,22aeeecdacdfde9662f0402f5da255e6c116a923ed855c18d944272d16d87b3d,text,repo,True
eval/results/IDE_075_20260917/qwen/OPT4/CORE4_174930/S24_RESOURCE_vllmw/tid_cpu.log,199,faf2fc2049c21b164d4d7f0ed45427cd3f53c6a32724bd67ab90db49186659b3,text,repo,True
eval/results/IDE_075_20260917/qwen/OPT4/CORE4_174930/S24_RESOURCE_vllmw/v2/cpu_counter_windows.csv,4923,69c89c2961ff4442a636e1088e8fc19af5cd04faf7f59f799ecc4dbe01aee700,text,repo,True
eval/results/IDE_075_20260917/qwen/OPT4/CORE4_174930/S24_RESOURCE_vllmw/v2/cpu_time_by_role.json,1921,16fa8f7519e2b4a21fe9cc013ee98c2fe4dfd16851804674958a7e77b94d7e4e,text,repo,True
eval/results/IDE_075_20260917/qwen/OPT4/CORE4_174930/S24_RESOURCE_vllmw/v2/pcm_samples_v2.csv,7023,3701bf5a0e34d7a5f6dbc03be41d2cf50222c62afe26e1949d6dc46da1979671,text,repo,True
eval/results/IDE_075_20260917/qwen/OPT4/CORE4_174930/S24_RESOURCE_vllmw/v2/resource_summary.json,2371,b600aed993b39948d1bf8f0a69745786e9a074e5f54a332de5ae429e612647c6,text,repo,True
eval/results/IDE_075_20260917/qwen/OPT4/CORE4_174930/S24_RESOURCE_vllmw/v2/validation_results_v2.json,2194,2cc9cd3d4186d5913ecc161084b46e2d8e9dcfecea058a1f9cfc427f615e9c38,text,repo,True
eval/results/IDE_075_20260917/qwen/OPT4/CORE4_174930/S24_RESOURCE_vllmw/validate_v2.log,290,e75f5eb26d8131e3bc18bd858c56fda39b9211ae0c028719b1816c10a3a8e910,text,repo,True
eval/results/IDE_075_20260917/qwen/OPT4/CORE4_174930/S24_RESOURCE_vllmw/window_events.jsonl,6267,7a52ae779abb7bb1729f0cfbf3db107aa1733a88b801bbce4ef086d9af904bd0,text,repo,True
eval/results/IDE_075_20260917/qwen/OPT4/CORE4_174930/S25_FOCUS_vllmw/bench.stderr.log,693,3fcc3995e412db039b5a6b96d320fa9e1849e65b6ae4e48b422c193fca5fb4f3,text,repo,True
eval/results/IDE_075_20260917/qwen/OPT4/CORE4_174930/S25_FOCUS_vllmw/bench.stdout.log,6109,98cd78c8bb78932380584e6a7739a14e4853e24133d50f0859b14c68368e70af,text,repo,True
eval/results/IDE_075_20260917/qwen/OPT4/CORE4_174930/S25_FOCUS_vllmw/bench_cmd.sh,851,a64635cd8af025bbbfe1251d67c9a3228b554607892c6fbecd964d4f52c66bbe,text,repo,True
eval/results/IDE_075_20260917/qwen/OPT4/CORE4_174930/S25_FOCUS_vllmw/benchmark.raw.json,422360,9fdfd2e3f59198b10b9a2d78787328c8f8d532a66b727f6930ff23b506e6fe72,text,repo,True
eval/results/IDE_075_20260917/qwen/OPT4/CORE4_174930/S25_FOCUS_vllmw/clock_anchors.jsonl,165,c1a813fe146824e655b719a0528556f2740dd795c40c419b8b38356c151fa265,text,repo,True
eval/results/IDE_075_20260917/qwen/OPT4/CORE4_174930/S25_FOCUS_vllmw/clock_anchors_client.json,217,074f214522564047421b601d4ed04d78c4a33a2f9dad78656276582c7e84aa38,text,repo,True
eval/results/IDE_075_20260917/qwen/OPT4/CORE4_174930/S25_FOCUS_vllmw/cpu_time_by_tid.csv,4401577,dbb15a14a1bc7e2b13aaedc53c7170c5f2a835029494a21c3db4c445747d2468,text,repo,True
eval/results/IDE_075_20260917/qwen/OPT4/CORE4_174930/S25_FOCUS_vllmw/cpu_timeseries.csv,71242,60bde43468fe5f741f1717b0aa38d7b4a7c95f837ccedc11a4062045967a3248,text,repo,True
eval/results/IDE_075_20260917/qwen/OPT4/CORE4_174930/S25_FOCUS_vllmw/focus.log,1472,4b508dbece5a1207bdca0f17c45a15ae26aa19fb347d3cce8b2b96f555735fd6,text,repo,True
eval/results/IDE_075_20260917/qwen/OPT4/CORE4_174930/S25_FOCUS_vllmw/gpu_timeseries.csv,27253,f674f3a460fce70f511d31c6e4cb519b16caad67fdc18d947c84001bac0f0441,text,repo,True
eval/results/IDE_075_20260917/qwen/OPT4/CORE4_174930/S25_FOCUS_vllmw/memory_timeseries.csv,927,329a14c5b0de6a1412edbe26f5b53cafd2c205cea2ac4898683ac41e2724b91a,text,repo,True
eval/results/IDE_075_20260917/qwen/OPT4/CORE4_174930/S25_FOCUS_vllmw/metrics.json,3898,46deab5d758463b7c45c6bd46efbcaad1cae4b65638570dd3d77e454931bc6d9,text,repo,True
eval/results/IDE_075_20260917/qwen/OPT4/CORE4_174930/S25_FOCUS_vllmw/observer_config.json,163,73f45e465c6144afe1d3f0ca7cc81bba3c4dc95766bf74e3e1c93c426fa4fccf,text,repo,True
eval/results/IDE_075_20260917/qwen/OPT4/CORE4_174930/S25_FOCUS_vllmw/perf_sched.data,90378333,d2f7c7221892460804a7325523b4232a788fa828f32a0f0105933bde79b5e6ea,text,repo,False
eval/results/IDE_075_20260917/qwen/OPT4/CORE4_174930/S25_FOCUS_vllmw/perf_sched.log,362,288d355364f3c5fda5e0d060b2e41474e9912603ff7f5e7afc9a37914b418475,text,repo,True
eval/results/IDE_075_20260917/qwen/OPT4/CORE4_174930/S25_FOCUS_vllmw/perf_sched.txt,61754932,3d9e52e49f7037eda7daddf524e775d372784798bcb4c85343620a75b82f5509,text,repo,False
eval/results/IDE_075_20260917/qwen/OPT4/CORE4_174930/S25_FOCUS_vllmw/perf_script.err,130,52f7165be78172825adf8ef095b6aafd1ea7481aeb9729904d8020f6f045d336,text,repo,True
eval/results/IDE_075_20260917/qwen/OPT4/CORE4_174930/S25_FOCUS_vllmw/request_results.jsonl,24466,a5ea112a5b28f4966abff2ddf7a8a883f5f7be353c8c3704b1141e5b3f9bda7c,text,repo,True
eval/results/IDE_075_20260917/qwen/OPT4/CORE4_174930/S25_FOCUS_vllmw/requests.jsonl,29594,ddcc0a704ac6236a5e20aeccb861409deb4f5ede9701af4ae4acb2a8d7f87d20,text,repo,True
eval/results/IDE_075_20260917/qwen/OPT4/CORE4_174930/S25_FOCUS_vllmw/thread_affinity_start.json,134710,de3b1b7707773b986708c5bee76cfdd695121a6ecd09937394c6c0bb1316018e,text,repo,True
eval/results/IDE_075_20260917/qwen/OPT4/CORE4_174930/S25_FOCUS_vllmw/tid_cpu.log,199,85c96ec1dd54e84604eac7a69562684f49ccecb2bf4f4717d4831111800085e6,text,repo,True
eval/results/IDE_075_20260917/qwen/OPT4/CORE4_174930/S25_FOCUS_vllmw/v2/cpu_time_by_role.json,1924,f35daa66f8e298075d2c17d2259a4bfe392b9674a46bd3abcb30250ddd48572a,text,repo,True
eval/results/IDE_075_20260917/qwen/OPT4/CORE4_174930/S25_FOCUS_vllmw/v2/tail_offcpu.csv,8483,1a1b7d71981d1d73fe7acb1fde7f1073b7a01e32388c24f102fa269743c715b8,text,repo,True
eval/results/IDE_075_20260917/qwen/OPT4/CORE4_174930/S25_FOCUS_vllmw/v2/tail_offcpu_summary.json,1539,6187eedb636883298587a69b5114748d1586e0ae434338853359796995c022df,text,repo,True
eval/results/IDE_075_20260917/qwen/OPT4/CORE4_174930/S25_FOCUS_vllmw/v2/validation_results_v2.json,1817,a856016ebab3737ced86e8bfa9fd266ced7f66a68467abef11bff6f3ba0e9692,text,repo,True
eval/results/IDE_075_20260917/qwen/OPT4/CORE4_174930/S25_FOCUS_vllmw/validate_v2.log,202,d5d454adb010c5c719c88f5ca8192d0c5970ad19b5c0689e156381f04ec59b47,text,repo,True
eval/results/IDE_075_20260917/qwen/OPT4/CORE4_174930/S25_FOCUS_vllmw/window_events.jsonl,5602,dc2206e983ada8887b2c1f6777301b380098ee1fc7edbfe306990eb3cb003b47,text,repo,True
eval/results/IDE_075_20260917/qwen/OPT4/CORE4_174930/S26_C1_CORR_vllmw/bench.stderr.log,1456,dccd784bb852ad134bfc4c3afe0ec303478240ac66fe285ec2e924227d0e2aba,text,repo,True
eval/results/IDE_075_20260917/qwen/OPT4/CORE4_174930/S26_C1_CORR_vllmw/bench.stdout.log,6111,4c637fa6cf0936413d7eaf903e54db59b853f2a4b2ae35e5bb9d1449299e8746,text,repo,True
eval/results/IDE_075_20260917/qwen/OPT4/CORE4_174930/S26_C1_CORR_vllmw/bench_cmd.sh,856,ceaba566b266051d8a87e1776705cb1a03a187b2d9077904565401b03693f9fc,text,repo,True
eval/results/IDE_075_20260917/qwen/OPT4/CORE4_174930/S26_C1_CORR_vllmw/benchmark.raw.json,56234,2ca068bd4443f90e883deb75348b4c9e7b9955a88a7c5138598ce2ef94ca0e15,text,repo,True
eval/results/IDE_075_20260917/qwen/OPT4/CORE4_174930/S26_C1_CORR_vllmw/clock_anchors_client.json,217,70128d34dce562ca28a3e86605678822c606afd14688f4589562bc6a6605dbc9,text,repo,True
eval/results/IDE_075_20260917/qwen/OPT4/CORE4_174930/S26_C1_CORR_vllmw/costs_v2.log,395,7575a1d2a595bad94ea345043dc693d37125047418d4958943649dab541703a9,text,repo,True
eval/results/IDE_075_20260917/qwen/OPT4/CORE4_174930/S26_C1_CORR_vllmw/cpu_timeseries.csv,385850,f44390d83748651ca2eb6693859c9990ee0f3e4928cf5b9137b242c6cfe4b0da,text,repo,True
eval/results/IDE_075_20260917/qwen/OPT4/CORE4_174930/S26_C1_CORR_vllmw/dependency_v2.log,547,7fbad9bbc26ff312eff1dab10969f804d41f4b5550806caceab6478f8b42a869,text,repo,True
eval/results/IDE_075_20260917/qwen/OPT4/CORE4_174930/S26_C1_CORR_vllmw/eager.log,1133,b292fb6b3c2d3c95457b59db60850bb732998d8022bb1dffc97c8527922a01d8,text,repo,True
eval/results/IDE_075_20260917/qwen/OPT4/CORE4_174930/S26_C1_CORR_vllmw/gpu_layer_timeline_TP0.csv.gz,5961118,8d551883ce98dc6c5700383b4883a8ba5cbbf2cbe01eacbeb9928c347c9d2c71,text,repo,False
eval/results/IDE_075_20260917/qwen/OPT4/CORE4_174930/S26_C1_CORR_vllmw/gpu_timeseries.csv,157209,dbbc2280b47968dcebf5eebf9fddfad47927e5c4e6b016414c2a2d6d2b3d9dd1,text,repo,True
eval/results/IDE_075_20260917/qwen/OPT4/CORE4_174930/S26_C1_CORR_vllmw/memory_timeseries.csv,5087,5618a1528836779eda05fcf0e353aeaf63c55fb1977913d2a536c871ccb68d3b,text,repo,True
eval/results/IDE_075_20260917/qwen/OPT4/CORE4_174930/S26_C1_CORR_vllmw/metrics.json,4042,d870c47cc4930c62dd0bfb1de1db2fb1542f0426dc1d559b27ff5dd40201fbb1,text,repo,True
eval/results/IDE_075_20260917/qwen/OPT4/CORE4_174930/S26_C1_CORR_vllmw/observer_config.json,162,5cb4d008dc8548522571cbd06898b1775f609104532d19f4e1414366236fb28d,text,repo,True
eval/results/IDE_075_20260917/qwen/OPT4/CORE4_174930/S26_C1_CORR_vllmw/request_results.jsonl,3046,0fd5aac946b1bd113b2fc55afb7ebf419b6c8ba085b03177326b013b90cce813,text,repo,True
eval/results/IDE_075_20260917/qwen/OPT4/CORE4_174930/S26_C1_CORR_vllmw/requests.jsonl,3706,146b65b7d4aa7fc3a0d6e4619c6130300def01608996bcdb0cbfb4e12374a26d,text,repo,True
eval/results/IDE_075_20260917/qwen/OPT4/CORE4_174930/S26_C1_CORR_vllmw/thread_affinity_start.json,134710,e05294ecfa506b7f04069a47724cd2729db2b27869c830c0dbd6ff20e433ea32,text,repo,True
eval/results/IDE_075_20260917/qwen/OPT4/CORE4_174930/S26_C1_CORR_vllmw/tp_collective.log,341,fb305174fd0640dc6e540c48e7cd75f820c13b1b0d07d86030407f833fced2bd,text,repo,True
eval/results/IDE_075_20260917/qwen/OPT4/CORE4_174930/S26_C1_CORR_vllmw/v2/dependency_summary_v2.json,11423,9d2bb20c6b141467660b73e0578f919e7669e63581b81c875f28514360c05b6b,text,repo,True
eval/results/IDE_075_20260917/qwen/OPT4/CORE4_174930/S26_C1_CORR_vllmw/v2/eager_layer_metrics.csv.gz,67194,c555532e4eb4a76750273f3766becae8da669e075848e6bdb3bd82bea0c33cf7,text,repo,True
eval/results/IDE_075_20260917/qwen/OPT4/CORE4_174930/S26_C1_CORR_vllmw/v2/eager_summary.json,9879,dab4a056ed59f2b0ce9a8ca05effa216615ed9600a99e96530d81f3ab75b5dc7,text,repo,True
eval/results/IDE_075_20260917/qwen/OPT4/CORE4_174930/S26_C1_CORR_vllmw/v2/expert_cost_samples.csv.gz,1984951,ffbdcb0dd2fa55e430f908c8c2b538eaefb7b7ee928dccd23497c7d13fd8b155,text,repo,True
eval/results/IDE_075_20260917/qwen/OPT4/CORE4_174930/S26_C1_CORR_vllmw/v2/fifo_casebook.md,2108,0ff30c913d146d96b552c7bbb37c5687ed36f9d250c7d5d4c431d0f8fbe7593a,text,repo,True
eval/results/IDE_075_20260917/qwen/OPT4/CORE4_174930/S26_C1_CORR_vllmw/v2/fifo_dependency_edges.csv.gz,135765,5eeab2fc93b954022b77d989ab7518f5b8a23c5f79073ab3d01ea2b9930af8bd,text,repo,True
eval/results/IDE_075_20260917/qwen/OPT4/CORE4_174930/S26_C1_CORR_vllmw/v2/missing_coverage_v2.csv,110,195362d70fdbe24ed3fa5002da250f5a13a1b480bf0c6017b32bbd750a0a700a,text,repo,True
eval/results/IDE_075_20260917/qwen/OPT4/CORE4_174930/S26_C1_CORR_vllmw/v2/producer_consumer_metrics_v2.csv.gz,10923755,7b05dd776e4220daca2d55b9be3e5b229ef27cc27a0801f0ca6e5e7aa1b7f04f,text,repo,False
eval/results/IDE_075_20260917/qwen/OPT4/CORE4_174930/S26_C1_CORR_vllmw/v2/producer_layer_costs.csv,14863,3da666beb51f60bd66e7a139666246ae6dc73f8b7a4d74198a68a22eca707243,text,repo,True
eval/results/IDE_075_20260917/qwen/OPT4/CORE4_174930/S26_C1_CORR_vllmw/v2/queue_wait_breakdown.csv.gz,299294,09aee00d7d15541756d18ba12bf0cb9038ab3e940a967df6551bb4145097403e,text,repo,True
eval/results/IDE_075_20260917/qwen/OPT4/CORE4_174930/S26_C1_CORR_vllmw/v2/tp_collective.csv.gz,6519656,bdbad8323baa13a9a0526561064f28096d6b1d7e46663892bccd87f1d0d50135,text,repo,False
eval/results/IDE_075_20260917/qwen/OPT4/CORE4_174930/S26_C1_CORR_vllmw/v2/tp_collective_summary.json,1350,bda21dea7b8660ade70a646f6da17da0c08e32fd7840f79c0977861d7889d621,text,repo,True
eval/results/IDE_075_20260917/qwen/OPT4/CORE4_174930/S26_C1_CORR_vllmw/v2/validation_results_v2.json,3319,460eaf5303646ba7f4dd889e98a08df473c715d8f0d64bde4a6c07fe23d002ef,text,repo,True
eval/results/IDE_075_20260917/qwen/OPT4/CORE4_174930/S26_C1_CORR_vllmw/validate_v2.log,315,5824667bbc90aa0a68f3cfb764fc1b57929690cc63b20f15ea0c211914edb890,text,repo,True
eval/results/IDE_075_20260917/qwen/OPT4/CORE4_174930/S26_C1_CORR_vllmw/window_events.jsonl,5024,c6f9ee6ed26018845792d29eb478a5bc038607e11e0f4ac2d6c68ce054daa313,text,repo,True
eval/results/IDE_075_20260917/qwen/OPT4/CORE4_174930/S27_LONG_CORR_vllmw/bench.stderr.log,739,22c14d4ae5cf76756023e690e4a2632698b702e7e060bdae0793fce1309cf42e,text,repo,True
eval/results/IDE_075_20260917/qwen/OPT4/CORE4_174930/S27_LONG_CORR_vllmw/bench.stdout.log,6110,73b9a03a88adad3a9ae5c477f2e71bf72e1df75b476d1e63e11a3f4617f53e56,text,repo,True
eval/results/IDE_075_20260917/qwen/OPT4/CORE4_174930/S27_LONG_CORR_vllmw/bench_cmd.sh,857,a13110e80a1c7fefba91984c87630eb87b6a9f876f3ef173039509d6100c9003,text,repo,True
eval/results/IDE_075_20260917/qwen/OPT4/CORE4_174930/S27_LONG_CORR_vllmw/benchmark.raw.json,109018,c6ac91c4760dbf57909c56fb38976c5bd72d6c92c3cf1270df78afdfcb65673e,text,repo,True
eval/results/IDE_075_20260917/qwen/OPT4/CORE4_174930/S27_LONG_CORR_vllmw/clock_anchors_client.json,217,3892b7e2cfec8fa5e2f60f179db203dc0b7df030584cdff6454f4388403ce490,text,repo,True
eval/results/IDE_075_20260917/qwen/OPT4/CORE4_174930/S27_LONG_CORR_vllmw/costs_v2.log,401,b57e05c32173580750692507dc2134bfb636d4ed40352da20ad72f0b8609ad23,text,repo,True
eval/results/IDE_075_20260917/qwen/OPT4/CORE4_174930/S27_LONG_CORR_vllmw/cpu_timeseries.csv,146802,478ad8a34fb07c84243ba30b481306f7acccebc0e90e15b73b38c785769d5b9d,text,repo,True
eval/results/IDE_075_20260917/qwen/OPT4/CORE4_174930/S27_LONG_CORR_vllmw/dependency_v2.log,838,89742e3832ab85fa10704a07b10c67de0beae18cbaaca30733ae04bc2c71f274,text,repo,True
eval/results/IDE_075_20260917/qwen/OPT4/CORE4_174930/S27_LONG_CORR_vllmw/eager.log,928,ff39d66a2878008172b4c8e4b657fc279e9521c7a60524c38c79e5a5b49b8c35,text,repo,True
eval/results/IDE_075_20260917/qwen/OPT4/CORE4_174930/S27_LONG_CORR_vllmw/gpu_layer_timeline_TP0.csv.gz,1568275,d8a801a1a45e9db1c7cdc779262d4154e2ca9cd24083256d0117c663edb36e39,text,repo,True
eval/results/IDE_075_20260917/qwen/OPT4/CORE4_174930/S27_LONG_CORR_vllmw/gpu_timeseries.csv,58954,04fd607389b0ce543ff24e1c7b435388f730f1351924e0763094abc55b06c714,text,repo,True
eval/results/IDE_075_20260917/qwen/OPT4/CORE4_174930/S27_LONG_CORR_vllmw/memory_timeseries.csv,1951,4365d34797ba81db89e3e4ba48bcf7a68705463cc8208a94add3d17e325b5aa8,text,repo,True
eval/results/IDE_075_20260917/qwen/OPT4/CORE4_174930/S27_LONG_CORR_vllmw/metrics.json,4049,ef56b8ec33e4a8fab0695ead79355a6ff9667a46cb3cf25c2534d204864b880c,text,repo,True
eval/results/IDE_075_20260917/qwen/OPT4/CORE4_174930/S27_LONG_CORR_vllmw/observer_config.json,162,5cb4d008dc8548522571cbd06898b1775f609104532d19f4e1414366236fb28d,text,repo,True
eval/results/IDE_075_20260917/qwen/OPT4/CORE4_174930/S27_LONG_CORR_vllmw/request_results.jsonl,6102,de81b407ec511b3add34a1fecc2e2b9735c0f5c3446336bae5b2c8a1455c4ad1,text,repo,True
eval/results/IDE_075_20260917/qwen/OPT4/CORE4_174930/S27_LONG_CORR_vllmw/requests.jsonl,7429,d73f8c06328947605b00e94b30f0e33568f13626946e8b07ba553b6968cad37d,text,repo,True
eval/results/IDE_075_20260917/qwen/OPT4/CORE4_174930/S27_LONG_CORR_vllmw/thread_affinity_start.json,134710,20d3f54ad63c335423f9ab39e921c782de58cd21b7aa5475e3854de12dd56155,text,repo,True
eval/results/IDE_075_20260917/qwen/OPT4/CORE4_174930/S27_LONG_CORR_vllmw/tp_collective.log,370,5beafb4110edcea31100b7efcba8b1b92b868af4a679024335b70e20245dacff,text,repo,True
eval/results/IDE_075_20260917/qwen/OPT4/CORE4_174930/S27_LONG_CORR_vllmw/v2/dependency_summary_v2.json,11717,03d1cabba8a0098885e3aae75a4f940459df82add614fac34a0b79000a9ebba6,text,repo,True
eval/results/IDE_075_20260917/qwen/OPT4/CORE4_174930/S27_LONG_CORR_vllmw/v2/eager_layer_metrics.csv.gz,96778,fef56dc3b6416dc09d597072ba6f4653889acc60a7156748bcd2864ca83a71c0,text,repo,True
eval/results/IDE_075_20260917/qwen/OPT4/CORE4_174930/S27_LONG_CORR_vllmw/v2/eager_summary.json,7208,d1517a393c157603f1df1048d6de74a0890dbb967ed015af6dfe7f7c68847128,text,repo,True
eval/results/IDE_075_20260917/qwen/OPT4/CORE4_174930/S27_LONG_CORR_vllmw/v2/expert_cost_samples.csv.gz,871817,fbebd0c9c4bbfe638ad351fd294c84d94b60e3c589f75424495498a3bcbe057f,text,repo,True
eval/results/IDE_075_20260917/qwen/OPT4/CORE4_174930/S27_LONG_CORR_vllmw/v2/fifo_casebook.md,2073,561e0f71e7c0a8ee60f7acd4cde8297ed363a96969f5a4c5826e5733994a789b,text,repo,True
eval/results/IDE_075_20260917/qwen/OPT4/CORE4_174930/S27_LONG_CORR_vllmw/v2/fifo_dependency_edges.csv.gz,158061,7cdfec26f09ae88e89cb05e10107202134114a12dce4635cc878a640ef101236,text,repo,True
eval/results/IDE_075_20260917/qwen/OPT4/CORE4_174930/S27_LONG_CORR_vllmw/v2/missing_coverage_v2.csv,381,0f677046556d95f335292d7c9306fa0226f8e110919c22f752600602b9a91280,text,repo,True
eval/results/IDE_075_20260917/qwen/OPT4/CORE4_174930/S27_LONG_CORR_vllmw/v2/producer_consumer_metrics_v2.csv.gz,3373898,2b2022b0e7a4c8562d626942b8ac3925f10d11edee5ae46538c0714c4e6e500f,text,repo,True
eval/results/IDE_075_20260917/qwen/OPT4/CORE4_174930/S27_LONG_CORR_vllmw/v2/producer_layer_costs.csv,15238,fbb1015d1708d55e26987084bf6cf1981d68551d2b625b1393215fe55cd07041,text,repo,True
eval/results/IDE_075_20260917/qwen/OPT4/CORE4_174930/S27_LONG_CORR_vllmw/v2/queue_wait_breakdown.csv.gz,345994,d0e146b17cae81a40da73e3e14e2a562e092ff0bff85d798968386a28373efe6,text,repo,True
eval/results/IDE_075_20260917/qwen/OPT4/CORE4_174930/S27_LONG_CORR_vllmw/v2/tp_collective.csv.gz,1690076,333afc08f5f325a618cb2243e6d6d222aaccd0d300fd605816c0ec6b63b06e37,text,repo,True
eval/results/IDE_075_20260917/qwen/OPT4/CORE4_174930/S27_LONG_CORR_vllmw/v2/tp_collective_summary.json,1396,ffe98c70a2601e10bc2268e388310064515dea399501d57fb3200daef93ee7ce,text,repo,True
eval/results/IDE_075_20260917/qwen/OPT4/CORE4_174930/S27_LONG_CORR_vllmw/v2/validation_results_v2.json,3671,48c5180e40cff5e64b1097d7282a2463aacf872d872cf803aaf4bb4ae9dd94b3,text,repo,True
eval/results/IDE_075_20260917/qwen/OPT4/CORE4_174930/S27_LONG_CORR_vllmw/validate_v2.log,315,5824667bbc90aa0a68f3cfb764fc1b57929690cc63b20f15ea0c211914edb890,text,repo,True
eval/results/IDE_075_20260917/qwen/OPT4/CORE4_174930/S27_LONG_CORR_vllmw/window_events.jsonl,5026,a466ce78e445f3a59365adf7ddf15e2c2d9dc053c9d4967568da18519c5be8f8,text,repo,True
eval/results/IDE_075_20260917/qwen/OPT4/CORE4_174930/expert_rows_samples.csv.gz,213675,8c00fe47c3a44f646b77dcec51859a32dadc4df5b0761de15d0f4e99a2a4eaf5,text,repo,True
eval/results/IDE_075_20260917/qwen/OPT4/CORE4_174930/expert_rows_summary.json,2858,61551bb5672f33df0e9d1e513dcbd61cc20aa468d98555b89352c9fb1e631476,text,repo,True
eval/results/IDE_075_20260917/qwen/OPT4/CORE4_174930/expert_samples.log,147,769ba386edc69285681022fdab3a70c423fbc71d726b0121c237bf4db2b13f3d,text,repo,True
eval/results/IDE_075_20260917/qwen/OPT4/CORE4_174930/launch_cmd.sh,1039,85efd89462d27ac07f63ecf582bd4e5da70f1d134ca5d8d0a35f1f99e7308729,text,repo,True
eval/results/IDE_075_20260917/qwen/OPT4/CORE4_174930/requested_config.json,1421,971a641cf79a1e6ef596ec639c03b64cd336b6a66d8564bce0eb8486dad54722,text,repo,True
eval/results/IDE_075_20260917/qwen/OPT4/CORE4_174930/runtime_proofs.json,2767,0625023fd21e62a0ff1918c568aebd7ace4f801b53f13b44cb0ac70d146cd423,text,repo,True
eval/results/IDE_075_20260917/qwen/OPT4/CORE4_174930/server.full.log.gz,19290,cf8696ffa83decc3ee7f127d35cf6b9ee862c7e48b213aaf3338f51eeaf4b133,text,repo,True
eval/results/IDE_075_20260917/qwen/OPT4/CORE4_174930/server_info.json,37846,898e5f1ba294025f5a2d919c267594bb5a816df9daf9339433829b70941f19c6,text,repo,True
eval/results/IDE_075_20260917/qwen/OPT4/CORE4_174930/smoke_greedy4.json,1387,37f2f24fa7611d5e0ba33eb35a9384e3fdb3435ebde508308db1c45a8fb68f2b,text,repo,True
eval/results/IDE_075_20260917/qwen/OPT4/CORE4_174930/thread_affinity.json,134510,f16f1cb9f77198e5c6923431a4a9d119ea3d3dcc14febc0a9d1e209e675a6ff4,text,repo,True
eval/results/IDE_075_20260917/qwen/OPT4/CORE4_174930/thread_role_map.csv,211556,1d897cb25c2bb95cb66700ccf9474eac1805799fa01995cb3745db136bd05a16,text,repo,True
eval/results/IDE_075_20260917/qwen/OPT4/CORE4_174930/warmup/bench.stderr.log,622,43aae491661fb67e4525a3ff4b8f88c10b7ae3831c47a092848361587bf03a5c,text,repo,True
eval/results/IDE_075_20260917/qwen/OPT4/CORE4_174930/warmup/bench.stdout.log,6300,ad7eacb5cd1ebed69e1a1552e262c35191a458ae3ea5f5fc4ee209a9979b1fd9,text,repo,True
eval/results/IDE_075_20260917/qwen/OPT4/CORE4_174930/warmup/bench_cmd.sh,736,4de507dac17924ad3d554040aa69679a654a5518047e0aff22673aef8c962403,text,repo,True
eval/results/IDE_075_20260917/qwen/OPT4/CORE4_174930/warmup/benchmark.raw.json,109380,6fc5e42c72ac1300af06fbb79e3f175a086766f299d64040fc8a3cbb7f2306be,text,repo,True
eval/results/IDE_075_20260917/qwen/OPT4/CORE4_174930/warmup/requests.jsonl,7411,b42acd3819ab95b8c40a4b11d4267127ce184fa7ae45b5a03cf5c2b054b6ec56,text,repo,True
eval/results/IDE_075_20260917/qwen/OPT4/CORE_152703/expert_samples.log,14,3f001b316633c8d759e69c0470a39b64606280763983c2a7a6ed952a7ee56cc5,text,repo,True
eval/results/IDE_075_20260917/qwen/OPT4/CORE_152703/launch_cmd.sh,1037,f6284994e6b1c21aecfb4a75539ba7921f6a2baeaf428d58c538969a8da7e7a3,text,repo,True
eval/results/IDE_075_20260917/qwen/OPT4/CORE_153555/S2_CORE/bench.stderr.log,693,bdaf03e3d185565ea563d19b655b180027f5d77a19528fe2d2fe1bdf8621de76,text,repo,True
eval/results/IDE_075_20260917/qwen/OPT4/CORE_153555/S2_CORE/bench.stdout.log,6309,389a884a202070136acbe46b36206159671318141a4b87fc3ed218cf64833d0c,text,repo,True
eval/results/IDE_075_20260917/qwen/OPT4/CORE_153555/S2_CORE/bench_cmd.sh,745,e7526e85c915d9ef964ecb9e7b9b0bbad576e63263db4a535fbf2afc1782ec87,text,repo,True
eval/results/IDE_075_20260917/qwen/OPT4/CORE_153555/S2_CORE/benchmark.raw.json,424178,1ff252411c599cd887c4d329ddcc07fbd5f7e167e3a6283c7f4db5910f48a552,text,repo,True
eval/results/IDE_075_20260917/qwen/OPT4/CORE_153555/S2_CORE/cpu_timeseries.csv,41464,3da08e89b0a4cc3333048ade5c70123b93883fb8a47f96a40b67c80adfd4d56c,text,repo,True
eval/results/IDE_075_20260917/qwen/OPT4/CORE_153555/S2_CORE/gpu_timeseries.csv,15375,de98166a1cc726e47afce199628beb774e8f7fdbe75d8869084014354c2dd376,text,repo,True
eval/results/IDE_075_20260917/qwen/OPT4/CORE_153555/S2_CORE/memory_timeseries.csv,543,7b8058ecc1fbbac763b82420c7ce2d6b8ac48bd4b85e8672dbc077276234ac66,text,repo,True
eval/results/IDE_075_20260917/qwen/OPT4/CORE_153555/S2_CORE/metrics.json,2790,50f2c5e8ccd5f993e0fa956b1b2f05fa342a632687932b007492133fed074223,text,repo,True
eval/results/IDE_075_20260917/qwen/OPT4/CORE_153555/S2_CORE/observer_config.json,163,73f45e465c6144afe1d3f0ca7cc81bba3c4dc95766bf74e3e1c93c426fa4fccf,text,repo,True
eval/results/IDE_075_20260917/qwen/OPT4/CORE_153555/S2_CORE/requests.jsonl,29625,0b93de1c6f5a3d0461c9897efb7df1c888e7a11de136f0b8dc05217426a25560,text,repo,True
eval/results/IDE_075_20260917/qwen/OPT4/CORE_153555/S2_CORE/thread_affinity_start.json,134714,f21720d5debf38a4e1f1168698df7c952d7e50bb90169155c808cdda8d232667,text,repo,True
eval/results/IDE_075_20260917/qwen/OPT4/CORE_153555/S2_CORE/v2/validation_results_v2.json,1726,7f54fae96ec077e4a23ea0cad60d52571656197583bb6113a4df2f9aced712fe,text,repo,True
eval/results/IDE_075_20260917/qwen/OPT4/CORE_153555/S2_CORE/validate_v2.log,202,d5d454adb010c5c719c88f5ca8192d0c5970ad19b5c0689e156381f04ec59b47,text,repo,True
eval/results/IDE_075_20260917/qwen/OPT4/CORE_153555/S2_CORE/window_events.jsonl,3117,e2a2f3b603504b233ee06b8ed7857cbcd418f3ebac7ccb299c4a206fabdb5efd,text,repo,True
eval/results/IDE_075_20260917/qwen/OPT4/CORE_153555/S3_CORR/bench.stderr.log,693,8f8db062bbdf670d09c269efc8a7c16920e31d834dcd314ea3285a9b7b25f229,text,repo,True
eval/results/IDE_075_20260917/qwen/OPT4/CORE_153555/S3_CORR/bench.stdout.log,6309,ade98b7d148a3a91ccf5f702a1bbeeefb340f1d3e6f7d31aa2dc47d9bba222ff,text,repo,True
eval/results/IDE_075_20260917/qwen/OPT4/CORE_153555/S3_CORR/bench_cmd.sh,745,4998ca3f38100b0d998039d5e62169020f6f4c3a3baf2a0f3c5cf25cc65136ca,text,repo,True
eval/results/IDE_075_20260917/qwen/OPT4/CORE_153555/S3_CORR/benchmark.raw.json,425493,cb38aefc86481618aa8cf449f3c8e05e3924260ba3674f7f4305a4fa120a7a6d,text,repo,True
eval/results/IDE_075_20260917/qwen/OPT4/CORE_153555/S3_CORR/costs_v2.log,411,45b4a3aa307ec8c46bdc109e64c60a5d41f4f7a6e1dc8cfeeffad65ce2156a27,text,repo,True
eval/results/IDE_075_20260917/qwen/OPT4/CORE_153555/S3_CORR/cpu_timeseries.csv,118262,48c3eaf618ca2a9c83cf44de130b133f5ce5c3be745f4c0a69325e0d75309e04,text,repo,True
eval/results/IDE_075_20260917/qwen/OPT4/CORE_153555/S3_CORR/dependency_v2.log,1230,cfd164d5001876b781b515ba879f26d90d4d2b6bdbca41a36194580ee9018d13,text,repo,True
eval/results/IDE_075_20260917/qwen/OPT4/CORE_153555/S3_CORR/eager.log,722,ef618fc30466594036c7aa3aaeab1c27178b1cd56b454eb3bb97948e03f2378f,text,repo,True
eval/results/IDE_075_20260917/qwen/OPT4/CORE_153555/S3_CORR/gpu_layer_timeline_TP0.csv.gz,1227056,26a24d6f8d306cb4e9fdf9e36234fdb32b2cde990a4fe4443c94cacb053a3288,text,repo,True
eval/results/IDE_075_20260917/qwen/OPT4/CORE_153555/S3_CORR/gpu_timeseries.csv,47058,8133db19a6c36f760f6b8ce24cf19ae47fd595ffd02a0960c1837b558c727fc0,text,repo,True
eval/results/IDE_075_20260917/qwen/OPT4/CORE_153555/S3_CORR/memory_timeseries.csv,1567,608bb58e8806f4a33cd5e4943c2599fe0dba2844d796b9648cf526d504549627,text,repo,True
eval/results/IDE_075_20260917/qwen/OPT4/CORE_153555/S3_CORR/metrics.json,3951,6a10db480329985fbb261898006e0a94c9cdb142abb7f10bf037b187001b6a3d,text,repo,True
eval/results/IDE_075_20260917/qwen/OPT4/CORE_153555/S3_CORR/observer_config.json,162,5cb4d008dc8548522571cbd06898b1775f609104532d19f4e1414366236fb28d,text,repo,True
eval/results/IDE_075_20260917/qwen/OPT4/CORE_153555/S3_CORR/requests.jsonl,29637,d8e7ce77a03154c996b0a88b2b0133c983ba522bd8d4b83e0a35241366010d5d,text,repo,True
eval/results/IDE_075_20260917/qwen/OPT4/CORE_153555/S3_CORR/thread_affinity_start.json,134713,0e5b4321f3c43c2ad565ae9d7acacba25858f724c9d6c20670a046ab3e6859bc,text,repo,True
eval/results/IDE_075_20260917/qwen/OPT4/CORE_153555/S3_CORR/tp_collective.log,671,5ad543c2d999c5accd69779c0ccfcbda10a3ffa9b25242f2a77499859460d21e,text,repo,True
eval/results/IDE_075_20260917/qwen/OPT4/CORE_153555/S3_CORR/v2/dependency_summary_v2.json,22242,ae63e0f524afdd713b7d314ded31a27f035a1369fd0b39fd87c7c30f19bc24c4,text,repo,True
eval/results/IDE_075_20260917/qwen/OPT4/CORE_153555/S3_CORR/v2/eager_layer_metrics.csv.gz,51142,3aeceebb31df36485a717bb95db917634b22569a704fb03237d84f06b2ff1c7e,text,repo,True
eval/results/IDE_075_20260917/qwen/OPT4/CORE_153555/S3_CORR/v2/eager_summary.json,6059,001fd8d25df61bb6a0b73f50a5823f23c16fefba46c7c07d3d33a10135185e35,text,repo,True
eval/results/IDE_075_20260917/qwen/OPT4/CORE_153555/S3_CORR/v2/expert_cost_samples.csv.gz,823203,8927542b1a34773c2ac0daeb9a8427d93151abfffe006fb2072008d58a696170,text,repo,True
eval/results/IDE_075_20260917/qwen/OPT4/CORE_153555/S3_CORR/v2/fifo_casebook.md,4876,da31364ba0e3431c8ecf22fcac7c78cf25dc4f40aec42bae7dc82beef558db8b,text,repo,True
eval/results/IDE_075_20260917/qwen/OPT4/CORE_153555/S3_CORR/v2/fifo_dependency_edges.csv.gz,195054,52235f1078118e33925844199a0a569abf7044af415121bbda9f2398356c3c17,text,repo,True
eval/results/IDE_075_20260917/qwen/OPT4/CORE_153555/S3_CORR/v2/missing_coverage_v2.csv,76,8945a56f3e80546067b8e5b905cb171032d1dd1bb6ef945e5bb6101e57c2a6cd,text,repo,True
eval/results/IDE_075_20260917/qwen/OPT4/CORE_153555/S3_CORR/v2/producer_consumer_metrics_v2.csv.gz,2820481,00fcfd49b52f8132c9ed36423031e53e1b6da9b007161939ed5d731817dc1d29,text,repo,True
eval/results/IDE_075_20260917/qwen/OPT4/CORE_153555/S3_CORR/v2/producer_layer_costs.csv,29061,85f06a81dc0078762776c9f4335a3f05fe6f9ee05015efc5fc4c2eaa5937e41e,text,repo,True
eval/results/IDE_075_20260917/qwen/OPT4/CORE_153555/S3_CORR/v2/queue_wait_breakdown.csv.gz,340307,3b2254dd0b77a185f05b7999942f9cc390af85367b15d0d19d1fb6f18d442a80,text,repo,True
eval/results/IDE_075_20260917/qwen/OPT4/CORE_153555/S3_CORR/v2/tp_collective.csv.gz,1315457,f5e8eb5b17514a0d25b8793e9345d3df1fa0d12576be563b8ea127afbb4e4f1b,text,repo,True
eval/results/IDE_075_20260917/qwen/OPT4/CORE_153555/S3_CORR/v2/tp_collective_summary.json,2351,cc663363dc3618cda9ad34d7d464700841effa984bbe3dcc6a40f7ba95e6ea50,text,repo,True
eval/results/IDE_075_20260917/qwen/OPT4/CORE_153555/S3_CORR/v2/validation_results_v2.json,3612,9d806d97542065f1cc2205f543cd04e45b5fb84269508a962132614fe517506a,text,repo,True
eval/results/IDE_075_20260917/qwen/OPT4/CORE_153555/S3_CORR/validate_v2.log,315,503410530df2df528b2a4ef9e1debbc680d0dfc966c7e0f6eda8747de29c2476,text,repo,True
eval/results/IDE_075_20260917/qwen/OPT4/CORE_153555/S3_CORR/window_events.jsonl,3815,cb1ab776a3f1fd57e201d54d22ca51c7d2fcf8a20073e36d881b4fc0e8b18abf,text,repo,True
eval/results/IDE_075_20260917/qwen/OPT4/CORE_153555/S4_CORR/bench.stderr.log,693,def599e6baf519622337ccd36032112d49db8190c0a3cb5758fdffaf4c148109,text,repo,True
eval/results/IDE_075_20260917/qwen/OPT4/CORE_153555/S4_CORR/bench.stdout.log,6309,fc280277aaa81352e3ab79dc1e26ed70c971cf967f36825683a419542024a344,text,repo,True
eval/results/IDE_075_20260917/qwen/OPT4/CORE_153555/S4_CORR/bench_cmd.sh,745,e9709c0ec6ebec15eaf7fde1e471b6e653bdeb63f325748b68ec239e2fbd4997,text,repo,True
eval/results/IDE_075_20260917/qwen/OPT4/CORE_153555/S4_CORR/benchmark.raw.json,424134,15ba51c83c012a0780adf40eb526b4cf8318738dcf2d47da6a6b8f7be8299134,text,repo,True
eval/results/IDE_075_20260917/qwen/OPT4/CORE_153555/S4_CORR/costs_v2.log,410,fbaa16dfa4288d11b641b5234d4b2e5ab6f6a939d4f12806185cbb3ea1627dcb,text,repo,True
eval/results/IDE_075_20260917/qwen/OPT4/CORE_153555/S4_CORR/cpu_timeseries.csv,118162,8f8db90eab1c59992470c4cdd89dbaa802d7b95df92af14703d10c0c5e8ae10c,text,repo,True
eval/results/IDE_075_20260917/qwen/OPT4/CORE_153555/S4_CORR/dependency_v2.log,1232,d8a2d49ec50b51e32d28a7d2013958df38cfde1c072850eb8a675a53b6904d82,text,repo,True
eval/results/IDE_075_20260917/qwen/OPT4/CORE_153555/S4_CORR/eager.log,726,ee7fd56bb2fa2fec4c5d6d1884eceeac0936c1e2a57f989feec6b8bb1577cc6b,text,repo,True
eval/results/IDE_075_20260917/qwen/OPT4/CORE_153555/S4_CORR/gpu_layer_timeline_TP0.csv.gz,1227776,07f719280f20f4b0f006b92b046c654729fe5e918828a6b3079f0022720b8b90,text,repo,True
eval/results/IDE_075_20260917/qwen/OPT4/CORE_153555/S4_CORR/gpu_timeseries.csv,47059,4e91a5b5b3dc7d80c980eab67e8b6a7f80d46bbb5675fcc9afbe65467f0c09b6,text,repo,True
eval/results/IDE_075_20260917/qwen/OPT4/CORE_153555/S4_CORR/memory_timeseries.csv,1567,93268d1163490878f5ed36baafede5a46d6b867348c00b03073e73224fbe44f2,text,repo,True
eval/results/IDE_075_20260917/qwen/OPT4/CORE_153555/S4_CORR/metrics.json,3944,91b15b8eb3a95b66439acd3027888eb35f397dbe73c73249a5da63518c752153,text,repo,True
eval/results/IDE_075_20260917/qwen/OPT4/CORE_153555/S4_CORR/observer_config.json,162,5cb4d008dc8548522571cbd06898b1775f609104532d19f4e1414366236fb28d,text,repo,True
eval/results/IDE_075_20260917/qwen/OPT4/CORE_153555/S4_CORR/requests.jsonl,29622,2c398a15b98fada47e76c273cf5f3cc80b13f4ef84cc1b12049d26580632af0e,text,repo,True
eval/results/IDE_075_20260917/qwen/OPT4/CORE_153555/S4_CORR/thread_affinity_start.json,136047,f2950f8b8b5c4c883bb1eb2672a6dd55a999de774737920bad7dda2d90e994fc,text,repo,True
eval/results/IDE_075_20260917/qwen/OPT4/CORE_153555/S4_CORR/tp_collective.log,670,fd7df4707afe4dd9119a7cb011f4b78da0b77d758119ab2c4c7d2cc34257054d,text,repo,True
eval/results/IDE_075_20260917/qwen/OPT4/CORE_153555/S4_CORR/v2/dependency_summary_v2.json,22039,6ba58e75f5636511666bcdfc374c4449920781cdaada25789b51c34faa6b1651,text,repo,True
eval/results/IDE_075_20260917/qwen/OPT4/CORE_153555/S4_CORR/v2/eager_layer_metrics.csv.gz,50974,da8cf13a67b30016046e1f16c38125f0df17f76e85d36fab70aa7e1794a42cc8,text,repo,True
eval/results/IDE_075_20260917/qwen/OPT4/CORE_153555/S4_CORR/v2/eager_summary.json,6071,ff630a3370170be52cc0e30c59510667599add4b7906fa331f168a1892b083de,text,repo,True
eval/results/IDE_075_20260917/qwen/OPT4/CORE_153555/S4_CORR/v2/expert_cost_samples.csv.gz,827142,e1f4be05a42391c1847ee0ee6730e470b9593d79f342201cadb19923e3d1a440,text,repo,True
eval/results/IDE_075_20260917/qwen/OPT4/CORE_153555/S4_CORR/v2/fifo_casebook.md,4896,77fc7e4e570f8a412d34c768c42fef9e0b085a0e645bafecf7df34934dd9379a,text,repo,True
eval/results/IDE_075_20260917/qwen/OPT4/CORE_153555/S4_CORR/v2/fifo_dependency_edges.csv.gz,195686,b0da8992aa940491b2a790465aa8bb20a70343f1bb7b5bbd4598083578192532,text,repo,True
eval/results/IDE_075_20260917/qwen/OPT4/CORE_153555/S4_CORR/v2/missing_coverage_v2.csv,76,8945a56f3e80546067b8e5b905cb171032d1dd1bb6ef945e5bb6101e57c2a6cd,text,repo,True
eval/results/IDE_075_20260917/qwen/OPT4/CORE_153555/S4_CORR/v2/producer_consumer_metrics_v2.csv.gz,2826867,8bd9e3eeb1582b1c53843b0ba2255012ae785651b035bd2a7fd86589dd21c0a5,text,repo,True
eval/results/IDE_075_20260917/qwen/OPT4/CORE_153555/S4_CORR/v2/producer_layer_costs.csv,28921,39f7b60d569009e6c46a8b3c506e5e9b4dddeb45619e6a720de9c310001e8a5b,text,repo,True
eval/results/IDE_075_20260917/qwen/OPT4/CORE_153555/S4_CORR/v2/queue_wait_breakdown.csv.gz,346235,da60458c8d87095696beef3152b693101ecd25dc96cb9918315894dc23211c4f,text,repo,True
eval/results/IDE_075_20260917/qwen/OPT4/CORE_153555/S4_CORR/v2/tp_collective.csv.gz,1282849,afaefb474e2197989b1acd95c762e8564ea01c50eff1db4c8ba123693754f434,text,repo,True
eval/results/IDE_075_20260917/qwen/OPT4/CORE_153555/S4_CORR/v2/tp_collective_summary.json,2354,03df891381982f73982ae9bd4bd60b086670870a0b9dc336cf265009bf393137,text,repo,True
eval/results/IDE_075_20260917/qwen/OPT4/CORE_153555/S4_CORR/v2/validation_results_v2.json,3626,3088877dd82f5b5e096f710e899ae8cfcc0d775e73d66e6f14a04e1c307b0eff,text,repo,True
eval/results/IDE_075_20260917/qwen/OPT4/CORE_153555/S4_CORR/validate_v2.log,315,503410530df2df528b2a4ef9e1debbc680d0dfc966c7e0f6eda8747de29c2476,text,repo,True
eval/results/IDE_075_20260917/qwen/OPT4/CORE_153555/S4_CORR/window_events.jsonl,3814,ba07d68d3076f5700ee8d74307b9744b9b1675f5f28441f2897de7ef4ae5a607,text,repo,True
eval/results/IDE_075_20260917/qwen/OPT4/CORE_153555/S5_RESOURCE/bench.stderr.log,693,231348375d3a219af284f082616b55e2cc6bd054dabf3e62f30272053a8a7a7e,text,repo,True
eval/results/IDE_075_20260917/qwen/OPT4/CORE_153555/S5_RESOURCE/bench.stdout.log,6309,aece8252f6d3676c51d4e6e7a3e3db3fc7358a18b97b93cef18e07c91e09e3e5,text,repo,True
eval/results/IDE_075_20260917/qwen/OPT4/CORE_153555/S5_RESOURCE/bench_cmd.sh,745,1f35df4b7b656ff65970ab250b82b0fe7eb3360e533c1054becc302c8b09736b,text,repo,True
eval/results/IDE_075_20260917/qwen/OPT4/CORE_153555/S5_RESOURCE/benchmark.raw.json,425239,e8d4def31618b510552139ed153dc7f57810061e1c2eb6af09c28b1387e798db,text,repo,True
eval/results/IDE_075_20260917/qwen/OPT4/CORE_153555/S5_RESOURCE/cpu_counter_intervals.csv,15513,0c73856c38945815854c63334daf0e74b424b11c9697abfb5ac1ed70dfba8395,text,repo,True
eval/results/IDE_075_20260917/qwen/OPT4/CORE_153555/S5_RESOURCE/cpu_timeseries.csv,43025,73097b3c104d1159c16c7e14caa5dac2bbd3c94b990fef4ef7741bc6b6be5c8c,text,repo,True
eval/results/IDE_075_20260917/qwen/OPT4/CORE_153555/S5_RESOURCE/gpu_timeseries.csv,16150,d05b7bcb63be5971b2b4caa512eb70744a09b8d6448fe0c78ccecd06d9288655,text,repo,True
eval/results/IDE_075_20260917/qwen/OPT4/CORE_153555/S5_RESOURCE/memory_timeseries.csv,543,c419ef79869e6f40c14024b900c530c11b916574ca964fef30ca1901ce1a99c7,text,repo,True
eval/results/IDE_075_20260917/qwen/OPT4/CORE_153555/S5_RESOURCE/metrics.json,4181,ffea00be6a4a1f0c3a7978d28819a2dc8a85d02942221f0a67a9696437b3e07f,text,repo,True
eval/results/IDE_075_20260917/qwen/OPT4/CORE_153555/S5_RESOURCE/observer_config.json,161,18d7a5ae0802ddc0b2e0457fb62be08d1609c640867d662f1392b22fc0ad08bb,text,repo,True
eval/results/IDE_075_20260917/qwen/OPT4/CORE_153555/S5_RESOURCE/pcm_memory.log,2063,61274cac6d73653bfed294e224516b5ca4c24592b68a069ee30c9c2e5357e90b,text,repo,True
eval/results/IDE_075_20260917/qwen/OPT4/CORE_153555/S5_RESOURCE/pcm_memory.raw.csv,30653,86384519285b3e96777d8282355b191fb2da60f2fbdc5ae1bfb5607cd3e3fce9,text,repo,True
eval/results/IDE_075_20260917/qwen/OPT4/CORE_153555/S5_RESOURCE/perf_stat.log,0,e3b0c44298fc1c149afbf4c8996fb92427ae41e4649b934ca495991b7852b855,text,repo,True
eval/results/IDE_075_20260917/qwen/OPT4/CORE_153555/S5_RESOURCE/requests.jsonl,29583,6999d6f1c6fcdcbed84271e8f2f800a80c5c4f03af4ea9c8903d2064c854e8c7,text,repo,True
eval/results/IDE_075_20260917/qwen/OPT4/CORE_153555/S5_RESOURCE/resource_v2.log,176,1cef79f04be1378c7556a1cdd8391a86a715f0ff64a663e2a63ea65796d776d7,text,repo,True
eval/results/IDE_075_20260917/qwen/OPT4/CORE_153555/S5_RESOURCE/thread_affinity_start.json,136047,48de30bf248440fdf87dd00e4a6d6b4521170a23745d3e09d32dc3e735cbb4aa,text,repo,True
eval/results/IDE_075_20260917/qwen/OPT4/CORE_153555/S5_RESOURCE/v2/cpu_counter_windows.csv,4788,5f43328a0dd3d0f2a1e1ab85b9dae7ada38451a84b4ea45f8361449f2cb850ea,text,repo,True
eval/results/IDE_075_20260917/qwen/OPT4/CORE_153555/S5_RESOURCE/v2/pcm_samples_v2.csv,6825,76de06b235c9728efc95c45b5b066c397dc3856a39455f66e0183e37ee4558b8,text,repo,True
eval/results/IDE_075_20260917/qwen/OPT4/CORE_153555/S5_RESOURCE/v2/resource_summary.json,2385,27130ae4a4eaaaf93f54cfe11dbbd0c2f4ea3956c9dfdfae0f54e352833f8073,text,repo,True
eval/results/IDE_075_20260917/qwen/OPT4/CORE_153555/S5_RESOURCE/v2/validation_results_v2.json,2109,714683c7ac583eae5d126d3af14a16f69051528feb9715762c58128716673306,text,repo,True
eval/results/IDE_075_20260917/qwen/OPT4/CORE_153555/S5_RESOURCE/validate_v2.log,290,e75f5eb26d8131e3bc18bd858c56fda39b9211ae0c028719b1816c10a3a8e910,text,repo,True
eval/results/IDE_075_20260917/qwen/OPT4/CORE_153555/S5_RESOURCE/window_events.jsonl,4432,e0ee4030395341ff30be97a72fd4a094324fd23fb563c856a91d3a30020e6866,text,repo,True
eval/results/IDE_075_20260917/qwen/OPT4/CORE_153555/expert_samples.log,14,3f001b316633c8d759e69c0470a39b64606280763983c2a7a6ed952a7ee56cc5,text,repo,True
eval/results/IDE_075_20260917/qwen/OPT4/CORE_153555/launch_cmd.sh,1037,1d1ea980c1b37f2741043d4a16dee010c910c084074b3574a0e7957587529779,text,repo,True
eval/results/IDE_075_20260917/qwen/OPT4/CORE_153555/requested_config.json,1418,4c741cb9adb16ed048ac06a7139e0471ea03db3be001a1eb40d37a70e25ef5c6,text,repo,True
eval/results/IDE_075_20260917/qwen/OPT4/CORE_153555/runtime_proofs.json,2766,52ce8aacfa99d8353486cf0c79f7e5b0e403609563906eabe0109663ec441830,text,repo,True
eval/results/IDE_075_20260917/qwen/OPT4/CORE_153555/server.full.log.gz,17199,f032b7c7c7d6abefd66bec8e0c61e1c18ebeda5c90e8777de80872cb7503981b,text,repo,True
eval/results/IDE_075_20260917/qwen/OPT4/CORE_153555/server_info.json,37848,91598931b8c821115f31749ed41c1fe55ebfd72fd2b6360f84b6f557e9ba1e36,text,repo,True
eval/results/IDE_075_20260917/qwen/OPT4/CORE_153555/smoke_greedy4.json,1387,37f2f24fa7611d5e0ba33eb35a9384e3fdb3435ebde508308db1c45a8fb68f2b,text,repo,True
eval/results/IDE_075_20260917/qwen/OPT4/CORE_153555/thread_affinity.json,135847,f72223058ada108f967e1c08a3c350733a664e4f7d7469c166927879adc4ea21,text,repo,True
eval/results/IDE_075_20260917/qwen/OPT4/CORE_153555/thread_role_map.csv,215470,1c3314cc41476faf5451414ae38c6fd02fdb8552bc3cd5c1f5acc7a8dd48863c,text,repo,True
eval/results/IDE_075_20260917/qwen/OPT4/CORE_153555/warmup/bench.stderr.log,622,5a06a3e0099d085641d40dd17ae6bae68c21b4945b8cc77df136d797cc9672d9,text,repo,True
eval/results/IDE_075_20260917/qwen/OPT4/CORE_153555/warmup/bench.stdout.log,6301,1758aca173926af8416740ae13b64ad992cde75d32c707e0dfcf30fc48bf71f1,text,repo,True
eval/results/IDE_075_20260917/qwen/OPT4/CORE_153555/warmup/bench_cmd.sh,737,f9425586b30b36fff996689ebe2380f6db6974209a3dde64d03ad202de69e3f0,text,repo,True
eval/results/IDE_075_20260917/qwen/OPT4/CORE_153555/warmup/benchmark.raw.json,109748,caa4027f64152920bc0441e03d3fb848a11f122752a2a355c5752063c8581e84,text,repo,True
eval/results/IDE_075_20260917/qwen/OPT4/CORE_153555/warmup/requests.jsonl,7416,5918c162809ed5e5b6a7f8ebcd8f82ed28405bba031c95c4bd642e543d607e5f,text,repo,True
eval/results/IDE_075_20260917/qwen/OPT4/FOCUS2_183951/S28_FOCUS2_vllmw_syswide/bench.stderr.log,693,5d1ee75058e8703a8b787856d977d581960a0f8acb5fc47eed5333bea857dbbc,text,repo,True
eval/results/IDE_075_20260917/qwen/OPT4/FOCUS2_183951/S28_FOCUS2_vllmw_syswide/bench.stdout.log,6109,22a20d3c4e9a3383734a1421513c01888780ff75369f20162a318d6905b8ed10,text,repo,True
eval/results/IDE_075_20260917/qwen/OPT4/FOCUS2_183951/S28_FOCUS2_vllmw_syswide/bench_cmd.sh,861,6e06448ed27f957726f79f5abd31289b9e8b684cb91a3a123d1160dd9c995890,text,repo,True
eval/results/IDE_075_20260917/qwen/OPT4/FOCUS2_183951/S28_FOCUS2_vllmw_syswide/benchmark.raw.json,425447,c0eebc653056d09eeccea9d43dfa245b417a8f1fd16501d9551571c5b8016ff9,text,repo,True
eval/results/IDE_075_20260917/qwen/OPT4/FOCUS2_183951/S28_FOCUS2_vllmw_syswide/clock_anchors.jsonl,165,b24e35cf2b59a094b30c345610127daa0ef2177e14f2803079102702e0c522ee,text,repo,True
eval/results/IDE_075_20260917/qwen/OPT4/FOCUS2_183951/S28_FOCUS2_vllmw_syswide/clock_anchors_client.json,217,3419b11b3ab01c9ab43d9c48cb6d7b4a302cbe41a6f244e68b2ce89a09ef21f9,text,repo,True
eval/results/IDE_075_20260917/qwen/OPT4/FOCUS2_183951/S28_FOCUS2_vllmw_syswide/cpu_time_by_tid.csv,6457767,cd2afd4cca91140748de9cfa210da6b1e80db1ba2faf765fa19d3d95acfe3d8f,text,repo,False
eval/results/IDE_075_20260917/qwen/OPT4/FOCUS2_183951/S28_FOCUS2_vllmw_syswide/cpu_timeseries.csv,102561,d3bd081643d83349dfe7c994e86a9d7e1c0f0429e876b46677cd1482a1e24074,text,repo,True
eval/results/IDE_075_20260917/qwen/OPT4/FOCUS2_183951/S28_FOCUS2_vllmw_syswide/focus.log,1245,616b6d3354f69a91202b04946b26bccc9982502b723c64d525ab4d837430c0a4,text,repo,True
eval/results/IDE_075_20260917/qwen/OPT4/FOCUS2_183951/S28_FOCUS2_vllmw_syswide/gpu_timeseries.csv,40723,d41ee4b169c36b168d445eae4c038ccb3763c80624d8c8a6e309b0bc711d3972,text,repo,True
eval/results/IDE_075_20260917/qwen/OPT4/FOCUS2_183951/S28_FOCUS2_vllmw_syswide/memory_timeseries.csv,1395,2c7e367c37a57326cd20109a5ead49a3911b78e9cfd7b64e97b538b99e6613a8,text,repo,True
eval/results/IDE_075_20260917/qwen/OPT4/FOCUS2_183951/S28_FOCUS2_vllmw_syswide/metrics.json,4152,63087cd29bb37df002491ef9bede803dcdd659973e965a8ba0170513fe079c4e,text,repo,True
eval/results/IDE_075_20260917/qwen/OPT4/FOCUS2_183951/S28_FOCUS2_vllmw_syswide/observer_config.json,163,73f45e465c6144afe1d3f0ca7cc81bba3c4dc95766bf74e3e1c93c426fa4fccf,text,repo,True
eval/results/IDE_075_20260917/qwen/OPT4/FOCUS2_183951/S28_FOCUS2_vllmw_syswide/perf_sched.data,1380349611,b531b349ed12c21bc7ef82a08533875650a586425be082b5ce2be50a636d3988,text,repo,False
eval/results/IDE_075_20260917/qwen/OPT4/FOCUS2_183951/S28_FOCUS2_vllmw_syswide/perf_sched.log,246,138568e218a2d6f025d40f22ba2a52344c72c43aa7c822714c34ee14296d1a8a,text,repo,True
eval/results/IDE_075_20260917/qwen/OPT4/FOCUS2_183951/S28_FOCUS2_vllmw_syswide/perf_sched.txt,1173012857,ff28b0745901168bb49127207e24a9f13c300c7188c1c0ad974b866b0fe6a775,text,repo,False
eval/results/IDE_075_20260917/qwen/OPT4/FOCUS2_183951/S28_FOCUS2_vllmw_syswide/perf_script.err,0,e3b0c44298fc1c149afbf4c8996fb92427ae41e4649b934ca495991b7852b855,text,repo,True
eval/results/IDE_075_20260917/qwen/OPT4/FOCUS2_183951/S28_FOCUS2_vllmw_syswide/request_results.jsonl,24466,0a74b1a1162372d6c229b670b96a826c3ef0e24828b874562db0ecc2ae15f0d3,text,repo,True
eval/results/IDE_075_20260917/qwen/OPT4/FOCUS2_183951/S28_FOCUS2_vllmw_syswide/requests.jsonl,29638,dc9e3e0c3b37cbffeea94960cb83a7b6146b039fdef1f3294b53019943c1a15a,text,repo,True
eval/results/IDE_075_20260917/qwen/OPT4/FOCUS2_183951/S28_FOCUS2_vllmw_syswide/thread_affinity_start.json,134510,f7998daed79b3a4fadb2abac1787c33a44d4c89e89edba97a4f810764701d4e2,text,repo,True
eval/results/IDE_075_20260917/qwen/OPT4/FOCUS2_183951/S28_FOCUS2_vllmw_syswide/tid_cpu.log,199,e6dfff2a9cdbef82391b4b725eafdb4607b153429cf7fccd71e38e2a19d70b7c,text,repo,True
eval/results/IDE_075_20260917/qwen/OPT4/FOCUS2_183951/S28_FOCUS2_vllmw_syswide/v2/cpu_time_by_role.json,1922,6d08cd6881eda83d19a6694579a55ef2eb0547201191a50ca3ec36f22a1f6b5a,text,repo,True
eval/results/IDE_075_20260917/qwen/OPT4/FOCUS2_183951/S28_FOCUS2_vllmw_syswide/v2/tail_offcpu.csv,5528,c320a1ebad667f257ececd1cfe8127041acb19a549622424778c3a42698fbeb4,text,repo,True
eval/results/IDE_075_20260917/qwen/OPT4/FOCUS2_183951/S28_FOCUS2_vllmw_syswide/v2/tail_offcpu_summary.json,1307,536f79113ac4912dfa96b5092234c3cf1b2b7edcfbe7680d7d2ff32d0fe1eb8d,text,repo,True
eval/results/IDE_075_20260917/qwen/OPT4/FOCUS2_183951/S28_FOCUS2_vllmw_syswide/v2/validation_results_v2.json,1828,191aabf348df230f710cac585f50d872f7d6ec3b883858884e944eba2cf7d3e9,text,repo,True
eval/results/IDE_075_20260917/qwen/OPT4/FOCUS2_183951/S28_FOCUS2_vllmw_syswide/validate_v2.log,202,d5d454adb010c5c719c88f5ca8192d0c5970ad19b5c0689e156381f04ec59b47,text,repo,True
eval/results/IDE_075_20260917/qwen/OPT4/FOCUS2_183951/S28_FOCUS2_vllmw_syswide/window_events.jsonl,5831,f7a1ee2acc14bad2d7e9952deea1f168983630f243ec38819c96c4964d25952a,text,repo,True
eval/results/IDE_075_20260917/qwen/OPT4/FOCUS2_183951/S29_CORR_vllmw_fp8fixso/bench.stderr.log,693,e50749253b707dc645f4c2e619a792a11dcc6811ebdac320cb41a30e94f6d004,text,repo,True
eval/results/IDE_075_20260917/qwen/OPT4/FOCUS2_183951/S29_CORR_vllmw_fp8fixso/bench.stdout.log,6109,ad1ef638b4416f88982b28c7986c21f7a6b4041da9199b1f91f52af6477647b8,text,repo,True
eval/results/IDE_075_20260917/qwen/OPT4/FOCUS2_183951/S29_CORR_vllmw_fp8fixso/bench_cmd.sh,860,4509d37537f447bd8bef9fe945ac5c93097df59205e415c844e39cdd22d28d14,text,repo,True
eval/results/IDE_075_20260917/qwen/OPT4/FOCUS2_183951/S29_CORR_vllmw_fp8fixso/benchmark.raw.json,423887,5735cc3c4a02aa4e38716f9a1f48d75c21cb30ddab47e235d653a2204639f257,text,repo,True
eval/results/IDE_075_20260917/qwen/OPT4/FOCUS2_183951/S29_CORR_vllmw_fp8fixso/clock_anchors_client.json,217,2d151593846c09ec9f9789df126a41a1493277edbbc2f4ca44257109e53521e0,text,repo,True
eval/results/IDE_075_20260917/qwen/OPT4/FOCUS2_183951/S29_CORR_vllmw_fp8fixso/costs_v2.log,410,e968b9acc4c6f637814733d5431ace92d2718b7862c922deda0ee38d5e43d6f0,text,repo,True
eval/results/IDE_075_20260917/qwen/OPT4/FOCUS2_183951/S29_CORR_vllmw_fp8fixso/cpu_timeseries.csv,121600,7e60bfe1c098878bf1b4a7c69cb9a6ef6fc969566afc237f0b25f1dc119cec6c,text,repo,True
eval/results/IDE_075_20260917/qwen/OPT4/FOCUS2_183951/S29_CORR_vllmw_fp8fixso/dependency_v2.log,1114,f5910f9585308d4f7aff8bbac222214317cfc8bfb474497845f97e973b691f35,text,repo,True
eval/results/IDE_075_20260917/qwen/OPT4/FOCUS2_183951/S29_CORR_vllmw_fp8fixso/eager.log,767,f6841c8e854a84db7b15f869db71253b8f30702ba2fb1472d249afa271e47f83,text,repo,True
eval/results/IDE_075_20260917/qwen/OPT4/FOCUS2_183951/S29_CORR_vllmw_fp8fixso/gpu_layer_timeline_TP0.csv.gz,1231350,686f4b9d00402f08ceb06e77444e92e5e2dc118972322a9ebe124e91a2a3dd60,text,repo,True
eval/results/IDE_075_20260917/qwen/OPT4/FOCUS2_183951/S29_CORR_vllmw_fp8fixso/gpu_timeseries.csv,48638,01e027d60ff126ba033b12c0a439835a15f160e0dea93495b3d2288d3c2b1904,text,repo,True
eval/results/IDE_075_20260917/qwen/OPT4/FOCUS2_183951/S29_CORR_vllmw_fp8fixso/memory_timeseries.csv,1655,feb29d800df041aec9841fd4a638bbef81364b9b60936a9431e1f7d4749c766a,text,repo,True
eval/results/IDE_075_20260917/qwen/OPT4/FOCUS2_183951/S29_CORR_vllmw_fp8fixso/metrics.json,4071,104bea3bbb44c2abaa96823f94fa11b59b314f3e5d620dbdf6948a69d7130143,text,repo,True
eval/results/IDE_075_20260917/qwen/OPT4/FOCUS2_183951/S29_CORR_vllmw_fp8fixso/observer_config.json,162,5cb4d008dc8548522571cbd06898b1775f609104532d19f4e1414366236fb28d,text,repo,True
eval/results/IDE_075_20260917/qwen/OPT4/FOCUS2_183951/S29_CORR_vllmw_fp8fixso/request_results.jsonl,24466,6a1d3b6eaecede90ed22ed97ef8769c7a202d50632018e47f8f942c3314fc444,text,repo,True
eval/results/IDE_075_20260917/qwen/OPT4/FOCUS2_183951/S29_CORR_vllmw_fp8fixso/requests.jsonl,29615,39a81e92c347591ee50e242942170faec5b646d01d43828228b8effa804e7a58,text,repo,True
eval/results/IDE_075_20260917/qwen/OPT4/FOCUS2_183951/S29_CORR_vllmw_fp8fixso/thread_affinity_start.json,133389,9d3f926b8e24b1f1839e101edfe6fd83c11042076f29c99d4a5ac2f0c2142dfe,text,repo,True
eval/results/IDE_075_20260917/qwen/OPT4/FOCUS2_183951/S29_CORR_vllmw_fp8fixso/tp_collective.log,950,51be32596c2bf832a93af994da748d4e0621a677b54f974c81c55ff880af6a99,text,repo,True
eval/results/IDE_075_20260917/qwen/OPT4/FOCUS2_183951/S29_CORR_vllmw_fp8fixso/v2/dependency_summary_v2.json,22247,2654c4cb938052d0e678b81990b79d061c249d82cb650df511aa4bf91a0f7be2,text,repo,True
eval/results/IDE_075_20260917/qwen/OPT4/FOCUS2_183951/S29_CORR_vllmw_fp8fixso/v2/eager_layer_metrics.csv.gz,51568,39ebfd7ff4543a95978e56ba49bc784afb6924a1bb4fa91190f1fb9ab3255120,text,repo,True
eval/results/IDE_075_20260917/qwen/OPT4/FOCUS2_183951/S29_CORR_vllmw_fp8fixso/v2/eager_summary.json,6145,4e1869b062427fd478d0646032a37b391fa800266fc3eda0ced6d17a0e049617,text,repo,True
eval/results/IDE_075_20260917/qwen/OPT4/FOCUS2_183951/S29_CORR_vllmw_fp8fixso/v2/expert_cost_samples.csv.gz,825031,252f1a163f250f0bdc58e80f1da239a6b669cdd934e14326e57b949526912806,text,repo,True
eval/results/IDE_075_20260917/qwen/OPT4/FOCUS2_183951/S29_CORR_vllmw_fp8fixso/v2/fifo_casebook.md,4794,1df808838cb7c3a5371dc659f26622485fcfbfd6ac2da8617860e9744ab4d620,text,repo,True
eval/results/IDE_075_20260917/qwen/OPT4/FOCUS2_183951/S29_CORR_vllmw_fp8fixso/v2/fifo_dependency_edges.csv.gz,195800,441ecb2998c6a3e8c30e2044246bc99bac8f0d7e39a3d1bbb25ba05cd99e4708,text,repo,True
eval/results/IDE_075_20260917/qwen/OPT4/FOCUS2_183951/S29_CORR_vllmw_fp8fixso/v2/missing_coverage_v2.csv,220,0ab5715f7b7726ed31848ee08ba5674574cada8736787088138d6542001a1827,text,repo,True
eval/results/IDE_075_20260917/qwen/OPT4/FOCUS2_183951/S29_CORR_vllmw_fp8fixso/v2/producer_consumer_metrics_v2.csv.gz,2792123,0a064145af8e9a03fbc66131baa2d314d23cd493dc1fc59b48785d49c9e9aa6d,text,repo,True
eval/results/IDE_075_20260917/qwen/OPT4/FOCUS2_183951/S29_CORR_vllmw_fp8fixso/v2/producer_layer_costs.csv,29133,64042ee277dba017c3c64759f4acb74ca72c8057e255426787295b37e43c52e4,text,repo,True
eval/results/IDE_075_20260917/qwen/OPT4/FOCUS2_183951/S29_CORR_vllmw_fp8fixso/v2/queue_wait_breakdown.csv.gz,342834,fab83ba5c8eff539655c603a4bd445b9ecf9acfa56a079f1e3458a1a13184089,text,repo,True
eval/results/IDE_075_20260917/qwen/OPT4/FOCUS2_183951/S29_CORR_vllmw_fp8fixso/v2/tp_collective.csv.gz,1285882,c47de9c71d586af0c34b3f60f9c38bc487a9d03da476b3c8dfceb3dad52ff707,text,repo,True
eval/results/IDE_075_20260917/qwen/OPT4/FOCUS2_183951/S29_CORR_vllmw_fp8fixso/v2/tp_collective_summary.json,3308,064ae55893ca8e2454a174a2cbf8aca9da2809c0185e7a2a6c4d166863fdd24f,text,repo,True
eval/results/IDE_075_20260917/qwen/OPT4/FOCUS2_183951/S29_CORR_vllmw_fp8fixso/v2/validation_results_v2.json,3954,daaf994cea9062f4dcace721edd6eb889a6db8c2423c0f11e5e599e09d2d119c,text,repo,True
eval/results/IDE_075_20260917/qwen/OPT4/FOCUS2_183951/S29_CORR_vllmw_fp8fixso/validate_v2.log,315,503410530df2df528b2a4ef9e1debbc680d0dfc966c7e0f6eda8747de29c2476,text,repo,True
eval/results/IDE_075_20260917/qwen/OPT4/FOCUS2_183951/S29_CORR_vllmw_fp8fixso/window_events.jsonl,5031,3541137d3be98266fa5e6ba5233a135d22995428d7ece71802d82100f539704a,text,repo,True
eval/results/IDE_075_20260917/qwen/OPT4/FOCUS2_183951/expert_rows_samples.csv.gz,97228,53d1fca87f91a248430a4a7f82b7b17a9503083a052b7b89517ab2e7f6ea42e0,text,repo,True
eval/results/IDE_075_20260917/qwen/OPT4/FOCUS2_183951/expert_rows_summary.json,2725,e206cf5afdbb9c0d370f5010cf26cc4d984351cee7967da5ee9c4fff85ea505c,text,repo,True
eval/results/IDE_075_20260917/qwen/OPT4/FOCUS2_183951/expert_samples.log,146,e537dd3b30e5d1ee893321da2eed3810843f1ff757718974aa6080b06f54b9b2,text,repo,True
eval/results/IDE_075_20260917/qwen/OPT4/FOCUS2_183951/launch_cmd.sh,1041,083531221ea8fc30c257cd373acca3e511cd54d04af25d32eb2a20af64e6a2ba,text,repo,True
eval/results/IDE_075_20260917/qwen/OPT4/FOCUS2_183951/requested_config.json,1424,ee7df8732f7419d2ab449c802f7ae1b87aa267c6ae4000b65e6ac522c6ae96ee,text,repo,True
eval/results/IDE_075_20260917/qwen/OPT4/FOCUS2_183951/runtime_proofs.json,2768,f15318450571bf28833540c6d327bc6313506b32b662f5ef7990e1bdbef890e9,text,repo,True
eval/results/IDE_075_20260917/qwen/OPT4/FOCUS2_183951/server.full.log.gz,15202,f71a534704e2326ed4973c11177e0cb6f8e149194a3af17cdb8fa89740496651,text,repo,True
eval/results/IDE_075_20260917/qwen/OPT4/FOCUS2_183951/server_info.json,37847,b8fba46afae360ab639c8f5e7eb649918732d9328f7f1c1b1386bb931a7bedd0,text,repo,True
eval/results/IDE_075_20260917/qwen/OPT4/FOCUS2_183951/smoke_greedy4.json,1387,37f2f24fa7611d5e0ba33eb35a9384e3fdb3435ebde508308db1c45a8fb68f2b,text,repo,True
eval/results/IDE_075_20260917/qwen/OPT4/FOCUS2_183951/thread_affinity.json,134510,b24ce00d98335afe2924a3558010bea053ec73a4ae588795cd3fb765193a70e4,text,repo,True
eval/results/IDE_075_20260917/qwen/OPT4/FOCUS2_183951/thread_role_map.csv,211567,589566c3d5cf178ca80fa833ffdcd584f950550503af9f00d3b3f99a852ede40,text,repo,True
eval/results/IDE_075_20260917/qwen/OPT4/FOCUS2_183951/warmup/bench.stderr.log,622,4f67c38d593b5f7a7ea6ef15ad3fbc796ed4aef893ee1888b35c3bb031222d07,text,repo,True
eval/results/IDE_075_20260917/qwen/OPT4/FOCUS2_183951/warmup/bench.stdout.log,6300,cbcfcf653f111fa8d48b90f133cfdb2970acb425e6931427fade30eb3a108bf0,text,repo,True
eval/results/IDE_075_20260917/qwen/OPT4/FOCUS2_183951/warmup/bench_cmd.sh,736,7921df472a6848355a757b01ab5a72081d636cb4f7abd433aed5ba1824a612f5,text,repo,True
eval/results/IDE_075_20260917/qwen/OPT4/FOCUS2_183951/warmup/benchmark.raw.json,110079,9c5b8ff5dadb2d7b80f646fb7f3e387a4edf34d368d6272b3a2659c636eb65a2,text,repo,True
eval/results/IDE_075_20260917/qwen/OPT4/FOCUS2_183951/warmup/requests.jsonl,7408,241479f42dd15773dc2ca3b43afb03570eb7c957509ebc68aadf7c8fc68a17b9,text,repo,True
eval/results/IDE_075_20260917/qwen/OPT4/OFF_A_152830/S1_OFF_A/bench.stderr.log,693,950c59a5a97ae94ab0439d12e706d13ad5fa38d1dfaeb3be00c49b2a7b688723,text,repo,True
eval/results/IDE_075_20260917/qwen/OPT4/OFF_A_152830/S1_OFF_A/bench.stdout.log,6309,2d9df5d776a01221589bee4d81015b853cda249c6ce8814ef7ac6dc9ad977da3,text,repo,True
eval/results/IDE_075_20260917/qwen/OPT4/OFF_A_152830/S1_OFF_A/bench_cmd.sh,745,3c7182aac8e1b9cddc9d73d8d186df5bbcce75c5f2c5a7bdac78adda87507238,text,repo,True
eval/results/IDE_075_20260917/qwen/OPT4/OFF_A_152830/S1_OFF_A/benchmark.raw.json,423181,e3d9860691a96f055f644ccf0a56c60e972916af56b5d8ae1b3b4ea436f922e5,text,repo,True
eval/results/IDE_075_20260917/qwen/OPT4/OFF_A_152830/S1_OFF_A/cpu_timeseries.csv,42700,627e9db88f92751f0b5a22adf814d0855171f4821c6810b57432cd40adc7267b,text,repo,True
eval/results/IDE_075_20260917/qwen/OPT4/OFF_A_152830/S1_OFF_A/gpu_timeseries.csv,15377,4ad34f8c4dbdf5a86b09aef91ca8397d0b5ceae595eb1bf196d57a577c199bb0,text,repo,True
eval/results/IDE_075_20260917/qwen/OPT4/OFF_A_152830/S1_OFF_A/memory_timeseries.csv,543,243891f1ad8e6d430dbec28f518e776be43771d86bca5a8b3dfcb4b2861e9e38,text,repo,True
eval/results/IDE_075_20260917/qwen/OPT4/OFF_A_152830/S1_OFF_A/metrics.json,2763,7dfe8d07eda4cd9b379c4ceb3538014bb4a7bc38c724b883ae8d437f8272a72e,text,repo,True
eval/results/IDE_075_20260917/qwen/OPT4/OFF_A_152830/S1_OFF_A/observer_config.json,164,81274d60b113223df1b721570abe8f980441f54151afae269d1ff3ae674724f8,text,repo,True
eval/results/IDE_075_20260917/qwen/OPT4/OFF_A_152830/S1_OFF_A/requests.jsonl,29623,bf85332dfc5c9c8b6602fad48e121038b939e0ddde178142f5a5832d3d7d5658,text,repo,True
eval/results/IDE_075_20260917/qwen/OPT4/OFF_A_152830/S1_OFF_A/thread_affinity_start.json,135734,774f882a0ec8bc213a392ecbf11b305185925bf93aee520d20cc0f4599e161e6,text,repo,True
eval/results/IDE_075_20260917/qwen/OPT4/OFF_A_152830/S1_OFF_A/v2/validation_results_v2.json,821,165aad8d9acf6ba54b2f04107e7458252dfc44a4b1f360f59134d9f6b9df55c0,text,repo,True
eval/results/IDE_075_20260917/qwen/OPT4/OFF_A_152830/S1_OFF_A/validate_v2.log,127,098aaab923fce7c53e81bbe671bb9a523a42112dc51a1a1f12c7233dae391fb0,text,repo,True
eval/results/IDE_075_20260917/qwen/OPT4/OFF_A_152830/S1_OFF_A/window_events.jsonl,2547,690d4a8320cfb78c74fa69ed4c1e4c6e60eac8bd7c001c6308dfe110c9a56e19,text,repo,True
eval/results/IDE_075_20260917/qwen/OPT4/OFF_A_152830/expert_samples.log,14,3f001b316633c8d759e69c0470a39b64606280763983c2a7a6ed952a7ee56cc5,text,repo,True
eval/results/IDE_075_20260917/qwen/OPT4/OFF_A_152830/launch_cmd.sh,990,2ef48d19c61348e35e29216bb7a61479c23fa80f80662f1bf6fdbaa94c30f1f7,text,repo,True
eval/results/IDE_075_20260917/qwen/OPT4/OFF_A_152830/requested_config.json,1363,ac1c3f29a3a5c62cc2ea1dfd1cb6171ef5b97655351d73bfb80534b8d19d0e4b,text,repo,True
eval/results/IDE_075_20260917/qwen/OPT4/OFF_A_152830/runtime_proofs.json,2660,678b5f5c219957029c8bf2b681e42a9861216639c0efaf37b75e2f98aec1687f,text,repo,True
eval/results/IDE_075_20260917/qwen/OPT4/OFF_A_152830/server.full.log.gz,13573,fc1a4b1cb28327e5aaa4a9e80f7bcad8a176dbe9d162dde7544fca2dcb46615c,text,repo,True
eval/results/IDE_075_20260917/qwen/OPT4/OFF_A_152830/server_info.json,37849,cb2d05fac10d4ae5be1b8ae39179462a5cf7820ad177c0b2eb13e1c77b5be9b0,text,repo,True
eval/results/IDE_075_20260917/qwen/OPT4/OFF_A_152830/smoke_greedy4.json,1387,37f2f24fa7611d5e0ba33eb35a9384e3fdb3435ebde508308db1c45a8fb68f2b,text,repo,True
eval/results/IDE_075_20260917/qwen/OPT4/OFF_A_152830/thread_affinity.json,135734,a705fc9519a14a05f78af18bc18d56a53066d259d1bbe88c94cd6652e34afab6,text,repo,True
eval/results/IDE_075_20260917/qwen/OPT4/OFF_A_152830/thread_role_map.csv,215269,f475f96b3a49b2a5c57bc6a6f23def4b1f7eebc2dc4830e77c1c6abeed2fe7c6,text,repo,True
eval/results/IDE_075_20260917/qwen/OPT4/OFF_A_152830/warmup/bench.stderr.log,622,15081898e612b5d5d101b3a856f746ca9e843ae4010e794667595e0e83dca60a,text,repo,True
eval/results/IDE_075_20260917/qwen/OPT4/OFF_A_152830/warmup/bench.stdout.log,6301,ab9d42beb7de41c55dd97de47b54c0f80b5c40480b380c4d8c5a10ac26d18ed0,text,repo,True
eval/results/IDE_075_20260917/qwen/OPT4/OFF_A_152830/warmup/bench_cmd.sh,737,bfed7f3497afa52a175fff9d245c3b6c59864c6d5975f22dd447c7d7b4f022b9,text,repo,True
eval/results/IDE_075_20260917/qwen/OPT4/OFF_A_152830/warmup/benchmark.raw.json,109638,cc6a19ec98406880c584db494465e862e93d919f2c46860bbcf1734a464b68e1,text,repo,True
eval/results/IDE_075_20260917/qwen/OPT4/OFF_A_152830/warmup/requests.jsonl,7390,2a7598b2950a6f136ea4f25ee3500a5503a0a8c30843775af9bf63dffbfcc552,text,repo,True
eval/results/IDE_075_20260917/qwen/OPT4/OFF_B_153208/S6_OFF_B/bench.stderr.log,693,8253cc1eb42206305a9d8afe92adc4fbd379000c79f5c93e0751ae174b22e263,text,repo,True
eval/results/IDE_075_20260917/qwen/OPT4/OFF_B_153208/S6_OFF_B/bench.stdout.log,6309,20d359e5baa50c80eb65760c41b7326052063cc039963bb00a495d60be23ad7d,text,repo,True
eval/results/IDE_075_20260917/qwen/OPT4/OFF_B_153208/S6_OFF_B/bench_cmd.sh,745,088913e5b0d9a4b1de82e75ecf650a25581d9ce2ff42f53e73f834dcd8183056,text,repo,True
eval/results/IDE_075_20260917/qwen/OPT4/OFF_B_153208/S6_OFF_B/benchmark.raw.json,424020,06e7f5ac183a9cb098ed005f7714e3cf8baaac7fafbdacce89cf23ee58185ba4,text,repo,True
eval/results/IDE_075_20260917/qwen/OPT4/OFF_B_153208/S6_OFF_B/cpu_timeseries.csv,41644,d6df08567e7a508a2f6d269035471982ddc3d54229ba1daaaa50166e37de8ae7,text,repo,True
eval/results/IDE_075_20260917/qwen/OPT4/OFF_B_153208/S6_OFF_B/gpu_timeseries.csv,15373,2c98082066583c5d46fb522699d2ea7c25bcaf2a16752be851f31de8b67fd0b2,text,repo,True
eval/results/IDE_075_20260917/qwen/OPT4/OFF_B_153208/S6_OFF_B/memory_timeseries.csv,543,ddb7140938aeeb7949db6aea5022d3f28a3eac5a9d2ce6db2157c68a61e8b825,text,repo,True
eval/results/IDE_075_20260917/qwen/OPT4/OFF_B_153208/S6_OFF_B/metrics.json,2758,5049376c0f52bc0211ce70fa017b390306585bc7993b86aa761525b5e576045d,text,repo,True
eval/results/IDE_075_20260917/qwen/OPT4/OFF_B_153208/S6_OFF_B/observer_config.json,164,81274d60b113223df1b721570abe8f980441f54151afae269d1ff3ae674724f8,text,repo,True
eval/results/IDE_075_20260917/qwen/OPT4/OFF_B_153208/S6_OFF_B/requests.jsonl,29623,7e6865722998139fdc7166fb309db3f2111d809a8c411aca689f55b2d02c8603,text,repo,True
eval/results/IDE_075_20260917/qwen/OPT4/OFF_B_153208/S6_OFF_B/thread_affinity_start.json,135736,455015a5b6b5f23ade3279082776d823b51ad76f9a71af26a44db71557ab62cf,text,repo,True
eval/results/IDE_075_20260917/qwen/OPT4/OFF_B_153208/S6_OFF_B/v2/validation_results_v2.json,821,6a185be5d486a63af9800bc536281eff0382d366482c35f4f7a7db9a33f671ae,text,repo,True
eval/results/IDE_075_20260917/qwen/OPT4/OFF_B_153208/S6_OFF_B/validate_v2.log,127,098aaab923fce7c53e81bbe671bb9a523a42112dc51a1a1f12c7233dae391fb0,text,repo,True
eval/results/IDE_075_20260917/qwen/OPT4/OFF_B_153208/S6_OFF_B/window_events.jsonl,2547,708d76e556744eff48196b0a9498c76a8aa7b4fb0216198f3a0d69a59af690f8,text,repo,True
eval/results/IDE_075_20260917/qwen/OPT4/OFF_B_153208/expert_samples.log,14,3f001b316633c8d759e69c0470a39b64606280763983c2a7a6ed952a7ee56cc5,text,repo,True
eval/results/IDE_075_20260917/qwen/OPT4/OFF_B_153208/launch_cmd.sh,990,68f0fcc432ac139be5024aa5d8a0a058ca33f6c92cb8260c1eda116ee16a2dd7,text,repo,True
eval/results/IDE_075_20260917/qwen/OPT4/OFF_B_153208/requested_config.json,1363,b494070c1680b927d6a2f64a661532b0ea6817a6da707e92d0bcc0efa966411a,text,repo,True
eval/results/IDE_075_20260917/qwen/OPT4/OFF_B_153208/runtime_proofs.json,2660,b8a4d9dffc589fac9a39447264a806c8deadde2d3351326d39574e94d4491464,text,repo,True
eval/results/IDE_075_20260917/qwen/OPT4/OFF_B_153208/server.full.log.gz,13611,4dbadb9f2d0cd5f85277ce91ea31a4f9a97de1929ddc742b10cd40521ad83758,text,repo,True
eval/results/IDE_075_20260917/qwen/OPT4/OFF_B_153208/server_info.json,37844,38d51cba4b7cd624c1ed6bde3ad2b83862702b18bd7731b6a053f609e9a97441,text,repo,True
eval/results/IDE_075_20260917/qwen/OPT4/OFF_B_153208/smoke_greedy4.json,1387,37f2f24fa7611d5e0ba33eb35a9384e3fdb3435ebde508308db1c45a8fb68f2b,text,repo,True
eval/results/IDE_075_20260917/qwen/OPT4/OFF_B_153208/thread_affinity.json,135736,439d301d8e0879315714104073f79449c2201d1e5c139b6e715b173fb1f8acb9,text,repo,True
eval/results/IDE_075_20260917/qwen/OPT4/OFF_B_153208/thread_role_map.csv,215326,be171d9068307dc0c12e742e3a43778ea46fce742ca0edffaa3be47860325d49,text,repo,True
eval/results/IDE_075_20260917/qwen/OPT4/OFF_B_153208/warmup/bench.stderr.log,622,b3b0470ca56b2cec436302bd18d3ab0018b87da7967c5634fe0f3a54f6459480,text,repo,True
eval/results/IDE_075_20260917/qwen/OPT4/OFF_B_153208/warmup/bench.stdout.log,6301,0f48aeb9525f3e7391f782b28630d97a1be0de636b4373671e77fce41dfa8997,text,repo,True
eval/results/IDE_075_20260917/qwen/OPT4/OFF_B_153208/warmup/bench_cmd.sh,737,7ae367933d51391260f8a6776f32dc8918297694f758fbe66b7a29ced8ebcd7d,text,repo,True
eval/results/IDE_075_20260917/qwen/OPT4/OFF_B_153208/warmup/benchmark.raw.json,109502,69a4cb33dfa12f9244a4fcf447f7c56c34d987c90227e68c89638cb84d82dffe,text,repo,True
eval/results/IDE_075_20260917/qwen/OPT4/OFF_B_153208/warmup/requests.jsonl,7393,5416c3f35f5d20d59bfc8ae3df77164541ebb742173eac191bebff86932eb485,text,repo,True
eval/results/IDE_075_20260917/qwen/OPT4/OFF_CLOSE2_165803/S15_OFF_CLOSE2/bench.stderr.log,693,18dfc332012347761ff89587b01b63c1c25f40a092b8cac4546e7eeed0e52dba,text,repo,True
eval/results/IDE_075_20260917/qwen/OPT4/OFF_CLOSE2_165803/S15_OFF_CLOSE2/bench.stdout.log,6307,ed7680b7494caa53f11d05a19fb95b2f3ff4794ee719b0cc5661736a2ed419db,text,repo,True
eval/results/IDE_075_20260917/qwen/OPT4/OFF_CLOSE2_165803/S15_OFF_CLOSE2/bench_cmd.sh,743,2e0fffca3f61bf0ee8ddb320bce207ec8233fde009e5506382faef8b6b9d3361,text,repo,True
eval/results/IDE_075_20260917/qwen/OPT4/OFF_CLOSE2_165803/S15_OFF_CLOSE2/benchmark.raw.json,425558,3c7dc7c8899ef2941e37105b9e30c8f70460f0c6049800505d4a6d1969f29b4e,text,repo,True
eval/results/IDE_075_20260917/qwen/OPT4/OFF_CLOSE2_165803/S15_OFF_CLOSE2/cpu_timeseries.csv,41537,de84d86f12ac11da164c9fbaf9366c1fa290a5a448a2533875dd78005ba331c1,text,repo,True
eval/results/IDE_075_20260917/qwen/OPT4/OFF_CLOSE2_165803/S15_OFF_CLOSE2/gpu_timeseries.csv,15367,9cfc6c287f980531f7284fb5b5b8deb9541f989f65609bfb834929d128d87907,text,repo,True
eval/results/IDE_075_20260917/qwen/OPT4/OFF_CLOSE2_165803/S15_OFF_CLOSE2/memory_timeseries.csv,543,f4f66448311a8e81ee22607f7010ed613c570257d8949394854a3d1d31b2cdc2,text,repo,True
eval/results/IDE_075_20260917/qwen/OPT4/OFF_CLOSE2_165803/S15_OFF_CLOSE2/metrics.json,2789,3ced4bfe737e26807c4f214d695006db20a376c906a344bbaeb14deeb42e80dd,text,repo,True
eval/results/IDE_075_20260917/qwen/OPT4/OFF_CLOSE2_165803/S15_OFF_CLOSE2/observer_config.json,164,81274d60b113223df1b721570abe8f980441f54151afae269d1ff3ae674724f8,text,repo,True
eval/results/IDE_075_20260917/qwen/OPT4/OFF_CLOSE2_165803/S15_OFF_CLOSE2/requests.jsonl,29615,857a1bacb56b44e58e33bb56fc7d446108730f4242320a13e42c1bd0e09aaef1,text,repo,True
eval/results/IDE_075_20260917/qwen/OPT4/OFF_CLOSE2_165803/S15_OFF_CLOSE2/thread_affinity_start.json,133075,b06459999aa62cc85fdf6226ab85adabd93e2d9d2fa3823e5ddfeb28730afe7f,text,repo,True
eval/results/IDE_075_20260917/qwen/OPT4/OFF_CLOSE2_165803/S15_OFF_CLOSE2/v2/validation_results_v2.json,832,ef7ad7aaf1f2ac868ad913e9103a4460de171cc06da7bdff23ca4b6a6755626c,text,repo,True
eval/results/IDE_075_20260917/qwen/OPT4/OFF_CLOSE2_165803/S15_OFF_CLOSE2/validate_v2.log,127,098aaab923fce7c53e81bbe671bb9a523a42112dc51a1a1f12c7233dae391fb0,text,repo,True
eval/results/IDE_075_20260917/qwen/OPT4/OFF_CLOSE2_165803/S15_OFF_CLOSE2/window_events.jsonl,2542,aec686aecba7784ecc375f67e1135649449807242241dc1f672bd91680b043f9,text,repo,True
eval/results/IDE_075_20260917/qwen/OPT4/OFF_CLOSE2_165803/S15b_OFF_CLOSE2_probe/bench.stderr.log,0,e3b0c44298fc1c149afbf4c8996fb92427ae41e4649b934ca495991b7852b855,text,repo,True
eval/results/IDE_075_20260917/qwen/OPT4/OFF_CLOSE2_165803/S15b_OFF_CLOSE2_probe/bench.stdout.log,792,0e34852965dc47a5da94ea3c724fe7509a51c65b524b0683c7a855574fa234c6,text,repo,True
eval/results/IDE_075_20260917/qwen/OPT4/OFF_CLOSE2_165803/S15b_OFF_CLOSE2_probe/bench_cmd.sh,355,68bd9f395d8378583eac07d74814e51f5014afba2372bf4605eacedec3218f34,text,repo,True
eval/results/IDE_075_20260917/qwen/OPT4/OFF_CLOSE2_165803/S15b_OFF_CLOSE2_probe/cpu_timeseries.csv,42500,fdb58dbf922aeaaacdc9416c8b1c5f18e397acf80d09a705f558b285556c730d,text,repo,True
eval/results/IDE_075_20260917/qwen/OPT4/OFF_CLOSE2_165803/S15b_OFF_CLOSE2_probe/gpu_timeseries.csv,14632,14e68e54c9621a79cfe3eac208a0731b06c17e1e37a19709fc932b02cef4880c,text,repo,True
eval/results/IDE_075_20260917/qwen/OPT4/OFF_CLOSE2_165803/S15b_OFF_CLOSE2_probe/memory_timeseries.csv,543,a01bbfbbd717310a0730d73897b6856e856c492a1eb06275a290871596156673,text,repo,True
eval/results/IDE_075_20260917/qwen/OPT4/OFF_CLOSE2_165803/S15b_OFF_CLOSE2_probe/metrics.json,2540,061a190154ce13b5b9858c3039d5dc698ec8b48a83b70a09584d30000a4eb2c2,text,repo,True
eval/results/IDE_075_20260917/qwen/OPT4/OFF_CLOSE2_165803/S15b_OFF_CLOSE2_probe/observer_config.json,164,81274d60b113223df1b721570abe8f980441f54151afae269d1ff3ae674724f8,text,repo,True
eval/results/IDE_075_20260917/qwen/OPT4/OFF_CLOSE2_165803/S15b_OFF_CLOSE2_probe/request_results.jsonl,24594,a2a0c11305e9c08639bcb65d3d7149a879a09c8d0c6725fd8829db6cecc50de5,text,repo,True
eval/results/IDE_075_20260917/qwen/OPT4/OFF_CLOSE2_165803/S15b_OFF_CLOSE2_probe/thread_affinity_start.json,131968,86d26fac8cf6c9de0680926f907e81a929081ab843145aa394d95d618c31e706,text,repo,True
eval/results/IDE_075_20260917/qwen/OPT4/OFF_CLOSE2_165803/S15b_OFF_CLOSE2_probe/v2/validation_results_v2.json,977,fccf31172c578148db7238fa752339d9b9af22a57b11ed4f5001ec2f294f33b0,text,repo,True
eval/results/IDE_075_20260917/qwen/OPT4/OFF_CLOSE2_165803/S15b_OFF_CLOSE2_probe/validate_v2.log,129,cb98d02023eb809d63a6fd16faad21d06e0b2ef64ac53e2bb1efff2af2055c9b,text,repo,True
eval/results/IDE_075_20260917/qwen/OPT4/OFF_CLOSE2_165803/S15b_OFF_CLOSE2_probe/window_events.jsonl,3720,122ee1ef5c718d62a209d53f72fcd4df5f13ab8badd6a1628b01258abfc7057c,text,repo,True
eval/results/IDE_075_20260917/qwen/OPT4/OFF_CLOSE2_165803/expert_samples.log,14,3f001b316633c8d759e69c0470a39b64606280763983c2a7a6ed952a7ee56cc5,text,repo,True
eval/results/IDE_075_20260917/qwen/OPT4/OFF_CLOSE2_165803/launch_cmd.sh,995,522dcf17c678e525379dddb483b6464e5348ecbd88a3dcba757ce2406b6e149a,text,repo,True
eval/results/IDE_075_20260917/qwen/OPT4/OFF_CLOSE2_165803/requested_config.json,1373,7b3594313d305cc4922b8969f8f4861a4e30e31b28f71629083c010cfc66be01,text,repo,True
eval/results/IDE_075_20260917/qwen/OPT4/OFF_CLOSE2_165803/runtime_proofs.json,2660,cffef30a7ab2c3ebe19cf05a2fd28af30ef6eef937d865e8e78ebd34e34c96f5,text,repo,True
eval/results/IDE_075_20260917/qwen/OPT4/OFF_CLOSE2_165803/server.full.log.gz,14546,fcf5ec8677ab561c2d0949a1ca3e18e531c0049303d16dcc07d34bac64be59fe,text,repo,True
eval/results/IDE_075_20260917/qwen/OPT4/OFF_CLOSE2_165803/server_info.json,37846,15fd7242d66bd59debc0471a9dbb9f26abcf8387886cdaf22f8502208d43c985,text,repo,True
eval/results/IDE_075_20260917/qwen/OPT4/OFF_CLOSE2_165803/smoke_greedy4.json,1387,37f2f24fa7611d5e0ba33eb35a9384e3fdb3435ebde508308db1c45a8fb68f2b,text,repo,True
eval/results/IDE_075_20260917/qwen/OPT4/OFF_CLOSE2_165803/thread_affinity.json,133075,2696d0a0f701f8afaf3610613485ef13e237c5f23761b43c089e7f30e5832304,text,repo,True
eval/results/IDE_075_20260917/qwen/OPT4/OFF_CLOSE2_165803/thread_role_map.csv,207450,a7f1b09dd3ad4b7e8af6b9d92f568ae1f3b6c8430f8dd981df709133a0c78294,text,repo,True
eval/results/IDE_075_20260917/qwen/OPT4/OFF_CLOSE2_165803/warmup/bench.stderr.log,622,0b1a37a639e009f339bbedc3d6a917789c5e4d9f7ed0e47e7ad77135c038054f,text,repo,True
eval/results/IDE_075_20260917/qwen/OPT4/OFF_CLOSE2_165803/warmup/bench.stdout.log,6299,868b3ac26d9e2a99a77ed2588f58c9b750608961db741499cb450e6a9d804657,text,repo,True
eval/results/IDE_075_20260917/qwen/OPT4/OFF_CLOSE2_165803/warmup/bench_cmd.sh,735,8fd44af30796cbcfa6219273f343f478e8e7bc39ad8c4e28fb577a4721dd4b87,text,repo,True
eval/results/IDE_075_20260917/qwen/OPT4/OFF_CLOSE2_165803/warmup/benchmark.raw.json,109890,396e276d32b611fd0560f36606cf18478f498df3618f29314ea23355570f15ca,text,repo,True
eval/results/IDE_075_20260917/qwen/OPT4/OFF_CLOSE2_165803/warmup/requests.jsonl,7385,4f4257a3483df7c003b63842e98cd87101ed7b944057225e89eb458e38502a49,text,repo,True
eval/results/IDE_075_20260917/qwen/OPT4/OFF_OPEN2_161158/S8_OFF_OPEN2/bench.stderr.log,693,12c730233a5184fdac38945b9259a83a1731aeefec18c2f8d9a3000eb97cad0d,text,repo,True
eval/results/IDE_075_20260917/qwen/OPT4/OFF_OPEN2_161158/S8_OFF_OPEN2/bench.stdout.log,6309,a9f2f4225e857c3bc3b39c1e65c3f7ba02fa2f9e91607fd75711895a73260673,text,repo,True
eval/results/IDE_075_20260917/qwen/OPT4/OFF_OPEN2_161158/S8_OFF_OPEN2/bench_cmd.sh,745,bb8718fd872744403f95eafa5907e997abd895b60db37a65217454975cb96c66,text,repo,True
eval/results/IDE_075_20260917/qwen/OPT4/OFF_OPEN2_161158/S8_OFF_OPEN2/benchmark.raw.json,425601,2ac54d2b20f0c02841e611104c76818b0051fe2fb7179070ef953c0986a187a5,text,repo,True
eval/results/IDE_075_20260917/qwen/OPT4/OFF_OPEN2_161158/S8_OFF_OPEN2/cpu_timeseries.csv,41657,48445061f195698cec3dce4a605644ecfde05e9a3c705ad208d56ae1de13d3b3,text,repo,True
eval/results/IDE_075_20260917/qwen/OPT4/OFF_OPEN2_161158/S8_OFF_OPEN2/gpu_timeseries.csv,15377,0da0960f4a2935522093a5c797a4478e0fdd68b3b9f00072953b2dcb01c7a490,text,repo,True
eval/results/IDE_075_20260917/qwen/OPT4/OFF_OPEN2_161158/S8_OFF_OPEN2/memory_timeseries.csv,543,2c59c96edb3ebd1c000d4c98855795aea44789ca4b53b28cd559be6bc2a47d78,text,repo,True
eval/results/IDE_075_20260917/qwen/OPT4/OFF_OPEN2_161158/S8_OFF_OPEN2/metrics.json,2788,7d4b17b2bbdec5b1ab90d2dec05db7c8e53eb24026681bfa20a45d6cca1b81f9,text,repo,True
eval/results/IDE_075_20260917/qwen/OPT4/OFF_OPEN2_161158/S8_OFF_OPEN2/observer_config.json,164,81274d60b113223df1b721570abe8f980441f54151afae269d1ff3ae674724f8,text,repo,True
eval/results/IDE_075_20260917/qwen/OPT4/OFF_OPEN2_161158/S8_OFF_OPEN2/requests.jsonl,29614,17df738a417f2677a84b14b641b6b4e6da02ce01f57cbe66ec1618db715ff714,text,repo,True
eval/results/IDE_075_20260917/qwen/OPT4/OFF_OPEN2_161158/S8_OFF_OPEN2/thread_affinity_start.json,135164,5c0640aa0167b8d93d29e6c78875d9a4e3c81fa8e7d4cb6232acf1b3ae2eba7b,text,repo,True
eval/results/IDE_075_20260917/qwen/OPT4/OFF_OPEN2_161158/S8_OFF_OPEN2/v2/validation_results_v2.json,829,4ce6eaf8068b0268b7e44b50b7b9aea464955e40ad5cf2fa3c81bf6cabcd1039,text,repo,True
eval/results/IDE_075_20260917/qwen/OPT4/OFF_OPEN2_161158/S8_OFF_OPEN2/validate_v2.log,127,098aaab923fce7c53e81bbe671bb9a523a42112dc51a1a1f12c7233dae391fb0,text,repo,True
eval/results/IDE_075_20260917/qwen/OPT4/OFF_OPEN2_161158/S8_OFF_OPEN2/window_events.jsonl,2555,fcb1f584badfa5deb52979b79b08328e894dbbfc0bf37a356a9c23ca3cf62166,text,repo,True
eval/results/IDE_075_20260917/qwen/OPT4/OFF_OPEN2_161158/S8b_OFF_OPEN2_probe/bench.stderr.log,915,c915c2f08b7ba858056292f21f489bcaef0a3010a03839f840bc909c47dac33c,text,repo,True
eval/results/IDE_075_20260917/qwen/OPT4/OFF_OPEN2_161158/S8b_OFF_OPEN2_probe/bench.stdout.log,0,e3b0c44298fc1c149afbf4c8996fb92427ae41e4649b934ca495991b7852b855,text,repo,True
eval/results/IDE_075_20260917/qwen/OPT4/OFF_OPEN2_161158/S8b_OFF_OPEN2_probe/bench_cmd.sh,299,e708f2d9f652b372edb6ac66e8690d309965c52e8d89bd94042a357beadb0027,text,repo,True
eval/results/IDE_075_20260917/qwen/OPT4/OFF_OPEN2_161158/S8b_OFF_OPEN2_probe/cpu_timeseries.csv,291254,cd63390591719e100f975633f6cb1bd45217696534c02409a66bcf1b9fec4c9e,text,repo,True
eval/results/IDE_075_20260917/qwen/OPT4/OFF_OPEN2_161158/S8b_OFF_OPEN2_probe/gpu_timeseries.csv,119789,29a7998c8fe66bffcd396ec867b3025d496ca5145a883417a0812ee5bec70b17,text,repo,True
eval/results/IDE_075_20260917/qwen/OPT4/OFF_OPEN2_161158/S8b_OFF_OPEN2_probe/memory_timeseries.csv,3935,5ee99e9c8711f7637c2dc5847b9a7e5af46aa7cd0d99211c99b183f11dd20c12,text,repo,True
eval/results/IDE_075_20260917/qwen/OPT4/OFF_OPEN2_161158/S8b_OFF_OPEN2_probe/metrics.json,1730,7f1ecac44b1e7c44a04525761eada3190b2dcc1f878e7c898f3abae77aeb7026,text,repo,True
eval/results/IDE_075_20260917/qwen/OPT4/OFF_OPEN2_161158/S8b_OFF_OPEN2_probe/observer_config.json,164,81274d60b113223df1b721570abe8f980441f54151afae269d1ff3ae674724f8,text,repo,True
eval/results/IDE_075_20260917/qwen/OPT4/OFF_OPEN2_161158/S8b_OFF_OPEN2_probe/request_results.jsonl,0,e3b0c44298fc1c149afbf4c8996fb92427ae41e4649b934ca495991b7852b855,text,repo,True
eval/results/IDE_075_20260917/qwen/OPT4/OFF_OPEN2_161158/S8b_OFF_OPEN2_probe/thread_affinity_start.json,134598,0cd5670afa459fc5825773583cb5801664ae86d02d6ea34a6478fd44bbc1e2cf,text,repo,True
eval/results/IDE_075_20260917/qwen/OPT4/OFF_OPEN2_161158/S8b_OFF_OPEN2_probe/v2/validation_results_v2.json,923,68d1f7d5bc5a9fa832073996a8ad238ec06c8915ec1921cac27130acbd66cba6,text,repo,True
eval/results/IDE_075_20260917/qwen/OPT4/OFF_OPEN2_161158/S8b_OFF_OPEN2_probe/validate_v2.log,130,56d886dfa6019df0c53a29128d778b3917f881ea166fe8495ce6347bc0da9f60,text,repo,True
eval/results/IDE_075_20260917/qwen/OPT4/OFF_OPEN2_161158/S8b_OFF_OPEN2_probe/window_events.jsonl,3151,f97c3494f81b630d6481411d1300b9946d36a68bd7b65d796157570813cec380,text,repo,True
eval/results/IDE_075_20260917/qwen/OPT4/OFF_OPEN2_161158/expert_samples.log,14,3f001b316633c8d759e69c0470a39b64606280763983c2a7a6ed952a7ee56cc5,text,repo,True
eval/results/IDE_075_20260917/qwen/OPT4/OFF_OPEN2_161158/launch_cmd.sh,994,95606ddbeba0c8d47650f7054d0d64d366b3b877b960c2707f2565d7b842f621,text,repo,True
eval/results/IDE_075_20260917/qwen/OPT4/OFF_OPEN2_161158/requested_config.json,1371,bf1e684c2d47f3420ca4cd7c74b49f5fa5565b1a2b2869ee9848cd331d6dc89d,text,repo,True
eval/results/IDE_075_20260917/qwen/OPT4/OFF_OPEN2_161158/runtime_proofs.json,2660,ec3d0d86dab614e81d1dc6a79142f16928cc5cd04cb1a8b6fea1b6e2fdcfc86b,text,repo,True
eval/results/IDE_075_20260917/qwen/OPT4/OFF_OPEN2_161158/server.full.log.gz,13747,ba037be33ea91e3a34495d3a16780a4dc694f75d8f982e03a194d69e73e2e7f4,text,repo,True
eval/results/IDE_075_20260917/qwen/OPT4/OFF_OPEN2_161158/server_info.json,37847,b2f90782b77c95e8b797641748a8ebfa3b015415ee9a7eaefd8a11171a9d8f59,text,repo,True
eval/results/IDE_075_20260917/qwen/OPT4/OFF_OPEN2_161158/smoke_greedy4.json,1387,37f2f24fa7611d5e0ba33eb35a9384e3fdb3435ebde508308db1c45a8fb68f2b,text,repo,True
eval/results/IDE_075_20260917/qwen/OPT4/OFF_OPEN2_161158/thread_affinity.json,135730,2e942960c0c884faf60a33316bc90239f2b735caef8f2798d2648a8a91701c1e,text,repo,True
eval/results/IDE_075_20260917/qwen/OPT4/OFF_OPEN2_161158/thread_role_map.csv,215349,cf506b01b2998362ef0dbeaede7cbaa5866e601aaf93ba1ca6acb62f71dd1a8c,text,repo,True
eval/results/IDE_075_20260917/qwen/OPT4/OFF_OPEN2_161158/warmup/bench.stderr.log,622,592bff16f8ab38e97a7f80d0c0d0a0f7cd358ffaf1a72d8e4f4959bb6fd01f56,text,repo,True
eval/results/IDE_075_20260917/qwen/OPT4/OFF_OPEN2_161158/warmup/bench.stdout.log,6301,1b2164a27c24250a9e76f14847252227c0af52b9389a9474fd117ec12c5901f3,text,repo,True
eval/results/IDE_075_20260917/qwen/OPT4/OFF_OPEN2_161158/warmup/bench_cmd.sh,737,97b360e4e92de231fcab4346b79387926d6f36e213e54fe68fff83043f7f1cf2,text,repo,True
eval/results/IDE_075_20260917/qwen/OPT4/OFF_OPEN2_161158/warmup/benchmark.raw.json,109063,2ebb6881eb23069a70478bf33c9e0b233f3f855f08c08fe01eeb5aed029fec3d,text,repo,True
eval/results/IDE_075_20260917/qwen/OPT4/OFF_OPEN2_161158/warmup/requests.jsonl,7401,b61e7ccc050e81b2997710e16bee1396539ad66e9cc70092754662008d968a69,text,repo,True
eval/results/IDE_075_20260917/qwen/OPT4/OFF_OPEN_152426/expert_samples.log,14,3f001b316633c8d759e69c0470a39b64606280763983c2a7a6ed952a7ee56cc5,text,repo,True
eval/results/IDE_075_20260917/qwen/OPT4/OFF_OPEN_152426/launch_cmd.sh,993,4c23d600a8d192ca9e47562e051f161a77b22e48b0188ff39ec6aad3fe21b1a8,text,repo,True
eval/results/IDE_075_20260917/qwen/OPT4/OFF_OPEN_152426/requested_config.json,1369,bdf7372225fd05c346101d8bc6362a6e35099541ed82b8a53e157d28b2d4bca5,text,repo,True
eval/results/IDE_075_20260917/qwen/OPT4/OFF_OPEN_152426/server_info.json,37845,a6d5434fdbe1c43994d0124b6cb3d3d31617e7909e9977762a14cbb7b55c2595,text,repo,True
eval/results/IDE_075_20260917/qwen/OPT4/OFF_OPEN_152426/smoke_greedy4.json,1387,37f2f24fa7611d5e0ba33eb35a9384e3fdb3435ebde508308db1c45a8fb68f2b,text,repo,True
eval/results/IDE_075_20260917/qwen/OPT4/OFF_OPEN_152426/thread_affinity.json,135736,21538128e324c28d956486a14dfd5f3c47759f678c36815bb1cf2cc27a84e3fd,text,repo,True
eval/results/IDE_075_20260917/qwen/OPT4/OFF_OPEN_152426/thread_role_map.csv,215255,6a9bb9e3b69826b24d7003ee46b6fd16748565b924355bacacd07934a1828d9d,text,repo,True
eval/results/IDE_075_20260917/qwen/OPT4/OFF_OPEN_152426/warmup/bench.stderr.log,622,bf8604ab3434e56a2638674c0a1acdd4cb4c3f74db055a33ab189b1f9c6f18af,text,repo,True
eval/results/IDE_075_20260917/qwen/OPT4/OFF_OPEN_152426/warmup/bench.stdout.log,6301,c438d7f67abea70ff4d31c5370ecc4e9ae422f37171af105874ae8720556f4b0,text,repo,True
eval/results/IDE_075_20260917/qwen/OPT4/OFF_OPEN_152426/warmup/bench_cmd.sh,737,d91d46be0d0918be960b1ebf4fee68235a801ade53a28268ae5797d57be2759e,text,repo,True
eval/results/IDE_075_20260917/qwen/OPT4/OFF_OPEN_152426/warmup/benchmark.raw.json,109760,ec0bca6f50bdd8ead1bead3ba0c9bac0373be1b949d5e1cb8ea2f27d5b8a78a3,text,repo,True
eval/results/IDE_075_20260917/qwen/OPT4/OFF_OPEN_152426/warmup/requests.jsonl,7384,640e695dcf310a17547b211ed5fd27d0d627b4dbcf32dfad5c31687f599349fa,text,repo,True
eval/results/IDE_075_20260917/qwen/OPT4/OFF_X_171100/S16_OFF_X_vllm/bench.stderr.log,693,b405946878792180518ce93132559ce901970706318a1f0b9ae554ca291aa16c,text,repo,True
eval/results/IDE_075_20260917/qwen/OPT4/OFF_X_171100/S16_OFF_X_vllm/bench.stdout.log,6308,15b228b29c0ff7df71fc349ab9c428feea0bc354f9e39d948c9378071bcd4247,text,repo,True
eval/results/IDE_075_20260917/qwen/OPT4/OFF_X_171100/S16_OFF_X_vllm/bench_cmd.sh,744,b6d5a546a895778307b0a68ff27b3941c5e4db0503c0dab7fcfbe97839955175,text,repo,True
eval/results/IDE_075_20260917/qwen/OPT4/OFF_X_171100/S16_OFF_X_vllm/benchmark.raw.json,424699,da914e80864186f1d7b5751b7e6fb479f860a3f5d6b824cf2016f35f2a0eea9b,text,repo,True
eval/results/IDE_075_20260917/qwen/OPT4/OFF_X_171100/S16_OFF_X_vllm/cpu_timeseries.csv,46320,82cbad85b5fdb7c2ff2110c609f35c0c3361336bfe459391ba0d8172734d7fc8,text,repo,True
eval/results/IDE_075_20260917/qwen/OPT4/OFF_X_171100/S16_OFF_X_vllm/gpu_timeseries.csv,16966,5510e38e2e34724c192451d855933fc61784bb5e210a29a71f25e920fb6a2a33,text,repo,True
eval/results/IDE_075_20260917/qwen/OPT4/OFF_X_171100/S16_OFF_X_vllm/memory_timeseries.csv,607,40c73c1a853fea6a086bcf3a0bc416d46d8a694e6a8aea88585e0e2325b466af,text,repo,True
eval/results/IDE_075_20260917/qwen/OPT4/OFF_X_171100/S16_OFF_X_vllm/metrics.json,2785,c757a746f2b287a39f54bcc677cfdf4f5f8fbad6e559fb460aa5bff1519d2dd2,text,repo,True
eval/results/IDE_075_20260917/qwen/OPT4/OFF_X_171100/S16_OFF_X_vllm/observer_config.json,164,81274d60b113223df1b721570abe8f980441f54151afae269d1ff3ae674724f8,text,repo,True
eval/results/IDE_075_20260917/qwen/OPT4/OFF_X_171100/S16_OFF_X_vllm/requests.jsonl,29623,ac4f6450531c359db69faa42fee3d4f69cb2032abea729738b0a3fc3d935862b,text,repo,True
eval/results/IDE_075_20260917/qwen/OPT4/OFF_X_171100/S16_OFF_X_vllm/thread_affinity_start.json,134403,9aefbaeea32a52f1285e9527414c7cd0f33600be0eed211224d60702375a64dc,text,repo,True
eval/results/IDE_075_20260917/qwen/OPT4/OFF_X_171100/S16_OFF_X_vllm/v2/validation_results_v2.json,827,f60d7572003851833380060139ccd2a14197663ac21ca075c9e500d011527302,text,repo,True
eval/results/IDE_075_20260917/qwen/OPT4/OFF_X_171100/S16_OFF_X_vllm/validate_v2.log,127,098aaab923fce7c53e81bbe671bb9a523a42112dc51a1a1f12c7233dae391fb0,text,repo,True
eval/results/IDE_075_20260917/qwen/OPT4/OFF_X_171100/S16_OFF_X_vllm/window_events.jsonl,2544,6ad80c2f4fc4290f447d555c73242fe4330f1ba69f1f0bc8e1219e75961262d1,text,repo,True
eval/results/IDE_075_20260917/qwen/OPT4/OFF_X_171100/S16b_OFF_X_probe_pinned/bench.stderr.log,0,e3b0c44298fc1c149afbf4c8996fb92427ae41e4649b934ca495991b7852b855,text,repo,True
eval/results/IDE_075_20260917/qwen/OPT4/OFF_X_171100/S16b_OFF_X_probe_pinned/bench.stdout.log,793,3d0606bd76c6aaa70fc0906987388c4be210c0ed427d19ad6256af4468fad5f5,text,repo,True
eval/results/IDE_075_20260917/qwen/OPT4/OFF_X_171100/S16b_OFF_X_probe_pinned/bench_cmd.sh,390,5f01d5e2ff3f69c18947311ddf7138a802b429507f4c99aed284fdc6771113de,text,repo,True
eval/results/IDE_075_20260917/qwen/OPT4/OFF_X_171100/S16b_OFF_X_probe_pinned/cpu_timeseries.csv,51288,81490ed2e25532aa268f4ebdcde9cc973e43a89cff7438af63a0315a6f872181,text,repo,True
eval/results/IDE_075_20260917/qwen/OPT4/OFF_X_171100/S16b_OFF_X_probe_pinned/gpu_timeseries.csv,17831,abfa42c5df19069ffe0abb39e31dc0a92691f2f051052e1cdcdb47ca99753afd,text,repo,True
eval/results/IDE_075_20260917/qwen/OPT4/OFF_X_171100/S16b_OFF_X_probe_pinned/memory_timeseries.csv,607,642cc1aa4f03ca2ee1554d3088bbd0ae2e121273d7eddd70c25627f5d046e886,text,repo,True
eval/results/IDE_075_20260917/qwen/OPT4/OFF_X_171100/S16b_OFF_X_probe_pinned/metrics.json,2536,1e0f1d31650160e9adcd519b748c4821c2ca9e5d6a473fb003797c872733c3d3,text,repo,True
eval/results/IDE_075_20260917/qwen/OPT4/OFF_X_171100/S16b_OFF_X_probe_pinned/observer_config.json,164,81274d60b113223df1b721570abe8f980441f54151afae269d1ff3ae674724f8,text,repo,True
eval/results/IDE_075_20260917/qwen/OPT4/OFF_X_171100/S16b_OFF_X_probe_pinned/request_results.jsonl,24594,811caaa8bc69f3c061bf30fe4a932da445abcf83312bacf37cd6f8ddc5ccab86,text,repo,True
eval/results/IDE_075_20260917/qwen/OPT4/OFF_X_171100/S16b_OFF_X_probe_pinned/thread_affinity_start.json,133283,5aa6fb8074a7a2ae566c37905624a8b67b70f7f0df0c521e9e9d4f0166d338cd,text,repo,True
eval/results/IDE_075_20260917/qwen/OPT4/OFF_X_171100/S16b_OFF_X_probe_pinned/v2/validation_results_v2.json,974,92537373e78f452a11e96c26ccf9d54e4b5e2a864c6ac18a49eb5e6cd4b69877,text,repo,True
eval/results/IDE_075_20260917/qwen/OPT4/OFF_X_171100/S16b_OFF_X_probe_pinned/validate_v2.log,129,cb98d02023eb809d63a6fd16faad21d06e0b2ef64ac53e2bb1efff2af2055c9b,text,repo,True
eval/results/IDE_075_20260917/qwen/OPT4/OFF_X_171100/S16b_OFF_X_probe_pinned/window_events.jsonl,3729,5928bf3ca939619fa59101360ad9e82defb5b301128fbbf5f5f4e6d1cebe6bed,text,repo,True
eval/results/IDE_075_20260917/qwen/OPT4/OFF_X_171100/S16c_OFF_X_vllm2/bench.stderr.log,693,546d2531e3714d0d2f530f311027fd2f901b310a68d9532671bc1ae4f23da1d5,text,repo,True
eval/results/IDE_075_20260917/qwen/OPT4/OFF_X_171100/S16c_OFF_X_vllm2/bench.stdout.log,6308,bb9fd916f4764cb7f8bf4bda684e7aa71e00a358599a958808b177d0e8b2c0d9,text,repo,True
eval/results/IDE_075_20260917/qwen/OPT4/OFF_X_171100/S16c_OFF_X_vllm2/bench_cmd.sh,744,806a857fb00598d5d4708bbc77e98c8a37426a4d76a3a3db726fa9d58ae9984c,text,repo,True
eval/results/IDE_075_20260917/qwen/OPT4/OFF_X_171100/S16c_OFF_X_vllm2/benchmark.raw.json,426179,9cf8a6cb058822585a0441aeb6b7712d363201dedec1fadabc26ae3d571a0816,text,repo,True
eval/results/IDE_075_20260917/qwen/OPT4/OFF_X_171100/S16c_OFF_X_vllm2/cpu_timeseries.csv,39578,9ec887fdb7ec1cb2d24cb8e60eed840e996c92b381a019cc46552e5bc06d0ac3,text,repo,True
eval/results/IDE_075_20260917/qwen/OPT4/OFF_X_171100/S16c_OFF_X_vllm2/gpu_timeseries.csv,14574,6cab0c03d68f77b0c5b330aa2907c8b955ef0bb2812f8de75c0cf8fdd80bf7d9,text,repo,True
eval/results/IDE_075_20260917/qwen/OPT4/OFF_X_171100/S16c_OFF_X_vllm2/memory_timeseries.csv,543,1170b2d1c1b93100e6e3155a9da64f26ab585047d1891d21ef0999765961e8fd,text,repo,True
eval/results/IDE_075_20260917/qwen/OPT4/OFF_X_171100/S16c_OFF_X_vllm2/metrics.json,2790,0825e1e2542d90ed1251ad7545f9266375753dbe7a468c9d6e627bad7fe17e3e,text,repo,True
eval/results/IDE_075_20260917/qwen/OPT4/OFF_X_171100/S16c_OFF_X_vllm2/observer_config.json,164,81274d60b113223df1b721570abe8f980441f54151afae269d1ff3ae674724f8,text,repo,True
eval/results/IDE_075_20260917/qwen/OPT4/OFF_X_171100/S16c_OFF_X_vllm2/requests.jsonl,29566,9680afc3180c6151847abf4637b6185bd63adcc58a6f457a3c9d61a7f36a28f9,text,repo,True
eval/results/IDE_075_20260917/qwen/OPT4/OFF_X_171100/S16c_OFF_X_vllm2/thread_affinity_start.json,133283,8975f72f0f964f4552eeb8bbf672b68e18090438a545e92dfa638e18c805af13,text,repo,True
eval/results/IDE_075_20260917/qwen/OPT4/OFF_X_171100/S16c_OFF_X_vllm2/v2/validation_results_v2.json,829,dac324981713332c078dbb6c100d14ab9933769b2fa613dc0c2aadbb69b7a4b3,text,repo,True
eval/results/IDE_075_20260917/qwen/OPT4/OFF_X_171100/S16c_OFF_X_vllm2/validate_v2.log,127,098aaab923fce7c53e81bbe671bb9a523a42112dc51a1a1f12c7233dae391fb0,text,repo,True
eval/results/IDE_075_20260917/qwen/OPT4/OFF_X_171100/S16c_OFF_X_vllm2/window_events.jsonl,2547,7993c1515e539f7d0efc5ae33bd3be7ad8193b99ab3e888df7a4827e1c1c9dd2,text,repo,True
eval/results/IDE_075_20260917/qwen/OPT4/OFF_X_171100/expert_samples.log,14,3f001b316633c8d759e69c0470a39b64606280763983c2a7a6ed952a7ee56cc5,text,repo,True
eval/results/IDE_075_20260917/qwen/OPT4/OFF_X_171100/launch_cmd.sh,990,383ff258c3ea6781c448ce88da704cd37b0fa78296dad15eceaaae201833e162,text,repo,True
eval/results/IDE_075_20260917/qwen/OPT4/OFF_X_171100/requested_config.json,1363,df3202a3748cf18be3809614b1b31d9da9254609f4c7e2bef1f612ced1ef9e32,text,repo,True
eval/results/IDE_075_20260917/qwen/OPT4/OFF_X_171100/runtime_proofs.json,2660,a3120e3a6bb42fc0afbd34658835b13d67ac4eb39ddb93df3e88bec6483a0776,text,repo,True
eval/results/IDE_075_20260917/qwen/OPT4/OFF_X_171100/server.full.log.gz,15587,11ec07d322f410474d644940038ffe43e711c9f019e03017ace4126578d135a0,text,repo,True
eval/results/IDE_075_20260917/qwen/OPT4/OFF_X_171100/server_info.json,37843,b5b1fdeccb89edb2c88a8e200413cd1c7bc43c3187b77e3b903ff42852745519,text,repo,True
eval/results/IDE_075_20260917/qwen/OPT4/OFF_X_171100/smoke_greedy4.json,1387,37f2f24fa7611d5e0ba33eb35a9384e3fdb3435ebde508308db1c45a8fb68f2b,text,repo,True
eval/results/IDE_075_20260917/qwen/OPT4/OFF_X_171100/thread_affinity.json,134403,a60e46fe287058ae3084145f74314a6570927d932ea2d9fd4b4321ea4ad61df6,text,repo,True
eval/results/IDE_075_20260917/qwen/OPT4/OFF_X_171100/thread_role_map.csv,211386,7e4a4b87fd2409c44551f77104bd2eaf2c7c79cfd78ba8e077d1341684a533cc,text,repo,True
eval/results/IDE_075_20260917/qwen/OPT4/OFF_X_171100/warmup/bench.stderr.log,622,2672d49f6f9b291350dac9a02c5481b03bee0e26d21e0091996caeee826d0e99,text,repo,True
eval/results/IDE_075_20260917/qwen/OPT4/OFF_X_171100/warmup/bench.stdout.log,6300,7124fc599624bc12f0df7f5d4e635d46509aa430aa1f36c9b97bd1e6dc19c286,text,repo,True
eval/results/IDE_075_20260917/qwen/OPT4/OFF_X_171100/warmup/bench_cmd.sh,736,b92c3e9444d2491c19ccad2767d0a53ef5a8f6a79f84a1627fc3bd80591700ce,text,repo,True
eval/results/IDE_075_20260917/qwen/OPT4/OFF_X_171100/warmup/benchmark.raw.json,109481,b0aa06d10a7673a31b8d292f5f5a758e6f261b914a5bfdcc43ec92421936dd21,text,repo,True
eval/results/IDE_075_20260917/qwen/OPT4/OFF_X_171100/warmup/requests.jsonl,7401,7311b0ce65b5c6a483e3b19a51c445af35fc7aec5c95f3e003d8194c6eae89cc,text,repo,True
eval/results/IDE_075_20260917/qwen/OPT4/OFF_Y_174421/S21_OFF_Y_vllm/bench.stderr.log,693,369f6e71c39a8f77c856bb1bd652072f2773f56952f48eee10eda6f37b75b3bb,text,repo,True
eval/results/IDE_075_20260917/qwen/OPT4/OFF_Y_174421/S21_OFF_Y_vllm/bench.stdout.log,6308,7a2f9a569dffc79839169593b93312d836754de3238a9028953a9696f27c430a,text,repo,True
eval/results/IDE_075_20260917/qwen/OPT4/OFF_Y_174421/S21_OFF_Y_vllm/bench_cmd.sh,744,a089183ce5db1d9f998a04e2a43af413949e2dabec6bf54c6fe05195dd6b9b3d,text,repo,True
eval/results/IDE_075_20260917/qwen/OPT4/OFF_Y_174421/S21_OFF_Y_vllm/benchmark.raw.json,424642,c4eaa6fa16a894454223576de9c60cc72100cb9897db7ea9a16b77da6e86a06f,text,repo,True
eval/results/IDE_075_20260917/qwen/OPT4/OFF_Y_174421/S21_OFF_Y_vllm/cpu_timeseries.csv,41794,abfefa557d4d8c6611b477b147c2e5dc126a152fb7a261a63de8c084b944a02a,text,repo,True
eval/results/IDE_075_20260917/qwen/OPT4/OFF_Y_174421/S21_OFF_Y_vllm/gpu_timeseries.csv,15379,3a3bc7510f4da7c752a7cc292452efdb5a3adbee07b4f80455cfc9f4866621eb,text,repo,True
eval/results/IDE_075_20260917/qwen/OPT4/OFF_Y_174421/S21_OFF_Y_vllm/memory_timeseries.csv,543,28e9e7fcd393eb59c24ab9768a632b86e4b7594fe96e26717715c671539e0d77,text,repo,True
eval/results/IDE_075_20260917/qwen/OPT4/OFF_Y_174421/S21_OFF_Y_vllm/metrics.json,2787,f104fc8ffca2e23750123ce93c7a030ce95c58c6cfc6b817665955550fbb15bc,text,repo,True
eval/results/IDE_075_20260917/qwen/OPT4/OFF_Y_174421/S21_OFF_Y_vllm/observer_config.json,164,81274d60b113223df1b721570abe8f980441f54151afae269d1ff3ae674724f8,text,repo,True
eval/results/IDE_075_20260917/qwen/OPT4/OFF_Y_174421/S21_OFF_Y_vllm/requests.jsonl,29619,6d9f1c2e25e25393e9b9e5b7a6220644d31a1a29aa6fa9e1a56b69d3c2a86e1c,text,repo,True
eval/results/IDE_075_20260917/qwen/OPT4/OFF_Y_174421/S21_OFF_Y_vllm/thread_affinity_start.json,134403,6f6b28cab9cd2d1eed1f1f4ec3129759f81f77b1a093cca136128f65ed2593f1,text,repo,True
eval/results/IDE_075_20260917/qwen/OPT4/OFF_Y_174421/S21_OFF_Y_vllm/v2/validation_results_v2.json,827,55c7c45df4fa0f1df8453a38a741cab3ca82b23ee9bcad143b6d4bc26aa39826,text,repo,True
eval/results/IDE_075_20260917/qwen/OPT4/OFF_Y_174421/S21_OFF_Y_vllm/validate_v2.log,127,098aaab923fce7c53e81bbe671bb9a523a42112dc51a1a1f12c7233dae391fb0,text,repo,True
eval/results/IDE_075_20260917/qwen/OPT4/OFF_Y_174421/S21_OFF_Y_vllm/window_events.jsonl,2544,84feef64f64f80b7e550f1fb51bec9ac12a1ada9afcfdcd4c068c54d8220f536,text,repo,True
eval/results/IDE_075_20260917/qwen/OPT4/OFF_Y_174421/S21b_OFF_Y_vllmw/bench.stderr.log,693,7cc0c3e85ecd634c7e92a5d7b16565b4d3aad4146d825ac3e6beec04fbd60672,text,repo,True
eval/results/IDE_075_20260917/qwen/OPT4/OFF_Y_174421/S21b_OFF_Y_vllmw/bench.stdout.log,6109,856fe88635125f5ce2fc09d3d35a13eb1641561b11fa160faaf463d2ee9cd7e6,text,repo,True
eval/results/IDE_075_20260917/qwen/OPT4/OFF_Y_174421/S21b_OFF_Y_vllmw/bench_cmd.sh,852,3d60ae46eb5fe226dd569f4f2f70cbcd49ca606e73c79fc9f7e246711af32b24,text,repo,True
eval/results/IDE_075_20260917/qwen/OPT4/OFF_Y_174421/S21b_OFF_Y_vllmw/benchmark.raw.json,422095,39ebb234d6141e50acc603bbbe55a8e042dc3d185ee3970977d44dba48625468,text,repo,True
eval/results/IDE_075_20260917/qwen/OPT4/OFF_Y_174421/S21b_OFF_Y_vllmw/clock_anchors_client.json,217,276fc510feae0b21c53d4e39e433725f4bef82d949158e71158597a4fd0b014d,text,repo,True
eval/results/IDE_075_20260917/qwen/OPT4/OFF_Y_174421/S21b_OFF_Y_vllmw/cpu_timeseries.csv,41078,3428df7955e6772123fa2b322a24f2e477b67e8cd387f83af13f194afe108b35,text,repo,True
eval/results/IDE_075_20260917/qwen/OPT4/OFF_Y_174421/S21b_OFF_Y_vllmw/gpu_timeseries.csv,15375,7e8646f1d23fadc90e69093057798c73df6ec1a4a58a0e3ad57fb07216ecf6b9,text,repo,True
eval/results/IDE_075_20260917/qwen/OPT4/OFF_Y_174421/S21b_OFF_Y_vllmw/memory_timeseries.csv,543,5cacafdb2e2cdd181613cd25194cb90a38be80814f0a1a7d1dd81aacc521a1b6,text,repo,True
eval/results/IDE_075_20260917/qwen/OPT4/OFF_Y_174421/S21b_OFF_Y_vllmw/metrics.json,2789,2369a44ca8eaa6c6c4b430c43805ef49ad2b10693dbe314ab1cf7fe88863f67c,text,repo,True
eval/results/IDE_075_20260917/qwen/OPT4/OFF_Y_174421/S21b_OFF_Y_vllmw/observer_config.json,164,81274d60b113223df1b721570abe8f980441f54151afae269d1ff3ae674724f8,text,repo,True
eval/results/IDE_075_20260917/qwen/OPT4/OFF_Y_174421/S21b_OFF_Y_vllmw/request_results.jsonl,24466,4cca0cb17305430306e509525abfe621e44e165a9fc7c1340128bbf142826378,text,repo,True
eval/results/IDE_075_20260917/qwen/OPT4/OFF_Y_174421/S21b_OFF_Y_vllmw/requests.jsonl,29628,44bda7e7dc21602bc8a4b1003df12dca229a5a277cb223bb6e7d330db221c6c0,text,repo,True
eval/results/IDE_075_20260917/qwen/OPT4/OFF_Y_174421/S21b_OFF_Y_vllmw/thread_affinity_start.json,133283,e54d11a9a833a9816c5fe55454184f75165f6591ddff65d6e3e3d8918ad561dc,text,repo,True
eval/results/IDE_075_20260917/qwen/OPT4/OFF_Y_174421/S21b_OFF_Y_vllmw/v2/validation_results_v2.json,927,4b072b631b75f2be29846f88cc8ceb0d8862d21df8be73c4dd8735bd39e66680,text,repo,True
eval/results/IDE_075_20260917/qwen/OPT4/OFF_Y_174421/S21b_OFF_Y_vllmw/validate_v2.log,127,098aaab923fce7c53e81bbe671bb9a523a42112dc51a1a1f12c7233dae391fb0,text,repo,True
eval/results/IDE_075_20260917/qwen/OPT4/OFF_Y_174421/S21b_OFF_Y_vllmw/window_events.jsonl,3757,c43c1976e8e3df001371d3262685fa4dd7483f62274c3bf20e307fa724162186,text,repo,True
eval/results/IDE_075_20260917/qwen/OPT4/OFF_Y_174421/S21c_OFF_Y_vllm2/bench.stderr.log,693,e79f19f92bb49eef3f9d24ecf4254a17bd6516ca458938dfd159a8267831e7bc,text,repo,True
eval/results/IDE_075_20260917/qwen/OPT4/OFF_Y_174421/S21c_OFF_Y_vllm2/bench.stdout.log,6308,bfaa76c061c7c3853b496de48a99ab9f66ce8c89d91d40a06f6a39d168b83b2c,text,repo,True
eval/results/IDE_075_20260917/qwen/OPT4/OFF_Y_174421/S21c_OFF_Y_vllm2/bench_cmd.sh,744,ff67dfa24b03f342f1cc00f7846287a88051dcb3c59e55a82748abcf7d70dd90,text,repo,True
eval/results/IDE_075_20260917/qwen/OPT4/OFF_Y_174421/S21c_OFF_Y_vllm2/benchmark.raw.json,424257,a49cdd9c02bb1dda51ab8cc16fc8210338fee0245318a89ed7e967b6d7d9f852,text,repo,True
eval/results/IDE_075_20260917/qwen/OPT4/OFF_Y_174421/S21c_OFF_Y_vllm2/cpu_timeseries.csv,41783,edeacb0c128b867bb520e740e50f7d43f2bb804b26a80939d20b759e4f4d344e,text,repo,True
eval/results/IDE_075_20260917/qwen/OPT4/OFF_Y_174421/S21c_OFF_Y_vllm2/gpu_timeseries.csv,15374,8dec17ba176923e819e1ab29ac05775ad3ade7076594df14d6ade45d7cbfabbd,text,repo,True
eval/results/IDE_075_20260917/qwen/OPT4/OFF_Y_174421/S21c_OFF_Y_vllm2/memory_timeseries.csv,543,0b059d384d262df24819d9ac3dffdf3c0075369538273910232d45f2551d62bb,text,repo,True
eval/results/IDE_075_20260917/qwen/OPT4/OFF_Y_174421/S21c_OFF_Y_vllm2/metrics.json,2784,a893aaa1772c4eb91efdf3433a81ada48e879a3b8b407e398cd1848526e0bf4a,text,repo,True
eval/results/IDE_075_20260917/qwen/OPT4/OFF_Y_174421/S21c_OFF_Y_vllm2/observer_config.json,164,81274d60b113223df1b721570abe8f980441f54151afae269d1ff3ae674724f8,text,repo,True
eval/results/IDE_075_20260917/qwen/OPT4/OFF_Y_174421/S21c_OFF_Y_vllm2/requests.jsonl,29601,d1978c289f1ff8162b6d691f41551fa556eb5d553f567e4fd3ea2cfd1bc1fcf2,text,repo,True
eval/results/IDE_075_20260917/qwen/OPT4/OFF_Y_174421/S21c_OFF_Y_vllm2/thread_affinity_start.json,133282,50dfdce57acc8d46a4d581974c57209fa24a15f2e11e36c36f78494e0b180098,text,repo,True
eval/results/IDE_075_20260917/qwen/OPT4/OFF_Y_174421/S21c_OFF_Y_vllm2/v2/validation_results_v2.json,829,0395072cd911250eebf291c70492d140f8c5c441bc559db1bbfbb866574f3f9a,text,repo,True
eval/results/IDE_075_20260917/qwen/OPT4/OFF_Y_174421/S21c_OFF_Y_vllm2/validate_v2.log,127,098aaab923fce7c53e81bbe671bb9a523a42112dc51a1a1f12c7233dae391fb0,text,repo,True
eval/results/IDE_075_20260917/qwen/OPT4/OFF_Y_174421/S21c_OFF_Y_vllm2/window_events.jsonl,2547,a5fa84b009b7a26ab4624b8c91d6657746ff92df710b1cbbb00b0a4d4cdfe5c2,text,repo,True
eval/results/IDE_075_20260917/qwen/OPT4/OFF_Y_174421/expert_samples.log,14,3f001b316633c8d759e69c0470a39b64606280763983c2a7a6ed952a7ee56cc5,text,repo,True
eval/results/IDE_075_20260917/qwen/OPT4/OFF_Y_174421/launch_cmd.sh,990,c658c321c60530f7e99fe8f23a5d91b41bd00fb6d0dadc4de4ff5450fac7131f,text,repo,True
eval/results/IDE_075_20260917/qwen/OPT4/OFF_Y_174421/requested_config.json,1363,131aba94b4f6b6b8688da4e4304b684be8891978537a8ee1a348caca159d7342,text,repo,True
eval/results/IDE_075_20260917/qwen/OPT4/OFF_Y_174421/runtime_proofs.json,2660,cfab5b37cd18c28b1923cda4942727c9f786ecd4d08bb4748e55da89e10dfacf,text,repo,True
eval/results/IDE_075_20260917/qwen/OPT4/OFF_Y_174421/server.full.log.gz,15451,e039ef2b25b62e3b7c591c9865f635f83229875e755e2ec216f5bd6a72f440e4,text,repo,True
eval/results/IDE_075_20260917/qwen/OPT4/OFF_Y_174421/server_info.json,37849,0b4b689abda8a8c241135fe88e0857d010653107ff758cade0b66d4507736c66,text,repo,True
eval/results/IDE_075_20260917/qwen/OPT4/OFF_Y_174421/smoke_greedy4.json,1387,37f2f24fa7611d5e0ba33eb35a9384e3fdb3435ebde508308db1c45a8fb68f2b,text,repo,True
eval/results/IDE_075_20260917/qwen/OPT4/OFF_Y_174421/thread_affinity.json,134403,b8a34cb8de2dfed92d24c1d504b0f078ab30c9d1e5bccac5ecdacde597e8ae9a,text,repo,True
eval/results/IDE_075_20260917/qwen/OPT4/OFF_Y_174421/thread_role_map.csv,211322,545a9652b62b2ef1c754390ea5df6f229592f778b7f9457393d92ae75a187019,text,repo,True
eval/results/IDE_075_20260917/qwen/OPT4/OFF_Y_174421/warmup/bench.stderr.log,622,312a2d039d4232bea7939881d6fb9326cd0ab6a387b20cb8889e217f2ad5695f,text,repo,True
eval/results/IDE_075_20260917/qwen/OPT4/OFF_Y_174421/warmup/bench.stdout.log,6300,e6ada13320c6b3e866583554b9c09da454b5a0f1a4e68a42576d2c5df5f81064,text,repo,True
eval/results/IDE_075_20260917/qwen/OPT4/OFF_Y_174421/warmup/bench_cmd.sh,736,caedc723c1e18c27308a7c20b097e47f4159a7ceddeb00736d2a394e8ded2893,text,repo,True
eval/results/IDE_075_20260917/qwen/OPT4/OFF_Y_174421/warmup/benchmark.raw.json,109459,9cf75fb49be8281b989aceb56ac6f9a6ebfcbe79fff26413568bdbc6c2bd8313,text,repo,True
eval/results/IDE_075_20260917/qwen/OPT4/OFF_Y_174421/warmup/requests.jsonl,7381,a85fa2ad45269c061613f740c21c47c6a03a761b9f671d9fad2e0f3e605475b1,text,repo,True
eval/results/IDE_075_20260917/state/RUN_STATE.json,19637,e4728bcbd21432d1346e4f6841d6008df27ffc881a92a12782d30810f3f1762a,text,repo,True
eval/results/IDE_075_20260917/state/analyze_all_1.log,0,e3b0c44298fc1c149afbf4c8996fb92427ae41e4649b934ca495991b7852b855,text,repo,True
eval/results/IDE_075_20260917/state/budget_reconciliation.json,430,df326dc838325743d59c9d97db40bb65e464d84faa5b9389018601f98e3c4490,text,repo,True
eval/results/IDE_075_20260917/state/chain.log,2992,811765a24d700dfa8c324af77ef78531252ba443ef693bc23c1973abd89bc323,text,repo,True
eval/results/IDE_075_20260917/state/execution_events.jsonl,47211,dbb9261ca4f3634ecd930d19c801fcad15b885286437258372cb191274d55721,text,repo,True
eval/results/IDE_075_20260917/state/plan_CORE.log,0,e3b0c44298fc1c149afbf4c8996fb92427ae41e4649b934ca495991b7852b855,text,repo,True
eval/results/IDE_075_20260917/state/plan_CORE2.log,0,e3b0c44298fc1c149afbf4c8996fb92427ae41e4649b934ca495991b7852b855,text,repo,True
eval/results/IDE_075_20260917/state/plan_CORE2_attach.log,368,78cf7d19dfe87efe2a26ca3ee373105b9524bed757d3013dbf1622d2865c99c0,text,repo,True
eval/results/IDE_075_20260917/state/plan_CORE3.log,304,24fd8b26a0609a3222afbfc05527c9f2484be590a13a332865dce61eed40d28d,text,repo,True
eval/results/IDE_075_20260917/state/plan_CORE4.log,380,cd248354749db849f209d254688b5d9307e89700665d9ce19295556b4db09a46,text,repo,True
eval/results/IDE_075_20260917/state/plan_CORE_attach.log,335,61611e4cc1643cfc83f2b64c2970a8a10ef655b6f7794b65b3aea4dc3998259f,text,repo,True
eval/results/IDE_075_20260917/state/plan_FOCUS2.log,247,ce6d7409a4825495841b0a4db2459ce2efe8e164e12f3aa7855c5c203753b100,text,repo,True
eval/results/IDE_075_20260917/state/plan_GLM_D1.log,153,da298b92a8d77903b41c71d26d8627d61aa1fdb56c52b65ac27a1f4e58f0d2b5,text,repo,True
eval/results/IDE_075_20260917/state/plan_GLM_D2.log,312,dfd5663f1379ddc745422a48be3fd72992d87fe7f2f178ce2c6514486ccdf11b,text,repo,True
eval/results/IDE_075_20260917/state/plan_GLM_D3.log,833,386da17aa6340abec3e605f1fc6322ebd26d40a7829a387d50429bdf92590962,text,repo,True
eval/results/IDE_075_20260917/state/plan_GLM_D4.log,485,ac52de0a9d1aebc7474e6710035e79f19cd5bc41eed270cb9cfa05d9621f3290,text,repo,True
eval/results/IDE_075_20260917/state/plan_GLM_D5.log,409,c5718f497163e322af52873f5403b3bbecbfb9794ff162470abcac9219b8f59d,text,repo,True
eval/results/IDE_075_20260917/state/plan_GLM_D6.log,294,00cb039fbf55d89512d2ad598b9a61f718d65a6a9f6e8216150c05b016e41308,text,repo,True
eval/results/IDE_075_20260917/state/plan_GLM_D7.log,352,597a1b723dd5d16b4849a773558b20522efe441cbad348c7a6185ed4685019fd,text,repo,True
eval/results/IDE_075_20260917/state/plan_GLM_D8.log,294,285e8006cac96bc08a4d7a935f86843631c7c7a8413e15dafb3be83e09571f27,text,repo,True
eval/results/IDE_075_20260917/state/plan_GLM_D9.log,791,a1afcb28e3a466dfe168a0beca013d3b4635362d64f2d7ebe0b30a23fdffdd1c,text,repo,True
eval/results/IDE_075_20260917/state/plan_OFF_A.log,177,b865e0cceb9a0ac12c87e876064d2358a51f91905f262e56441c2c432494ae68,text,repo,True
eval/results/IDE_075_20260917/state/plan_OFF_B.log,178,c975dc55fee356a5a9a3e97e6af618a7f2d02915def3b9a1497798fde92fcbaa,text,repo,True
eval/results/IDE_075_20260917/state/plan_OFF_CLOSE2.log,234,80a0af253a31690e16755d0d995730fde660bcc45220e5f2f8cee37088db9247,text,repo,True
eval/results/IDE_075_20260917/state/plan_OFF_OPEN.log,636,da8d9c83b1f441cd3d9b272cdbae5ee392d89a7eb1c6b42c462ebdfe92df656f,text,repo,True
eval/results/IDE_075_20260917/state/plan_OFF_OPEN2.log,214,a5a8f5b8b1778a08e4a4f93ddc194d39e973512e89bb4e6aabde4754afcd4acc,text,repo,True
eval/results/IDE_075_20260917/state/plan_OFF_X.log,271,147ddb32b96aec9a30c7599123e6c3f0cf5e58f8181d624e61bbffdf5eb3814a,text,repo,True
eval/results/IDE_075_20260917/state/plan_OFF_Y.log,265,4b4b4c1c72ba5c1950b973ade799dfa1273024e1c6450417fd67b214e72abbdb,text,repo,True
eval/results/IDE_075_20260917/state/reconstruct_windows.log,40,1b79d4d6c52df7a2883756c35dcdfbce1888c19adba93f232065bbaa73f2bbcf,text,repo,True
eval/results/IDE_075_20260917/state/render_ext.log,562,bcf0600be15c4257608d896d35f2aea1f200d16e12cd9f00e23c2754159d9a61,text,repo,True
eval/results/IDE_075_20260917/state/render_v2.log,340,3bb84681f1ee9606abdcaec86b1dad519e7ca0ce8e492bfd820e94471b515161,text,repo,True
eval/results/IDE_075_20260917/state/render_v2b.log,340,651e98e3e7e3c83d9120ca8f7d9da233b6035886ce0f370ed82d11f6f5595ab3,text,repo,True
eval/results/IDE_075_20260917/state/render_v2c.log,340,63546d489bbe4c504cfa23f768cf596a96384708c09af27b89d1a2498ae9e103,text,repo,True
shadow_assists/features/IDE_075/BOTTLENECK_EVIDENCE.md,25789,8fbde54076d8840713422d31631d71c8bc2d2a7498eb56e12242f76b37e85f05,text,repo,True
shadow_assists/features/IDE_075/CLAUDE.md,1198,890af2880764d5cfbe0e45314bc011b0e3bd3424f2a79878659067d716a9716f,text,repo,True
shadow_assists/features/IDE_075/CONFIG_DIFF.md,3392,14aa69287ef416244e6d4083cf049fbcc162d15ddc04c62903dffc524dd4b30a,text,repo,True
shadow_assists/features/IDE_075/FULL_RAW_DATA.md,6519,632ce3dadace4a04a991075d53817d317535157261b755e256b2d87a03294f81,text,repo,True
shadow_assists/features/IDE_075/FULL_REPORT.md,315057,74586edec0b4af703797c64d3e46b41f1f9946c50cbe8f686989b787f657e845,text,repo,True
shadow_assists/features/IDE_075/G00_code_review.md,25597,5fcb7e1c506548ce7d0491041cc705ec0b28cda207eac323712a6397c347275b,text,repo,True
shadow_assists/features/IDE_075/MEASUREMENT_COMPLETION_STATUS.md,2409,1cc3b5920e76b1f7b994507417002553c27b66e619d0d72944f723825f8a3b76,text,repo,True
shadow_assists/features/IDE_075/METRIC_DEFINITIONS_V2.yaml,4249,e011c2d8662fbcda86d21e9eccb59d97df37d952abd806916e96175967ff0989,text,repo,True
shadow_assists/features/IDE_075/OPTIMIZATION_HANDOFF.md,6519,16ab97aac37f490bcc259176932edb50643275d9ac499729baa61417ae61bc03,text,repo,True
shadow_assists/features/IDE_075/PLAN.md,123518,8a3225f4ad0eff8f9e1550abf92d2d20deeca3cead0800721177e36741393971,text,repo,True
shadow_assists/features/IDE_075/PLAN_RESOLVED.md,6439,575bd14f5a1a0fc2f51899c9b15b19146e959981d741e2cb037d7c4cd69fe651,text,repo,True
shadow_assists/features/IDE_075/PROBE_MAP_V2.md,5922,7306388f352d9d226bcf5d366dc907134aebed2481d80239f3bbcfb95b0f3ac0,text,repo,True
shadow_assists/features/IDE_075/PROGRESS.md,11002,c8082fff4e322d679cdb9334009bb3976d9ca3ec8ab0e714c40505b87aa354c2,text,repo,True
shadow_assists/features/IDE_075/PROGRESS_EVENTS.jsonl,2498,d2eeac9f440b9237cd226041fec84bf3b48c9e4fdc2870458d777e3d6386248a,text,repo,True
shadow_assists/features/IDE_075/PUBLISH_RECEIPT.md,1330,64a06503fcb0275623a5b8c8f86d4698be06c6a03f5530dbda010d442761e026,text,repo,True
shadow_assists/features/IDE_075/READINESS.md,12918,209e536fa21bcce40329fbd30872d7c68d93b9834a0d35d62d6ca20e4ff77e69,text,repo,True
shadow_assists/features/IDE_075/README.md,1807,289f27610ddaba3fa2dd52e5f7fc65aa524fe35f16f172876bd9db4ffd293bdf,text,repo,True
shadow_assists/features/IDE_075/SOURCE_INDEX.md,2288,db2544e5a82a0be0a8b43286dce6c4329a9cd742f44046776679028d02fa94e8,text,repo,True
shadow_assists/features/IDE_075/VALIDATION_REPORT.md,72867,ccc54f628330f57ecbd21b7cdde6f05e3998949bbd7c99bfbf8fe31a1b388a0a,text,repo,True
shadow_assists/features/IDE_075/WINDOW_RECONSTRUCTION.md,5695,c48ced697b0c7d9d14b168315ab65aeeb033751744626df9ead65cd2df84124b,text,repo,True
shadow_assists/features/IDE_075/WORK_LOG.md,21668,0b7043a1f62e82daccd5dadf048afa24839f4feb2eb7b0b08c9911c26965168a,text,repo,True
shadow_assists/features/IDE_075/evidence/environment.json,23593,eddc35b828cc10a74e806ba4ca51aabd087e64dd478023be7b34ccf0c058e2b7,text,repo,True
shadow_assists/features/IDE_075/evidence/kt_evt_patch_v2.diff,22954,75f2779517a106b5188bf90a222c0b5047cf635a9b56e4f9cb5ef231bc2c44a3,cpu_event_log,repo,True
shadow_assists/features/IDE_075/evidence/parser_test_results.json,587,a67117a3847b61195a0c528bc8f09696ac44488fb7a2846fe415fef382854985,text,repo,True
shadow_assists/features/IDE_075/manifests/publish_receipt.json,1426,1fc0cf168ae5b9a3473f1d12f31fbcf15f6de771f1e8f7e01a602042831e96a7,text,repo,True
shadow_assists/features/IDE_075/profiles/clock_alignment_summary.csv,10406,bf263b50f0172279d02e0ff16b2bf3f1b1e262af3fa08f649baea6f786c5e595,text,repo,True
shadow_assists/features/IDE_075/profiles/legacy_vs_corrected.csv,7414,3ea9e88b8bc79c4819a7d4391a5e7a3a37924f708fed1e1de532bcb17f284bb0,text,repo,True
shadow_assists/features/IDE_075/profiles/missing_coverage_v2.csv,4147,578a787b91f49c38893d1ae918bc09425530a52a78cc129b207769a677fb1a78,text,repo,True
shadow_assists/features/IDE_075/profiles/observer_overhead_v2.csv,29733,37b2b9220576c960708265d9cb28721c586759ae0d12cb11d1685f57ad945c8c,text,repo,True
shadow_assists/features/IDE_075/raw_md/part-0001.md,8310919,9d7e44ab9af63a08f00ac26517f90028e7e7cccce859b40ab481265087a83508,text,repo,False
shadow_assists/features/IDE_075/raw_md/part-0002.md,8000145,041550228aa6da5984db68ecefb9cb289a9b7040a0651908c9c45cb99633c513,text,repo,False
shadow_assists/features/IDE_075/raw_md/part-0003.md,6551013,4e1e835b9725b41198aef553bc48fc3d68880820aaac1bd7e7faf264b1634c75,text,repo,False
shadow_assists/features/IDE_075/raw_md/part-0004.md,7914547,ac49bf49bff864f2e7fef54813affd536f76fa17c1bddca4bf5f21edfc600afb,text,repo,False
shadow_assists/features/IDE_075/raw_md/part-0005.md,589800,00f789c6bb1e99c912566ebb1b61c935272cdc701ddb9f6e8a5b008040e91449,text,repo,True
shadow_assists/features/IDE_075/raw_md/part-0006.md,8709099,98a7f6d2558da9c9d0f6bc9fc09f5b1d4eab75d58c3252e36ed0322c4bbea29d,text,repo,False
shadow_assists/features/IDE_075/raw_md/part-0007.md,8707619,856346fd1b7c4befd666b8405e7e2bf6be14cc5bd3f41a10e1a34be36703c8c4,text,repo,False
shadow_assists/features/IDE_075/raw_md/part-0008.md,8705483,708816cd7b2891dac80fd8567f8504f6129cd5e9a47a3fa884308b7bb1eb1d7d,text,repo,False
shadow_assists/features/IDE_075/raw_md/part-0009.md,6479053,963264cd8bff4ad4d7fc63cd172c14b1779ccbcc0c358840242097ec160e915f,text,repo,False
shadow_assists/features/IDE_075/raw_md/part-0010.md,8000148,6de27c82456056026fe9bb43a33aeac47615f737a254e89c66928924a82d155d,text,repo,False
shadow_assists/features/IDE_075/raw_md/part-0011.md,8000148,b45197807d8cd39e4b815c14c3e7e5a16c50ce1b815019012ffe438adafec6ff,text,repo,False
shadow_assists/features/IDE_075/raw_md/part-0012.md,8000148,883e3d49a85b16f041a8ea1d0f77cd5c02514ab23617ae36416210ab55fb257e,text,repo,False
shadow_assists/features/IDE_075/raw_md/part-0013.md,8000148,9ed702ff2ea69adce1ffacd94d94fd491674ae84fb355dfb64b2b318ec131bf7,text,repo,False
shadow_assists/features/IDE_075/raw_md/part-0014.md,8000148,ee8d3ebb0966ec4f71d07dc9d0a0a5904c8b89c2060c324a03f16d2ed041a8d1,text,repo,False
shadow_assists/features/IDE_075/raw_md/part-0015.md,8000148,20790e0cc4bd19ebb150c8489ecdc734afe6251836b684c35a0327fe16bc9cd1,text,repo,False
shadow_assists/features/IDE_075/raw_md/part-0016.md,8000148,1c79b2c46f0652a6f800c794db3d5a6b92db0d95c6ad9cc00d546197067c4bff,text,repo,False
shadow_assists/features/IDE_075/raw_md/part-0017.md,8000148,a1488ab49c5b9abfed89f03c8685f179aa311923a8f1376a4a74b26783e9372b,text,repo,False
shadow_assists/features/IDE_075/raw_md/part-0018.md,4433344,122d4d3951bd70e045d0a83269d2be0a10e5b87ee6cdc04e7e4698d9c8933119,text,repo,True
shadow_assists/features/IDE_075/raw_md/part-0019.md,8000133,0840057cc0430b2dd915dc159143091a6d2945c5761235f5f35e690a44f62204,text,repo,False
shadow_assists/features/IDE_075/raw_md/part-0020.md,8000133,43f72a909d34fc3d6550440b0a8a1f19809870c760126e5e94580c6d931d6fb8,text,repo,False
shadow_assists/features/IDE_075/raw_md/part-0021.md,8000133,9a592275dd969011b8b48bcd9d07c34117245bcd102e70deb29f55d4c001e4d1,text,repo,False
shadow_assists/features/IDE_075/raw_md/part-0022.md,8000133,2d07987ffceb1e378868ee312f19d9f71f181e076a01fe245fbe99d95514b131,text,repo,False
shadow_assists/features/IDE_075/raw_md/part-0023.md,6647473,cb37d48084dd096e0d2cbfd413624968d6d1f3692fec43532cab40a8ba5d5a8d,text,repo,False
shadow_assists/features/IDE_075/raw_md/part-0024.md,7971451,f631a9fdaee1cade69aa276f6e39ee574715048c54e27ed0ef80ed7716b18899,text,repo,False
shadow_assists/features/IDE_075/raw_md/part-0025.md,1496680,4cd1cecef4b6c6a8ef665f0847e46c9e844d293e98a88abd7a62c6935ae3866f,text,repo,True
shadow_assists/features/IDE_075/raw_md/part-0026.md,8000150,4620ebd31dd3b60277ecc621eb73b957aff4548f43d972b2f8fd2aa5f3d76a30,text,repo,False
shadow_assists/features/IDE_075/raw_md/part-0027.md,8000150,d137276e5678ae6a4e7671d1c90c969d9d92dc5ed4fc909b76c3caa1969a3833,text,repo,False
shadow_assists/features/IDE_075/raw_md/part-0028.md,3209853,1f045bb927993a2a1a65f8390f520afb5bbeda15d04f293fc4e7baa14924f903,text,repo,True
shadow_assists/features/IDE_075/raw_md/part-0029.md,8000135,4c46d926ca7f16c4f0b9a7c0f01976c428b3015264968112a6e49eb161bff424,text,repo,False
shadow_assists/features/IDE_075/raw_md/part-0030.md,2917652,7698d8594e28c549cb9e30bd727ea2a1c81c21159dbe8c6469c7d47cbb2fdcd8,text,repo,True
shadow_assists/features/IDE_075/raw_md/part-0031.md,6726506,34973438d9ae076eb08334cd370130f217c122282fb71ba41f90558632fa90dc,text,repo,False
shadow_assists/features/IDE_075/raw_md/part-0032.md,7192664,28bb1a1d168b11cb8487f72d5250360a2a98c2c0e3a42c823602b3748478880c,text,repo,False
shadow_assists/features/IDE_075/raw_md/part-0033.md,8000144,3b3ede13316ae7801b42d61e4463510a5da1ba04e3d207601b75c83bfa867c9f,text,repo,False
shadow_assists/features/IDE_075/raw_md/part-0034.md,6575484,34f6415b41d73434baaa8712dcd2061da85dfa158695ca6c2551f6a62114bd07,text,repo,False
shadow_assists/features/IDE_075/raw_md/part-0035.md,8000129,30515f3177b6ccfea02134436a304622e4383fa1316b6c087a92b5be6454138c,text,repo,False
shadow_assists/features/IDE_075/raw_md/part-0036.md,7800827,fae17e8a3acae9ae19743ac763a4dd4dcc31ca8f7622c508006139e0e0715e0d,text,repo,False
shadow_assists/features/IDE_075/raw_md/part-0037.md,7085205,1f050a7a7662e0a1e4e82ef6672c30a6d41614b061d3fa0011f31b2072bb5802,text,repo,False
shadow_assists/features/IDE_075/raw_md/part-0038.md,8000152,a429e8f15f423431d0f75c3acf8efc1d1e86f4405b4a040d3d336be1451deb9e,text,repo,False
shadow_assists/features/IDE_075/raw_md/part-0039.md,6486150,fd1b3c97ac0608ad7815378b3563df28ccbf75eae9299807d472a9a740f83f3a,text,repo,False
shadow_assists/features/IDE_075/raw_md/part-0040.md,7782050,b213c6deb024229705b70e10460b3534578faf8c80355916a5ae975a52f4a07c,text,repo,False
shadow_assists/features/IDE_075/raw_md/part-0041.md,7174441,05a6c758e1537d45a6b07f197a7ab2069398dbcde62074a4c373208527af4903,text,repo,False
shadow_assists/features/IDE_075/raw_md/part-0042.md,8000152,9929958c899893e4bdbea157408ae0df1d8a4701114778e0a5cff3bbad22d403,text,repo,False
shadow_assists/features/IDE_075/raw_md/part-0043.md,6558475,8226267b65e4016314e51964738dd6bde4aff041fa9cd16437b05fd4f50bc0ab,text,repo,False
shadow_assists/features/IDE_075/raw_md/part-0044.md,7988893,3444f449a6c7ae3a74bbe778f8f22f4b2a39291255cdd7de778c6cc6aadb75b0,text,repo,False
shadow_assists/features/IDE_075/raw_md/part-0045.md,8323567,17210b0f019fa5e2b2323eadd4a118edc5b116594666aa854d09b78a3aafe0af,text,repo,False
shadow_assists/features/IDE_075/raw_md/part-0046.md,8000151,2bc6a5c00f45858820e59a987b4a92890bbf65504778fa6c39dbc7d0be7b54be,text,repo,False
shadow_assists/features/IDE_075/raw_md/part-0047.md,6314489,2909ea520cef5d5f44764ba508f6a4ddb17e7ad6e78f9782fc9856fbb1657be6,text,repo,False
shadow_assists/features/IDE_075/raw_md/part-0048.md,7862973,0ba2ec903c6a1edd1656140cd5bbe1bcfe6d00eb4e2b3fe58bdf20de83a40bb6,text,repo,False
shadow_assists/features/IDE_075/raw_md/part-0049.md,7263876,724162792e4f2a01b9efdaadf4f3ef435102b42bcd0a6ef37e15dca658bf7bdf,text,repo,False
shadow_assists/features/IDE_075/raw_md/part-0050.md,8000151,8d08b8e5609d456f52e8eade326d9fea07c313f6dc53f3edbd0f3ab3a8bea2da,text,repo,False
shadow_assists/features/IDE_075/raw_md/part-0051.md,6323903,1898acfa4dc1d7e14ab2e10bf682d6989952122a00732c5bd445f1cb36e2aea3,text,repo,False
shadow_assists/features/IDE_075/raw_md/part-0052.md,7911013,ce788aad9a60c3bd949209419e9bb6db63096a53f435dbf5dc8f829f05031513,text,repo,False
shadow_assists/features/IDE_075/raw_md/part-0053.md,1151926,b152a9259d7ffdaac847b96a2197648a9a1ad594b1feef88fe4c1ea0e706a131,text,repo,True
shadow_assists/features/IDE_075/raw_md/part-0054.md,8710405,ae4b2dd2a3a6e4f9a9da9991d56f933ae89124525443d607e762841518f98a43,text,repo,False
shadow_assists/features/IDE_075/raw_md/part-0055.md,8708985,194df3792b1beb7068d0ea9c2de496ff13f30b053155dc1922ebc484d925ff86,text,repo,False
shadow_assists/features/IDE_075/raw_md/part-0056.md,8706705,4e0eff05e23c6ac2e87c6dd55a60cb17c194ebc4c8d04331ac59cf4c9c2abfc7,text,repo,False
shadow_assists/features/IDE_075/raw_md/part-0057.md,5248870,4fb622117f3e9ec1e8badfcb8d42eb6a9ab3f022bb39e525ddcc2efefb9d568e,text,repo,False
shadow_assists/features/IDE_075/raw_md/part-0058.md,8000154,84a1ef348b89770481c11f890b6250ee2f7b9b64b67f354c7836bc7dfe1a0a68,text,repo,False
shadow_assists/features/IDE_075/raw_md/part-0059.md,8000154,a6dacc34cdcde9463a5672b43c64bbd44971c10e5f2436c19597abb397580fdb,text,repo,False
shadow_assists/features/IDE_075/raw_md/part-0060.md,8000154,0399b3b19f004f21293c738e6d955c168dc5654aeea0f22568f42a117de37b65,text,repo,False
shadow_assists/features/IDE_075/raw_md/part-0061.md,8000154,c42b0db2b64cd748629cd98e9a927354e2b6872241dd3291c5232b509246c00c,text,repo,False
shadow_assists/features/IDE_075/raw_md/part-0062.md,8000154,2bec1d6dc14500d9462d2bcba7a8e40df51ad88615f7cd3f5a6b28169bdd7fec,text,repo,False
shadow_assists/features/IDE_075/raw_md/part-0063.md,8000154,1e31442f7a9145ba7d54987c029db62f858f40c2a0c00f635c96acbd499509bd,text,repo,False
shadow_assists/features/IDE_075/raw_md/part-0064.md,8000154,86d65cfafcba760d9df767fae70454136697eef4dbdf6526062d63f0e7d37c61,text,repo,False
shadow_assists/features/IDE_075/raw_md/part-0065.md,8000154,8cec96c8701249581dc91489387203280637e1c6982eebb8e1c3642eb8deee87,text,repo,False
shadow_assists/features/IDE_075/raw_md/part-0066.md,4982973,25ca81ef02eee17807b4ad5f4613d8ba78049eb0b6a86468d83fd44cd2c8c4a5,text,repo,True
shadow_assists/features/IDE_075/raw_md/part-0067.md,8000139,dca7f5fdbe6eb7d46c9167006149505fe461c8026630ad0c020450b5a58d3f43,text,repo,False
shadow_assists/features/IDE_075/raw_md/part-0068.md,8000139,91e54ea734a115b17b9efbaba909f62dbc8dc1b311cd0bc7b8ef709ce680ad4d,text,repo,False
shadow_assists/features/IDE_075/raw_md/part-0069.md,8000139,9dc5526d9f64c1bd6011febc473f8461d5beb1c9e48a55570e0a0d453771d2a9,text,repo,False
shadow_assists/features/IDE_075/raw_md/part-0070.md,8000139,01b1bc6650eb9aae60d235d791cd1c96b85b4feb4a91998163ba83edf59dd73b,text,repo,False
shadow_assists/features/IDE_075/raw_md/part-0071.md,6645249,bfeecf0c98b5cf642555e46482d30b519798b80dc90fcfa68ebb8fb5a60cddd6,text,repo,False
shadow_assists/features/IDE_075/raw_md/part-0072.md,8613147,adb5e384143357d7a9e5217c7fc53ca1dfc8c094143620fde1db76c9457cf8ae,text,repo,False
shadow_assists/features/IDE_075/raw_md/part-0073.md,8000156,6eaa7ea413c96d33b1d94f6496024485e48c73e374e8175e4d7132fc2b6c2956,text,repo,False
shadow_assists/features/IDE_075/raw_md/part-0074.md,8000156,09d358a06136c54b0e9b70d455cf53bb7615ce3525da72bc0c3ae23aa3f452f5,text,repo,False
shadow_assists/features/IDE_075/raw_md/part-0075.md,2346838,8ea1e2ccbee7b8819a785163d26f024894473f2c235ae1c5e2f25b94397e62df,text,repo,True
shadow_assists/features/IDE_075/raw_md/part-0076.md,8000141,2e8097cc2a0549041a6e35484dd78c32b156ba7f543d11a135f06c419adb45d9,text,repo,False
shadow_assists/features/IDE_075/raw_md/part-0077.md,3267824,4ce56da6c2925606e565c6105763656e3c5edb392eec974bb900c0bd5c6c70cb,text,repo,True
shadow_assists/features/IDE_075/raw_md/part-0078.md,7047410,2968c91158e0d4c4a7e0f51fb4d4b7156f5b46f8d1e10c0f74469ae5a36ceeb0,text,repo,False
shadow_assists/features/IDE_075/raw_md/part-0079.md,8000143,6964ad58f5fda78836d9d48cbf3a7828a83ae9fce0669036948fe4632723aa7c,text,repo,False
shadow_assists/features/IDE_075/raw_md/part-0080.md,6852422,beb573226f3eb501372930e8b7488cb81bae989b2a374f69f2aa387f0b0b0d21,text,repo,False
shadow_assists/features/IDE_075/raw_md/part-0081.md,7907873,36f5bb16ba3e656233af57ad2bb579ffa0d7544e823e2fd2dd75b3f459e63c6a,text,repo,False
shadow_assists/features/IDE_075/raw_md/part-0082.md,7049109,c7b7dc8ce636d559285d54193f4d52cf9c6f6b7fa59f267cec74542bb51f43f3,text,repo,False
shadow_assists/features/IDE_075/raw_md/part-0083.md,8000143,2f1f56a9e2fefc0ca6f01c2ed5feafd5a0b9643ccadfae6ffc7025f61a7d97d0,text,repo,False
shadow_assists/features/IDE_075/raw_md/part-0084.md,6857559,36a8e699e70fed295e49f5d0b3b797b1b139bb88fde5350289c27eb56aa96a04,text,repo,False
shadow_assists/features/IDE_075/raw_md/part-0085.md,7952463,d042df1ebbe3a203c2b153735d9f55ed45978b2a8736c1f5b3df60f5859fd39e,text,repo,False
shadow_assists/features/IDE_075/raw_md/part-0086.md,8180344,706be3edfbe16f8bf10f3f120ad7134cc425faa2669dd6b6bbd8af27d967a0e6,text,repo,False
shadow_assists/features/IDE_075/raw_md/part-0087.md,8000161,846b3b3cbbaf39b1cc837000ce575c6a4a861131e512ee7f7394ea594b48c9f0,text,repo,False
shadow_assists/features/IDE_075/raw_md/part-0088.md,6292337,380caed8ce948c09395432bab315db59a8b0cd668266f3d46eab4b54604f8219,text,repo,False
shadow_assists/features/IDE_075/raw_md/part-0089.md,7947750,af6d24f73f1b2573c300f23b79969a3bc4cbd14f7c466e22dff5839d754cc30a,text,repo,False
shadow_assists/features/IDE_075/raw_md/part-0090.md,6660458,3cc4829522ad571bc93ab7945f1177a7aaf68541159bdd5908a695d739f96b87,text,repo,False
shadow_assists/features/IDE_075/raw_md/part-0091.md,8000105,d7026360cf02b0906546cbf912f869297a21abd0f42ec40c6ce050b62eeedc2a,text,repo,False
shadow_assists/features/IDE_075/raw_md/part-0092.md,8000105,7873f39bfb2011771642fa28190f35a514ba919762c1f85dc29097f3765f4670,text,repo,False
shadow_assists/features/IDE_075/raw_md/part-0093.md,8000105,12336986720e186911233d0d6939efe418816f71079e1cb793f1a3452d597fe3,text,repo,False
shadow_assists/features/IDE_075/raw_md/part-0094.md,8000105,eddc6f60bd8f9b50fab7ddc1081810b4f0075c4ba520936960ab2b17bfd2085c,text,repo,False
shadow_assists/features/IDE_075/raw_md/part-0095.md,8000105,ae636ca4db3843e80754a345a0bdae885e18426eb28a1433b7ea6186baf85df2,text,repo,False
shadow_assists/features/IDE_075/raw_md/part-0096.md,8000105,094369c6a18061b34141e030da40843cca2a6ace7c78db806b702fef8618d7b4,text,repo,False
shadow_assists/features/IDE_075/raw_md/part-0097.md,8000105,9b103a531c867ed3e0c5fd644cd6c5b28f00a3a9c27795b3797b7f3fb1db15a6,text,repo,False
shadow_assists/features/IDE_075/raw_md/part-0098.md,8000105,9559f9f14cbed9963e2c76ae320252f407f7ada53e9a7945fadb4b39f81d728e,text,repo,False
shadow_assists/features/IDE_075/raw_md/part-0099.md,8000105,3a48fb7cf92b62ca1a113d313b1771af2a77fb88047651027ea7adc71d39140e,text,repo,False
shadow_assists/features/IDE_075/raw_md/part-0100.md,8000106,8dbeaba25364b538bb42cef1da20419e168cb093345701a0323470634f96c503,text,repo,False
shadow_assists/features/IDE_075/raw_md/part-0101.md,8000106,0ab0a3a61d8944d256e6fe7436688222c88a327b2c5ef50b9d1edc0ce378fe8c,text,repo,False
shadow_assists/features/IDE_075/raw_md/part-0102.md,8000106,e3a95ee3a2d295f8265e190b58ead2e633c26889997d6ca83ff17006fc58f163,text,repo,False
shadow_assists/features/IDE_075/raw_md/part-0103.md,8000106,e9c091f0d3c86eb697b1c854bc571c32d06f843963110bf606d593280d912211,text,repo,False
shadow_assists/features/IDE_075/raw_md/part-0104.md,8000106,2bccb75b28b0bba080c62c8ac2f188a9fca2dc52f2f9532d05339d354ea290e3,text,repo,False
shadow_assists/features/IDE_075/raw_md/part-0105.md,8000106,56f1a5130a427d047476982a18a36929953b458503db7243193715c942ab5308,text,repo,False
shadow_assists/features/IDE_075/raw_md/part-0106.md,6470866,6a461884d20eb87ffd7ab448a754bcd9ee887c273d1ead28b53dcd5b28feb483,text,repo,False
shadow_assists/features/IDE_075/raw_md/part-0107.md,8000111,b07fcdc3625c2df5c723181103b0ec5a1da65cca226ccefcd3d21604f893469f,text,repo,False
shadow_assists/features/IDE_075/raw_md/part-0108.md,8000111,6a3cb47e6aa6ad97a0ed3715ada909a795287a770c3b1f8c286aff62e3b6ba24,text,repo,False
shadow_assists/features/IDE_075/raw_md/part-0109.md,8000111,0b47f9fdcc974b113298d5816afb8156d9ffdb4109227c02d80799f77ee59bc0,text,repo,False
shadow_assists/features/IDE_075/raw_md/part-0110.md,8000111,0c94ec5221f0673ab732a466470f0d66ed181487841c537cb053c7015660954f,text,repo,False
shadow_assists/features/IDE_075/raw_md/part-0111.md,8000111,8a146b48fb9336252b773454ba9d8bd0c5f211919941beec8ea362ec1e16d422,text,repo,False
shadow_assists/features/IDE_075/raw_md/part-0112.md,8000111,dd9ff5c80eb95e8fab3d756ce3e6ffbb354f4532d04970bf4984361f78c20575,text,repo,False
shadow_assists/features/IDE_075/raw_md/part-0113.md,8000111,ad3e88ea8d4960d05413e78bd466791d370802dd474f39915b8c0b7150d962a3,text,repo,False
shadow_assists/features/IDE_075/raw_md/part-0114.md,8000111,e26cdbb109c61ecf703ebfb63c9951ab1d50b17657875e0f4231d100d9a53c26,text,repo,False
shadow_assists/features/IDE_075/raw_md/part-0115.md,8000111,a6e691775119c4e9782eb9dabf34a0838ea05f53675600e5fc38887ae341de06,text,repo,False
shadow_assists/features/IDE_075/raw_md/part-0116.md,7601607,5a75d38a5fe4f75cc021e99afa7834007b278cd1cec91dc66785b6b4a3755bcb,text,repo,False
shadow_assists/features/IDE_075/raw_md/part-0117.md,8000104,5f740bc8390d274a6f9b3cab3d34cc13ae69752a095def5671e0fbf1e3a07d70,text,repo,False
shadow_assists/features/IDE_075/raw_md/part-0118.md,8000104,43cc697017255f879e22aaeaf571a1baa84a0cef99fade7eaea38ffb7a261686,text,repo,False
shadow_assists/features/IDE_075/raw_md/part-0119.md,8000104,52ef08f2abb205959b8b110409bf867e2fa8eb36af0d23d4a88da4bae5e71ce9,text,repo,False
shadow_assists/features/IDE_075/raw_md/part-0120.md,8000104,fa3fe0efb41f77c118e94da94b5ae58bd5ea0fc678b5ceb5ff105d536ed4c337,text,repo,False
shadow_assists/features/IDE_075/raw_md/part-0121.md,8000104,4f2efb06270a9063b4b9955e2bf2952bd92c2e8ca363d6c247eac55f7931090f,text,repo,False
shadow_assists/features/IDE_075/raw_md/part-0122.md,8000104,d5982c014224a6138249edf07bf322db04f553d68bf68051dd61f8a7c5564582,text,repo,False
shadow_assists/features/IDE_075/raw_md/part-0123.md,4296505,3c0e7bf4507df26ce7d72b18754a1a727327225fe9ac939aba982f4448775b29,text,repo,True
shadow_assists/features/IDE_075/raw_md/part-0124.md,8000110,e3d217dd0414dea76956f80b9e6ecb1156a5bbec2cee571006b7e2e7857fbeda,text,repo,False
shadow_assists/features/IDE_075/raw_md/part-0125.md,8000110,9db106987eea4a83735d535ff7d60a02240f5c9839657b115b6d343866a017bd,text,repo,False
shadow_assists/features/IDE_075/raw_md/part-0126.md,8000110,dc5f107937fecbc0b23e97c8c15e0cd0046ef2651528f2b9a5300111dbf63a59,text,repo,False
shadow_assists/features/IDE_075/raw_md/part-0127.md,7737355,78b5b120469dcb3d8ea7360ad283950bc204dfe9bbac306624da3fd39db367b8,text,repo,False
shadow_assists/features/IDE_075/raw_md/part-0128.md,8000105,35fdd20dcdf02b4f854462f7dc68c5f1c1b80d89292076811caef5f4db96c08f,text,repo,False
shadow_assists/features/IDE_075/raw_md/part-0129.md,8000105,1d4f9317a1c047256b370fe91ff9d685d6fe7023274e3deb9485123c8c550a7a,text,repo,False
shadow_assists/features/IDE_075/raw_md/part-0130.md,8000105,94417101c876c76585d9a42d22a0fefecf29cc81899a15ffbffbc3d79e26d5e1,text,repo,False
shadow_assists/features/IDE_075/raw_md/part-0131.md,8000105,e63b06397c6fc19c18f449f73b7c6a58857e6e58a581917ec7bf9fc41732141c,text,repo,False
shadow_assists/features/IDE_075/raw_md/part-0132.md,8000105,519064342ad61b45071565b9bad971843a9b81a8b06ca736c49734cf58e8224e,text,repo,False
shadow_assists/features/IDE_075/raw_md/part-0133.md,8000105,f94d6c917c8341fc4250dab7a0ef815e6a8da62919e94fa82fa49e2ba769bb89,text,repo,False
shadow_assists/features/IDE_075/raw_md/part-0134.md,8000105,5ef3954b8172383c18e40fe98588446e253065f5e25006a9ddbc73003f97ab68,text,repo,False
shadow_assists/features/IDE_075/raw_md/part-0135.md,8000105,3bf77d7d9f89490d98d9b024946d063431cfd851af90b534fc85c19d8b057778,text,repo,False
shadow_assists/features/IDE_075/raw_md/part-0136.md,8000105,f92453b5f586593cd4e74b861d750321f199ae3734199f025454f6cf7d5659ca,text,repo,False
shadow_assists/features/IDE_075/raw_md/part-0137.md,8000106,b622da598e088cef6428ff399dbd7bfc8f0ac09519443daed60f6ee0e8315cbe,text,repo,False
shadow_assists/features/IDE_075/raw_md/part-0138.md,8000106,7d23245b2e60c154e46f2ff2311f83081341e37935a567ba84340ddc1e643910,text,repo,False
shadow_assists/features/IDE_075/raw_md/part-0139.md,8000106,5d7abb7f7b36805f26cb7305603629e67b7f80f6bfbf3ac7f3639235341ac4bf,text,repo,False
shadow_assists/features/IDE_075/raw_md/part-0140.md,8000106,08dc1ebbcd7899872cc221a52f2777ad022401e6e92455f3606bde00b8039ac2,text,repo,False
shadow_assists/features/IDE_075/raw_md/part-0141.md,8000106,bdf895050f6151132529aec2234eb2474567c618f3e02948a784e59230b97a4a,text,repo,False
shadow_assists/features/IDE_075/raw_md/part-0142.md,2495237,f7d8d3d51cd0eb1c71ce14b3eb9cc6a022bb41648df427c237c18e3263b6af1b,text,repo,True
shadow_assists/features/IDE_075/raw_md/part-0143.md,8000111,56ee84afd838307aac5d219dbed198fd79ff5e9e7a447e2722ff75cf6d0eb3b3,text,repo,False
shadow_assists/features/IDE_075/raw_md/part-0144.md,8000111,508cd5fd2d426c440555d26a2435511b68eb54c0a76764447d347a57a1c5dcb0,text,repo,False
shadow_assists/features/IDE_075/raw_md/part-0145.md,8000111,7749c70f0cb81b991e94c8bcc0a12e9030403ced1641a6171161b1f3baced1e7,text,repo,False
shadow_assists/features/IDE_075/raw_md/part-0146.md,8000111,dc43074775afbd50147d16ffee37a4e72d58832faf99b1a3efbcbaad4d5c198d,text,repo,False
shadow_assists/features/IDE_075/raw_md/part-0147.md,8000111,391ffb8efafe8306d53761b701e378eee3674a1376f602e3a9b338459d8d702f,text,repo,False
shadow_assists/features/IDE_075/raw_md/part-0148.md,8000111,b36038df900f15bd76258a09d5f554c156f19b5e1878a645fe48c6cb247da211,text,repo,False
shadow_assists/features/IDE_075/raw_md/part-0149.md,8000111,17673454a0e18d6bd6e7d3ac26b3ea370bb1bb317f4600d0897349d62ec4c098,text,repo,False
shadow_assists/features/IDE_075/raw_md/part-0150.md,8000111,1ba85a26d9d056cae0cb79104154ebe43b3f71db56f98d2a7ab6a0b893708703,text,repo,False
shadow_assists/features/IDE_075/raw_md/part-0151.md,8000111,71c42962b57eac87c265f8c474b59d5eafabb749b443f12fe469598a8e2b9cb8,text,repo,False
shadow_assists/features/IDE_075/raw_md/part-0152.md,766107,4cf8d40f1c16e3a0f1ce18f77ee20a24c53997546cd646b62c4fb7394de14d3d,text,repo,True
shadow_assists/features/IDE_075/raw_md/part-0153.md,8000103,7cce599272928f28833b091a78688c552f19874ec06c01bdb0718e99a9552739,text,repo,False
shadow_assists/features/IDE_075/raw_md/part-0154.md,8000103,d379cb0e753d8f894f1788cf6e41be2960fcc27115378776e89ebe2933d801a2,text,repo,False
shadow_assists/features/IDE_075/raw_md/part-0155.md,8000103,cfede5da9a294f3fe06d5156c9b21f34586c158ba3c6f4d93f9cb78273e8e10d,text,repo,False
shadow_assists/features/IDE_075/raw_md/part-0156.md,8000103,d96c78ee4d1e03393716ebdcbc044fd15bb96fdb86b622d7974f7309cddf3c4f,text,repo,False
shadow_assists/features/IDE_075/raw_md/part-0157.md,8000103,39155cefb169662785ea64bafe8d96c25ea3374e212e6a7246ffe4abb5d4c0f9,text,repo,False
shadow_assists/features/IDE_075/raw_md/part-0158.md,8000103,b501f1a871a8df7cbb6f30b5a71582024102f0d717f33af8feb44e1daa82b468,text,repo,False
shadow_assists/features/IDE_075/raw_md/part-0159.md,2698030,33e93a31ec3141a11eec355ef29846208e37138939a7a678cc119706f11595e1,text,repo,True
shadow_assists/features/IDE_075/raw_md/part-0160.md,8000109,2f34cd0bd5fcf2e4fdcfd806165d9d0fce21be970f47f65925e4c603e3c6b269,text,repo,False
shadow_assists/features/IDE_075/raw_md/part-0161.md,8000109,e5714790ea127a570d91f2dc8aef5202f0dd5b87084bf2c4e85286a9250542ed,text,repo,False
shadow_assists/features/IDE_075/raw_md/part-0162.md,8000109,d7041797f7e1ea3d99436393f481e285934a75926be247e89b59854998dfb02f,text,repo,False
shadow_assists/features/IDE_075/raw_md/part-0163.md,7721604,a68c4f24c6998330189a86d717ed37ab02f51fc77e307a23b2256cac002f5710,text,repo,False
shadow_assists/features/IDE_075/raw_md/part-0164.md,8000105,c9f6d02c707b5898f0043c30be135c56ab92b184c75ae2b4a9d6a3c89117d362,text,repo,False
shadow_assists/features/IDE_075/raw_md/part-0165.md,8000105,0640ef6d1457908bc089d532b73d05189f6c9698551b317ce9f3909c2d5f6117,text,repo,False
shadow_assists/features/IDE_075/raw_md/part-0166.md,8000105,04c52e230aa55e5d8fecf1ae9be7613112d2c03e3af267c4a567a2d1ec596c56,text,repo,False
shadow_assists/features/IDE_075/raw_md/part-0167.md,7108258,2e62988cf1d60802bd498ae05814fabcf9923fe5fcc2de4f1afebdb39822002b,text,repo,False
shadow_assists/features/IDE_075/raw_md/part-0168.md,8000111,cd9e19ae47f1581034f2e6bb4684080a18846957f46de729108b968565bf9dbb,text,repo,False
shadow_assists/features/IDE_075/raw_md/part-0169.md,8000111,3ddb0cea74e987ee32c90fa124652df575a6ecec6314fb912e53cc827cfc353b,text,repo,False
shadow_assists/features/IDE_075/raw_md/part-0170.md,3121606,0f8e293ea22e130edc73de0b96e2b9d5117cee2ba3ad45350c408fba4f7b8056,text,repo,True
shadow_assists/features/IDE_075/raw_md/part-0171.md,8000105,952a3c66a24370daef14b641169bdc4896dee02cf4efad1c1a0288868807c531,text,repo,False
shadow_assists/features/IDE_075/raw_md/part-0172.md,8000105,9d2366bdd465d1d816fa9f9b7f40d626601c1a6d490c2af189fa6bbb8fe9ae90,text,repo,False
shadow_assists/features/IDE_075/raw_md/part-0173.md,8000105,21f7abdfe970808c3329a7f780fbd8e7018b375b6913d29f78cccb92e8556e54,text,repo,False
shadow_assists/features/IDE_075/raw_md/part-0174.md,8000105,5be22650e1fb82baf2f431348afa778571803ce23d26ce2f2035bb8a5e3c9908,text,repo,False
shadow_assists/features/IDE_075/raw_md/part-0175.md,8000105,e7822c414a998469288457b2cd983c34cd775b795cf37533344a392ad7fb36ee,text,repo,False
shadow_assists/features/IDE_075/raw_md/part-0176.md,8000105,35241026f012becc70693ef47d7cf6add276ba888766728c3541deb8cabc45bd,text,repo,False
shadow_assists/features/IDE_075/raw_md/part-0177.md,8000105,c9e46eb8cdef2308ba26d1817e93b598b5a5df4c4d5b04a479d5789ffb20a11e,text,repo,False
shadow_assists/features/IDE_075/raw_md/part-0178.md,8000105,9aa34863c75299cb0389acb53377e4b0ee3eb2c0f58d8c33b077d5a77bc4d8b6,text,repo,False
shadow_assists/features/IDE_075/raw_md/part-0179.md,4977373,5a6e31ca3aceb7b1f89e8b8a22e9ad2c63b9ae34e7157cfc79b8fd43813d483d,text,repo,True
shadow_assists/features/IDE_075/raw_md/part-0180.md,8000111,90f6b23b825258eaf5dbf5673f781eff9889fe0828d22d0db6b0af370b043d48,text,repo,False
shadow_assists/features/IDE_075/raw_md/part-0181.md,8000111,4c22f1170051e634710e2a09b61df6a4c3e253a902d6ebd6d1b62971e9093b8c,text,repo,False
shadow_assists/features/IDE_075/raw_md/part-0182.md,8000111,26f2b0b27afb6196950d1dd1a153148104e5c640107762f43243671b0a80c7d3,text,repo,False
shadow_assists/features/IDE_075/raw_md/part-0183.md,8000111,c48a801636577b70aae58873527e4cd31a999ca83ff9547fcdbee1a8a8bac82c,text,repo,False
shadow_assists/features/IDE_075/raw_md/part-0184.md,8000111,d2e80797f8ddf0cf876a1cdc20764777e8af789c553fe070af243248aa976804,text,repo,False
shadow_assists/features/IDE_075/raw_md/part-0185.md,8000111,c4f4a0b3ec8960ba1651e3f8c37b269f859bdc163aa3cb018f85e07800850da7,text,repo,False
shadow_assists/features/IDE_075/raw_md/part-0186.md,6113567,939b68a189993a7cb1e24226bc0b4204d58bb29cc887f876d4f3574c89dcebd6,text,repo,False
shadow_assists/features/IDE_075/task.md,1511,1c1f273baae51e5c8878f96d64196b93f1ce6bd77a5d5b4f42d7e93bd800d20f,text,repo,True
shadow_assists/features/IDE_075/test.md,851,91146d396329dc0f7481f1b46b599d5d5c9d320eb0ac7752edb9a36c36f6ac52,text,repo,True
