{
  "workload": "code",
  "num_prompts": 200,
  "num_speculative_tokens": 7,
  "output_tps": 5682.073023082224,
  "generate_wall_s": 36.04318338888697,
  "init_wall_s": 87.97500821901485,
  "total_in_tokens": 128604,
  "total_out_tokens": 204800
}