{
  "model": "meta-llama/Llama-3.3-70B-Instruct",
  "tensor_parallel_size": 8,
  "max_model_len": 16384,
  "max_num_seqs": 256,
  "num_prompts": 50,
  "target_input_len": 8192,
  "max_tokens": 8192,
  "enable_neo_asymmetric": true,
  "init_s": 54.95586394285783,
  "generate_wall_s": 407.125420213677,
  "total_input_tokens": 270905,
  "total_output_tokens": 409600,
  "prompt_tps": 665.4091995970612,
  "output_tps": 1006.0781755779933,
  "req_per_s": 0.12281227729223551,
  "log_metrics": {
    "preempt_count": null,
    "kv_cache_size_tokens": 1274800,
    "max_concurrency": 77.81
  }
}