{
  "workload": "chat",
  "num_prompts": 200,
  "num_speculative_tokens": 7,
  "output_tps": 2577.133810580102,
  "generate_wall_s": 43.69194938102737,
  "init_wall_s": 87.85319894202985,
  "total_in_tokens": 176851,
  "total_out_tokens": 112600
}