{
  "mix": "sonnet-heavy",
  "mix_counts": {
    "sonnet": 300,
    "chat": 100,
    "code": 100
  },
  "num_prompts": 500,
  "max_tokens": 32,
  "concurrency": 32,
  "scenarios": [
    {
      "scenario": "agsd-gated",
      "n_prompts": 500,
      "wall_s": 4.975150491809472,
      "total_out_tokens": 16000,
      "tps": 3215.98311977509,
      "latency_p50_s": 0.30451747705228627,
      "latency_p99_s": 0.6924674140755087,
      "backend_counts": {
        "trident": 400,
        "vanilla": 100
      },
      "concurrency": 32
    }
  ],
  "gating_stats": {
    "total": 501,
    "by_backend": {
      "vanilla": 100,
      "trident": 401
    },
    "by_workload": {
      "sonnet": 292,
      "chat": 100,
      "code": 109
    },
    "classify_time_total_s": 0.5600233760196716,
    "forward_time_total_s": 148.80024053598754,
    "classify_ms_avg": 1.1178111297797835,
    "forward_ms_avg": 297.0064681357037
  },
  "agsd_only": true
}