{"total":501,"by_backend":{"vanilla":100,"trident":401},"by_workload":{"sonnet":292,"chat":100,"code":109},"classify_time_total_s":0.5600233760196716,"forward_time_total_s":148.80024053598754,"classify_ms_avg":1.1178111297797835,"forward_ms_avg":297.0064681357037}