{
  "mix": "code-heavy",
  "mix_counts": {
    "sonnet": 50,
    "chat": 100,
    "code": 350
  },
  "num_prompts": 500,
  "max_tokens": 32,
  "concurrency": 32,
  "scenarios": [
    {
      "scenario": "vanilla-only",
      "n_prompts": 500,
      "wall_s": 8.270112897036597,
      "total_out_tokens": 16000,
      "tps": 1934.677337443994,
      "latency_p50_s": 0.5162582388147712,
      "latency_p99_s": 0.5882340159732848,
      "backend_counts": {
        "direct": 500
      },
      "concurrency": 32
    },
    {
      "scenario": "trident-only",
      "n_prompts": 500,
      "wall_s": 5.218347138958052,
      "total_out_tokens": 16000,
      "tps": 3066.1049512307304,
      "latency_p50_s": 0.3090332050342113,
      "latency_p99_s": 0.6096231839619577,
      "backend_counts": {
        "direct": 500
      },
      "concurrency": 32
    },
    {
      "scenario": "agsd-gated",
      "n_prompts": 500,
      "wall_s": 3.4315729569643736,
      "total_out_tokens": 16000,
      "tps": 4662.584826450511,
      "latency_p50_s": 0.1629444898571819,
      "latency_p99_s": 0.39352824282832444,
      "backend_counts": {
        "trident": 400,
        "vanilla": 100
      },
      "concurrency": 32
    }
  ],
  "gating_stats": {
    "total": 501,
    "by_backend": {
      "vanilla": 100,
      "trident": 401
    },
    "by_workload": {
      "sonnet": 48,
      "chat": 100,
      "code": 353
    },
    "classify_time_total_s": 0.624846861930564,
    "forward_time_total_s": 98.88235494471155,
    "classify_ms_avg": 1.2471993252107068,
    "forward_ms_avg": 197.36996994952406
  }
}