{"total":501,"by_backend":{"vanilla":100,"trident":401},"by_workload":{"sonnet":48,"chat":100,"code":353},"classify_time_total_s":0.624846861930564,"forward_time_total_s":98.88235494471155,"classify_ms_avg":1.2471993252107068,"forward_ms_avg":197.36996994952406}