{
  "workload": "sonnet",
  "num_prompts": 500,
  "num_speculative_tokens": 32,
  "output_tps": 11672.141314191174,
  "generate_wall_s": 346.1942321660463,
  "init_wall_s": 84.74117671488784,
  "total_in_tokens": 876292,
  "total_out_tokens": 4040828
}