{
  "mix": "sonnet-heavy",
  "mix_counts": {
    "sonnet": 300,
    "chat": 100,
    "code": 100
  },
  "num_prompts": 500,
  "max_tokens": 256,
  "concurrency": 32,
  "scenarios": [
    {
      "scenario": "vanilla-only",
      "n_prompts": 500,
      "wall_s": 51.4510029850062,
      "total_out_tokens": 125898,
      "tps": 2446.949382827174,
      "latency_p50_s": 3.1541751250624657,
      "latency_p99_s": 3.682816492160782,
      "backend_counts": {
        "direct": 500
      },
      "concurrency": 32
    },
    {
      "scenario": "trident-only",
      "n_prompts": 500,
      "wall_s": 21.57217301800847,
      "total_out_tokens": 125391,
      "tps": 5812.627216336688,
      "latency_p50_s": 0.8613004328217357,
      "latency_p99_s": 3.9024614901281893,
      "backend_counts": {
        "direct": 500
      },
      "concurrency": 32
    },
    {
      "scenario": "agsd-gated",
      "n_prompts": 500,
      "wall_s": 20.830011981073767,
      "total_out_tokens": 125520,
      "tps": 6025.9206818530865,
      "latency_p50_s": 0.6982526329811662,
      "latency_p99_s": 3.274095620959997,
      "backend_counts": {
        "trident": 400,
        "vanilla": 100
      },
      "concurrency": 32
    }
  ],
  "gating_stats": {
    "total": 501,
    "by_backend": {
      "vanilla": 100,
      "trident": 401
    },
    "by_workload": {
      "sonnet": 292,
      "chat": 100,
      "code": 109
    },
    "classify_time_total_s": 0.3852327815257013,
    "forward_time_total_s": 601.5272612171248,
    "classify_ms_avg": 0.7689277076361304,
    "forward_ms_avg": 1200.653216002245
  }
}