{"total":501,"by_backend":{"vanilla":165,"trident":336},"by_workload":{"sonnet":164,"chat":165,"code":172},"classify_time_total_s":0.6241595260798931,"forward_time_total_s":232.16419911640696,"classify_ms_avg":1.2458273973650562,"forward_ms_avg":463.4015950427285}