{"total":501,"by_backend":{"vanilla":100,"trident":401},"by_workload":{"sonnet":292,"chat":100,"code":109},"classify_time_total_s":0.4822786918375641,"forward_time_total_s":106.07275380939245,"classify_ms_avg":0.9626321194362557,"forward_ms_avg":211.72206349180132}