{
  "mix": "code-heavy",
  "mix_counts": {
    "sonnet": 50,
    "chat": 100,
    "code": 350
  },
  "num_prompts": 500,
  "max_tokens": 32,
  "concurrency": 32,
  "scenarios": [
    {
      "scenario": "agsd-gated",
      "n_prompts": 500,
      "wall_s": 3.453275380190462,
      "total_out_tokens": 16000,
      "tps": 4633.282388014342,
      "latency_p50_s": 0.16276003397069871,
      "latency_p99_s": 0.39009142899885774,
      "backend_counts": {
        "trident": 400,
        "vanilla": 100
      },
      "concurrency": 32
    }
  ],
  "gating_stats": {
    "total": 501,
    "by_backend": {
      "vanilla": 100,
      "trident": 401
    },
    "by_workload": {
      "sonnet": 48,
      "chat": 100,
      "code": 353
    },
    "classify_time_total_s": 0.6976848521735519,
    "forward_time_total_s": 99.46714518265799,
    "classify_ms_avg": 1.392584535276551,
    "forward_ms_avg": 198.5372159334491
  },
  "agsd_only": true
}