{"total":501,"by_backend":{"vanilla":100,"trident":401},"by_workload":{"sonnet":48,"chat":100,"code":353},"classify_time_total_s":0.6976848521735519,"forward_time_total_s":99.46714518265799,"classify_ms_avg":1.392584535276551,"forward_ms_avg":198.5372159334491}