{
  "mix": "code-heavy",
  "mix_counts": {
    "sonnet": 50,
    "chat": 100,
    "code": 350
  },
  "num_prompts": 500,
  "max_tokens": 32,
  "concurrency": 32,
  "scenarios": [
    {
      "scenario": "vanilla-only",
      "n_prompts": 500,
      "wall_s": 8.401960041141137,
      "total_out_tokens": 16000,
      "tps": 1904.317554672268,
      "latency_p50_s": 0.5223974641412497,
      "latency_p99_s": 0.5939069672022015,
      "backend_counts": {
        "direct": 500
      },
      "concurrency": 32
    },
    {
      "scenario": "trident-only",
      "n_prompts": 500,
      "wall_s": 5.66425975994207,
      "total_out_tokens": 16000,
      "tps": 2824.729210540944,
      "latency_p50_s": 0.3355865431949496,
      "latency_p99_s": 0.6897356421686709,
      "backend_counts": {
        "direct": 500
      },
      "concurrency": 32
    },
    {
      "scenario": "agsd-gated",
      "n_prompts": 500,
      "wall_s": 3.6657149109523743,
      "total_out_tokens": 16000,
      "tps": 4364.7693256765315,
      "latency_p50_s": 0.1804379541426897,
      "latency_p99_s": 0.4155882990453392,
      "backend_counts": {
        "trident": 400,
        "vanilla": 100
      },
      "concurrency": 32
    }
  ],
  "gating_stats": {
    "total": 501,
    "by_backend": {
      "vanilla": 100,
      "trident": 401
    },
    "by_workload": {
      "sonnet": 48,
      "chat": 100,
      "code": 353
    },
    "classify_time_total_s": 0.584042307222262,
    "forward_time_total_s": 106.25822930131108,
    "classify_ms_avg": 1.1657531082280679,
    "forward_ms_avg": 212.09227405451313
  }
}