{"total":501,"by_backend":{"vanilla":100,"trident":401},"by_workload":{"sonnet":48,"chat":100,"code":353},"classify_time_total_s":0.584042307222262,"forward_time_total_s":106.25822930131108,"classify_ms_avg":1.1657531082280679,"forward_ms_avg":212.09227405451313}