{
  "mix": "code-heavy",
  "mix_counts": {
    "sonnet": 50,
    "chat": 100,
    "code": 350
  },
  "num_prompts": 500,
  "max_tokens": 256,
  "concurrency": 32,
  "scenarios": [
    {
      "scenario": "vanilla-only",
      "n_prompts": 500,
      "wall_s": 48.432050300063565,
      "total_out_tokens": 123059,
      "tps": 2540.85877507933,
      "latency_p50_s": 3.1557322449516505,
      "latency_p99_s": 3.2657527660485357,
      "backend_counts": {
        "direct": 500
      },
      "concurrency": 32
    },
    {
      "scenario": "trident-only",
      "n_prompts": 500,
      "wall_s": 20.46276680007577,
      "total_out_tokens": 122575,
      "tps": 5990.147920737,
      "latency_p50_s": 0.8921291590668261,
      "latency_p99_s": 4.174455102998763,
      "backend_counts": {
        "direct": 500
      },
      "concurrency": 32
    },
    {
      "scenario": "agsd-gated",
      "n_prompts": 500,
      "wall_s": 17.57264509401284,
      "total_out_tokens": 122665,
      "tps": 6980.4516817899585,
      "latency_p50_s": 0.6296155878808349,
      "latency_p99_s": 2.860118381213397,
      "backend_counts": {
        "trident": 400,
        "vanilla": 100
      },
      "concurrency": 32
    }
  ],
  "gating_stats": {
    "total": 501,
    "by_backend": {
      "vanilla": 100,
      "trident": 401
    },
    "by_workload": {
      "sonnet": 48,
      "chat": 100,
      "code": 353
    },
    "classify_time_total_s": 0.34641379537060857,
    "forward_time_total_s": 516.0772833193187,
    "classify_ms_avg": 0.69144470133854,
    "forward_ms_avg": 1030.0943778828714
  }
}