{
  "output_tps": 10986.753427555275,
  "prompt_tps": 2395.4257465957503,
  "generate_wall_s": 365.8188951360062,
  "total_in_tokens": 876292,
  "total_out_tokens": 4019162,
  "num_prompts_done": 500,
  "init_wall_s": 88.19091024599038,
  "spec_decode": {
    "method": "ngram",
    "num_speculative_tokens": 7,
    "prompt_lookup_max": 5,
    "prompt_lookup_min": 2
  }
}