{
  "workload": "sonnet",
  "num_prompts": 500,
  "num_speculative_tokens": 32,
  "output_tps": 11589.509634577795,
  "generate_wall_s": 348.6625515150372,
  "init_wall_s": 84.90013082907535,
  "total_in_tokens": 876292,
  "total_out_tokens": 4040828
}