{
  "workload": "chat",
  "model": "Qwen/Qwen2.5-0.5B-Instruct",
  "num_prompts": 50,
  "num_speculative_tokens": 0,
  "output_tps": 13675.50550148474,
  "generate_wall_s": 1.7360967020504177,
  "init_wall_s": 16.129633055068552,
  "total_in_tokens": 11462,
  "total_out_tokens": 23742
}