{"total":501,"by_backend":{"vanilla":100,"trident":401},"by_workload":{"sonnet":292,"chat":100,"code":109},"classify_time_total_s":0.5451612323522568,"forward_time_total_s":148.6375842310954,"classify_ms_avg":1.0881461723597938,"forward_ms_avg":296.6818048524858}