{
  "output_tps": 10981.384453680055,
  "prompt_tps": 2394.2551570910064,
  "generate_wall_s": 365.9977498240769,
  "total_in_tokens": 876292,
  "total_out_tokens": 4019162,
  "num_prompts_done": 500,
  "init_wall_s": 87.54415710899048,
  "spec_decode": {
    "method": "ngram",
    "num_speculative_tokens": 7,
    "prompt_lookup_max": 5,
    "prompt_lookup_min": 2
  }
}