{"total":501,"by_backend":{"vanilla":100,"trident":401},"by_workload":{"sonnet":292,"chat":100,"code":109},"classify_time_total_s":0.692046168493107,"forward_time_total_s":98.64261676068418,"classify_ms_avg":1.3813296776309518,"forward_ms_avg":196.8914506201281}