{
  "mix": "sonnet-heavy",
  "mix_counts": {
    "sonnet": 120,
    "chat": 40,
    "code": 40
  },
  "num_prompts": 200,
  "max_tokens": 256,
  "concurrency": 32,
  "scenarios": [
    {
      "scenario": "vanilla-only",
      "n_prompts": 200,
      "wall_s": 20.66286967601627,
      "total_out_tokens": 50633,
      "tps": 2450.434077836272,
      "latency_p50_s": 2.977298414101824,
      "latency_p99_s": 3.0230256009381264,
      "backend_counts": {
        "direct": 200
      },
      "concurrency": 32
    },
    {
      "scenario": "trident-only",
      "n_prompts": 200,
      "wall_s": 7.67679293313995,
      "total_out_tokens": 50666,
      "tps": 6599.891444418141,
      "latency_p50_s": 0.7123870169743896,
      "latency_p99_s": 3.604671338107437,
      "backend_counts": {
        "direct": 200
      },
      "concurrency": 32
    },
    {
      "scenario": "agsd-gated",
      "n_prompts": 200,
      "wall_s": 8.957140990067273,
      "total_out_tokens": 50659,
      "tps": 5655.710907774772,
      "latency_p50_s": 0.6951004089787602,
      "latency_p99_s": 3.994938774034381,
      "backend_counts": {
        "vanilla": 40,
        "trident": 160
      },
      "concurrency": 32
    }
  ],
  "gating_stats": {
    "total": 201,
    "by_backend": {
      "vanilla": 40,
      "trident": 161
    },
    "by_workload": {
      "sonnet": 115,
      "chat": 40,
      "code": 46
    },
    "classify_time_total_s": 0.2160201584920287,
    "forward_time_total_s": 236.27199231809936,
    "classify_ms_avg": 1.0747271566767598,
    "forward_ms_avg": 1175.4825488462654
  }
}