{"total":501,"by_backend":{"vanilla":165,"trident":336},"by_workload":{"sonnet":164,"chat":165,"code":172},"classify_time_total_s":0.6346954919863492,"forward_time_total_s":121.16694554872811,"classify_ms_avg":1.266857269433831,"forward_ms_avg":241.85019071602417}