{
  "workload": "sonnet",
  "model": "Qwen/Qwen2.5-0.5B-Instruct",
  "num_prompts": 50,
  "num_speculative_tokens": 32,
  "output_tps": 4118.511513523239,
  "generate_wall_s": 4.480502224992961,
  "init_wall_s": 42.87871463387273,
  "total_in_tokens": 10642,
  "total_out_tokens": 18453
}