{
  "mix": "code-heavy",
  "mix_counts": {
    "sonnet": 50,
    "chat": 100,
    "code": 350
  },
  "num_prompts": 500,
  "max_tokens": 32,
  "concurrency": 32,
  "scenarios": [
    {
      "scenario": "agsd-gated",
      "n_prompts": 500,
      "wall_s": 3.48101988597773,
      "total_out_tokens": 16000,
      "tps": 4596.354092790828,
      "latency_p50_s": 0.1611840061377734,
      "latency_p99_s": 0.41678571002557874,
      "backend_counts": {
        "trident": 400,
        "vanilla": 100
      },
      "concurrency": 32
    }
  ],
  "gating_stats": {
    "total": 501,
    "by_backend": {
      "vanilla": 100,
      "trident": 401
    },
    "by_workload": {
      "sonnet": 48,
      "chat": 100,
      "code": 353
    },
    "classify_time_total_s": 0.6873295900877565,
    "forward_time_total_s": 100.18633755552582,
    "classify_ms_avg": 1.37191534947656,
    "forward_ms_avg": 199.97272965174815
  },
  "agsd_only": true
}