{"total":501,"by_backend":{"vanilla":100,"trident":401},"by_workload":{"sonnet":48,"chat":100,"code":353},"classify_time_total_s":0.6873295900877565,"forward_time_total_s":100.18633755552582,"classify_ms_avg":1.37191534947656,"forward_ms_avg":199.97272965174815}