{"total":501,"by_backend":{"vanilla":165,"trident":336},"by_workload":{"sonnet":164,"chat":165,"code":172},"classify_time_total_s":0.5743579075206071,"forward_time_total_s":113.02502759569325,"classify_ms_avg":1.1464229691030081,"forward_ms_avg":225.59885747643364}