{
  "workload": "sonnet",
  "model": "Qwen/Qwen2.5-0.5B-Instruct",
  "num_prompts": 50,
  "num_speculative_tokens": 5,
  "output_tps": 6111.767435280414,
  "generate_wall_s": 3.101885044015944,
  "init_wall_s": 18.734611582010984,
  "total_in_tokens": 10642,
  "total_out_tokens": 18958
}