{
  "workload": "code",
  "num_prompts": 500,
  "num_speculative_tokens": 32,
  "output_tps": 7990.02391134899,
  "generate_wall_s": 494.2230516220443,
  "init_wall_s": 85.37009837897494,
  "total_in_tokens": 1304836,
  "total_out_tokens": 3948854
}