{
  "mix": "sonnet-heavy",
  "mix_counts": {
    "sonnet": 300,
    "chat": 100,
    "code": 100
  },
  "num_prompts": 500,
  "max_tokens": 32,
  "concurrency": 32,
  "scenarios": [
    {
      "scenario": "agsd-gated",
      "n_prompts": 500,
      "wall_s": 3.766022093128413,
      "total_out_tokens": 16000,
      "tps": 4248.514640738311,
      "latency_p50_s": 0.1636743659619242,
      "latency_p99_s": 0.4770616020541638,
      "backend_counts": {
        "trident": 400,
        "vanilla": 100
      },
      "concurrency": 32
    }
  ],
  "gating_stats": {
    "total": 501,
    "by_backend": {
      "vanilla": 100,
      "trident": 401
    },
    "by_workload": {
      "sonnet": 292,
      "chat": 100,
      "code": 109
    },
    "classify_time_total_s": 0.5957572862971574,
    "forward_time_total_s": 107.38597877626307,
    "classify_ms_avg": 1.1891362999943262,
    "forward_ms_avg": 214.34327101050513
  },
  "agsd_only": true
}