{"total":501,"by_backend":{"vanilla":100,"trident":401},"by_workload":{"sonnet":292,"chat":100,"code":109},"classify_time_total_s":0.5957572862971574,"forward_time_total_s":107.38597877626307,"classify_ms_avg":1.1891362999943262,"forward_ms_avg":214.34327101050513}