{"total":501,"by_backend":{"vanilla":165,"trident":336},"by_workload":{"sonnet":164,"chat":165,"code":172},"classify_time_total_s":0.5376164291519672,"forward_time_total_s":124.75098511157557,"classify_ms_avg":1.0730866849340663,"forward_ms_avg":249.00396229855403}