{
  "mix": "balanced",
  "mix_counts": {
    "sonnet": 170,
    "chat": 165,
    "code": 165
  },
  "num_prompts": 500,
  "max_tokens": 32,
  "concurrency": 32,
  "scenarios": [
    {
      "scenario": "vanilla-only",
      "n_prompts": 500,
      "wall_s": 10.002008050912991,
      "total_out_tokens": 16000,
      "tps": 1599.6787763572643,
      "latency_p50_s": 0.6212691459804773,
      "latency_p99_s": 0.7296995979268104,
      "backend_counts": {
        "direct": 500
      },
      "concurrency": 32
    },
    {
      "scenario": "trident-only",
      "n_prompts": 500,
      "wall_s": 9.89060115092434,
      "total_out_tokens": 16000,
      "tps": 1617.6974236297758,
      "latency_p50_s": 0.5584410589653999,
      "latency_p99_s": 1.3209006311371922,
      "backend_counts": {
        "direct": 500
      },
      "concurrency": 32
    },
    {
      "scenario": "agsd-gated",
      "n_prompts": 500,
      "wall_s": 3.934342107968405,
      "total_out_tokens": 16000,
      "tps": 4066.753617483965,
      "latency_p50_s": 0.17644765111617744,
      "latency_p99_s": 0.4576161371078342,
      "backend_counts": {
        "trident": 335,
        "vanilla": 165
      },
      "concurrency": 32
    }
  ],
  "gating_stats": {
    "total": 501,
    "by_backend": {
      "vanilla": 165,
      "trident": 336
    },
    "by_workload": {
      "sonnet": 164,
      "chat": 165,
      "code": 172
    },
    "classify_time_total_s": 0.5908208915498108,
    "forward_time_total_s": 115.90351991122589,
    "classify_ms_avg": 1.179283216666289,
    "forward_ms_avg": 231.34435112021134
  }
}