{"total":501,"by_backend":{"vanilla":165,"trident":336},"by_workload":{"sonnet":164,"chat":165,"code":172},"classify_time_total_s":0.5908208915498108,"forward_time_total_s":115.90351991122589,"classify_ms_avg":1.179283216666289,"forward_ms_avg":231.34435112021134}