{"total":501,"by_backend":{"vanilla":100,"trident":401},"by_workload":{"sonnet":48,"chat":100,"code":353},"classify_time_total_s":0.522410428384319,"forward_time_total_s":100.70887062838301,"classify_ms_avg":1.0427353859966446,"forward_ms_avg":201.01570983709183}