{
  "output_tps": 9573.556324417847,
  "prompt_tps": 2080.316202000303,
  "generate_wall_s": 421.23019527387805,
  "total_in_tokens": 876292,
  "total_out_tokens": 4032671,
  "num_prompts_done": 500,
  "init_wall_s": 150.1986300488934,
  "spec_decode": {
    "method": "ngram",
    "num_speculative_tokens": 3,
    "prompt_lookup_max": 4,
    "prompt_lookup_min": 2
  }
}