{
  "model": "BAAI/bge-large-en-v1.5",
  "batch_size": 64,
  "num_threads": 28,
  "load_wall_s": 0.2912306785583496,
  "duration_s": 601.4667177200317,
  "total_sentences": 18752,
  "total_batches": 293,
  "avg_sps": 31.17711994286707
}