{
  "model": "Qwen/Qwen2.5-1.5B-Instruct",
  "num_threads": 28,
  "batch_size": 8,
  "max_tokens": 128,
  "duration_target_s": 600,
  "elapsed_s": 602.6729290485382,
  "num_gens": 63,
  "total_out_tokens": 64512,
  "tps": 107.04313548950581
}