{
  "output_tps": 10268.685263799702,
  "prompt_tps": 2238.8663973200305,
  "generate_wall_s": 391.3998624701053,
  "total_in_tokens": 876292,
  "total_out_tokens": 4019162,
  "num_prompts_done": 500,
  "init_wall_s": 111.86031305394135,
  "spec_decode": {
    "method": "ngram",
    "num_speculative_tokens": 7,
    "prompt_lookup_max": 5,
    "prompt_lookup_min": 2
  }
}