{"total":501,"by_backend":{"vanilla":165,"trident":336},"by_workload":{"sonnet":164,"chat":165,"code":172},"classify_time_total_s":0.6450641001574695,"forward_time_total_s":117.33118884824216,"classify_ms_avg":1.2875530941266857,"forward_ms_avg":234.19398971705021}