{
  "workload": "code",
  "model": "Qwen/Qwen2.5-0.5B-Instruct",
  "num_prompts": 50,
  "num_speculative_tokens": 0,
  "output_tps": 11056.213150443555,
  "generate_wall_s": 2.3154401648789644,
  "init_wall_s": 48.17092582304031,
  "total_in_tokens": 16082,
  "total_out_tokens": 25600
}