{"total":501,"by_backend":{"vanilla":100,"trident":401},"by_workload":{"sonnet":48,"chat":100,"code":353},"classify_time_total_s":0.7687634588219225,"forward_time_total_s":154.52884563733824,"classify_ms_avg":1.534458001640564,"forward_ms_avg":308.44080965536574}