{
  "mix": "balanced",
  "mix_counts": {
    "sonnet": 170,
    "chat": 165,
    "code": 165
  },
  "num_prompts": 500,
  "max_tokens": 32,
  "concurrency": 32,
  "scenarios": [
    {
      "scenario": "agsd-gated",
      "n_prompts": 500,
      "wall_s": 3.777975490083918,
      "total_out_tokens": 16000,
      "tps": 4235.072472543913,
      "latency_p50_s": 0.15139479818753898,
      "latency_p99_s": 0.4908453980460763,
      "backend_counts": {
        "trident": 335,
        "vanilla": 165
      },
      "concurrency": 32
    }
  ],
  "gating_stats": {
    "total": 501,
    "by_backend": {
      "vanilla": 165,
      "trident": 336
    },
    "by_workload": {
      "sonnet": 164,
      "chat": 165,
      "code": 172
    },
    "classify_time_total_s": 0.6166767217218876,
    "forward_time_total_s": 109.42696640989743,
    "classify_ms_avg": 1.230891660123528,
    "forward_ms_avg": 218.41709862254976
  },
  "agsd_only": true
}