{"total":501,"by_backend":{"vanilla":165,"trident":336},"by_workload":{"sonnet":164,"chat":165,"code":172},"classify_time_total_s":0.6166767217218876,"forward_time_total_s":109.42696640989743,"classify_ms_avg":1.230891660123528,"forward_ms_avg":218.41709862254976}