{
  "output_tps": 10917.105224739444,
  "prompt_tps": 2380.240451018739,
  "generate_wall_s": 368.15272155590355,
  "total_in_tokens": 876292,
  "total_out_tokens": 4019162,
  "num_prompts_done": 500,
  "init_wall_s": 87.11099976999685,
  "spec_decode": {
    "method": "ngram",
    "num_speculative_tokens": 7,
    "prompt_lookup_max": 5,
    "prompt_lookup_min": 2
  }
}