{
  "mix": "code-heavy",
  "mix_counts": {
    "sonnet": 50,
    "chat": 100,
    "code": 350
  },
  "num_prompts": 500,
  "max_tokens": 32,
  "concurrency": 32,
  "scenarios": [
    {
      "scenario": "vanilla-only",
      "n_prompts": 500,
      "wall_s": 8.43750825501047,
      "total_out_tokens": 16000,
      "tps": 1896.2944410156485,
      "latency_p50_s": 0.5211348531302065,
      "latency_p99_s": 0.6086489071603864,
      "backend_counts": {
        "direct": 500
      },
      "concurrency": 32
    },
    {
      "scenario": "trident-only",
      "n_prompts": 500,
      "wall_s": 5.397106837015599,
      "total_out_tokens": 16000,
      "tps": 2964.5512833404296,
      "latency_p50_s": 0.31524429004639387,
      "latency_p99_s": 0.6556560611352324,
      "backend_counts": {
        "direct": 500
      },
      "concurrency": 32
    },
    {
      "scenario": "agsd-gated",
      "n_prompts": 500,
      "wall_s": 3.4938698462210596,
      "total_out_tokens": 16000,
      "tps": 4579.4493510699795,
      "latency_p50_s": 0.16436130506917834,
      "latency_p99_s": 0.4080200542230159,
      "backend_counts": {
        "trident": 400,
        "vanilla": 100
      },
      "concurrency": 32
    }
  ],
  "gating_stats": {
    "total": 501,
    "by_backend": {
      "vanilla": 100,
      "trident": 401
    },
    "by_workload": {
      "sonnet": 48,
      "chat": 100,
      "code": 353
    },
    "classify_time_total_s": 0.5467600750271231,
    "forward_time_total_s": 100.57247056160122,
    "classify_ms_avg": 1.0913374751040381,
    "forward_ms_avg": 200.7434542147729
  }
}