{"total":501,"by_backend":{"vanilla":100,"trident":401},"by_workload":{"sonnet":48,"chat":100,"code":353},"classify_time_total_s":0.5467600750271231,"forward_time_total_s":100.57247056160122,"classify_ms_avg":1.0913374751040381,"forward_ms_avg":200.7434542147729}