{
  "mix": "code-heavy",
  "mix_counts": {
    "sonnet": 20,
    "chat": 40,
    "code": 140
  },
  "num_prompts": 200,
  "max_tokens": 256,
  "concurrency": 32,
  "scenarios": [
    {
      "scenario": "vanilla-only",
      "n_prompts": 200,
      "wall_s": 10.859506873879582,
      "total_out_tokens": 45905,
      "tps": 4227.171687732478,
      "latency_p50_s": 1.8224782270845026,
      "latency_p99_s": 1.875548830954358,
      "backend_counts": {
        "direct": 200
      },
      "concurrency": 32
    },
    {
      "scenario": "trident-only",
      "n_prompts": 200,
      "wall_s": 6.268270732834935,
      "total_out_tokens": 45553,
      "tps": 7267.235564887264,
      "latency_p50_s": 0.7774630358908325,
      "latency_p99_s": 2.7049034989904612,
      "backend_counts": {
        "direct": 200
      },
      "concurrency": 32
    },
    {
      "scenario": "agsd-gated",
      "n_prompts": 200,
      "wall_s": 5.317311056889594,
      "total_out_tokens": 45758,
      "tps": 8605.477375770928,
      "latency_p50_s": 0.44664079300127923,
      "latency_p99_s": 1.846146543044597,
      "backend_counts": {
        "trident": 160,
        "vanilla": 40
      },
      "concurrency": 32
    }
  ],
  "gating_stats": {
    "total": 201,
    "by_backend": {
      "vanilla": 40,
      "trident": 161
    },
    "by_workload": {
      "sonnet": 18,
      "chat": 40,
      "code": 143
    },
    "classify_time_total_s": 0.23918667272664607,
    "forward_time_total_s": 143.91506591555662,
    "classify_ms_avg": 1.1899834464012242,
    "forward_ms_avg": 715.9953528137145
  }
}