{
  "mix": "sonnet-heavy",
  "mix_counts": {
    "sonnet": 300,
    "chat": 100,
    "code": 100
  },
  "num_prompts": 500,
  "max_tokens": 32,
  "concurrency": 32,
  "scenarios": [
    {
      "scenario": "vanilla-only",
      "n_prompts": 500,
      "wall_s": 7.7524160370230675,
      "total_out_tokens": 16000,
      "tps": 2063.8727234953726,
      "latency_p50_s": 0.48049337696284056,
      "latency_p99_s": 0.553724906872958,
      "backend_counts": {
        "direct": 500
      },
      "concurrency": 32
    },
    {
      "scenario": "trident-only",
      "n_prompts": 500,
      "wall_s": 4.788387462962419,
      "total_out_tokens": 16000,
      "tps": 3341.4171521745075,
      "latency_p50_s": 0.2382942079566419,
      "latency_p99_s": 0.7649442700203508,
      "backend_counts": {
        "direct": 500
      },
      "concurrency": 32
    },
    {
      "scenario": "agsd-gated",
      "n_prompts": 500,
      "wall_s": 3.600950938882306,
      "total_out_tokens": 16000,
      "tps": 4443.27075585379,
      "latency_p50_s": 0.16686140187084675,
      "latency_p99_s": 0.42746254801750183,
      "backend_counts": {
        "trident": 400,
        "vanilla": 100
      },
      "concurrency": 32
    }
  ],
  "gating_stats": {
    "total": 501,
    "by_backend": {
      "vanilla": 100,
      "trident": 401
    },
    "by_workload": {
      "sonnet": 292,
      "chat": 100,
      "code": 109
    },
    "classify_time_total_s": 0.4920196798630059,
    "forward_time_total_s": 104.3087349825073,
    "classify_ms_avg": 0.9820752093073969,
    "forward_ms_avg": 208.2010678293559
  }
}