{"total":501,"by_backend":{"vanilla":100,"trident":401},"by_workload":{"sonnet":292,"chat":100,"code":109},"classify_time_total_s":0.4920196798630059,"forward_time_total_s":104.3087349825073,"classify_ms_avg":0.9820752093073969,"forward_ms_avg":208.2010678293559}