{
  "model": "meta-llama/Llama-3.3-70B-Instruct",
  "tensor_parallel_size": 8,
  "max_model_len": 16384,
  "max_num_seqs": 256,
  "num_prompts": 300,
  "target_input_len": 8192,
  "max_tokens": 8192,
  "enable_neo_asymmetric": false,
  "init_s": 54.88353464799002,
  "generate_wall_s": 1195.237413383089,
  "total_input_tokens": 1625421,
  "total_output_tokens": 2457600,
  "prompt_tps": 1359.9147598628856,
  "output_tps": 2056.1605355406555,
  "req_per_s": 0.25099615912361517,
  "log_metrics": {
    "preempt_count": null,
    "kv_cache_size_tokens": 1274800,
    "max_concurrency": 77.81
  }
}