{
  "output_tps": 10268.005141729036,
  "prompt_tps": 2238.7181113018137,
  "generate_wall_s": 391.4257876309566,
  "total_in_tokens": 876292,
  "total_out_tokens": 4019162,
  "num_prompts_done": 500,
  "init_wall_s": 114.59975184104405,
  "spec_decode": {
    "method": "ngram",
    "num_speculative_tokens": 7,
    "prompt_lookup_max": 5,
    "prompt_lookup_min": 2
  }
}