{
  "generated_at": "2026-03-29T10:01:07.065379+09:00",
  "gpu_only": {
    "request_throughput": 51.009321927362876,
    "output_throughput": 12467.18837226676,
    "total_token_throughput": 25470.688755277813,
    "duration": 9.802129907000108,
    "mean_ttft_ms": 3629.2965800999955,
    "median_ttft_ms": 2200.763221499983,
    "p99_ttft_ms": 6650.327714289929,
    "mean_tpot_ms": 16.427469511830896,
    "median_tpot_ms": 17.252475535293772,
    "p99_tpot_ms": 39.36600535014343,
    "mean_itl_ms": 16.13779025932134,
    "median_itl_ms": 14.365337000072032,
    "p99_itl_ms": 46.61736287000618
  },
  "hybrid": {
    "request_throughput": 7.785746674090096,
    "output_throughput": 1906.9940758715836,
    "total_token_throughput": 3891.7677610173273,
    "duration": 64.21991633300013,
    "mean_ttft_ms": 4039.3971274580063,
    "median_ttft_ms": 2240.426164000155,
    "p99_ttft_ms": 7461.3474473597125,
    "mean_tpot_ms": 20.144904505681936,
    "median_tpot_ms": 19.96034696274578,
    "p99_tpot_ms": 46.48207510001607,
    "mean_itl_ms": 19.84403830858138,
    "median_itl_ms": 15.142809500048315,
    "p99_itl_ms": 65.42754573995352
  },
  "comparison": {
    "request_throughput": {
      "diff_pct": -84.74,
      "direction": "higher_better"
    },
    "output_throughput": {
      "diff_pct": -84.7,
      "direction": "higher_better"
    },
    "total_token_throughput": {
      "diff_pct": -84.72,
      "direction": "higher_better"
    },
    "duration": {
      "diff_pct": 555.16,
      "direction": "lower_better"
    },
    "mean_ttft_ms": {
      "diff_pct": 11.3,
      "direction": "lower_better"
    },
    "median_ttft_ms": {
      "diff_pct": 1.8,
      "direction": "lower_better"
    },
    "p99_ttft_ms": {
      "diff_pct": 12.2,
      "direction": "lower_better"
    },
    "mean_tpot_ms": {
      "diff_pct": 22.63,
      "direction": "lower_better"
    },
    "median_tpot_ms": {
      "diff_pct": 15.7,
      "direction": "lower_better"
    },
    "p99_tpot_ms": {
      "diff_pct": 18.08,
      "direction": "lower_better"
    },
    "mean_itl_ms": {
      "diff_pct": 22.97,
      "direction": "lower_better"
    },
    "median_itl_ms": {
      "diff_pct": 5.41,
      "direction": "lower_better"
    },
    "p99_itl_ms": {
      "diff_pct": 40.35,
      "direction": "lower_better"
    },
    "request_throughput_speedup": 0.1526,
    "output_tok_speedup": 0.153,
    "ttft_gain_pct": -11.3
  },
  "gpu_utilization": {
    "gpu_only": {
      "gpu0_util_pct": {
        "mean": 15.11,
        "max": 90.0,
        "min": 0.0
      },
      "gpu0_mem_util_pct": {
        "mean": 7.3,
        "max": 41.0,
        "min": 0.0
      },
      "gpu0_power_w": {
        "mean": 90.45,
        "max": 332.62,
        "min": 42.48
      },
      "gpu_avg_util_pct": {
        "mean": 15.11,
        "max": 90.0,
        "min": 0.0
      },
      "gpu_avg_mem_util_pct": {
        "mean": 7.3,
        "max": 41.0,
        "min": 0.0
      },
      "gpu_avg_power_w": {
        "mean": 90.45,
        "max": 332.62,
        "min": 42.48
      },
      "sample_count": 57,
      "duration_s": 58.4
    },
    "hybrid": {
      "gpu0_util_pct": {
        "mean": 6.32,
        "max": 85.0,
        "min": 0.0
      },
      "gpu0_mem_util_pct": {
        "mean": 2.85,
        "max": 41.0,
        "min": 0.0
      },
      "gpu0_power_w": {
        "mean": 74.18,
        "max": 315.06,
        "min": 43.55
      },
      "gpu_avg_util_pct": {
        "mean": 6.32,
        "max": 85.0,
        "min": 0.0
      },
      "gpu_avg_mem_util_pct": {
        "mean": 2.85,
        "max": 41.0,
        "min": 0.0
      },
      "gpu_avg_power_w": {
        "mean": 74.18,
        "max": 315.06,
        "min": 43.55
      },
      "sample_count": 130,
      "duration_s": 133.4
    }
  },
  "cpu_utilization": {
    "gpu_only": {
      "core0_util_pct": {
        "mean": 4.84,
        "max": 42.7,
        "min": 0.0
      },
      "core1_util_pct": {
        "mean": 4.13,
        "max": 18.9,
        "min": 0.0
      },
      "core2_util_pct": {
        "mean": 3.03,
        "max": 16.3,
        "min": 0.0
      },
      "core3_util_pct": {
        "mean": 2.74,
        "max": 15.1,
        "min": 0.0
      },
      "core4_util_pct": {
        "mean": 4.31,
        "max": 43.1,
        "min": 0.0
      },
      "core5_util_pct": {
        "mean": 2.91,
        "max": 18.1,
        "min": 0.0
      },
      "core6_util_pct": {
        "mean": 15.65,
        "max": 100.0,
        "min": 0.0
      },
      "core7_util_pct": {
        "mean": 11.02,
        "max": 71.4,
        "min": 0.0
      },
      "core8_util_pct": {
        "mean": 16.95,
        "max": 99.0,
        "min": 0.0
      },
      "core9_util_pct": {
        "mean": 3.36,
        "max": 63.3,
        "min": 0.0
      },
      "core10_util_pct": {
        "mean": 2.54,
        "max": 15.7,
        "min": 0.0
      },
      "core11_util_pct": {
        "mean": 5.02,
        "max": 67.3,
        "min": 0.0
      },
      "core12_util_pct": {
        "mean": 3.66,
        "max": 58.8,
        "min": 0.0
      },
      "core13_util_pct": {
        "mean": 2.45,
        "max": 23.8,
        "min": 0.0
      },
      "core14_util_pct": {
        "mean": 2.29,
        "max": 16.5,
        "min": 0.0
      },
      "core15_util_pct": {
        "mean": 75.57,
        "max": 100.0,
        "min": 0.0
      },
      "cpu_avg_util_pct": {
        "mean": 10.03,
        "max": 20.99,
        "min": 2.48
      },
      "sample_count": 57,
      "duration_s": 58.4
    },
    "hybrid": {
      "core0_util_pct": {
        "mean": 60.84,
        "max": 100.0,
        "min": 0.0
      },
      "core1_util_pct": {
        "mean": 61.52,
        "max": 100.0,
        "min": 0.0
      },
      "core2_util_pct": {
        "mean": 58.3,
        "max": 100.0,
        "min": 0.0
      },
      "core3_util_pct": {
        "mean": 28.17,
        "max": 100.0,
        "min": 0.0
      },
      "core4_util_pct": {
        "mean": 12.31,
        "max": 100.0,
        "min": 0.0
      },
      "core5_util_pct": {
        "mean": 75.72,
        "max": 100.0,
        "min": 0.0
      },
      "core6_util_pct": {
        "mean": 62.19,
        "max": 100.0,
        "min": 0.0
      },
      "core7_util_pct": {
        "mean": 63.73,
        "max": 100.0,
        "min": 0.0
      },
      "core8_util_pct": {
        "mean": 62.7,
        "max": 100.0,
        "min": 0.0
      },
      "core9_util_pct": {
        "mean": 59.46,
        "max": 100.0,
        "min": 0.0
      },
      "core10_util_pct": {
        "mean": 52.56,
        "max": 100.0,
        "min": 0.0
      },
      "core11_util_pct": {
        "mean": 28.37,
        "max": 100.0,
        "min": 0.0
      },
      "core12_util_pct": {
        "mean": 62.44,
        "max": 100.0,
        "min": 0.0
      },
      "core13_util_pct": {
        "mean": 62.77,
        "max": 100.0,
        "min": 0.0
      },
      "core14_util_pct": {
        "mean": 49.77,
        "max": 100.0,
        "min": 0.0
      },
      "core15_util_pct": {
        "mean": 86.22,
        "max": 100.0,
        "min": 0.0
      },
      "cpu_avg_util_pct": {
        "mean": 55.44,
        "max": 90.34,
        "min": 6.44
      },
      "sample_count": 130,
      "duration_s": 133.4
    }
  }
}