{
  "mix": "code-heavy",
  "mix_counts": {
    "sonnet": 20,
    "chat": 40,
    "code": 140
  },
  "num_prompts": 200,
  "max_tokens": 256,
  "concurrency": 32,
  "scenarios": [
    {
      "scenario": "vanilla-only",
      "n_prompts": 200,
      "wall_s": 18.192025965079665,
      "total_out_tokens": 49374,
      "tps": 2714.046258221894,
      "latency_p50_s": 2.8402165218722075,
      "latency_p99_s": 2.866904322989285,
      "backend_counts": {
        "direct": 200
      },
      "concurrency": 32
    },
    {
      "scenario": "trident-only",
      "n_prompts": 200,
      "wall_s": 6.381607345072553,
      "total_out_tokens": 49378,
      "tps": 7737.549073451905,
      "latency_p50_s": 0.7731150239706039,
      "latency_p99_s": 3.2067594819236547,
      "backend_counts": {
        "direct": 200
      },
      "concurrency": 32
    },
    {
      "scenario": "agsd-gated",
      "n_prompts": 200,
      "wall_s": 8.176281730877236,
      "total_out_tokens": 49371,
      "tps": 6038.319327176972,
      "latency_p50_s": 0.6429265949409455,
      "latency_p99_s": 2.806578153045848,
      "backend_counts": {
        "trident": 160,
        "vanilla": 40
      },
      "concurrency": 32
    }
  ],
  "gating_stats": {
    "total": 201,
    "by_backend": {
      "vanilla": 40,
      "trident": 161
    },
    "by_workload": {
      "sonnet": 18,
      "chat": 40,
      "code": 143
    },
    "classify_time_total_s": 0.21168535319156945,
    "forward_time_total_s": 211.1376178925857,
    "classify_ms_avg": 1.0531609611520867,
    "forward_ms_avg": 1050.4359099133617
  }
}