{
  "mix": "sonnet-heavy",
  "mix_counts": {
    "sonnet": 120,
    "chat": 40,
    "code": 40
  },
  "num_prompts": 200,
  "max_tokens": 256,
  "concurrency": 32,
  "scenarios": [
    {
      "scenario": "vanilla-only",
      "n_prompts": 200,
      "wall_s": 19.76993765612133,
      "total_out_tokens": 50110,
      "tps": 2534.656450192929,
      "latency_p50_s": 2.8585481548216194,
      "latency_p99_s": 2.9172379809897393,
      "backend_counts": {
        "direct": 200
      },
      "concurrency": 32
    },
    {
      "scenario": "trident-only",
      "n_prompts": 200,
      "wall_s": 6.745649863965809,
      "total_out_tokens": 50868,
      "tps": 7540.8598171880785,
      "latency_p50_s": 0.7285341829992831,
      "latency_p99_s": 3.0974044632166624,
      "backend_counts": {
        "direct": 200
      },
      "concurrency": 32
    },
    {
      "scenario": "agsd-gated",
      "n_prompts": 200,
      "wall_s": 8.819117716979235,
      "total_out_tokens": 50496,
      "tps": 5725.74282604044,
      "latency_p50_s": 0.7053409120999277,
      "latency_p99_s": 2.794515582965687,
      "backend_counts": {
        "vanilla": 40,
        "trident": 160
      },
      "concurrency": 32
    }
  ],
  "gating_stats": {
    "total": 201,
    "by_backend": {
      "vanilla": 40,
      "trident": 161
    },
    "by_workload": {
      "sonnet": 115,
      "chat": 40,
      "code": 46
    },
    "classify_time_total_s": 0.2662151895929128,
    "forward_time_total_s": 235.11846054834314,
    "classify_ms_avg": 1.3244536795667303,
    "forward_ms_avg": 1169.7435848176276
  }
}