{
  "mix": "sonnet-heavy",
  "mix_counts": {
    "sonnet": 300,
    "chat": 100,
    "code": 100
  },
  "num_prompts": 500,
  "max_tokens": 32,
  "concurrency": 32,
  "scenarios": [
    {
      "scenario": "agsd-gated",
      "n_prompts": 500,
      "wall_s": 5.117799145169556,
      "total_out_tokens": 16000,
      "tps": 3126.343872854336,
      "latency_p50_s": 0.2951450471300632,
      "latency_p99_s": 0.6983643430285156,
      "backend_counts": {
        "trident": 400,
        "vanilla": 100
      },
      "concurrency": 32
    }
  ],
  "gating_stats": {
    "total": 501,
    "by_backend": {
      "vanilla": 100,
      "trident": 401
    },
    "by_workload": {
      "sonnet": 292,
      "chat": 100,
      "code": 109
    },
    "classify_time_total_s": 0.6139667150564492,
    "forward_time_total_s": 152.85871241241693,
    "classify_ms_avg": 1.2254824651825333,
    "forward_ms_avg": 305.1072104040258
  },
  "agsd_only": true
}