{"total":501,"by_backend":{"vanilla":100,"trident":401},"by_workload":{"sonnet":292,"chat":100,"code":109},"classify_time_total_s":0.6139667150564492,"forward_time_total_s":152.85871241241693,"classify_ms_avg":1.2254824651825333,"forward_ms_avg":305.1072104040258}