{
  "workload": "code",
  "num_prompts": 200,
  "num_speculative_tokens": 0,
  "output_tps": 7889.120059528323,
  "generate_wall_s": 103.320901931962,
  "init_wall_s": 85.26471762103029,
  "total_in_tokens": 259691,
  "total_out_tokens": 815111
}