{
  "mix": "code-heavy",
  "mix_counts": {
    "sonnet": 50,
    "chat": 100,
    "code": 350
  },
  "num_prompts": 500,
  "max_tokens": 32,
  "concurrency": 32,
  "scenarios": [
    {
      "scenario": "vanilla-only",
      "n_prompts": 500,
      "wall_s": 10.320852224016562,
      "total_out_tokens": 16000,
      "tps": 1550.2595767012433,
      "latency_p50_s": 0.63071044604294,
      "latency_p99_s": 0.7665493581444025,
      "backend_counts": {
        "direct": 500
      },
      "concurrency": 32
    },
    {
      "scenario": "trident-only",
      "n_prompts": 500,
      "wall_s": 5.177958354121074,
      "total_out_tokens": 16000,
      "tps": 3090.0209900811183,
      "latency_p50_s": 0.3057673228904605,
      "latency_p99_s": 0.5953688870649785,
      "backend_counts": {
        "direct": 500
      },
      "concurrency": 32
    },
    {
      "scenario": "agsd-gated",
      "n_prompts": 500,
      "wall_s": 3.730226924875751,
      "total_out_tokens": 16000,
      "tps": 4289.283285502245,
      "latency_p50_s": 0.16004739794880152,
      "latency_p99_s": 0.4868129529058933,
      "backend_counts": {
        "trident": 400,
        "vanilla": 100
      },
      "concurrency": 32
    }
  ],
  "gating_stats": {
    "total": 501,
    "by_backend": {
      "vanilla": 100,
      "trident": 401
    },
    "by_workload": {
      "sonnet": 48,
      "chat": 100,
      "code": 353
    },
    "classify_time_total_s": 0.588899843627587,
    "forward_time_total_s": 107.24095903197303,
    "classify_ms_avg": 1.1754487896758223,
    "forward_ms_avg": 214.05381044305997
  }
}