{"total":501,"by_backend":{"vanilla":100,"trident":401},"by_workload":{"sonnet":48,"chat":100,"code":353},"classify_time_total_s":0.588899843627587,"forward_time_total_s":107.24095903197303,"classify_ms_avg":1.1754487896758223,"forward_ms_avg":214.05381044305997}