{
  "mix": "balanced",
  "mix_counts": {
    "sonnet": 68,
    "chat": 66,
    "code": 66
  },
  "num_prompts": 200,
  "max_tokens": 256,
  "concurrency": 32,
  "scenarios": [
    {
      "scenario": "vanilla-only",
      "n_prompts": 200,
      "wall_s": 19.917216712841764,
      "total_out_tokens": 49412,
      "tps": 2480.868723396541,
      "latency_p50_s": 3.120989338029176,
      "latency_p99_s": 3.2654864711221308,
      "backend_counts": {
        "direct": 200
      },
      "concurrency": 32
    },
    {
      "scenario": "trident-only",
      "n_prompts": 200,
      "wall_s": 14.377294734120369,
      "total_out_tokens": 49166,
      "tps": 3419.6975793588385,
      "latency_p50_s": 1.8283405171241611,
      "latency_p99_s": 4.831123259849846,
      "backend_counts": {
        "direct": 200
      },
      "concurrency": 32
    },
    {
      "scenario": "agsd-gated",
      "n_prompts": 200,
      "wall_s": 10.18956266483292,
      "total_out_tokens": 49844,
      "tps": 4891.672159005001,
      "latency_p50_s": 0.7502762291114777,
      "latency_p99_s": 3.121542376000434,
      "backend_counts": {
        "vanilla": 66,
        "trident": 134
      },
      "concurrency": 32
    }
  ],
  "gating_stats": {
    "total": 201,
    "by_backend": {
      "vanilla": 66,
      "trident": 135
    },
    "by_workload": {
      "sonnet": 65,
      "chat": 66,
      "code": 70
    },
    "classify_time_total_s": 0.406214538263157,
    "forward_time_total_s": 278.89673568634316,
    "classify_ms_avg": 2.0209678520555077,
    "forward_ms_avg": 1387.5459486882744
  }
}