{
  "workload": "sonnet",
  "model": "Qwen/Qwen2.5-0.5B-Instruct",
  "num_prompts": 50,
  "num_speculative_tokens": 0,
  "output_tps": 11820.598434244694,
  "generate_wall_s": 1.6022031460888684,
  "init_wall_s": 15.845461613032967,
  "total_in_tokens": 10642,
  "total_out_tokens": 18939
}