{
  "workload": "chat",
  "model": "Qwen/Qwen2.5-1.5B-Instruct",
  "num_prompts": 50,
  "num_speculative_tokens": 0,
  "output_tps": 11589.377777687168,
  "generate_wall_s": 1.6508220171090215,
  "init_wall_s": 17.146473191911355,
  "total_in_tokens": 11462,
  "total_out_tokens": 19132
}