{
  "output_tps": 10844.45644628613,
  "prompt_tps": 2364.4009443334126,
  "generate_wall_s": 370.61903654714115,
  "total_in_tokens": 876292,
  "total_out_tokens": 4019162,
  "num_prompts_done": 500,
  "init_wall_s": 89.30624634888954,
  "spec_decode": {
    "method": "ngram",
    "num_speculative_tokens": 7,
    "prompt_lookup_max": 5,
    "prompt_lookup_min": 2
  }
}