{
  "workload": "chat",
  "num_prompts": 500,
  "num_speculative_tokens": 0,
  "output_tps": 2186.941894550565,
  "generate_wall_s": 151.11329698492773,
  "init_wall_s": 86.61822316003963,
  "total_in_tokens": 883269,
  "total_out_tokens": 330476
}