{
  "model": "meta-llama/Llama-3.3-70B-Instruct",
  "tensor_parallel_size": 8,
  "max_model_len": 16384,
  "max_num_seqs": 32,
  "num_prompts": 30,
  "target_input_len": 8192,
  "max_tokens": 4096,
  "enable_neo_asymmetric": true,
  "init_s": 75.34167264122516,
  "generate_wall_s": 193.09567437693477,
  "total_input_tokens": 162543,
  "total_output_tokens": 122880,
  "prompt_tps": 841.7744236088166,
  "output_tps": 636.3684758682404,
  "req_per_s": 0.15536339742876962,
  "log_metrics": {
    "preempt_count": null,
    "kv_cache_size_tokens": 340784,
    "max_concurrency": 20.8
  }
}