{
  "workload": "sonnet",
  "num_prompts": 200,
  "num_speculative_tokens": 7,
  "output_tps": 6394.48610092037,
  "generate_wall_s": 31.87965331110172,
  "init_wall_s": 153.0085956400726,
  "total_in_tokens": 85925,
  "total_out_tokens": 203854
}