{
  "workload": "code",
  "model": "Qwen/Qwen2.5-1.5B-Instruct",
  "num_prompts": 50,
  "num_speculative_tokens": 32,
  "output_tps": 4154.1636767194595,
  "generate_wall_s": 6.162491897819564,
  "init_wall_s": 17.32428916497156,
  "total_in_tokens": 16082,
  "total_out_tokens": 25600
}