{
  "workload": "sonnet",
  "num_prompts": 500,
  "num_speculative_tokens": 32,
  "output_tps": 11695.340451873193,
  "generate_wall_s": 345.5075135801453,
  "init_wall_s": 84.59388872096315,
  "total_in_tokens": 876292,
  "total_out_tokens": 4040828
}