{
  "workload": "sonnet",
  "num_prompts": 500,
  "num_speculative_tokens": 32,
  "output_tps": 8235.986298993526,
  "generate_wall_s": 491.23661127197556,
  "init_wall_s": 52.86657067807391,
  "total_in_tokens": 876292,
  "total_out_tokens": 4045818
}