{
  "mix": "sonnet-heavy",
  "mix_counts": {
    "sonnet": 300,
    "chat": 100,
    "code": 100
  },
  "num_prompts": 500,
  "max_tokens": 32,
  "concurrency": 32,
  "scenarios": [
    {
      "scenario": "agsd-gated",
      "n_prompts": 500,
      "wall_s": 3.467621118063107,
      "total_out_tokens": 16000,
      "tps": 4614.114245831172,
      "latency_p50_s": 0.16435118694789708,
      "latency_p99_s": 0.40761382412165403,
      "backend_counts": {
        "trident": 400,
        "vanilla": 100
      },
      "concurrency": 32
    }
  ],
  "gating_stats": {
    "total": 501,
    "by_backend": {
      "vanilla": 100,
      "trident": 401
    },
    "by_workload": {
      "sonnet": 292,
      "chat": 100,
      "code": 109
    },
    "classify_time_total_s": 0.7416231026872993,
    "forward_time_total_s": 100.02720314078033,
    "classify_ms_avg": 1.4802856341063857,
    "forward_ms_avg": 199.65509608938189
  },
  "agsd_only": true
}