{"total":501,"by_backend":{"vanilla":100,"trident":401},"by_workload":{"sonnet":292,"chat":100,"code":109},"classify_time_total_s":0.7416231026872993,"forward_time_total_s":100.02720314078033,"classify_ms_avg":1.4802856341063857,"forward_ms_avg":199.65509608938189}