{"total":501,"by_backend":{"vanilla":100,"trident":401},"by_workload":{"sonnet":292,"chat":100,"code":109},"classify_time_total_s":0.5565722666215152,"forward_time_total_s":144.8636727577541,"classify_ms_avg":1.1109226878672958,"forward_ms_avg":289.1490474206669}