{
  "mix": "sonnet-heavy",
  "mix_counts": {
    "sonnet": 120,
    "chat": 40,
    "code": 40
  },
  "num_prompts": 200,
  "max_tokens": 256,
  "concurrency": 32,
  "scenarios": [
    {
      "scenario": "vanilla-only",
      "n_prompts": 200,
      "wall_s": 19.827595256036147,
      "total_out_tokens": 50659,
      "tps": 2554.97448610556,
      "latency_p50_s": 2.8372314251028,
      "latency_p99_s": 2.916242958046496,
      "backend_counts": {
        "direct": 200
      },
      "concurrency": 32
    },
    {
      "scenario": "trident-only",
      "n_prompts": 200,
      "wall_s": 7.184870729921386,
      "total_out_tokens": 50797,
      "tps": 7069.994981044816,
      "latency_p50_s": 0.710580175044015,
      "latency_p99_s": 3.557335264980793,
      "backend_counts": {
        "direct": 200
      },
      "concurrency": 32
    },
    {
      "scenario": "agsd-gated",
      "n_prompts": 200,
      "wall_s": 8.742980603128672,
      "total_out_tokens": 50443,
      "tps": 5769.542709719497,
      "latency_p50_s": 0.6986743099987507,
      "latency_p99_s": 3.3362520469818264,
      "backend_counts": {
        "vanilla": 40,
        "trident": 160
      },
      "concurrency": 32
    }
  ],
  "gating_stats": {
    "total": 201,
    "by_backend": {
      "vanilla": 40,
      "trident": 161
    },
    "by_workload": {
      "sonnet": 115,
      "chat": 40,
      "code": 46
    },
    "classify_time_total_s": 0.21697767404839396,
    "forward_time_total_s": 231.9161936151795,
    "classify_ms_avg": 1.0794909156636514,
    "forward_ms_avg": 1153.8119085332314
  }
}