{
  "mix": "balanced",
  "mix_counts": {
    "sonnet": 68,
    "chat": 66,
    "code": 66
  },
  "num_prompts": 200,
  "max_tokens": 256,
  "concurrency": 32,
  "scenarios": [
    {
      "scenario": "vanilla-only",
      "n_prompts": 200,
      "wall_s": 18.98670329991728,
      "total_out_tokens": 49525,
      "tps": 2608.4043774053057,
      "latency_p50_s": 2.836408036062494,
      "latency_p99_s": 2.894061387050897,
      "backend_counts": {
        "direct": 200
      },
      "concurrency": 32
    },
    {
      "scenario": "trident-only",
      "n_prompts": 200,
      "wall_s": 8.546915450133383,
      "total_out_tokens": 49798,
      "tps": 5826.42946341804,
      "latency_p50_s": 0.7102977870963514,
      "latency_p99_s": 4.026874003000557,
      "backend_counts": {
        "direct": 200
      },
      "concurrency": 32
    },
    {
      "scenario": "agsd-gated",
      "n_prompts": 200,
      "wall_s": 9.810608251951635,
      "total_out_tokens": 50151,
      "tps": 5111.915460493839,
      "latency_p50_s": 0.6450020631309599,
      "latency_p99_s": 2.8701419590506703,
      "backend_counts": {
        "vanilla": 66,
        "trident": 134
      },
      "concurrency": 32
    }
  ],
  "gating_stats": {
    "total": 201,
    "by_backend": {
      "vanilla": 66,
      "trident": 135
    },
    "by_workload": {
      "sonnet": 65,
      "chat": 66,
      "code": 70
    },
    "classify_time_total_s": 0.2256851450074464,
    "forward_time_total_s": 268.1374881225638,
    "classify_ms_avg": 1.1228116667037136,
    "forward_ms_avg": 1334.017353843601
  }
}