{
  "wall_s": 0.7410888671875,
  "n_ok": 50,
  "n_err": 0,
  "total_out_tokens": 1600,
  "tps": 2158.985340141657,
  "p50_ms": 102.84543037414551,
  "p90_ms": 144.73438262939453,
  "p99_ms": 146.9285488128662,
  "errors": []
}