{
  "mix": "balanced",
  "mix_counts": {
    "sonnet": 170,
    "chat": 165,
    "code": 165
  },
  "num_prompts": 500,
  "max_tokens": 256,
  "concurrency": 32,
  "scenarios": [
    {
      "scenario": "vanilla-only",
      "n_prompts": 500,
      "wall_s": 45.49231352494098,
      "total_out_tokens": 124332,
      "tps": 2733.0331294722014,
      "latency_p50_s": 2.878073352854699,
      "latency_p99_s": 2.9988736321683973,
      "backend_counts": {
        "direct": 500
      },
      "concurrency": 32
    },
    {
      "scenario": "trident-only",
      "n_prompts": 500,
      "wall_s": 13.599336083047092,
      "total_out_tokens": 124719,
      "tps": 9170.962408633644,
      "latency_p50_s": 0.7598253360483795,
      "latency_p99_s": 3.3440202658530325,
      "backend_counts": {
        "direct": 500
      },
      "concurrency": 32
    },
    {
      "scenario": "agsd-gated",
      "n_prompts": 500,
      "wall_s": 22.01406048494391,
      "total_out_tokens": 124780,
      "tps": 5668.195564618388,
      "latency_p50_s": 0.601187587948516,
      "latency_p99_s": 2.9581569598522037,
      "backend_counts": {
        "trident": 335,
        "vanilla": 165
      },
      "concurrency": 32
    }
  ],
  "gating_stats": {
    "total": 501,
    "by_backend": {
      "vanilla": 165,
      "trident": 336
    },
    "by_workload": {
      "sonnet": 164,
      "chat": 165,
      "code": 172
    },
    "classify_time_total_s": 0.4171766301151365,
    "forward_time_total_s": 650.8420715876855,
    "classify_ms_avg": 0.8326878844613503,
    "forward_ms_avg": 1299.0859712329052
  }
}