{
  "output_tps": 10985.370470969021,
  "prompt_tps": 2395.1242225982396,
  "generate_wall_s": 365.86494835303165,
  "total_in_tokens": 876292,
  "total_out_tokens": 4019162,
  "num_prompts_done": 500,
  "init_wall_s": 88.66649846802466,
  "spec_decode": {
    "method": "ngram",
    "num_speculative_tokens": 7,
    "prompt_lookup_max": 5,
    "prompt_lookup_min": 2
  }
}