{
  "mix": "balanced",
  "mix_counts": {
    "sonnet": 68,
    "chat": 66,
    "code": 66
  },
  "num_prompts": 200,
  "max_tokens": 256,
  "concurrency": 32,
  "scenarios": [
    {
      "scenario": "vanilla-only",
      "n_prompts": 200,
      "wall_s": 22.523899800144136,
      "total_out_tokens": 50258,
      "tps": 2231.3187523449374,
      "latency_p50_s": 3.2318790161516517,
      "latency_p99_s": 3.291563303908333,
      "backend_counts": {
        "direct": 200
      },
      "concurrency": 32
    },
    {
      "scenario": "trident-only",
      "n_prompts": 200,
      "wall_s": 7.637451853137463,
      "total_out_tokens": 49696,
      "tps": 6506.882263301587,
      "latency_p50_s": 0.7128118849359453,
      "latency_p99_s": 3.2795530539005995,
      "backend_counts": {
        "direct": 200
      },
      "concurrency": 32
    },
    {
      "scenario": "agsd-gated",
      "n_prompts": 200,
      "wall_s": 10.760821972042322,
      "total_out_tokens": 50203,
      "tps": 4665.349926839451,
      "latency_p50_s": 0.6667096009477973,
      "latency_p99_s": 3.35354624921456,
      "backend_counts": {
        "vanilla": 66,
        "trident": 134
      },
      "concurrency": 32
    }
  ],
  "gating_stats": {
    "total": 201,
    "by_backend": {
      "vanilla": 66,
      "trident": 135
    },
    "by_workload": {
      "sonnet": 65,
      "chat": 66,
      "code": 70
    },
    "classify_time_total_s": 0.2860030655283481,
    "forward_time_total_s": 290.0938710181508,
    "classify_ms_avg": 1.4229008235241198,
    "forward_ms_avg": 1443.2530896425415
  }
}