{
  "generated_at": "2026-03-27T12:54:03.852009",
  "gpu_only": {
    "request_throughput": 19.451911482434458,
    "output_throughput": 9746.219760336107,
    "total_token_throughput": 12226.821871749145,
    "duration": 51.71728243306279,
    "mean_ttft_ms": 20357.226423576667,
    "median_ttft_ms": 15604.162689298391,
    "p99_ttft_ms": 41303.12499636784,
    "mean_tpot_ms": 25.514473875092154,
    "median_tpot_ms": 25.00252671076856,
    "p99_tpot_ms": 97.98644592519851,
    "mean_itl_ms": 24.258563328578784,
    "median_itl_ms": 21.24966774135828,
    "p99_itl_ms": 114.40637370571494
  },
  "hybrid": {
    "request_throughput": 17.008933006282405,
    "output_throughput": 8527.562131855499,
    "total_token_throughput": 10696.606869870373,
    "duration": 59.14539140276611,
    "mean_ttft_ms": 22301.137923379658,
    "median_ttft_ms": 16528.83763005957,
    "p99_ttft_ms": 46550.316111696884,
    "mean_tpot_ms": 29.4732400828773,
    "median_tpot_ms": 29.206924256185207,
    "p99_tpot_ms": 102.10761968356272,
    "mean_itl_ms": 28.24949648432237,
    "median_itl_ms": 25.555603206157684,
    "p99_itl_ms": 119.11432392895223
  },
  "comparison": {
    "request_throughput": {
      "diff_pct": -12.56,
      "direction": "higher_better"
    },
    "output_throughput": {
      "diff_pct": -12.5,
      "direction": "higher_better"
    },
    "total_token_throughput": {
      "diff_pct": -12.52,
      "direction": "higher_better"
    },
    "duration": {
      "diff_pct": 14.36,
      "direction": "lower_better"
    },
    "mean_ttft_ms": {
      "diff_pct": 9.55,
      "direction": "lower_better"
    },
    "median_ttft_ms": {
      "diff_pct": 5.93,
      "direction": "lower_better"
    },
    "p99_ttft_ms": {
      "diff_pct": 12.7,
      "direction": "lower_better"
    },
    "mean_tpot_ms": {
      "diff_pct": 15.52,
      "direction": "lower_better"
    },
    "median_tpot_ms": {
      "diff_pct": 16.82,
      "direction": "lower_better"
    },
    "p99_tpot_ms": {
      "diff_pct": 4.21,
      "direction": "lower_better"
    },
    "mean_itl_ms": {
      "diff_pct": 16.45,
      "direction": "lower_better"
    },
    "median_itl_ms": {
      "diff_pct": 20.26,
      "direction": "lower_better"
    },
    "p99_itl_ms": {
      "diff_pct": 4.12,
      "direction": "lower_better"
    },
    "request_throughput_speedup": 0.8744,
    "output_tok_speedup": 0.875,
    "ttft_gain_pct": -9.55
  },
  "gpu_utilization": {
    "gpu_only": {
      "gpu0_util_pct": {
        "mean": 65.29,
        "max": 98.0,
        "min": 0.0
      },
      "gpu0_mem_util_pct": {
        "mean": 33.26,
        "max": 81.0,
        "min": 0.0
      },
      "gpu0_power_w": {
        "mean": 299.17,
        "max": 389.1,
        "min": 46.49
      },
      "gpu_avg_util_pct": {
        "mean": 65.29,
        "max": 98.0,
        "min": 0.0
      },
      "gpu_avg_mem_util_pct": {
        "mean": 33.26,
        "max": 81.0,
        "min": 0.0
      },
      "gpu_avg_power_w": {
        "mean": 299.17,
        "max": 389.1,
        "min": 46.49
      },
      "sample_count": 78,
      "duration_s": 78.6
    },
    "hybrid": {
      "gpu0_util_pct": {
        "mean": 53.47,
        "max": 98.0,
        "min": 0.0
      },
      "gpu0_mem_util_pct": {
        "mean": 26.61,
        "max": 81.0,
        "min": 0.0
      },
      "gpu0_power_w": {
        "mean": 278.31,
        "max": 388.95,
        "min": 49.94
      },
      "gpu_avg_util_pct": {
        "mean": 53.47,
        "max": 98.0,
        "min": 0.0
      },
      "gpu_avg_mem_util_pct": {
        "mean": 26.61,
        "max": 81.0,
        "min": 0.0
      },
      "gpu_avg_power_w": {
        "mean": 278.31,
        "max": 388.95,
        "min": 49.94
      },
      "sample_count": 97,
      "duration_s": 98.2
    }
  },
  "cpu_utilization": {
    "gpu_only": {
      "core0_util_pct": {
        "mean": 21.59,
        "max": 99.0,
        "min": 0.0
      },
      "core1_util_pct": {
        "mean": 20.27,
        "max": 100.0,
        "min": 0.0
      },
      "core2_util_pct": {
        "mean": 50.61,
        "max": 100.0,
        "min": 0.0
      },
      "core3_util_pct": {
        "mean": 18.66,
        "max": 100.0,
        "min": 0.0
      },
      "core4_util_pct": {
        "mean": 6.9,
        "max": 20.4,
        "min": 0.0
      },
      "core5_util_pct": {
        "mean": 0.98,
        "max": 8.8,
        "min": 0.0
      },
      "core6_util_pct": {
        "mean": 2.74,
        "max": 12.7,
        "min": 0.0
      },
      "core7_util_pct": {
        "mean": 0.92,
        "max": 9.7,
        "min": 0.0
      },
      "core8_util_pct": {
        "mean": 1.71,
        "max": 10.7,
        "min": 0.0
      },
      "core9_util_pct": {
        "mean": 1.0,
        "max": 9.7,
        "min": 0.0
      },
      "core10_util_pct": {
        "mean": 1.78,
        "max": 9.8,
        "min": 0.0
      },
      "core11_util_pct": {
        "mean": 0.93,
        "max": 9.7,
        "min": 0.0
      },
      "core12_util_pct": {
        "mean": 1.51,
        "max": 8.8,
        "min": 0.0
      },
      "core13_util_pct": {
        "mean": 0.95,
        "max": 9.7,
        "min": 0.0
      },
      "core14_util_pct": {
        "mean": 1.41,
        "max": 9.7,
        "min": 0.0
      },
      "core15_util_pct": {
        "mean": 0.94,
        "max": 9.7,
        "min": 0.0
      },
      "core16_util_pct": {
        "mean": 1.22,
        "max": 9.8,
        "min": 0.0
      },
      "core17_util_pct": {
        "mean": 1.21,
        "max": 9.8,
        "min": 0.0
      },
      "core18_util_pct": {
        "mean": 1.19,
        "max": 9.8,
        "min": 0.0
      },
      "core19_util_pct": {
        "mean": 1.11,
        "max": 9.8,
        "min": 0.0
      },
      "core20_util_pct": {
        "mean": 1.0,
        "max": 8.9,
        "min": 0.0
      },
      "core21_util_pct": {
        "mean": 1.02,
        "max": 9.7,
        "min": 0.0
      },
      "core22_util_pct": {
        "mean": 1.11,
        "max": 9.7,
        "min": 0.0
      },
      "core23_util_pct": {
        "mean": 1.0,
        "max": 9.8,
        "min": 0.0
      },
      "cpu_avg_util_pct": {
        "mean": 5.91,
        "max": 13.23,
        "min": 0.29
      },
      "sample_count": 78,
      "duration_s": 78.6
    },
    "hybrid": {
      "core0_util_pct": {
        "mean": 32.76,
        "max": 100.0,
        "min": 0.0
      },
      "core1_util_pct": {
        "mean": 67.11,
        "max": 100.0,
        "min": 0.0
      },
      "core2_util_pct": {
        "mean": 60.76,
        "max": 100.0,
        "min": 0.0
      },
      "core3_util_pct": {
        "mean": 50.08,
        "max": 100.0,
        "min": 0.0
      },
      "core4_util_pct": {
        "mean": 45.04,
        "max": 100.0,
        "min": 0.0
      },
      "core5_util_pct": {
        "mean": 38.25,
        "max": 100.0,
        "min": 0.0
      },
      "core6_util_pct": {
        "mean": 37.43,
        "max": 100.0,
        "min": 0.0
      },
      "core7_util_pct": {
        "mean": 41.31,
        "max": 100.0,
        "min": 0.0
      },
      "core8_util_pct": {
        "mean": 50.56,
        "max": 100.0,
        "min": 0.0
      },
      "core9_util_pct": {
        "mean": 40.71,
        "max": 100.0,
        "min": 0.0
      },
      "core10_util_pct": {
        "mean": 62.82,
        "max": 100.0,
        "min": 0.0
      },
      "core11_util_pct": {
        "mean": 35.93,
        "max": 100.0,
        "min": 0.0
      },
      "core12_util_pct": {
        "mean": 64.06,
        "max": 100.0,
        "min": 0.0
      },
      "core13_util_pct": {
        "mean": 63.05,
        "max": 100.0,
        "min": 0.0
      },
      "core14_util_pct": {
        "mean": 61.03,
        "max": 100.0,
        "min": 0.0
      },
      "core15_util_pct": {
        "mean": 70.34,
        "max": 100.0,
        "min": 0.0
      },