{
  "mix": "sonnet-heavy",
  "mix_counts": {
    "sonnet": 300,
    "chat": 100,
    "code": 100
  },
  "num_prompts": 500,
  "max_tokens": 32,
  "concurrency": 32,
  "scenarios": [
    {
      "scenario": "vanilla-only",
      "n_prompts": 500,
      "wall_s": 7.831848701927811,
      "total_out_tokens": 16000,
      "tps": 2042.9403846963485,
      "latency_p50_s": 0.4946567281149328,
      "latency_p99_s": 0.5501605470199138,
      "backend_counts": {
        "direct": 500
      },
      "concurrency": 32
    },
    {
      "scenario": "trident-only",
      "n_prompts": 500,
      "wall_s": 4.871796834049746,
      "total_out_tokens": 16000,
      "tps": 3284.209203506499,
      "latency_p50_s": 0.24735710909590125,
      "latency_p99_s": 0.8241338080260903,
      "backend_counts": {
        "direct": 500
      },
      "concurrency": 32
    },
    {
      "scenario": "agsd-gated",
      "n_prompts": 500,
      "wall_s": 3.645001044962555,
      "total_out_tokens": 16000,
      "tps": 4389.573501525393,
      "latency_p50_s": 0.1679838071577251,
      "latency_p99_s": 0.43091759411618114,
      "backend_counts": {
        "trident": 400,
        "vanilla": 100
      },
      "concurrency": 32
    }
  ],
  "gating_stats": {
    "total": 501,
    "by_backend": {
      "vanilla": 100,
      "trident": 401
    },
    "by_workload": {
      "sonnet": 292,
      "chat": 100,
      "code": 109
    },
    "classify_time_total_s": 0.5353119834326208,
    "forward_time_total_s": 105.76505557540804,
    "classify_ms_avg": 1.0684869928794827,
    "forward_ms_avg": 211.10789536009588
  }
}