{"total":501,"by_backend":{"vanilla":100,"trident":401},"by_workload":{"sonnet":292,"chat":100,"code":109},"classify_time_total_s":0.5353119834326208,"forward_time_total_s":105.76505557540804,"classify_ms_avg":1.0684869928794827,"forward_ms_avg":211.10789536009588}