{
  "mix": "balanced",
  "mix_counts": {
    "sonnet": 170,
    "chat": 165,
    "code": 165
  },
  "num_prompts": 500,
  "max_tokens": 32,
  "concurrency": 32,
  "scenarios": [
    {
      "scenario": "agsd-gated",
      "n_prompts": 500,
      "wall_s": 3.7986359340138733,
      "total_out_tokens": 16000,
      "tps": 4212.038288990072,
      "latency_p50_s": 0.15035822289064527,
      "latency_p99_s": 0.4866430228576064,
      "backend_counts": {
        "trident": 335,
        "vanilla": 165
      },
      "concurrency": 32
    }
  ],
  "gating_stats": {
    "total": 501,
    "by_backend": {
      "vanilla": 165,
      "trident": 336
    },
    "by_workload": {
      "sonnet": 164,
      "chat": 165,
      "code": 172
    },
    "classify_time_total_s": 0.6919309657532722,
    "forward_time_total_s": 110.37696737679653,
    "classify_ms_avg": 1.3810997320424594,
    "forward_ms_avg": 220.31330813731842
  },
  "agsd_only": true
}