{"total":501,"by_backend":{"vanilla":165,"trident":336},"by_workload":{"sonnet":164,"chat":165,"code":172},"classify_time_total_s":0.6919309657532722,"forward_time_total_s":110.37696737679653,"classify_ms_avg":1.3810997320424594,"forward_ms_avg":220.31330813731842}