{
  "mix": "balanced",
  "mix_counts": {
    "sonnet": 170,
    "chat": 165,
    "code": 165
  },
  "num_prompts": 500,
  "max_tokens": 256,
  "concurrency": 32,
  "scenarios": [
    {
      "scenario": "vanilla-only",
      "n_prompts": 500,
      "wall_s": 44.97568761813454,
      "total_out_tokens": 124206,
      "tps": 2761.6253709019265,
      "latency_p50_s": 2.8624992361292243,
      "latency_p99_s": 2.9400728880427778,
      "backend_counts": {
        "direct": 500
      },
      "concurrency": 32
    },
    {
      "scenario": "trident-only",
      "n_prompts": 500,
      "wall_s": 14.21585768694058,
      "total_out_tokens": 124545,
      "tps": 8760.990911889436,
      "latency_p50_s": 0.7956662019714713,
      "latency_p99_s": 3.336367632029578,
      "backend_counts": {
        "direct": 500
      },
      "concurrency": 32
    },
    {
      "scenario": "agsd-gated",
      "n_prompts": 500,
      "wall_s": 23.41020412184298,
      "total_out_tokens": 124705,
      "tps": 5326.950561855355,
      "latency_p50_s": 0.7325485560577363,
      "latency_p99_s": 3.123995030997321,
      "backend_counts": {
        "trident": 335,
        "vanilla": 165
      },
      "concurrency": 32
    }
  ],
  "gating_stats": {
    "total": 501,
    "by_backend": {
      "vanilla": 165,
      "trident": 336
    },
    "by_workload": {
      "sonnet": 164,
      "chat": 165,
      "code": 172
    },
    "classify_time_total_s": 0.4015086858998984,
    "forward_time_total_s": 693.0044637899846,
    "classify_ms_avg": 0.8014145427143681,
    "forward_ms_avg": 1383.24244269458
  }
}