{
  "output_tps": 10800.051250751607,
  "prompt_tps": 2354.719344635431,
  "generate_wall_s": 372.1428636480123,
  "total_in_tokens": 876292,
  "total_out_tokens": 4019162,
  "num_prompts_done": 500,
  "init_wall_s": 87.94004199607298,
  "spec_decode": {
    "method": "ngram",
    "num_speculative_tokens": 7,
    "prompt_lookup_max": 5,
    "prompt_lookup_min": 2
  }
}