{
  "mix": "sonnet-heavy",
  "mix_counts": {
    "sonnet": 300,
    "chat": 100,
    "code": 100
  },
  "num_prompts": 500,
  "max_tokens": 256,
  "concurrency": 32,
  "scenarios": [
    {
      "scenario": "vanilla-only",
      "n_prompts": 500,
      "wall_s": 48.24410401005298,
      "total_out_tokens": 125921,
      "tps": 2610.080601222502,
      "latency_p50_s": 3.011623902944848,
      "latency_p99_s": 3.1907223269809037,
      "backend_counts": {
        "direct": 500
      },
      "concurrency": 32
    },
    {
      "scenario": "trident-only",
      "n_prompts": 500,
      "wall_s": 21.021611162927,
      "total_out_tokens": 125799,
      "tps": 5984.270141094363,
      "latency_p50_s": 0.8551815107930452,
      "latency_p99_s": 3.978011584142223,
      "backend_counts": {
        "direct": 500
      },
      "concurrency": 32
    },
    {
      "scenario": "agsd-gated",
      "n_prompts": 500,
      "wall_s": 20.351695999968797,
      "total_out_tokens": 126136,
      "tps": 6197.8127031866725,
      "latency_p50_s": 0.6651236999314278,
      "latency_p99_s": 2.922340870136395,
      "backend_counts": {
        "trident": 400,
        "vanilla": 100
      },
      "concurrency": 32
    }
  ],
  "gating_stats": {
    "total": 501,
    "by_backend": {
      "vanilla": 100,
      "trident": 401
    },
    "by_workload": {
      "sonnet": 292,
      "chat": 100,
      "code": 109
    },
    "classify_time_total_s": 0.3860027075279504,
    "forward_time_total_s": 586.5404341784306,
    "classify_ms_avg": 0.7704644860837334,
    "forward_ms_avg": 1170.7393895777059
  }
}