{
  "workload": "chat",
  "num_prompts": 500,
  "num_speculative_tokens": 7,
  "output_tps": 2972.4953930828515,
  "generate_wall_s": 114.48159038089216,
  "init_wall_s": 94.28877323796041,
  "total_in_tokens": 883269,
  "total_out_tokens": 340296
}