{
  "mix": "balanced",
  "mix_counts": {
    "sonnet": 170,
    "chat": 165,
    "code": 165
  },
  "num_prompts": 500,
  "max_tokens": 32,
  "concurrency": 32,
  "scenarios": [
    {
      "scenario": "vanilla-only",
      "n_prompts": 500,
      "wall_s": 9.741545436903834,
      "total_out_tokens": 16000,
      "tps": 1642.4498662591361,
      "latency_p50_s": 0.6061770471278578,
      "latency_p99_s": 0.7060001760255545,
      "backend_counts": {
        "direct": 500
      },
      "concurrency": 32
    },
    {
      "scenario": "trident-only",
      "n_prompts": 500,
      "wall_s": 9.92825165996328,
      "total_out_tokens": 16000,
      "tps": 1611.5626948218571,
      "latency_p50_s": 0.5786115759983659,
      "latency_p99_s": 1.3502857841085643,
      "backend_counts": {
        "direct": 500
      },
      "concurrency": 32
    },
    {
      "scenario": "agsd-gated",
      "n_prompts": 500,
      "wall_s": 3.872459467034787,
      "total_out_tokens": 16000,
      "tps": 4131.741116002305,
      "latency_p50_s": 0.17844485421665013,
      "latency_p99_s": 0.44349715090356767,
      "backend_counts": {
        "trident": 335,
        "vanilla": 165
      },
      "concurrency": 32
    }
  ],
  "gating_stats": {
    "total": 501,
    "by_backend": {
      "vanilla": 165,
      "trident": 336
    },
    "by_workload": {
      "sonnet": 164,
      "chat": 165,
      "code": 172
    },
    "classify_time_total_s": 0.5683810079935938,
    "forward_time_total_s": 113.90497583826073,
    "classify_ms_avg": 1.134493029927333,
    "forward_ms_avg": 227.35524119413319
  }
}