{
  "workload": "sonnet",
  "num_prompts": 500,
  "num_speculative_tokens": 7,
  "output_tps": 10139.180596285341,
  "generate_wall_s": 398.53190912492573,
  "init_wall_s": 161.82666750089265,
  "total_in_tokens": 876292,
  "total_out_tokens": 4040787
}