{"total":501,"by_backend":{"vanilla":165,"trident":336},"by_workload":{"sonnet":164,"chat":165,"code":172},"classify_time_total_s":0.5568433660082519,"forward_time_total_s":117.39829256106168,"classify_ms_avg":1.1114638044076885,"forward_ms_avg":234.32792926359616}