{
  "workload": "chat",
  "num_prompts": 200,
  "num_speculative_tokens": 0,
  "output_tps": 2113.611011535329,
  "generate_wall_s": 56.379816035041586,
  "init_wall_s": 85.96295359521173,
  "total_in_tokens": 176851,
  "total_out_tokens": 119165
}