{
  "generated_at": "2026-04-07T11:26:19.960367+09:00",
  "gpu_only": {
    "request_throughput": 19.821100410132143,
    "output_throughput": 9874.27759131553,
    "total_token_throughput": 12399.446141365544,
    "duration": 25.225642858073115,
    "mean_ttft_ms": 7092.713507497683,
    "median_ttft_ms": 1903.5582705400884,
    "p99_ttft_ms": 14659.280450660735,
    "mean_tpot_ms": 25.25972053241523,
    "median_tpot_ms": 24.47515886109286,
    "p99_tpot_ms": 98.02460426464675,
    "mean_itl_ms": 23.4828588533797,
    "median_itl_ms": 21.172869950532913,
    "p99_itl_ms": 111.4487373828888
  },
  "hybrid": {
    "request_throughput": 8.752404200464165,
    "output_throughput": 4355.23133976777,
    "total_token_throughput": 5470.270130098504,
    "duration": 57.127160554751754,
    "mean_ttft_ms": 7565.350525416434,
    "median_ttft_ms": 1844.326367136091,
    "p99_ttft_ms": 15971.785943238065,
    "mean_tpot_ms": 29.179132093211436,
    "median_tpot_ms": 27.17084584141664,
    "p99_tpot_ms": 103.72398313606945,
    "mean_itl_ms": 27.31366697694555,
    "median_itl_ms": 24.73635319620371,
    "p99_itl_ms": 114.62197199463844
  },
  "comparison": {
    "request_throughput": {
      "diff_pct": -55.84,
      "direction": "higher_better"
    },
    "output_throughput": {
      "diff_pct": -55.89,
      "direction": "higher_better"
    },
    "total_token_throughput": {
      "diff_pct": -55.88,
      "direction": "higher_better"
    },
    "duration": {
      "diff_pct": 126.46,
      "direction": "lower_better"
    },
    "mean_ttft_ms": {
      "diff_pct": 6.66,
      "direction": "lower_better"
    },
    "median_ttft_ms": {
      "diff_pct": -3.11,
      "direction": "lower_better"
    },
    "p99_ttft_ms": {
      "diff_pct": 8.95,
      "direction": "lower_better"
    },
    "mean_tpot_ms": {
      "diff_pct": 15.52,
      "direction": "lower_better"
    },
    "median_tpot_ms": {
      "diff_pct": 11.01,
      "direction": "lower_better"
    },
    "p99_tpot_ms": {
      "diff_pct": 5.81,
      "direction": "lower_better"
    },
    "mean_itl_ms": {
      "diff_pct": 16.31,
      "direction": "lower_better"
    },
    "median_itl_ms": {
      "diff_pct": 16.83,
      "direction": "lower_better"
    },
    "p99_itl_ms": {
      "diff_pct": 2.85,
      "direction": "lower_better"
    },
    "request_throughput_speedup": 0.4416,
    "output_tok_speedup": 0.4411,
    "ttft_gain_pct": -6.66
  },
  "gpu_utilization": {
    "gpu_only": {
      "gpu0_util_pct": {
        "mean": 81.06,
        "max": 100.0,
        "min": 0.0
      },
      "gpu0_mem_util_pct": {
        "mean": 42.77,
        "max": 81.0,
        "min": 0.0
      },
      "gpu0_power_w": {
        "mean": 347.34,
        "max": 389.39,
        "min": 149.44
      },
      "gpu_avg_util_pct": {
        "mean": 81.06,
        "max": 100.0,
        "min": 0.0
      },
      "gpu_avg_mem_util_pct": {
        "mean": 42.77,
        "max": 81.0,
        "min": 0.0
      },
      "gpu_avg_power_w": {
        "mean": 347.34,
        "max": 389.39,
        "min": 149.44
      },
      "sample_count": 31,
      "duration_s": 30.6
    },
    "hybrid": {
      "gpu0_util_pct": {
        "mean": 41.47,
        "max": 98.0,
        "min": 0.0
      },
      "gpu0_mem_util_pct": {
        "mean": 21.63,
        "max": 81.0,
        "min": 0.0
      },
      "gpu0_power_w": {
        "mean": 237.78,
        "max": 389.15,
        "min": 48.89
      },
      "gpu_avg_util_pct": {
        "mean": 41.47,
        "max": 98.0,
        "min": 0.0
      },
      "gpu_avg_mem_util_pct": {
        "mean": 21.63,
        "max": 81.0,
        "min": 0.0
      },
      "gpu_avg_power_w": {
        "mean": 237.78,
        "max": 389.15,
        "min": 48.89
      },
      "sample_count": 62,
      "duration_s": 62.5
    }
  },
  "cpu_utilization": {
    "gpu_only": {
      "core0_util_pct": {
        "mean": 27.03,
        "max": 100.0,
        "min": 0.0
      },
      "core1_util_pct": {
        "mean": 44.33,
        "max": 100.0,
        "min": 0.0
      },
      "core2_util_pct": {
        "mean": 38.38,
        "max": 100.0,
        "min": 6.9
      },
      "core3_util_pct": {
        "mean": 0.44,
        "max": 7.9,
        "min": 0.0
      },
      "core4_util_pct": {
        "mean": 9.02,
        "max": 22.5,
        "min": 1.0
      },
      "core5_util_pct": {
        "mean": 0.47,
        "max": 8.8,
        "min": 0.0
      },
      "core6_util_pct": {
        "mean": 1.78,
        "max": 9.7,
        "min": 0.0
      },
      "core7_util_pct": {
        "mean": 0.32,
        "max": 7.8,
        "min": 0.0
      },
      "core8_util_pct": {
        "mean": 0.95,
        "max": 8.8,
        "min": 0.0
      },
      "core9_util_pct": {
        "mean": 0.35,
        "max": 8.8,
        "min": 0.0
      },
      "core10_util_pct": {
        "mean": 1.08,
        "max": 8.8,
        "min": 0.0
      },
      "core11_util_pct": {
        "mean": 0.32,
        "max": 8.8,
        "min": 0.0
      },
      "core12_util_pct": {
        "mean": 0.86,
        "max": 9.8,
        "min": 0.0
      },
      "core13_util_pct": {
        "mean": 0.35,
        "max": 8.8,
        "min": 0.0
      },
      "core14_util_pct": {
        "mean": 0.48,
        "max": 8.8,
        "min": 0.0
      },
      "core15_util_pct": {
        "mean": 0.38,
        "max": 8.8,
        "min": 0.0
      },
      "core16_util_pct": {
        "mean": 0.54,
        "max": 8.7,
        "min": 0.0
      },
      "core17_util_pct": {
        "mean": 0.47,
        "max": 7.9,
        "min": 0.0
      },
      "core18_util_pct": {
        "mean": 0.51,
        "max": 8.9,
        "min": 0.0
      },
      "core19_util_pct": {
        "mean": 0.48,
        "max": 7.8,
        "min": 0.0
      },
      "core20_util_pct": {
        "mean": 0.48,
        "max": 7.9,
        "min": 0.0
      },
      "core21_util_pct": {
        "mean": 0.45,
        "max": 8.0,
        "min": 0.0
      },
      "core22_util_pct": {
        "mean": 0.41,
        "max": 8.8,
        "min": 0.0
      },
      "core23_util_pct": {
        "mean": 0.42,
        "max": 7.9,
        "min": 0.0
      },
      "cpu_avg_util_pct": {
        "mean": 5.43,
        "max": 12.39,
        "min": 1.45
      },
      "sample_count": 31,
      "duration_s": 30.6
    },
    "hybrid": {
      "core0_util_pct": {
        "mean": 32.86,
        "max": 100.0,
        "min": 0.0
      },
      "core1_util_pct": {
        "mean": 74.42,
        "max": 100.0,
        "min": 0.0
      },
      "core2_util_pct": {
        "mean": 26.82,
        "max": 100.0,
        "min": 0.0
      },
      "core3_util_pct": {
        "mean": 76.6,
        "max": 100.0,
        "min": 0.0
      },
      "core4_util_pct": {
        "mean": 29.51,
        "max": 100.0,
        "min": 0.0
      },
      "core5_util_pct": {
        "mean": 86.19,
        "max": 100.0,
        "min": 0.0
      },
      "core6_util_pct": {
        "mean": 16.3,
        "max": 55.9,
        "min": 0.0
      },
      "core7_util_pct": {
        "mean": 85.97,
        "max": 100.0,
        "min": 0.0
      },
      "core8_util_pct": {
        "mean": 55.16,
        "max": 100.0,
        "min": 0.0
      },
      "core9_util_pct": {
        "mean": 43.53,
        "max": 100.0,
        "min": 0.0
      },
      "core10_util_pct": {
        "mean": 38.29,
        "max": 100.0,
        "min": 0.0
      },
      "core11_util_pct": {
        "mean": 55.58,
        "max": 100.0,
        "min": 0.0
      },
      "core12_util_pct": {
        "mean": 42.68,
        "max": 100.0,
        "min": 0.0
      },
      "core13_util_pct": {
        "mean": 55.95,
        "max": 100.0,
        "min": 0.0
      },
      "core14_util_pct": {
        "mean": 83.66,
        "max": 100.0,
        "min": 0.0
      },
      "core15_util_pct": {
        "mean": 87.3,
        "max": 100.0,
        "min": 0.0
      },