{
  "mix": "balanced",
  "mix_counts": {
    "sonnet": 68,
    "chat": 66,
    "code": 66
  },
  "num_prompts": 200,
  "max_tokens": 256,
  "concurrency": 32,
  "scenarios": [
    {
      "scenario": "vanilla-only",
      "n_prompts": 200,
      "wall_s": 21.163178771035746,
      "total_out_tokens": 49670,
      "tps": 2347.0009178384453,
      "latency_p50_s": 3.221443667076528,
      "latency_p99_s": 3.3200663370080292,
      "backend_counts": {
        "direct": 200
      },
      "concurrency": 32
    },
    {
      "scenario": "trident-only",
      "n_prompts": 200,
      "wall_s": 14.351082324050367,
      "total_out_tokens": 49713,
      "tps": 3464.0592867820224,
      "latency_p50_s": 1.6567775148432702,
      "latency_p99_s": 4.72216203995049,
      "backend_counts": {
        "direct": 200
      },
      "concurrency": 32
    },
    {
      "scenario": "agsd-gated",
      "n_prompts": 200,
      "wall_s": 10.727412782143801,
      "total_out_tokens": 49800,
      "tps": 4642.312271500734,
      "latency_p50_s": 0.8716080870945007,
      "latency_p99_s": 2.9845913948956877,
      "backend_counts": {
        "vanilla": 66,
        "trident": 134
      },
      "concurrency": 32
    }
  ],
  "gating_stats": {
    "total": 201,
    "by_backend": {
      "vanilla": 66,
      "trident": 135
    },
    "by_workload": {
      "sonnet": 65,
      "chat": 66,
      "code": 70
    },
    "classify_time_total_s": 0.4683693484403193,
    "forward_time_total_s": 293.97147369757295,
    "classify_ms_avg": 2.330195763384673,
    "forward_ms_avg": 1462.544645261557
  }
}