{
  "mix": "sonnet-heavy",
  "mix_counts": {
    "sonnet": 300,
    "chat": 100,
    "code": 100
  },
  "num_prompts": 500,
  "max_tokens": 32,
  "concurrency": 32,
  "scenarios": [
    {
      "scenario": "vanilla-only",
      "n_prompts": 500,
      "wall_s": 8.207743758102879,
      "total_out_tokens": 16000,
      "tps": 1949.378595573774,
      "latency_p50_s": 0.5171470739878714,
      "latency_p99_s": 0.5611357931047678,
      "backend_counts": {
        "direct": 500
      },
      "concurrency": 32
    },
    {
      "scenario": "trident-only",
      "n_prompts": 500,
      "wall_s": 4.9398984289728105,
      "total_out_tokens": 16000,
      "tps": 3238.932992257292,
      "latency_p50_s": 0.2508458320517093,
      "latency_p99_s": 0.8167393610347062,
      "backend_counts": {
        "direct": 500
      },
      "concurrency": 32
    },
    {
      "scenario": "agsd-gated",
      "n_prompts": 500,
      "wall_s": 3.647864550119266,
      "total_out_tokens": 16000,
      "tps": 4386.127768772797,
      "latency_p50_s": 0.17129513388499618,
      "latency_p99_s": 0.4654280359391123,
      "backend_counts": {
        "trident": 400,
        "vanilla": 100
      },
      "concurrency": 32
    }
  ],
  "gating_stats": {
    "total": 501,
    "by_backend": {
      "vanilla": 100,
      "trident": 401
    },
    "by_workload": {
      "sonnet": 292,
      "chat": 100,
      "code": 109
    },
    "classify_time_total_s": 0.5355366428848356,
    "forward_time_total_s": 106.14077673084103,
    "classify_ms_avg": 1.0689354149397916,
    "forward_ms_avg": 211.85783778610983
  }
}