{"total":501,"by_backend":{"vanilla":100,"trident":401},"by_workload":{"sonnet":292,"chat":100,"code":109},"classify_time_total_s":0.5355366428848356,"forward_time_total_s":106.14077673084103,"classify_ms_avg":1.0689354149397916,"forward_ms_avg":211.85783778610983}