{
  "mix": "code-heavy",
  "mix_counts": {
    "sonnet": 50,
    "chat": 100,
    "code": 350
  },
  "num_prompts": 500,
  "max_tokens": 256,
  "concurrency": 32,
  "scenarios": [
    {
      "scenario": "vanilla-only",
      "n_prompts": 500,
      "wall_s": 47.87152031296864,
      "total_out_tokens": 123016,
      "tps": 2569.7115779018686,
      "latency_p50_s": 3.110410782042891,
      "latency_p99_s": 3.2646984891034663,
      "backend_counts": {
        "direct": 500
      },
      "concurrency": 32
    },
    {
      "scenario": "trident-only",
      "n_prompts": 500,
      "wall_s": 20.3034558580257,
      "total_out_tokens": 123393,
      "tps": 6077.438287493521,
      "latency_p50_s": 0.880919337971136,
      "latency_p99_s": 4.260501130018383,
      "backend_counts": {
        "direct": 500
      },
      "concurrency": 32
    },
    {
      "scenario": "agsd-gated",
      "n_prompts": 500,
      "wall_s": 17.648560282075778,
      "total_out_tokens": 122948,
      "tps": 6966.4606083969575,
      "latency_p50_s": 0.6346773598343134,
      "latency_p99_s": 2.8469177088700235,
      "backend_counts": {
        "trident": 400,
        "vanilla": 100
      },
      "concurrency": 32
    }
  ],
  "gating_stats": {
    "total": 501,
    "by_backend": {
      "vanilla": 100,
      "trident": 401
    },
    "by_workload": {
      "sonnet": 48,
      "chat": 100,
      "code": 353
    },
    "classify_time_total_s": 0.399110842961818,
    "forward_time_total_s": 518.7195176410023,
    "classify_ms_avg": 0.796628429065505,
    "forward_ms_avg": 1035.3682986846354
  }
}