{
  "workload": "code",
  "model": "Qwen/Qwen2.5-1.5B-Instruct",
  "num_prompts": 50,
  "num_speculative_tokens": 5,
  "output_tps": 4195.137492318731,
  "generate_wall_s": 6.102302975021303,
  "init_wall_s": 45.73563262610696,
  "total_in_tokens": 16082,
  "total_out_tokens": 25600
}