{
  "model": "meta-llama/Llama-3.3-70B-Instruct",
  "tensor_parallel_size": 8,
  "max_model_len": 16384,
  "max_num_seqs": 256,
  "num_prompts": 1000,
  "target_input_len": 8192,
  "max_tokens": 8192,
  "enable_neo_asymmetric": true,
  "init_s": 54.69033094216138,
  "generate_wall_s": 3449.8926806882955,
  "total_input_tokens": 5418079,
  "total_output_tokens": 8192000,
  "prompt_tps": 1570.506534979815,
  "output_tps": 2374.5666193783154,
  "req_per_s": 0.2898640892795795,
  "log_metrics": {
    "preempt_count": null,
    "kv_cache_size_tokens": 1274800,
    "max_concurrency": 77.81
  }
}