{
  "workload": "chat",
  "num_prompts": 200,
  "num_speculative_tokens": 7,
  "output_tps": 3568.187835191605,
  "generate_wall_s": 25.025868627009913,
  "init_wall_s": 92.81274269102141,
  "total_in_tokens": 88682,
  "total_out_tokens": 89297
}