{
  "mix": "balanced",
  "mix_counts": {
    "sonnet": 170,
    "chat": 165,
    "code": 165
  },
  "num_prompts": 500,
  "max_tokens": 256,
  "concurrency": 32,
  "scenarios": [
    {
      "scenario": "vanilla-only",
      "n_prompts": 500,
      "wall_s": 50.712135125882924,
      "total_out_tokens": 124306,
      "tps": 2451.208171208622,
      "latency_p50_s": 3.219118337146938,
      "latency_p99_s": 3.3318791480269283,
      "backend_counts": {
        "direct": 500
      },
      "concurrency": 32
    },
    {
      "scenario": "trident-only",
      "n_prompts": 500,
      "wall_s": 31.57283180905506,
      "total_out_tokens": 124701,
      "tps": 3949.6298828740432,
      "latency_p50_s": 1.4761963889468461,
      "latency_p99_s": 4.629445259924978,
      "backend_counts": {
        "direct": 500
      },
      "concurrency": 32
    },
    {
      "scenario": "agsd-gated",
      "n_prompts": 500,
      "wall_s": 23.76958253979683,
      "total_out_tokens": 124161,
      "tps": 5223.524636670429,
      "latency_p50_s": 0.7648016267921776,
      "latency_p99_s": 3.2767961679492146,
      "backend_counts": {
        "trident": 335,
        "vanilla": 165
      },
      "concurrency": 32
    }
  ],
  "gating_stats": {
    "total": 501,
    "by_backend": {
      "vanilla": 165,
      "trident": 336
    },
    "by_workload": {
      "sonnet": 164,
      "chat": 165,
      "code": 172
    },
    "classify_time_total_s": 0.4752676074858755,
    "forward_time_total_s": 708.8500415123999,
    "classify_ms_avg": 0.9486379390935639,
    "forward_ms_avg": 1414.8703423401196
  }
}