{
  "mix": "sonnet-heavy",
  "mix_counts": {
    "sonnet": 300,
    "chat": 100,
    "code": 100
  },
  "num_prompts": 500,
  "max_tokens": 32,
  "concurrency": 32,
  "scenarios": [
    {
      "scenario": "vanilla-only",
      "n_prompts": 500,
      "wall_s": 9.585722373099998,
      "total_out_tokens": 16000,
      "tps": 1669.1491133626105,
      "latency_p50_s": 0.5946585310157388,
      "latency_p99_s": 0.7271854910068214,
      "backend_counts": {
        "direct": 500
      },
      "concurrency": 32
    },
    {
      "scenario": "trident-only",
      "n_prompts": 500,
      "wall_s": 4.750285541173071,
      "total_out_tokens": 16000,
      "tps": 3368.2185757719403,
      "latency_p50_s": 0.2365202261134982,
      "latency_p99_s": 0.8152536870911717,
      "backend_counts": {
        "direct": 500
      },
      "concurrency": 32
    },
    {
      "scenario": "agsd-gated",
      "n_prompts": 500,
      "wall_s": 3.904664658010006,
      "total_out_tokens": 16000,
      "tps": 4097.663026497728,
      "latency_p50_s": 0.16358617087826133,
      "latency_p99_s": 0.49109384091570973,
      "backend_counts": {
        "trident": 400,
        "vanilla": 100
      },
      "concurrency": 32
    }
  ],
  "gating_stats": {
    "total": 501,
    "by_backend": {
      "vanilla": 100,
      "trident": 401
    },
    "by_workload": {
      "sonnet": 292,
      "chat": 100,
      "code": 109
    },
    "classify_time_total_s": 0.524861182551831,
    "forward_time_total_s": 111.46849908097647,
    "classify_ms_avg": 1.0476271108818982,
    "forward_ms_avg": 222.4920141336856
  }
}