{"total":501,"by_backend":{"vanilla":100,"trident":401},"by_workload":{"sonnet":292,"chat":100,"code":109},"classify_time_total_s":0.524861182551831,"forward_time_total_s":111.46849908097647,"classify_ms_avg":1.0476271108818982,"forward_ms_avg":222.4920141336856}