{
  "mix": "code-heavy",
  "mix_counts": {
    "sonnet": 50,
    "chat": 100,
    "code": 350
  },
  "num_prompts": 500,
  "max_tokens": 32,
  "concurrency": 32,
  "scenarios": [
    {
      "scenario": "vanilla-only",
      "n_prompts": 500,
      "wall_s": 8.638319147052243,
      "total_out_tokens": 16000,
      "tps": 1852.212187073439,
      "latency_p50_s": 0.5371005800552666,
      "latency_p99_s": 0.6332977418787777,
      "backend_counts": {
        "direct": 500
      },
      "concurrency": 32
    },
    {
      "scenario": "trident-only",
      "n_prompts": 500,
      "wall_s": 5.636017180979252,
      "total_out_tokens": 16000,
      "tps": 2838.884177641917,
      "latency_p50_s": 0.3309978749603033,
      "latency_p99_s": 0.6563670029863715,
      "backend_counts": {
        "direct": 500
      },
      "concurrency": 32
    },
    {
      "scenario": "agsd-gated",
      "n_prompts": 500,
      "wall_s": 3.529369441093877,
      "total_out_tokens": 16000,
      "tps": 4533.387696313546,
      "latency_p50_s": 0.16849120310507715,
      "latency_p99_s": 0.40134725510142744,
      "backend_counts": {
        "trident": 400,
        "vanilla": 100
      },
      "concurrency": 32
    }
  ],
  "gating_stats": {
    "total": 501,
    "by_backend": {
      "vanilla": 100,
      "trident": 401
    },
    "by_workload": {
      "sonnet": 48,
      "chat": 100,
      "code": 353
    },
    "classify_time_total_s": 0.6289233795832843,
    "forward_time_total_s": 102.81690841726959,
    "classify_ms_avg": 1.2553360869925834,
    "forward_ms_avg": 205.22337009435049
  }
}