{"total":501,"by_backend":{"vanilla":100,"trident":401},"by_workload":{"sonnet":48,"chat":100,"code":353},"classify_time_total_s":0.6289233795832843,"forward_time_total_s":102.81690841726959,"classify_ms_avg":1.2553360869925834,"forward_ms_avg":205.22337009435049}