{
  "output_tps": 9130.622906073988,
  "prompt_tps": 1990.7363295158016,
  "generate_wall_s": 440.1848637650255,
  "total_in_tokens": 876292,
  "total_out_tokens": 4019162,
  "num_prompts_done": 500,
  "init_wall_s": 87.85384045215324,
  "spec_decode": {
    "method": "ngram",
    "num_speculative_tokens": 7,
    "prompt_lookup_max": 5,
    "prompt_lookup_min": 2
  }
}