{"total":501,"by_backend":{"vanilla":100,"trident":401},"by_workload":{"sonnet":48,"chat":100,"code":353},"classify_time_total_s":0.5310455807484686,"forward_time_total_s":100.5177125565242,"classify_ms_avg":1.0599712190588197,"forward_ms_avg":200.63415679944953}