{
  "mix": "code-heavy",
  "mix_counts": {
    "sonnet": 50,
    "chat": 100,
    "code": 350
  },
  "num_prompts": 500,
  "max_tokens": 256,
  "concurrency": 32,
  "scenarios": [
    {
      "scenario": "vanilla-only",
      "n_prompts": 500,
      "wall_s": 48.460580551065505,
      "total_out_tokens": 122658,
      "tps": 2531.088125755091,
      "latency_p50_s": 3.1647022920660675,
      "latency_p99_s": 3.258227990940213,
      "backend_counts": {
        "direct": 500
      },
      "concurrency": 32
    },
    {
      "scenario": "trident-only",
      "n_prompts": 500,
      "wall_s": 20.479299647035077,
      "total_out_tokens": 122632,
      "tps": 5988.095399431993,
      "latency_p50_s": 0.8925614510662854,
      "latency_p99_s": 4.5605575770605356,
      "backend_counts": {
        "direct": 500
      },
      "concurrency": 32
    },
    {
      "scenario": "agsd-gated",
      "n_prompts": 500,
      "wall_s": 17.5374497550074,
      "total_out_tokens": 122910,
      "tps": 7008.430627999717,
      "latency_p50_s": 0.6311958748847246,
      "latency_p99_s": 3.059551290003583,
      "backend_counts": {
        "trident": 400,
        "vanilla": 100
      },
      "concurrency": 32
    }
  ],
  "gating_stats": {
    "total": 501,
    "by_backend": {
      "vanilla": 100,
      "trident": 401
    },
    "by_workload": {
      "sonnet": 48,
      "chat": 100,
      "code": 353
    },
    "classify_time_total_s": 0.34957376797683537,
    "forward_time_total_s": 517.7247471532319,
    "classify_ms_avg": 0.697752031889891,
    "forward_ms_avg": 1033.3827288487662
  }
}