{
  "model": "meta-llama/Llama-3.3-70B-Instruct",
  "tensor_parallel_size": 8,
  "max_model_len": 16384,
  "max_num_seqs": 256,
  "num_prompts": 500,
  "target_input_len": 8192,
  "max_tokens": 8192,
  "enable_neo_asymmetric": true,
  "init_s": 54.30753746815026,
  "generate_wall_s": 1761.5806937459856,
  "total_input_tokens": 2709037,
  "total_output_tokens": 3979863,
  "prompt_tps": 1537.8443971472332,
  "output_tps": 2259.2567085512596,
  "req_per_s": 0.2838359899010669,
  "log_metrics": {
    "preempt_count": null,
    "kv_cache_size_tokens": 1274800,
    "max_concurrency": 77.81
  }
}