{
  "mix": "code-heavy",
  "mix_counts": {
    "sonnet": 50,
    "chat": 100,
    "code": 350
  },
  "num_prompts": 500,
  "max_tokens": 32,
  "concurrency": 32,
  "scenarios": [
    {
      "scenario": "vanilla-only",
      "n_prompts": 500,
      "wall_s": 8.45523678488098,
      "total_out_tokens": 16000,
      "tps": 1892.3183829233496,
      "latency_p50_s": 0.5207546399906278,
      "latency_p99_s": 0.6276553000789136,
      "backend_counts": {
        "direct": 500
      },
      "concurrency": 32
    },
    {
      "scenario": "trident-only",
      "n_prompts": 500,
      "wall_s": 5.387776910094544,
      "total_out_tokens": 16000,
      "tps": 2969.684949282585,
      "latency_p50_s": 0.31635924498550594,
      "latency_p99_s": 0.5838057519868016,
      "backend_counts": {
        "direct": 500
      },
      "concurrency": 32
    },
    {
      "scenario": "agsd-gated",
      "n_prompts": 500,
      "wall_s": 3.5263810518663377,
      "total_out_tokens": 16000,
      "tps": 4537.229461215486,
      "latency_p50_s": 0.16603239509277046,
      "latency_p99_s": 0.4236016368959099,
      "backend_counts": {
        "trident": 400,
        "vanilla": 100
      },
      "concurrency": 32
    }
  ],
  "gating_stats": {
    "total": 501,
    "by_backend": {
      "vanilla": 100,
      "trident": 401
    },
    "by_workload": {
      "sonnet": 48,
      "chat": 100,
      "code": 353
    },
    "classify_time_total_s": 0.5507896868512034,
    "forward_time_total_s": 101.56044234056026,
    "classify_ms_avg": 1.0993806124774521,
    "forward_ms_avg": 202.71545377357336
  }
}