{"total":501,"by_backend":{"vanilla":100,"trident":401},"by_workload":{"sonnet":48,"chat":100,"code":353},"classify_time_total_s":0.5507896868512034,"forward_time_total_s":101.56044234056026,"classify_ms_avg":1.0993806124774521,"forward_ms_avg":202.71545377357336}