{
  "generated_at": "2026-04-07T14:10:55.586598+09:00",
  "gpu_only": {
    "request_throughput": 19.688713494743663,
    "output_throughput": 9803.601110437712,
    "total_token_throughput": 12311.903832241065,
    "duration": 25.395260088145733,
    "mean_ttft_ms": 7171.3703611101955,
    "median_ttft_ms": 1978.0813893303275,
    "p99_ttft_ms": 14808.434602059424,
    "mean_tpot_ms": 25.29166454994659,
    "median_tpot_ms": 24.613933803590193,
    "p99_tpot_ms": 96.08536230400203,
    "mean_itl_ms": 23.594032745442753,
    "median_itl_ms": 21.27291541546583,
    "p99_itl_ms": 112.41323370486498
  },
  "hybrid": {
    "request_throughput": 8.520526403007084,
    "output_throughput": 4244.909212925323,
    "total_token_throughput": 5330.407235615619,
    "duration": 58.68182038888335,
    "mean_ttft_ms": 7584.933122744784,
    "median_ttft_ms": 1864.2754661850631,
    "p99_ttft_ms": 15969.331356231123,
    "mean_tpot_ms": 29.06956070027928,
    "median_tpot_ms": 27.157164752891617,
    "p99_tpot_ms": 102.3230573908405,
    "mean_itl_ms": 27.32941421268462,
    "median_itl_ms": 24.715447798371315,
    "p99_itl_ms": 115.41775051504374
  },
  "comparison": {
    "request_throughput": {
      "diff_pct": -56.72,
      "direction": "higher_better"
    },
    "output_throughput": {
      "diff_pct": -56.7,
      "direction": "higher_better"
    },
    "total_token_throughput": {
      "diff_pct": -56.71,
      "direction": "higher_better"
    },
    "duration": {
      "diff_pct": 131.07,
      "direction": "lower_better"
    },
    "mean_ttft_ms": {
      "diff_pct": 5.77,
      "direction": "lower_better"
    },
    "median_ttft_ms": {
      "diff_pct": -5.75,
      "direction": "lower_better"
    },
    "p99_ttft_ms": {
      "diff_pct": 7.84,
      "direction": "lower_better"
    },
    "mean_tpot_ms": {
      "diff_pct": 14.94,
      "direction": "lower_better"
    },
    "median_tpot_ms": {
      "diff_pct": 10.33,
      "direction": "lower_better"
    },
    "p99_tpot_ms": {
      "diff_pct": 6.49,
      "direction": "lower_better"
    },
    "mean_itl_ms": {
      "diff_pct": 15.83,
      "direction": "lower_better"
    },
    "median_itl_ms": {
      "diff_pct": 16.18,
      "direction": "lower_better"
    },
    "p99_itl_ms": {
      "diff_pct": 2.67,
      "direction": "lower_better"
    },
    "request_throughput_speedup": 0.4328,
    "output_tok_speedup": 0.433,
    "ttft_gain_pct": -5.77
  },
  "gpu_utilization": {
    "gpu_only": {
      "gpu0_util_pct": {
        "mean": 79.52,
        "max": 98.0,
        "min": 0.0
      },
      "gpu0_mem_util_pct": {
        "mean": 42.23,
        "max": 81.0,
        "min": 0.0
      },
      "gpu0_power_w": {
        "mean": 348.51,
        "max": 388.96,
        "min": 147.16
      },
      "gpu_avg_util_pct": {
        "mean": 79.52,
        "max": 98.0,
        "min": 0.0
      },
      "gpu_avg_mem_util_pct": {
        "mean": 42.23,
        "max": 81.0,
        "min": 0.0
      },
      "gpu_avg_power_w": {
        "mean": 348.51,
        "max": 388.96,
        "min": 147.16
      },
      "sample_count": 31,
      "duration_s": 30.6
    },
    "hybrid": {
      "gpu0_util_pct": {
        "mean": 39.91,
        "max": 97.0,
        "min": 0.0
      },
      "gpu0_mem_util_pct": {
        "mean": 20.81,
        "max": 81.0,
        "min": 0.0
      },
      "gpu0_power_w": {
        "mean": 232.45,
        "max": 388.12,
        "min": 48.55
      },
      "gpu_avg_util_pct": {
        "mean": 39.91,
        "max": 97.0,
        "min": 0.0
      },
      "gpu_avg_mem_util_pct": {
        "mean": 20.81,
        "max": 81.0,
        "min": 0.0
      },
      "gpu_avg_power_w": {
        "mean": 232.45,
        "max": 388.12,
        "min": 48.55
      },
      "sample_count": 64,
      "duration_s": 64.5
    }
  },
  "cpu_utilization": {
    "gpu_only": {
      "core0_util_pct": {
        "mean": 21.42,
        "max": 100.0,
        "min": 4.0
      },
      "core1_util_pct": {
        "mean": 5.67,
        "max": 34.7,
        "min": 0.0
      },
      "core2_util_pct": {
        "mean": 40.7,
        "max": 100.0,
        "min": 0.0
      },
      "core3_util_pct": {
        "mean": 45.15,
        "max": 100.0,
        "min": 0.0
      },
      "core4_util_pct": {
        "mean": 8.92,
        "max": 15.5,
        "min": 0.0
      },
      "core5_util_pct": {
        "mean": 0.8,
        "max": 8.8,
        "min": 0.0
      },
      "core6_util_pct": {
        "mean": 5.65,
        "max": 13.9,
        "min": 1.0
      },
      "core7_util_pct": {
        "mean": 0.32,
        "max": 7.8,
        "min": 0.0
      },
      "core8_util_pct": {
        "mean": 2.49,
        "max": 8.9,
        "min": 0.0
      },
      "core9_util_pct": {
        "mean": 0.51,
        "max": 8.8,
        "min": 0.0
      },
      "core10_util_pct": {
        "mean": 1.55,
        "max": 9.7,
        "min": 0.0
      },
      "core11_util_pct": {
        "mean": 0.7,
        "max": 8.8,
        "min": 0.0
      },
      "core12_util_pct": {
        "mean": 2.11,
        "max": 13.9,
        "min": 0.0
      },
      "core13_util_pct": {
        "mean": 0.51,
        "max": 8.8,
        "min": 0.0
      },
      "core14_util_pct": {
        "mean": 1.02,
        "max": 8.8,
        "min": 0.0
      },
      "core15_util_pct": {
        "mean": 0.61,
        "max": 7.9,
        "min": 0.0
      },
      "core16_util_pct": {
        "mean": 1.3,
        "max": 9.7,
        "min": 0.0
      },
      "core17_util_pct": {
        "mean": 0.89,
        "max": 8.8,
        "min": 0.0
      },
      "core18_util_pct": {
        "mean": 0.73,
        "max": 9.8,
        "min": 0.0
      },
      "core19_util_pct": {
        "mean": 0.67,
        "max": 8.8,
        "min": 0.0
      },
      "core20_util_pct": {
        "mean": 0.69,
        "max": 9.7,
        "min": 0.0
      },
      "core21_util_pct": {
        "mean": 0.54,
        "max": 8.8,
        "min": 0.0
      },
      "core22_util_pct": {
        "mean": 0.63,
        "max": 9.7,
        "min": 0.0
      },
      "core23_util_pct": {
        "mean": 0.74,
        "max": 7.9,
        "min": 0.0
      },
      "cpu_avg_util_pct": {
        "mean": 6.01,
        "max": 13.01,
        "min": 2.59
      },
      "sample_count": 31,
      "duration_s": 30.6
    },
    "hybrid": {
      "core0_util_pct": {
        "mean": 20.29,
        "max": 100.0,
        "min": 0.0
      },
      "core1_util_pct": {
        "mean": 86.65,
        "max": 100.0,
        "min": 14.7
      },
      "core2_util_pct": {
        "mean": 17.58,
        "max": 100.0,
        "min": 0.0
      },
      "core3_util_pct": {
        "mean": 89.0,
        "max": 100.0,
        "min": 0.0
      },
      "core4_util_pct": {
        "mean": 56.17,
        "max": 100.0,
        "min": 0.0
      },
      "core5_util_pct": {
        "mean": 85.37,
        "max": 100.0,
        "min": 0.0
      },
      "core6_util_pct": {
        "mean": 75.65,
        "max": 100.0,
        "min": 0.0
      },
      "core7_util_pct": {
        "mean": 51.39,
        "max": 100.0,
        "min": 0.0
      },
      "core8_util_pct": {
        "mean": 59.61,
        "max": 100.0,
        "min": 0.0
      },
      "core9_util_pct": {
        "mean": 53.73,
        "max": 100.0,
        "min": 0.0
      },
      "core10_util_pct": {
        "mean": 59.85,
        "max": 100.0,
        "min": 1.0
      },
      "core11_util_pct": {
        "mean": 54.66,
        "max": 100.0,
        "min": 0.0
      },
      "core12_util_pct": {
        "mean": 66.95,
        "max": 100.0,
        "min": 0.0
      },
      "core13_util_pct": {
        "mean": 35.6,
        "max": 100.0,
        "min": 0.0
      },
      "core14_util_pct": {
        "mean": 46.04,
        "max": 100.0,
        "min": 0.0
      },
      "core15_util_pct": {
        "mean": 50.99,
        "max": 100.0,
        "min": 0.0
      },