{
  "output_tps": 10616.335011114505,
  "prompt_tps": 2314.663962179069,
  "generate_wall_s": 378.58281561313197,
  "total_in_tokens": 876292,
  "total_out_tokens": 4019162,
  "num_prompts_done": 500,
  "init_wall_s": 94.59405093314126,
  "spec_decode": {
    "method": "ngram",
    "num_speculative_tokens": 7,
    "prompt_lookup_max": 5,
    "prompt_lookup_min": 2
  }
}