{"total":501,"by_backend":{"vanilla":100,"trident":401},"by_workload":{"sonnet":48,"chat":100,"code":353},"classify_time_total_s":0.5360825713723898,"forward_time_total_s":101.61775514483452,"classify_ms_avg":1.0700250925596604,"forward_ms_avg":202.82985058849206}