{
  "model": "meta-llama/Llama-3.3-70B-Instruct",
  "tensor_parallel_size": 8,
  "max_model_len": 16384,
  "max_num_seqs": 256,
  "num_prompts": 500,
  "target_input_len": 8192,
  "max_tokens": 8192,
  "enable_neo_asymmetric": true,
  "init_s": 52.72819289099425,
  "generate_wall_s": 7492.556056722999,
  "total_input_tokens": 2709037,
  "total_output_tokens": 4096000,
  "prompt_tps": 361.5637947171856,
  "output_tps": 546.6759232751683,
  "req_per_s": 0.06673290079042582,
  "log_metrics": {
    "preempt_count": null,
    "kv_cache_size_tokens": 1274800,
    "max_concurrency": 77.81
  }
}