{
  "mix": "balanced",
  "mix_counts": {
    "sonnet": 170,
    "chat": 165,
    "code": 165
  },
  "num_prompts": 500,
  "max_tokens": 32,
  "concurrency": 32,
  "scenarios": [
    {
      "scenario": "vanilla-only",
      "n_prompts": 500,
      "wall_s": 10.090293872868642,
      "total_out_tokens": 16000,
      "tps": 1585.682260753744,
      "latency_p50_s": 0.6261240770108998,
      "latency_p99_s": 0.7187490509822965,
      "backend_counts": {
        "direct": 500
      },
      "concurrency": 32
    },
    {
      "scenario": "trident-only",
      "n_prompts": 500,
      "wall_s": 9.984137281076983,
      "total_out_tokens": 16000,
      "tps": 1602.5420674378076,
      "latency_p50_s": 0.5606497209519148,
      "latency_p99_s": 1.2848435970954597,
      "backend_counts": {
        "direct": 500
      },
      "concurrency": 32
    },
    {
      "scenario": "agsd-gated",
      "n_prompts": 500,
      "wall_s": 3.94639466679655,
      "total_out_tokens": 16000,
      "tps": 4054.333474200606,
      "latency_p50_s": 0.1828854859340936,
      "latency_p99_s": 0.46728196484036744,
      "backend_counts": {
        "trident": 335,
        "vanilla": 165
      },
      "concurrency": 32
    }
  ],
  "gating_stats": {
    "total": 501,
    "by_backend": {
      "vanilla": 165,
      "trident": 336
    },
    "by_workload": {
      "sonnet": 164,
      "chat": 165,
      "code": 172
    },
    "classify_time_total_s": 0.5632359981536865,
    "forward_time_total_s": 116.12871880806051,
    "classify_ms_avg": 1.1242235492089552,
    "forward_ms_avg": 231.79384991628845
  }
}