{"total":501,"by_backend":{"vanilla":165,"trident":336},"by_workload":{"sonnet":164,"chat":165,"code":172},"classify_time_total_s":0.5632359981536865,"forward_time_total_s":116.12871880806051,"classify_ms_avg":1.1242235492089552,"forward_ms_avg":231.79384991628845}