{
  "mix": "code-heavy",
  "mix_counts": {
    "sonnet": 20,
    "chat": 40,
    "code": 140
  },
  "num_prompts": 200,
  "max_tokens": 256,
  "concurrency": 32,
  "scenarios": [
    {
      "scenario": "vanilla-only",
      "n_prompts": 200,
      "wall_s": 18.027748762164265,
      "total_out_tokens": 48746,
      "tps": 2703.9427186996118,
      "latency_p50_s": 2.8530728810001165,
      "latency_p99_s": 2.9024540539830923,
      "backend_counts": {
        "direct": 200
      },
      "concurrency": 32
    },
    {
      "scenario": "trident-only",
      "n_prompts": 200,
      "wall_s": 5.815287093864754,
      "total_out_tokens": 49399,
      "tps": 8494.67948918927,
      "latency_p50_s": 0.785016241017729,
      "latency_p99_s": 1.743165854131803,
      "backend_counts": {
        "direct": 200
      },
      "concurrency": 32
    },
    {
      "scenario": "agsd-gated",
      "n_prompts": 200,
      "wall_s": 8.145648706937209,
      "total_out_tokens": 49290,
      "tps": 6051.083440171238,
      "latency_p50_s": 0.6474406190682203,
      "latency_p99_s": 2.8004832989536226,
      "backend_counts": {
        "trident": 160,
        "vanilla": 40
      },
      "concurrency": 32
    }
  ],
  "gating_stats": {
    "total": 201,
    "by_backend": {
      "vanilla": 40,
      "trident": 161
    },
    "by_workload": {
      "sonnet": 18,
      "chat": 40,
      "code": 143
    },
    "classify_time_total_s": 0.2444088610354811,
    "forward_time_total_s": 209.30171266105026,
    "classify_ms_avg": 1.2159644827635876,
    "forward_ms_avg": 1041.302053040051
  }
}