{
  "workload": "code",
  "num_prompts": 500,
  "num_speculative_tokens": 0,
  "output_tps": 6717.842468321424,
  "generate_wall_s": 585.674049153924,
  "init_wall_s": 88.63251243997365,
  "total_in_tokens": 1304836,
  "total_out_tokens": 3934466
}