{
  "mix": "sonnet-heavy",
  "mix_counts": {
    "sonnet": 300,
    "chat": 100,
    "code": 100
  },
  "num_prompts": 500,
  "max_tokens": 32,
  "concurrency": 32,
  "scenarios": [
    {
      "scenario": "agsd-gated",
      "n_prompts": 500,
      "wall_s": 3.817701370920986,
      "total_out_tokens": 16000,
      "tps": 4191.003550427032,
      "latency_p50_s": 0.16940308501943946,
      "latency_p99_s": 0.5327031789347529,
      "backend_counts": {
        "trident": 400,
        "vanilla": 100
      },
      "concurrency": 32
    }
  ],
  "gating_stats": {
    "total": 501,
    "by_backend": {
      "vanilla": 100,
      "trident": 401
    },
    "by_workload": {
      "sonnet": 292,
      "chat": 100,
      "code": 109
    },
    "classify_time_total_s": 0.7277426987420768,
    "forward_time_total_s": 111.153503079433,
    "classify_ms_avg": 1.4525802370101333,
    "forward_ms_avg": 221.86327959966664
  },
  "agsd_only": true
}