{"total":501,"by_backend":{"vanilla":100,"trident":401},"by_workload":{"sonnet":292,"chat":100,"code":109},"classify_time_total_s":0.7277426987420768,"forward_time_total_s":111.153503079433,"classify_ms_avg":1.4525802370101333,"forward_ms_avg":221.86327959966664}