{"total":501,"by_backend":{"vanilla":100,"trident":401},"by_workload":{"sonnet":292,"chat":100,"code":109},"classify_time_total_s":0.607628894271329,"forward_time_total_s":152.49443100392818,"classify_ms_avg":1.2128321242940698,"forward_ms_avg":304.38010180424783}