{"total":501,"by_backend":{"vanilla":165,"trident":336},"by_workload":{"sonnet":164,"chat":165,"code":172},"classify_time_total_s":0.5712131320033222,"forward_time_total_s":124.22840083227493,"classify_ms_avg":1.1401459720625193,"forward_ms_avg":247.96087990474038}