{
  "workload": "sonnet",
  "num_prompts": 50,
  "num_speculative_tokens": 32,
  "output_tps": 2535.470188517214,
  "generate_wall_s": 10.096746597904712,
  "init_wall_s": 151.23437675787136,
  "total_in_tokens": 21440,
  "total_out_tokens": 25600
}