{
  "mix": "sonnet-heavy",
  "mix_counts": {
    "sonnet": 120,
    "chat": 40,
    "code": 40
  },
  "num_prompts": 200,
  "max_tokens": 256,
  "concurrency": 32,
  "scenarios": [
    {
      "scenario": "vanilla-only",
      "n_prompts": 200,
      "wall_s": 21.26957599283196,
      "total_out_tokens": 50004,
      "tps": 2350.9636495269956,
      "latency_p50_s": 3.078431374859065,
      "latency_p99_s": 3.2242782989051193,
      "backend_counts": {
        "direct": 200
      },
      "concurrency": 32
    },
    {
      "scenario": "trident-only",
      "n_prompts": 200,
      "wall_s": 10.302788392873481,
      "total_out_tokens": 50242,
      "tps": 4876.5439106516815,
      "latency_p50_s": 0.9252274681348354,
      "latency_p99_s": 4.330390308052301,
      "backend_counts": {
        "direct": 200
      },
      "concurrency": 32
    },
    {
      "scenario": "agsd-gated",
      "n_prompts": 200,
      "wall_s": 9.61709860083647,
      "total_out_tokens": 50707,
      "tps": 5272.588137506424,
      "latency_p50_s": 0.6846525780856609,
      "latency_p99_s": 3.206139590824023,
      "backend_counts": {
        "vanilla": 40,
        "trident": 160
      },
      "concurrency": 32
    }
  ],
  "gating_stats": {
    "total": 201,
    "by_backend": {
      "vanilla": 40,
      "trident": 161
    },
    "by_workload": {
      "sonnet": 115,
      "chat": 40,
      "code": 46
    },
    "classify_time_total_s": 0.21993678761646152,
    "forward_time_total_s": 255.79925621044822,
    "classify_ms_avg": 1.0942128737137389,
    "forward_ms_avg": 1272.6331154748666
  }
}