{"total":501,"by_backend":{"vanilla":165,"trident":336},"by_workload":{"sonnet":164,"chat":165,"code":172},"classify_time_total_s":0.5507785759400576,"forward_time_total_s":118.09709296212532,"classify_ms_avg":1.0993584350100951,"forward_ms_avg":235.7227404433639}