{
  "workload": "chat",
  "model": "Qwen/Qwen2.5-0.5B-Instruct",
  "num_prompts": 50,
  "num_speculative_tokens": 32,
  "output_tps": 4460.726911596897,
  "generate_wall_s": 5.055005708010867,
  "init_wall_s": 16.015070446999744,
  "total_in_tokens": 11462,
  "total_out_tokens": 22549
}