{
  "output_tps": 10834.245614343838,
  "prompt_tps": 2362.174691610985,
  "generate_wall_s": 370.96832978189923,
  "total_in_tokens": 876292,
  "total_out_tokens": 4019162,
  "num_prompts_done": 500,
  "init_wall_s": 91.2745385968592,
  "spec_decode": {
    "method": "ngram",
    "num_speculative_tokens": 7,
    "prompt_lookup_max": 5,
    "prompt_lookup_min": 2
  }
}