{
  "mix": "balanced",
  "mix_counts": {
    "sonnet": 68,
    "chat": 66,
    "code": 66
  },
  "num_prompts": 200,
  "max_tokens": 256,
  "concurrency": 32,
  "scenarios": [
    {
      "scenario": "vanilla-only",
      "n_prompts": 200,
      "wall_s": 18.260044442955405,
      "total_out_tokens": 49671,
      "tps": 2720.2014844582,
      "latency_p50_s": 2.8098369610961527,
      "latency_p99_s": 2.8554536439478397,
      "backend_counts": {
        "direct": 200
      },
      "concurrency": 32
    },
    {
      "scenario": "trident-only",
      "n_prompts": 200,
      "wall_s": 7.968316966900602,
      "total_out_tokens": 50175,
      "tps": 6296.812765910381,
      "latency_p50_s": 0.7277799621224403,
      "latency_p99_s": 3.685934665147215,
      "backend_counts": {
        "direct": 200
      },
      "concurrency": 32
    },
    {
      "scenario": "agsd-gated",
      "n_prompts": 200,
      "wall_s": 9.781947454903275,
      "total_out_tokens": 49803,
      "tps": 5091.317473294735,
      "latency_p50_s": 0.6088895690627396,
      "latency_p99_s": 2.9119185090530664,
      "backend_counts": {
        "vanilla": 66,
        "trident": 134
      },
      "concurrency": 32
    }
  ],
  "gating_stats": {
    "total": 201,
    "by_backend": {
      "vanilla": 66,
      "trident": 135
    },
    "by_workload": {
      "sonnet": 65,
      "chat": 66,
      "code": 70
    },
    "classify_time_total_s": 0.23150294297374785,
    "forward_time_total_s": 264.1454326992389,
    "classify_ms_avg": 1.1517559351927753,
    "forward_ms_avg": 1314.156381588253
  }
}