{"total":501,"by_backend":{"vanilla":1,"trident":400,"cpu_jacobi":100},"by_workload":{"sonnet":292,"chat":100,"code":109},"classify_time_total_s":0.3764028961304575,"forward_time_total_s":86.31471357424743,"jacobi_draft_time_total_ms":181850.16812966205,"jacobi_calls":100,"classify_ms_avg":0.7513031858891368,"forward_ms_avg":172.28485743362762,"jacobi_ms_avg":1818.5016812966205,"use_jacobi":true,"jacobi_healthy":true}