{
  "workload": "sonnet",
  "num_prompts": 200,
  "num_speculative_tokens": 7,
  "output_tps": 9370.13186867412,
  "generate_wall_s": 86.68885469110683,
  "init_wall_s": 86.82575543504208,
  "total_in_tokens": 174221,
  "total_out_tokens": 812286
}