{
  "output_tps": 10974.01831220796,
  "prompt_tps": 2392.649128062352,
  "generate_wall_s": 366.24342019995674,
  "total_in_tokens": 876292,
  "total_out_tokens": 4019162,
  "num_prompts_done": 500,
  "init_wall_s": 91.90608776104636,
  "spec_decode": {
    "method": "ngram",
    "num_speculative_tokens": 7,
    "prompt_lookup_max": 5,
    "prompt_lookup_min": 2
  }
}