{
  "mix": "sonnet-heavy",
  "mix_counts": {
    "sonnet": 300,
    "chat": 100,
    "code": 100
  },
  "num_prompts": 500,
  "max_tokens": 256,
  "concurrency": 32,
  "scenarios": [
    {
      "scenario": "vanilla-only",
      "n_prompts": 500,
      "wall_s": 46.53192196809687,
      "total_out_tokens": 125431,
      "tps": 2695.5903537790205,
      "latency_p50_s": 2.9181943291332573,
      "latency_p99_s": 2.980876713991165,
      "backend_counts": {
        "direct": 500
      },
      "concurrency": 32
    },
    {
      "scenario": "trident-only",
      "n_prompts": 500,
      "wall_s": 22.36830667499453,
      "total_out_tokens": 126328,
      "tps": 5647.633584227533,
      "latency_p50_s": 0.9143934149760753,
      "latency_p99_s": 4.001961563946679,
      "backend_counts": {
        "direct": 500
      },
      "concurrency": 32
    },
    {
      "scenario": "agsd-gated",
      "n_prompts": 500,
      "wall_s": 20.50392879988067,
      "total_out_tokens": 126068,
      "tps": 6148.480187891294,
      "latency_p50_s": 0.6976602401118726,
      "latency_p99_s": 3.264336987864226,
      "backend_counts": {
        "trident": 400,
        "vanilla": 100
      },
      "concurrency": 32
    }
  ],
  "gating_stats": {
    "total": 501,
    "by_backend": {
      "vanilla": 100,
      "trident": 401
    },
    "by_workload": {
      "sonnet": 292,
      "chat": 100,
      "code": 109
    },
    "classify_time_total_s": 0.4006682976614684,
    "forward_time_total_s": 594.3280416782945,
    "classify_ms_avg": 0.7997371210807752,
    "forward_ms_avg": 1186.283516323941
  }
}