{
  "workload": "chat",
  "num_prompts": 500,
  "num_speculative_tokens": 32,
  "output_tps": 2369.740155442313,
  "generate_wall_s": 169.34641508199275,
  "init_wall_s": 51.52592840092257,
  "total_in_tokens": 883269,
  "total_out_tokens": 401307
}