{
  "mix": "sonnet-heavy",
  "mix_counts": {
    "sonnet": 300,
    "chat": 100,
    "code": 100
  },
  "num_prompts": 500,
  "max_tokens": 32,
  "concurrency": 32,
  "scenarios": [
    {
      "scenario": "vanilla-only",
      "n_prompts": 500,
      "wall_s": 7.967321241041645,
      "total_out_tokens": 16000,
      "tps": 2008.2031985330323,
      "latency_p50_s": 0.4962406631093472,
      "latency_p99_s": 0.5697711398825049,
      "backend_counts": {
        "direct": 500
      },
      "concurrency": 32
    },
    {
      "scenario": "trident-only",
      "n_prompts": 500,
      "wall_s": 4.8767558061517775,
      "total_out_tokens": 16000,
      "tps": 3280.869626446504,
      "latency_p50_s": 0.2489031502045691,
      "latency_p99_s": 0.831111951963976,
      "backend_counts": {
        "direct": 500
      },
      "concurrency": 32
    },
    {
      "scenario": "agsd-gated",
      "n_prompts": 500,
      "wall_s": 3.6919652649667114,
      "total_out_tokens": 16000,
      "tps": 4333.73524713924,
      "latency_p50_s": 0.17285380302928388,
      "latency_p99_s": 0.4661755748093128,
      "backend_counts": {
        "trident": 400,
        "vanilla": 100
      },
      "concurrency": 32
    }
  ],
  "gating_stats": {
    "total": 501,
    "by_backend": {
      "vanilla": 100,
      "trident": 401
    },
    "by_workload": {
      "sonnet": 292,
      "chat": 100,
      "code": 109
    },
    "classify_time_total_s": 0.5161521581467241,
    "forward_time_total_s": 107.93165290635079,
    "classify_ms_avg": 1.030243828636176,
    "forward_ms_avg": 215.4324409308399
  }
}