{"total":501,"by_backend":{"vanilla":100,"trident":401},"by_workload":{"sonnet":292,"chat":100,"code":109},"classify_time_total_s":0.5161521581467241,"forward_time_total_s":107.93165290635079,"classify_ms_avg":1.030243828636176,"forward_ms_avg":215.4324409308399}