{
  "mix": "code-heavy",
  "mix_counts": {
    "sonnet": 50,
    "chat": 100,
    "code": 350
  },
  "num_prompts": 500,
  "max_tokens": 256,
  "concurrency": 32,
  "scenarios": [
    {
      "scenario": "vanilla-only",
      "n_prompts": 500,
      "wall_s": 50.690520664909855,
      "total_out_tokens": 123842,
      "tps": 2443.0997822780055,
      "latency_p50_s": 3.2153273799922317,
      "latency_p99_s": 3.246051753871143,
      "backend_counts": {
        "direct": 500
      },
      "concurrency": 32
    },
    {
      "scenario": "trident-only",
      "n_prompts": 500,
      "wall_s": 19.10508057801053,
      "total_out_tokens": 123221,
      "tps": 6449.64565822477,
      "latency_p50_s": 1.0536461090669036,
      "latency_p99_s": 3.485572784906253,
      "backend_counts": {
        "direct": 500
      },
      "concurrency": 32
    },
    {
      "scenario": "agsd-gated",
      "n_prompts": 500,
      "wall_s": 19.339830223936588,
      "total_out_tokens": 123056,
      "tps": 6362.82731415582,
      "latency_p50_s": 0.690284516196698,
      "latency_p99_s": 3.2182794949039817,
      "backend_counts": {
        "trident": 400,
        "vanilla": 100
      },
      "concurrency": 32
    }
  ],
  "gating_stats": {
    "total": 501,
    "by_backend": {
      "vanilla": 100,
      "trident": 401
    },
    "by_workload": {
      "sonnet": 48,
      "chat": 100,
      "code": 353
    },
    "classify_time_total_s": 0.5021485602483153,
    "forward_time_total_s": 566.8914087549783,
    "classify_ms_avg": 1.0022925354257792,
    "forward_ms_avg": 1131.5197779540485
  }
}