{
  "output_tps": 10848.051025772285,
  "prompt_tps": 2365.1846652302265,
  "generate_wall_s": 370.49622927210294,
  "total_in_tokens": 876292,
  "total_out_tokens": 4019162,
  "num_prompts_done": 500,
  "init_wall_s": 89.63320527691394,
  "spec_decode": {
    "method": "ngram",
    "num_speculative_tokens": 7,
    "prompt_lookup_max": 5,
    "prompt_lookup_min": 2
  }
}