{
  "mix": "code-heavy",
  "mix_counts": {
    "sonnet": 50,
    "chat": 100,
    "code": 350
  },
  "num_prompts": 500,
  "max_tokens": 256,
  "concurrency": 32,
  "scenarios": [
    {
      "scenario": "vanilla-only",
      "n_prompts": 500,
      "wall_s": 48.333074285881594,
      "total_out_tokens": 122998,
      "tps": 2544.7998460120407,
      "latency_p50_s": 3.140958931064233,
      "latency_p99_s": 3.2890596869401634,
      "backend_counts": {
        "direct": 500
      },
      "concurrency": 32
    },
    {
      "scenario": "trident-only",
      "n_prompts": 500,
      "wall_s": 20.477587821893394,
      "total_out_tokens": 122768,
      "tps": 5995.237381853341,
      "latency_p50_s": 0.9041806189343333,
      "latency_p99_s": 4.323298017960042,
      "backend_counts": {
        "direct": 500
      },
      "concurrency": 32
    },
    {
      "scenario": "agsd-gated",
      "n_prompts": 500,
      "wall_s": 17.77222367702052,
      "total_out_tokens": 122796,
      "tps": 6909.43363259462,
      "latency_p50_s": 0.6375786610879004,
      "latency_p99_s": 2.847743939841166,
      "backend_counts": {
        "trident": 400,
        "vanilla": 100
      },
      "concurrency": 32
    }
  ],
  "gating_stats": {
    "total": 501,
    "by_backend": {
      "vanilla": 100,
      "trident": 401
    },
    "by_workload": {
      "sonnet": 48,
      "chat": 100,
      "code": 353
    },
    "classify_time_total_s": 0.4241631515324116,
    "forward_time_total_s": 521.330474216491,
    "classify_ms_avg": 0.8466330369908415,
    "forward_ms_avg": 1040.5797888552715
  }
}