{
  "output_tps": 10931.676498193538,
  "prompt_tps": 2383.4174044129127,
  "generate_wall_s": 367.66199591290206,
  "total_in_tokens": 876292,
  "total_out_tokens": 4019162,
  "num_prompts_done": 500,
  "init_wall_s": 87.20920919300988,
  "spec_decode": {
    "method": "ngram",
    "num_speculative_tokens": 7,
    "prompt_lookup_max": 5,
    "prompt_lookup_min": 2
  }
}