{
  "mix": "sonnet-heavy",
  "mix_counts": {
    "sonnet": 300,
    "chat": 100,
    "code": 100
  },
  "num_prompts": 500,
  "max_tokens": 32,
  "concurrency": 32,
  "scenarios": [
    {
      "scenario": "vanilla-only",
      "n_prompts": 500,
      "wall_s": 8.068142432020977,
      "total_out_tokens": 16000,
      "tps": 1983.1082724195517,
      "latency_p50_s": 0.5081868418492377,
      "latency_p99_s": 0.5750240448396653,
      "backend_counts": {
        "direct": 500
      },
      "concurrency": 32
    },
    {
      "scenario": "trident-only",
      "n_prompts": 500,
      "wall_s": 4.656036943895742,
      "total_out_tokens": 16000,
      "tps": 3436.3988500943196,
      "latency_p50_s": 0.2334515720140189,
      "latency_p99_s": 0.7820269640069455,
      "backend_counts": {
        "direct": 500
      },
      "concurrency": 32
    },
    {
      "scenario": "agsd-gated",
      "n_prompts": 500,
      "wall_s": 3.6493717590346932,
      "total_out_tokens": 16000,
      "tps": 4384.316275914902,
      "latency_p50_s": 0.16819761809892952,
      "latency_p99_s": 0.4479482339229435,
      "backend_counts": {
        "trident": 400,
        "vanilla": 100
      },
      "concurrency": 32
    }
  ],
  "gating_stats": {
    "total": 501,
    "by_backend": {
      "vanilla": 100,
      "trident": 401
    },
    "by_workload": {
      "sonnet": 292,
      "chat": 100,
      "code": 109
    },
    "classify_time_total_s": 0.5467631171923131,
    "forward_time_total_s": 105.57264476269484,
    "classify_ms_avg": 1.091343547290046,
    "forward_ms_avg": 210.72384184170625
  }
}