{"total":501,"by_backend":{"vanilla":100,"trident":401},"by_workload":{"sonnet":292,"chat":100,"code":109},"classify_time_total_s":0.5467631171923131,"forward_time_total_s":105.57264476269484,"classify_ms_avg":1.091343547290046,"forward_ms_avg":210.72384184170625}