{
  "model": "meta-llama/Llama-3.3-70B-Instruct",
  "tensor_parallel_size": 8,
  "max_model_len": 16384,
  "max_num_seqs": 256,
  "num_prompts": 500,
  "target_input_len": 8192,
  "max_tokens": 8192,
  "enable_neo_asymmetric": true,
  "init_s": 54.78999896114692,
  "generate_wall_s": 2031.7692676577717,
  "total_input_tokens": 2709037,
  "total_output_tokens": 3918525,
  "prompt_tps": 1333.33889980676,
  "output_tps": 1928.6269668392438,
  "req_per_s": 0.24609093559939568,
  "log_metrics": {
    "preempt_count": null,
    "kv_cache_size_tokens": 1274800,
    "max_concurrency": 77.81
  }
}