{"total":501,"by_backend":{"vanilla":100,"trident":401},"by_workload":{"sonnet":292,"chat":100,"code":109},"classify_time_total_s":0.4905655875336379,"forward_time_total_s":104.21056955913082,"classify_ms_avg":0.9791728294084587,"forward_ms_avg":208.00512886054057}