{
  "model": "meta-llama/Llama-3.3-70B-Instruct",
  "tensor_parallel_size": 8,
  "max_model_len": 16384,
  "max_num_seqs": 256,
  "num_prompts": 500,
  "target_input_len": 8192,
  "max_tokens": 8192,
  "enable_neo_asymmetric": true,
  "init_s": 54.95395200140774,
  "generate_wall_s": 1714.9743160218932,
  "total_input_tokens": 2709037,
  "total_output_tokens": 3903994,
  "prompt_tps": 1579.6370678506516,
  "output_tps": 2276.4154328887116,
  "req_per_s": 0.29154955577399855,
  "log_metrics": {
    "preempt_count": null,
    "kv_cache_size_tokens": 1274800,
    "max_concurrency": 77.81
  }
}