{"total":501,"by_backend":{"vanilla":100,"trident":401},"by_workload":{"sonnet":292,"chat":100,"code":109},"classify_time_total_s":0.6403456078842282,"forward_time_total_s":107.72465555137023,"classify_ms_avg":1.278134945876703,"forward_ms_avg":215.01927255762521}