{
  "mix": "balanced",
  "mix_counts": {
    "sonnet": 170,
    "chat": 165,
    "code": 165
  },
  "num_prompts": 500,
  "max_tokens": 256,
  "concurrency": 32,
  "scenarios": [
    {
      "scenario": "vanilla-only",
      "n_prompts": 500,
      "wall_s": 45.500170732149854,
      "total_out_tokens": 124913,
      "tps": 2745.330357886724,
      "latency_p50_s": 2.85406132414937,
      "latency_p99_s": 2.909167388919741,
      "backend_counts": {
        "direct": 500
      },
      "concurrency": 32
    },
    {
      "scenario": "trident-only",
      "n_prompts": 500,
      "wall_s": 13.585923543898389,
      "total_out_tokens": 124672,
      "tps": 9176.556867640535,
      "latency_p50_s": 0.7640464419964701,
      "latency_p99_s": 2.16113832895644,
      "backend_counts": {
        "direct": 500
      },
      "concurrency": 32
    },
    {
      "scenario": "agsd-gated",
      "n_prompts": 500,
      "wall_s": 21.926552652847022,
      "total_out_tokens": 124589,
      "tps": 5682.1061647291335,
      "latency_p50_s": 0.6004594038240612,
      "latency_p99_s": 2.9535238968674093,
      "backend_counts": {
        "trident": 335,
        "vanilla": 165
      },
      "concurrency": 32
    }
  ],
  "gating_stats": {
    "total": 501,
    "by_backend": {
      "vanilla": 165,
      "trident": 336
    },
    "by_workload": {
      "sonnet": 164,
      "chat": 165,
      "code": 172
    },
    "classify_time_total_s": 0.3881659086328,
    "forward_time_total_s": 647.613729279954,
    "classify_ms_avg": 0.7747822527600798,
    "forward_ms_avg": 1292.642174211485
  }
}