{
  "mix": "balanced",
  "mix_counts": {
    "sonnet": 170,
    "chat": 165,
    "code": 165
  },
  "num_prompts": 500,
  "max_tokens": 256,
  "concurrency": 32,
  "scenarios": [
    {
      "scenario": "vanilla-only",
      "n_prompts": 500,
      "wall_s": 45.33573101600632,
      "total_out_tokens": 124253,
      "tps": 2740.7300426264437,
      "latency_p50_s": 2.8644774588756263,
      "latency_p99_s": 2.9734171389136463,
      "backend_counts": {
        "direct": 500
      },
      "concurrency": 32
    },
    {
      "scenario": "trident-only",
      "n_prompts": 500,
      "wall_s": 15.363226105924696,
      "total_out_tokens": 124714,
      "tps": 8117.696058115367,
      "latency_p50_s": 0.7686821119859815,
      "latency_p99_s": 3.209980480140075,
      "backend_counts": {
        "direct": 500
      },
      "concurrency": 32
    },
    {
      "scenario": "agsd-gated",
      "n_prompts": 500,
      "wall_s": 23.11033614189364,
      "total_out_tokens": 124340,
      "tps": 5380.2765670119625,
      "latency_p50_s": 0.7119503589347005,
      "latency_p99_s": 2.996161952847615,
      "backend_counts": {
        "trident": 335,
        "vanilla": 165
      },
      "concurrency": 32
    }
  ],
  "gating_stats": {
    "total": 501,
    "by_backend": {
      "vanilla": 165,
      "trident": 336
    },
    "by_workload": {
      "sonnet": 164,
      "chat": 165,
      "code": 172
    },
    "classify_time_total_s": 0.3928503724746406,
    "forward_time_total_s": 686.5810361856129,
    "classify_ms_avg": 0.7841324799893027,
    "forward_ms_avg": 1370.4212299114029
  }
}