Bzy_MHz	CPU%c1	PkgWatt	UncMHz
3968	1.82	409.89	2400
3881	0.00	214.27	2400
3883	0.00
3887	0.00
3926	0.00
3897	0.00
3987	0.00
3912	0.00
3986	0.00
3923	0.00
3978	0.00
3909	0.00
3999	0.00
3936	0.00
3975	0.00
3945	0.00
3984	0.00
3907	4.78
3976	4.78
3943	10.20
3905	10.20
3883	48.77
3830	48.77
3961	0.42
3905	0.42
3979	0.47
3594	0.47
3932	6.52
3356	6.52
3969	0.73
3979	0.73
3959	0.87
3544	0.87
3912	0.18
3977	0.18
3972	1.76
3985	1.76
3960	0.26
3978	0.26
3939	2.62
3977	2.62
3972	3.18
3978	3.18
3972	6.47
3944	6.47
3970	5.10
3973	5.10
3936	13.86
3987	13.86
3968	5.25
3983	5.25
3984	3.15
3998	3.15
3970	2.67
3967	2.67
3939	3.65
3869	3.65
3993	6.18
3987	6.18
3961	0.02
3514	0.02
3964	0.21
3980	0.21
3994	4.46
3990	4.46
3956	0.85
3975	0.85
3987	0.54
3952	0.54
3990	2.44
3984	2.44
3949	0.31
3944	0.31
3734	6.65
3976	6.65
3954	0.92
3968	0.92
3969	2.19
3955	2.19
3966	4.12
3961	4.12
3982	1.13
3978	1.13
3996	0.16
3938	0.16
3974	0.46
3968	0.46
3835	2.95
3942	2.95
3961	0.74
3991	0.74
3947	0.25
3963	0.25
3954	0.38
3801	0.38
3971	0.03
3789	0.03
3977	0.50
3888	0.50
3957	0.35
3871	0.35
3939	0.04
3897	0.04
3957	0.54
3968	0.54
3967	0.68
3921	0.68
3827	6.33
3848	6.33
3975	2.46
3815	2.46
3942	0.99
3906	0.99
3885	0.00	195.15	2400
3998	0.00
3878	0.00
3998	0.00
3928	0.00
3977	0.00
3938	0.00
3984	0.00
3934	0.00
3984	0.00
3928	0.00
3985	0.00
3928	0.00
3987	0.00
3902	0.00
3998	0.00
3956	0.85
3984	0.85
3971	0.22
3977	0.22
3998	0.22
3861	0.22
3969	0.14
3383	0.14
3962	0.60
3924	0.60
3961	4.55
3881	4.55
3968	0.58
3996	0.58
3961	0.43
3992	0.43
3970	0.86
3998	0.86
3962	0.17
4000	0.17
3813	14.15
3999	14.15
3964	0.17
3984	0.17
3681	0.67
3958	0.67
3977	0.71
3797	0.71
3908	0.34
3863	0.34
3969	0.29
3736	0.29
3464	0.02
3915	0.02
3971	0.11
3967	0.11
3868	0.00
3862	0.00
3944	0.01
3976	0.01
3966	0.11
3910	0.11
3966	0.12
3977	0.12
3963	1.04
3960	1.04
3968	0.54
3975	0.54
3893	0.75
3380	0.75
3967	0.77
3979	0.77
3954	0.20
3973	0.20
3851	0.69
3980	0.69
3943	0.00
3793	0.00
3984	0.13
3971	0.13
3677	0.01
3999	0.01
3473	0.00
3465	0.00
3964	0.75
3955	0.75
3962	0.33
3899	0.33
3495	0.00
3813	0.00
3954	0.02
3913	0.02
3427	0.03
3999	0.03
3975	0.09
3963	0.09
3972	0.25
3664	0.25
3971	0.11
3956	0.11
3961	0.64
4000	0.64
3967	0.39
3982	0.39
3783	3.14
4000	3.14
3989	0.11
3999	0.11
3986	0.07
3998	0.07
3928	0.07
3998	0.07
3941	0.00
3858	0.00
3977	0.49
3969	0.49
Bzy_MHz	CPU%c1	PkgWatt	UncMHz
3926	1.35	492.60	2400
3870	0.00	243.17	2400
3871	0.00
3871	0.00
3918	0.00
3868	0.00
3969	0.00
3915	0.00
3970	0.00
3919	0.00
3959	0.00
3855	0.00
3982	0.00
3921	0.00
3954	0.00
3932	0.00
3974	0.00
3999	0.50
3349	0.50
3995	2.40
3357	2.40
3420	1.05
3844	1.05
3365	0.28
3873	0.28
3999	0.00
3336	0.00
3921	0.40
3343	0.40
3916	5.46
3917	5.46
3912	2.06
3885	2.06
3753	1.63
3962	1.63
3907	1.45
3718	1.45
3813	1.09
3689	1.09
3406	2.62
3968	2.62
3928	0.45
3391	0.45
3991	4.66
3386	4.66
3951	2.04
3346	2.04
3365	0.86
3998	0.86
3951	2.48
3903	2.48
3453	3.17
3983	3.17
3999	0.49
3979	0.49
3900	5.29
3849	5.29
3465	2.32
3436	2.32
3938	2.30
3642	2.30
3948	2.31
3939	2.31
3951	0.32
3349	0.32
3922	0.50
3914	0.50
3962	0.50
3883	0.50
3989	0.45
3848	0.45
3874	1.81
3864	1.81
3888	0.43
3962	0.43
3976	0.09
3945	0.09
3354	0.15
3657	0.15
3921	1.91
3818	1.91
3992	0.50
3967	0.50
3866	0.02
3350	0.02
3957	1.39
3941	1.39
3339	0.15
3968	0.15
3782	1.09
3927	1.09
3401	1.72
3893	1.72
3920	4.64
3830	4.64
3348	0.03
3855	0.03
3391	0.09
3946	0.09
3946	0.57
3344	0.57
3818	0.03
3339	0.03
3353	1.01
3901	1.01
3350	0.01
3920	0.01
3378	0.03
3451	0.03
3929	1.28
3343	1.28
3697	0.01
3342	0.01
3896	0.00	249.58	2400
3974	0.00
3834	0.00
3975	0.00
3920	0.00
3952	0.00
3987	0.00
3979	0.00
3921	0.00
3958	0.00
3914	0.00
3968	0.00
3898	0.00
3959	0.00
3883	0.00
3976	0.00
3998	24.85
3994	24.85
4000	0.18
3977	0.18
3979	0.31
4000	0.31
3577	2.79
3949	2.79
3992	3.09
3981	3.09
3916	6.05
3927	6.05
3919	2.16
3941	2.16
3994	0.95
3989	0.95
3934	7.52
3957	7.52
3347	8.37
3960	8.37
3999	0.69
3999	0.69
3340	2.25
3983	2.25
4000	0.00
3188	0.00
3266	0.53
3951	0.53
3261	1.17
3929	1.17
3265	0.11
3869	0.11
4000	0.12
3201	0.12
3264	0.06
3733	0.06
3196	1.27
3975	1.27
3194	0.88
3988	0.88
3207	1.01
3949	1.01
3347	1.95
3980	1.95
3218	1.46
3973	1.46
3935	3.61
3930	3.61
3959	1.08
3194	1.08
3307	1.14
3957	1.14
3999	1.34
3950	1.34
3252	0.99
3723	0.99
3975	0.04
3196	0.04
3950	0.01
3188	0.01
3782	0.01
3188	0.01
3957	0.00
3184	0.00
3287	0.89
3935	0.89
3384	0.51
3722	0.51
3972	0.25
3187	0.25
3980	0.33
3193	0.33
3963	0.15
3846	0.15
3288	0.09
4002	0.09
3278	0.11
3706	0.11
3281	0.39
3984	0.39
3197	0.72
3873	0.72
3862	1.32
3781	1.32
3730	3.46
3957	3.46
3265	0.02
3935	0.02
3270	0.01
3748	0.01
3923	0.22
3189	0.22
3976	1.52
3229	1.52
3953	0.92
3957	0.92
turbostat: cpu60 jitter 3796 1114
Bzy_MHz	CPU%c1	PkgWatt	UncMHz
3979	1.41	500.16	2400
3881	0.00	246.69	2400
3881	0.00
3892	0.00
3926	0.00
3881	0.00
3985	0.00
3921	0.00
3990	0.00
3932	0.00
3975	0.00
3939	0.00
3999	0.00
3944	0.00
3986	0.00
3993	0.00
3999	0.00
3999	0.06
3939	0.06
3942	1.20
3512	1.20
3979	0.28
3861	0.28
3964	0.48
3893	0.48
3998	0.02
3944	0.02
3896	0.20
3773	0.20
3945	1.07
3944	1.07
3998	0.35
3909	0.35
3926	0.08
3914	0.08
3995	0.98
3966	0.98
3949	0.39
3769	0.39
3997	2.04
3970	2.04
3933	1.75
3935	1.75
3995	2.07
3974	2.07
3997	0.67
3968	0.67
3899	1.27
3998	1.27
3955	2.60
3756	2.60
3979	0.88
3997	0.88
3997	0.34
3961	0.34
3921	1.90
3836	1.90
3911	0.33
3970	0.33
3935	0.59
3648	0.59
3970	0.24
3982	0.24
3903	0.03
3866	0.03
3923	1.27
3954	1.27
3980	0.73
3920	0.73
3824	0.22
3914	0.22
3999	0.41
3985	0.41
3987	0.39
3951	0.39
3922	0.64
3904	0.64
3938	0.06
3900	0.06
3964	3.40
3937	3.40
3966	2.77
3962	2.77
3614	0.47
3938	0.47
3934	3.11
3967	3.11
3943	2.19
3956	2.19
3987	1.39
3973	1.39
3954	0.16
3943	0.16
3848	6.64
3827	6.64
3897	0.06
3849	0.06
3979	0.48
3928	0.48
3964	0.09
3887	0.09
3729	0.04
3739	0.04
3908	0.92
3962	0.92
3964	0.02
3944	0.02
3921	0.05
3732	0.05
3924	0.70
3849	0.70
3968	0.63
3877	0.63
3878	0.00	252.62	2400
3996	0.00
3925	0.00
3996	0.00
3935	0.00
3978	0.00
3995	0.00
3999	0.00
3928	0.00
3980	0.00
3911	0.00
3988	0.00
3911	0.00
3985	0.00
3915	0.00
3993	0.00
3937	28.55
3986	28.55
3999	0.00
3997	0.00
3999	0.00
4000	0.00
3992	4.98
3938	4.98
3961	2.68
3949	2.68
3990	4.71
3995	4.71
3979	14.21
3941	14.21
3921	1.24
3973	1.24
3879	8.65
3586	8.65
3902	4.78
3959	4.78
3999	0.03
3945	0.03
3918	3.22
3984	3.22
3999	0.02
3940	0.02
3966	0.91
3959	0.91
3944	0.79
3951	0.79
3946	0.10
3881	0.10
3999	0.00
3955	0.00
3908	1.57
3692	1.57
3948	0.87
3991	0.87
3956	0.74
3966	0.74
3958	2.66
3938	2.66
3954	2.41
3919	2.41
3714	2.80
3969	2.80
3973	2.21
3978	2.21
3964	2.48
3941	2.48
3965	2.44
3963	2.44
3998	1.71
3942	1.71
3999	0.34
3735	0.34
3971	2.29
3941	2.29
3943	0.61
3389	0.61
3903	1.16
3853	1.16
3718	0.30
3979	0.30
3968	0.97
3985	0.97
3983	0.19
3951	0.19
3970	0.47
3908	0.47
3970	0.12
3838	0.12
3969	0.11
3910	0.11
3945	0.15
3647	0.15
3961	0.18
3782	0.18
3974	0.52
3953	0.52
3838	0.81
3816	0.81
3904	0.58
3886	0.58
3731	4.31
3997	4.31
3972	0.07
3868	0.07
3959	0.01
3787	0.01
3890	0.00
3882	0.00
3959	2.21
3865	2.21
3978	0.62
3987	0.62
Bzy_MHz	CPU%c1	PkgWatt	UncMHz
3980	1.91	500.80	2400
3884	0.00	248.56	2400
3887	0.00
3889	0.00
3930	0.00
3898	0.00
3987	0.00
3903	0.00
3991	0.00
3934	0.00
3976	0.00
3872	0.00
3998	0.00
3940	0.00
3987	0.00
3997	0.00
3999	0.00
3999	0.91
3943	0.91
3943	0.23
3689	0.23
3924	8.24
3897	8.24
3875	0.55
3948	0.55
3998	0.00
3936	0.00
3880	0.04
3577	0.04
3959	0.86
3962	0.86
3981	2.03
3918	2.03
3966	1.04
3801	1.04
3999	0.01
3959	0.01
3994	4.40
3917	4.40
3984	1.99
3973	1.99
3913	2.35
3965	2.35
3998	2.21
3938	2.21
3856	10.47
3940	10.47
3957	9.80
3977	9.80
3946	6.89
3950	6.89
3988	0.65
3998	0.65
3907	4.47
3993	4.47
3914	4.22
3955	4.22
3911	0.92
3953	0.92
3961	0.22
3926	0.22
3960	0.88
3959	0.88
3987	4.46
3446	4.46
3961	0.61
3695	0.61
3951	3.88
3992	3.88
3991	2.79
3917	2.79
3999	1.59
3954	1.59
3924	6.50
3975	6.50
3953	0.27
3981	0.27
3938	4.12
3926	4.12
3963	1.04
3944	1.04
3948	2.05
3972	2.05
3792	1.81
3979	1.81
3999	0.88
3906	0.88
3949	2.99
3991	2.99
3958	2.81
3958	2.81
3939	2.36
3855	2.36
3968	4.98
3833	4.98
3966	0.04
3565	0.04
3992	0.55
3916	0.55
3963	1.08
3880	1.08
3961	3.03
3951	3.03
3945	6.70
3974	6.70
3983	2.62
3941	2.62
3886	0.03
3707	0.03
3969	3.49
3978	3.49
3807	1.05
3905	1.05
3887	0.00	252.11	2400
3998	0.00
3907	0.00
3993	0.00
3946	0.00
3981	0.00
3997	0.00
4000	0.00
3939	0.00
3987	0.00
3917	0.00
3990	0.00
3930	0.00
3987	0.00
3916	0.00
3990	0.00
3942	36.88
3990	36.88
4000	0.00
3998	0.00
4000	0.00
3999	0.00
3987	1.25
3936	1.25
3969	3.89
3947	3.89
3997	3.98
3917	3.98
3958	2.81
3931	2.81
3978	0.31
3992	0.31
3891	7.30
3970	7.30
3879	13.12
3942	13.12
4000	0.00
4000	0.00
3955	1.82
3974	1.82
4000	0.00
3998	0.00
3949	1.87
3972	1.87
3982	0.65
3948	0.65
3977	0.03
3966	0.03
4000	0.00
4000	0.00
3995	0.00
3937	0.00
3979	0.38
3996	0.38
3990	0.48
3973	0.48
3967	0.00
3980	0.00
3973	0.29
3976	0.29
3925	0.45
3965	0.45
3980	0.84
3966	0.84
3953	0.49
3988	0.49
3967	1.91
3957	1.91
3999	0.86
3991	0.86
3999	1.07
3877	1.07
3982	0.78
3964	0.78
3990	0.09
3942	0.09
3937	1.42
3747	1.42
3827	0.00
3992	0.00
3966	1.18
3905	1.18
3986	0.55
3992	0.55
3955	0.17
3870	0.17
3991	0.07
3965	0.07
3984	0.24
3984	0.24
3990	0.05
3970	0.05
3987	0.23
3956	0.23
3976	0.84
3947	0.84
3970	0.00
3995	0.00
3962	0.59
3986	0.59
3806	2.22
3937	2.22
3989	0.01
3933	0.01
3907	0.00
3979	0.00
3951	0.00
3997	0.00
3950	0.00
3944	0.00
3987	0.11
3994	0.11
turbostat: cpu60 jitter 814 4920
Bzy_MHz	CPU%c1	PkgWatt	UncMHz
3979	1.62	500.34	2400
3880	0.00	247.71	2400
3880	0.00
3885	0.00
3928	0.00
3897	0.00
3988	0.00
3930	0.00
3986	0.00
3936	0.00
3973	0.00
3944	0.00
3998	0.00
3940	0.00
3975	0.00
3998	0.00
3999	0.00
3921	0.23
3968	0.23
3955	4.12
3894	4.12
3938	4.43
3900	4.43
3938	0.31
3840	0.31
3999	0.00
3900	0.00
3957	0.06
3483	0.06
3990	0.83
3953	0.83
3941	4.52
3774	4.52
3921	0.41
3934	0.41
3999	0.00
3927	0.00
3975	2.48
3968	2.48
3914	4.14
3961	4.14
3912	2.80
3913	2.80
3967	1.44
3999	1.44
3994	2.43
3984	2.43
3922	9.07
3940	9.07
3963	3.81
3939	3.81
3974	0.94
3998	0.94
3991	3.45
3964	3.45
3930	1.92
3862	1.92
3972	2.65
3967	2.65
3957	2.23
3931	2.23
3959	0.02
3914	0.02
3937	2.23
3991	2.23
3923	0.88
3936	0.88
3997	2.77
3945	2.77
3948	1.05
3960	1.05
3746	0.06
3964	0.06
3999	1.56
3958	1.56
3915	1.07
3982	1.07
3916	2.55
3966	2.55
3956	1.17
3909	1.17
3688	1.94
3980	1.94
3836	1.41
3956	1.41
3999	2.47
3934	2.47
3960	2.90
3952	2.90
3959	1.22
3969	1.22
3958	8.19
3853	8.19
3910	1.34
3840	1.34
3921	0.55
3783	0.55
3982	0.42
3929	0.42
3916	0.97
3993	0.97
3917	1.49
3843	1.49
3924	2.78
3931	2.78
3979	1.77
3970	1.77
3894	0.27
3882	0.27
3993	1.85
3816	1.85
3854	2.30
3965	2.30
3911	0.00	252.68	2400
3998	0.00
3913	0.00
3992	0.00
3946	0.00
3983	0.00
4000	0.00
4000	0.00
3932	0.00
3982	0.00
3933	0.00
3993	0.00
3923	0.00
3989	0.00
3909	0.00
3987	0.00
3921	36.28
3990	36.28
4000	0.00
4000	0.00
4000	0.00
3971	0.00
3967	3.91
3907	3.91
3952	1.77
3944	1.77
3996	2.96
3920	2.96
3958	4.49
3912	4.49
3961	2.04
3993	2.04
3917	3.97
3901	3.97
3833	12.86
3962	12.86
4000	0.00
3931	0.00
3960	1.94
3975	1.94
4000	0.00
3805	0.00
3968	1.40
3877	1.40
3907	0.42
3947	0.42
3955	0.01
3962	0.01
4000	0.00
4000	0.00
3953	0.13
3863	0.13
3971	0.54
3990	0.54
3990	0.40
3968	0.40
3958	0.01
3926	0.01
3505	0.00
3900	0.00
3883	0.39
3985	0.39
3971	0.19
3968	0.19
3964	1.13
4000	1.13
3966	1.30
3943	1.30
3999	0.34
3999	0.34
3975	1.75
3949	1.75
3988	0.04
3999	0.04
3993	0.01
3959	0.01
3988	1.55
3841	1.55
3931	0.17
3849	0.17
3978	0.50
3846	0.50
3986	0.05
3993	0.05
3969	0.08
3514	0.08
3979	0.03
3888	0.03
3971	0.10
3996	0.10
3961	0.13
3842	0.13
3967	0.35
3666	0.35
3976	0.36
3909	0.36
3903	0.57
3935	0.57
3982	0.62
3874	0.62
3978	0.65
3898	0.65
3989	0.09
3950	0.09
3817	0.02
3976	0.02
3938	0.02
3978	0.02
3752	0.00
3919	0.00
3980	0.10
3897	0.10
Bzy_MHz	CPU%c1	PkgWatt	UncMHz
3980	1.31	501.12	2400
3876	0.00	248.09	2400
3877	0.00
3887	0.00
3923	0.00
3896	0.00
3988	0.00
3938	0.00
3984	0.00
3945	0.00
3983	0.00
3901	0.00
3998	0.00
3945	0.00
3972	0.00
3995	0.00
3999	0.00
3929	0.60
3932	0.60
3939	4.41
3259	4.41
3929	4.64
3785	4.64
3933	1.09
3637	1.09
3999	0.00
3556	0.00
3973	0.12
3402	0.12
3955	1.88
3978	1.88
3951	4.98
3768	4.98
3994	0.57
3747	0.57
3999	0.00
3546	0.00
3965	3.74
3951	3.74
3993	2.36
3971	2.36
3899	1.82
3924	1.82
3964	0.99
3961	0.99
3999	2.28
3996	2.28
3889	2.45
3953	2.45
3960	1.36
3930	1.36
3978	2.84
3935	2.84
3995	0.50
3936	0.50
3933	0.72
3760	0.72
3970	0.84
3939	0.84
3997	1.44
3849	1.44
3956	0.84
3918	0.84
3949	0.03
3456	0.03
3994	0.73
3994	0.73
3947	0.84
3806	0.84
3926	0.81
3954	0.81
3972	0.02
3857	0.02
3999	0.20
3922	0.20
3960	1.05
3974	1.05
3955	0.04
3975	0.04
3993	0.61
3841	0.61
3853	0.80
3975	0.80
3329	0.42
3929	0.42
3687	1.74
3937	1.74
3939	1.73
3958	1.73
3951	3.16
3956	3.16
3962	6.84
3961	6.84
3903	3.14
3962	3.14
3914	6.07
3862	6.07
3988	0.08
3918	0.08
3865	0.60
3768	0.60
3958	0.42
3403	0.42
3899	0.21
3146	0.21
3966	0.90
3966	0.90
3621	0.03
3773	0.03
3833	0.12
3789	0.12
3880	2.04
3904	2.04
3926	0.00	252.98	2400
3998	0.00
3889	0.00
3997	0.00
3953	0.00
3992	0.00
3995	0.00
4000	0.00
3942	0.00
3977	0.00
3915	0.00
3993	0.00
3942	0.00
3993	0.00
3918	0.00
3992	0.00
3951	1.23
3998	1.23
4000	0.00
4000	0.00
4000	0.00
4000	0.00
3989	1.35
3911	1.35
3954	1.28
3977	1.28
3996	6.14
3901	6.14
3949	3.02
3849	3.02
3982	31.37
3982	31.37
3891	6.89
3847	6.89
3853	10.59
3959	10.59
4000	0.00
4002	0.00
3961	1.23
3996	1.23
4000	0.00
4000	0.00
3968	1.23
3988	1.23
3962	0.65
3968	0.65
3993	0.00
3992	0.00
4000	0.00
4000	0.00
3975	0.00
3860	0.00
3975	0.22
3998	0.22
3989	0.03
3963	0.03
3979	0.00
3652	0.00
3969	0.01
3815	0.01
3971	0.01
3996	0.01
3981	0.13
3999	0.13
3975	0.34
3777	0.34
3970	0.73
3990	0.73
4000	0.89
3993	0.89
3999	1.20
3697	1.20
3987	0.15
3998	0.15
3975	0.00
3962	0.00
3977	1.40
3801	1.40
3964	0.01
3961	0.01
3968	0.93
3953	0.93
3983	0.51
3996	0.51
3969	0.01
3952	0.01
3986	0.08
3974	0.08
3987	0.01
3850	0.01
3982	0.23
3737	0.23
3984	0.19
3885	0.19
3984	0.23
3973	0.23
3875	0.72
3686	0.72
3989	0.52
3809	0.52
3993	0.00
3960	0.00
3987	0.01
3920	0.01
3904	0.00
3922	0.00
3953	0.05
3904	0.05
3954	0.00
3910	0.00
3970	0.08
3994	0.08
Bzy_MHz	CPU%c1	PkgWatt	UncMHz
3976	1.38	502.72	2400
3879	0.00	248.74	2400
3880	0.00
3888	0.00
3928	0.00
3879	0.00
3984	0.00
3935	0.00
3986	0.00
3937	0.00
3978	0.00
3586	0.00
3996	0.00
3937	0.00
3970	0.00
3847	0.00
3997	0.00
3943	1.48
3968	1.48
3948	1.83
3431	1.83
3739	1.61
3818	1.61
3651	0.73
3966	0.73
3997	0.00
3727	0.00
3767	0.50
3400	0.50
3976	1.24
3982	1.24
3688	2.33
3974	2.33
3931	2.69
3612	2.69
3997	0.00
3632	0.00
3644	0.09
3582	0.09
3999	3.99
3969	3.99
3956	4.11
3681	4.11
3631	0.93
3575	0.93
3928	0.92
3894	0.92
3999	0.68
3727	0.68
3927	1.99
3972	1.99
3993	1.26
3675	1.26
3997	0.00
3981	0.00
3741	3.09
3612	3.09
3972	0.60
3600	0.60
3879	1.05
3949	1.05
3584	0.65
3659	0.65
3951	0.27
3523	0.27
3958	0.34
3505	0.34
3635	0.52
3966	0.52
3546	0.25
3942	0.25
3561	0.01
3897	0.01
3959	1.05
3999	1.05
3963	0.75
3969	0.75
3956	1.51
3981	1.51
3666	0.45
3970	0.45
3952	0.43
3708	0.43
3438	0.22
3964	0.22
3991	0.73
3973	0.73
3977	1.05
3960	1.05
3947	3.14
3990	3.14
3979	5.67
3948	5.67
3930	2.14
3987	2.14
3959	6.47
3710	6.47
3994	2.09
3791	2.09
3916	0.75
3790	0.75
3969	0.64
3970	0.64
3799	2.74
3401	2.74
3954	2.99
3963	2.98
3995	0.92
3455	0.92
3563	0.65
3501	0.65
3606	0.19
3646	0.19
3849	0.00	254.14	2400
3995	0.00
3902	0.00
3994	0.00
3944	0.00
3983	0.00
3996	0.00
3999	0.00
3942	0.00
3978	0.00
3918	0.00
3993	0.00
3934	0.00
3992	0.00
3861	0.00
3994	0.00
3932	4.13
3983	4.13
3999	0.00
3998	0.00
3999	0.00
3991	0.00
3992	2.92
3924	2.92
3909	1.39
3995	1.39
3886	2.41
3939	2.41
3980	6.54
3976	6.54
3982	27.09
3988	27.09
3900	7.89
3856	7.89
3846	13.12
3988	13.12
3999	0.04
3823	0.04
3947	4.53
3997	4.53
3999	0.02
4000	0.02
3965	1.04
3733	1.04
3941	1.69
3973	1.69
3969	0.66
3913	0.66
3999	0.00
4000	0.00
3974	0.63
3966	0.63
3870	0.09
3935	0.09
3837	0.07
3826	0.07
3980	0.02
3806	0.02
3986	0.15
3934	0.15
3988	0.46
3970	0.46
3975	0.11
3997	0.11
3954	0.83
3978	0.83
3968	1.34
3987	1.34
3959	2.62
3872	2.62
3999	0.36
3999	0.36
3957	1.48
3999	1.48
3843	0.01
3941	0.01
3984	1.06
3854	1.06
3979	0.00
3995	0.00
3965	0.82
3925	0.82
3987	0.13
3999	0.13
3963	0.19
3970	0.19
3970	0.04
3797	0.04
3972	0.01
3891	0.01
3944	0.19
3984	0.19
3972	0.40
3975	0.40
3975	0.12
3890	0.12
3812	0.57
3853	0.57
3984	0.35
3831	0.35
3986	0.03
3997	0.03
3981	0.09
3987	0.09
3980	0.01
3809	0.01
3979	0.11
3982	0.11
3925	0.00
3818	0.00
3887	0.53
3814	0.53
turbostat: cpu56 jitter 618 5806
Bzy_MHz	CPU%c1	PkgWatt	UncMHz
3980	1.38	502.94	2400
3880	0.00	248.22	2400
3881	0.00
3890	0.00
3929	0.00
3896	0.00
3989	0.00
3929	0.00
3993	0.00
3937	0.00
3973	0.00
3999	0.00
3999	0.00
3940	0.00
3962	0.00
3997	0.00
3999	0.00
3930	0.60
3916	0.60
3923	0.85
3812	0.85
3841	0.42
3888	0.42
3938	0.88
3634	0.88
3999	0.00
3921	0.00
3958	0.78
3590	0.78
3964	1.41
3930	1.41
3949	0.84
3870	0.84
3810	3.00
3815	3.00
3999	0.00
3964	0.00
3951	0.06
3399	0.06
3996	0.65
3900	0.65
3958	2.69
3889	2.69
3999	1.19
3912	1.19
3930	0.39
3434	0.39
3992	0.83
3930	0.83
3807	1.01
3952	1.01
3985	0.66
3800	0.66
3999	0.00
3979	0.00
3938	1.21
3822	1.21
3999	1.50
3435	1.50
3957	0.65
3579	0.65
3953	0.76
3923	0.76
3951	0.26
3762	0.26
3994	0.74
3824	0.74
3994	0.45
3877	0.45
3858	1.70
3967	1.70
3959	0.42
3959	0.42
3908	0.15
3708	0.15
3977	0.21
3968	0.21
3865	2.34
3965	2.34
3943	1.19
3807	1.19
3900	0.76
3943	0.76
3629	0.56
3665	0.56
3917	0.38
3889	0.38
3977	0.32
3938	0.32
3957	1.66
3983	1.66
3962	1.96
3920	1.96
3937	0.04
3921	0.04
3967	6.28
3849	6.28
3773	0.02
3902	0.02
3998	0.41
3889	0.41
3903	0.49
3683	0.49
3956	0.51
3439	0.51
3949	1.06
3955	1.06
3891	0.22
3944	0.22
3941	0.62
3847	0.62
3725	0.02
3623	0.02
3893	0.00	254.85	2400
3998	0.00
3902	0.00
3997	0.00
3950	0.00
3993	0.00
3998	0.00
4000	0.00
3942	0.00
3982	0.00
3922	0.00
3991	0.00
3922	0.00
3994	0.00
3915	0.00
3993	0.00
3920	6.50
3972	6.50
4000	0.00
4000	0.00
4000	0.00
4000	0.00
3995	3.93
3952	3.93
3960	5.03
3962	5.03
3974	3.45
3950	3.45
3989	3.84
3977	3.84
3984	34.39
3972	34.39
3935	4.60
3931	4.60
3892	7.59
3974	7.59
4000	0.00
4000	0.00
3852	8.55
3985	8.55
4000	0.00
4000	0.00
3915	6.20
3974	6.20
3953	1.13
3955	1.13
3981	0.89
3822	0.89
4000	0.00
4000	0.00
3945	1.11
3933	1.11
3981	0.55
3991	0.55
3985	0.03
3907	0.03
3987	1.81
3958	1.81
3980	0.01
3851	0.01
3926	0.50
3988	0.50
3982	1.88
3976	1.88
3968	0.67
3871	0.67
3966	3.00
3899	3.00
3974	1.21
3999	1.21
3999	0.37
3816	0.37
3984	0.36
3997	0.36
3946	0.01
3969	0.01
3984	0.99
3819	0.99
3968	0.01
3943	0.01
3973	0.81
3933	0.81
3982	0.33
4001	0.33
3973	0.14
3990	0.14
3982	0.04
3949	0.04
3984	0.05
3881	0.05
3988	0.05
3730	0.05
3982	0.19
3885	0.19
3979	0.21
3952	0.21
3928	0.35
3901	0.35
3981	0.79
3998	0.79
3974	2.21
3996	2.21
3977	2.56
3944	2.56
3981	0.80
3863	0.80
3973	2.75
3975	2.75
3971	1.29
3796	1.29
3984	0.25
3952	0.25
Bzy_MHz	CPU%c1	PkgWatt	UncMHz
3981	1.99	504.66	2400
3881	0.00	252.25	2400
3882	0.00
3890	0.00
3928	0.00
3895	0.00
3988	0.00
3937	0.00
3985	0.00
3938	0.00
3980	0.00
3958	0.00
3999	0.00
3948	0.00
3982	0.00
3998	0.00
3999	0.00
3998	0.27
3940	0.27
3934	0.68
3633	0.68
3927	1.08
3945	1.08
3959	5.32
3993	5.32
3999	1.93
3911	1.93
3953	0.93
3937	0.93
3960	0.73
3909	0.73
3952	2.17
3816	2.17
3940	4.87
3896	4.87
3999	0.00
3969	0.00
3966	0.04
3841	0.04
3928	3.32
3935	3.32
3966	3.24
3901	3.24
3998	1.66
3879	1.66
3931	1.77
3900	1.77
3999	0.39
3999	0.39
3950	4.71
3943	4.71
3998	1.93
3848	1.93
3999	0.00
3985	0.00
3976	4.39
3852	4.39
3961	0.07
3906	0.07
3999	0.68
3827	0.68
3957	0.02
3885	0.02
3998	0.09
3856	0.09
3922	1.08
3861	1.08
3995	0.48
3763	0.48
3994	3.22
3965	3.22
3983	2.41
3960	2.41
3814	2.81
3963	2.81
3970	1.04
3953	1.04
3917	3.07
3984	3.07
3998	4.16
3920	4.16
3791	2.45
3983	2.45
3964	0.24
3937	0.24
3921	0.47
3951	0.47
3905	3.53
3983	3.53
3996	1.94
3989	1.94
3952	0.94
3958	0.94
3925	0.39
3932	0.39
3957	8.10
3844	8.10
3951	1.77
3922	1.77
3893	2.60
3958	2.60
3945	2.58
3852	2.58
3931	6.30
3891	6.30
3969	1.86
3976	1.86
3927	0.03
3922	0.03
3954	2.14
3806	2.14
3972	1.93
3685	1.93
3897	0.00	252.13	2400
3998	0.00
3888	0.00
3998	0.00
3946	0.00
3992	0.00
3997	0.00
3999	0.00
3953	0.00
3986	0.00
3946	0.00
3991	0.00
3918	0.00
3994	0.00
3891	0.00
3992	0.00
3859	7.69
3967	7.69
3999	0.00
3999	0.00
3999	0.00
4000	0.00
3967	2.63
3932	2.63
3937	3.18
3931	3.18
3952	11.10
3951	11.10
3993	5.08
3942	5.08
3983	36.21
3954	36.21
3966	0.69
3811	0.69
3955	4.58
3960	4.58
3999	0.13
3940	0.13
3860	7.12
3975	7.12
3999	0.02
3955	0.02
3829	12.71
3972	12.71
3942	1.99
3978	1.99
3953	1.13
3955	1.13
3999	0.00
4000	0.00
3976	0.99
3835	0.99
3979	1.00
3994	1.00
3984	0.13
3993	0.13
3982	2.38
3968	2.38
3965	0.57
3891	0.57
3987	0.73
3977	0.73
3967	4.37
3967	4.37
3984	1.50
3971	1.50
3957	2.51
3886	2.51
3973	0.36
3941	0.36
3999	0.38
3832	0.38
3961	1.02
3748	1.02
3979	0.23
3934	0.23
3991	1.52
3866	1.52
3978	0.13
3927	0.13
3981	0.60
3947	0.60
3978	0.16
3941	0.16
3957	1.88
3950	1.88
3959	0.44
3838	0.44
3961	0.59
3809	0.59
3937	0.08
3848	0.08
3961	0.59
3661	0.59
3962	0.20
3927	0.20
3848	0.72
3906	0.72
3962	0.62
3814	0.62
3979	1.19
3969	1.19
3977	0.35
3887	0.35
3966	3.08
3950	3.08
3940	1.68
3995	1.68
3972	1.84
3868	1.84
3969	0.68
3905	0.68
Bzy_MHz	CPU%c1	PkgWatt	UncMHz
3982	2.46	506.42	2400
3879	0.00	256.40	2400
3880	0.00
3888	0.00
3928	0.00
3895	0.00
3989	0.00
3946	0.00
3990	0.00
3917	0.00
3984	0.00
3935	0.00
3999	0.00
3926	0.00
3994	0.00
4000	0.00
3999	0.00
3913	0.78
3911	0.78
3948	22.25
3884	22.25
3930	5.06
3880	5.06
3973	1.09
3955	1.09
3902	0.25
3409	0.25
3961	0.49
3296	0.49
3948	1.37
3977	1.37
3958	3.07
3993	3.07
3936	2.72
3896	2.72
3999	0.00
3880	0.00
3974	0.47
3799	0.47
3942	1.43
3966	1.43
3952	1.96
3963	1.96
3999	0.55
3643	0.55
3999	2.62
3873	2.62
3999	1.68
3998	1.68
3989	3.21
3909	3.21
3985	6.99
3841	6.99
3999	0.01
3981	0.01
3931	1.71
3871	1.71
3973	0.13
3363	0.13
3999	0.01
3697	0.01
3971	1.36
3905	1.36
3998	0.02
3610	0.02
3939	1.02
3926	1.02
3983	1.25
3707	1.25
3999	0.37
3971	0.37
3955	0.51
3916	0.51
3927	0.43
3946	0.43
3891	0.16
3975	0.16
3980	0.94
3978	0.94
3990	3.05
3932	3.05
3998	1.81
3968	1.81
3979	2.36
3972	2.36
3988	3.03
3970	3.03
3961	6.24
3995	6.24
3985	3.94
3989	3.94
3982	3.64
3971	3.64
3943	0.68
3977	0.68
3959	6.06
3854	6.06
3985	1.72
3993	1.72
3988	2.08
3991	2.08
3969	3.27
3326	3.27
3939	0.10
3429	0.10
3995	2.17
3989	2.17
3955	6.78
3976	6.78
3987	7.75
3969	7.75
3981	0.76
3716	0.76
3907	0.00	250.18	2400
3998	0.00
3940	0.00
3998	0.00
3943	0.00
3984	0.00
3998	0.00
3999	0.00
3922	0.00
3999	0.00
3930	0.00
3989	0.00
3926	0.00
3996	0.00
3902	0.00
3999	0.00
3907	5.19
3954	5.19
3999	0.00
3999	0.00
4000	0.00
4000	0.00
3968	2.50
3956	2.50
3944	1.58
3975	1.58
3992	5.94
3898	5.94
3980	15.96
3973	15.96
3991	24.60
3981	24.60
3962	3.29
3991	3.29
3968	2.08
3979	2.08
3976	0.00
3736	0.00
3900	8.61
3979	8.61
3999	0.00
4000	0.00
3905	10.73
3969	10.73
3931	3.25
3980	3.25
3966	1.61
3976	1.61
3999	0.00
4000	0.00
3985	0.94
4001	0.94
3971	1.63
3998	1.63
3991	0.21
3929	0.21
3995	0.49
3980	0.49
3981	1.17
3981	1.17
3943	1.12
3980	1.12
3971	1.33
3982	1.33
3982	0.57
3987	0.57
3965	2.55
3873	2.55
3968	1.80
3912	1.80
3999	0.34
4001	0.34
3984	1.19
3993	1.19
3984	0.06
3959	0.06
3940	1.09
3738	1.09
3980	0.00
3963	0.00
3977	1.01
3954	1.01
3988	0.81
3997	0.81
3971	3.11
3862	3.11
3990	1.87
3931	1.87
3982	0.82
3953	0.82
3955	4.68
4000	4.68
3980	5.13
3970	5.13
3987	1.67
3934	1.67
3972	6.11
3823	6.11
3988	3.39
3836	3.39
3966	3.99
3998	3.99
3987	5.47
3984	5.47
3986	10.96
3962	10.96
3984	2.53
3785	2.53
3969	3.13
3845	3.13
3943	1.19
3877	1.19
Bzy_MHz	CPU%c1	PkgWatt	UncMHz
3981	2.45	507.56	2400
3879	0.00	258.12	2400
3879	0.00
3887	0.00
3928	0.00
3892	0.00
3986	0.00
3934	0.00
3982	0.00
3923	0.00
3984	0.00
3912	0.00
3999	0.00
3934	0.00
3992	0.00
3996	0.00
3999	0.00
3998	2.72
3989	2.72
3906	16.76
3884	16.76
3908	13.64
3887	13.64
3957	2.29
3908	2.29
3969	3.21
3846	3.21
3990	3.16
3784	3.16
3954	2.65
3898	2.65
3953	2.73
3997	2.73
3867	4.83
3838	4.83
3999	0.00
3993	0.00
3969	1.66
3577	1.66
3923	2.58
3979	2.58
3971	2.54
3564	2.54
3962	0.86
3960	0.86
3935	0.89
3912	0.89
3891	0.65
3983	0.65
3998	4.24
3971	4.24
3994	7.56
3993	7.56
3999	0.00
3986	0.00
3932	4.15
3712	4.15
3979	3.73
3924	3.73
3999	5.85
3976	5.85
3989	5.66
3977	5.66
3998	1.47
3294	1.47
3999	0.01
3755	0.01
3974	1.89
3935	1.89
3942	0.73
3976	0.73
3933	3.11
3991	3.11
3971	0.08
3643	0.08
3965	0.26
3988	0.26
3860	0.54
3985	0.54
3954	1.02
3915	1.02
3431	2.16
3912	2.16
3964	4.28
3925	4.28
3876	1.62
3917	1.62
3989	1.52
3969	1.52
3961	1.34
3976	1.34
3991	5.09
3934	5.09
3866	2.14
3977	2.14
3873	5.35
3875	5.35
3986	1.66
3905	1.66
3983	0.71
3996	0.71
3906	8.55
3571	8.55
3941	1.45
3967	1.45
3993	4.00
3990	4.00
3966	14.72
3912	14.72
3942	6.67
3987	6.67
3980	4.00
3945	4.00
3911	0.00	249.46	2400
3998	0.00
3906	0.00
3996	0.00
3944	0.00
3985	0.00
4000	0.00
4000	0.00
3918	0.00
3998	0.00
3937	0.00
3988	0.00
3892	0.00
3995	0.00
3915	0.00
3993	0.00
3899	5.90
3990	5.90
4000	0.00
3999	0.00
4000	0.00
4000	0.00
3967	1.29
3930	1.29
3955	1.14
3956	1.14
3996	4.50
3952	4.50
3983	25.13
3947	25.13
3983	10.56
3921	10.56
3964	1.46
3902	1.46
3968	0.97
3975	0.97
3967	0.58
3941	0.58
3856	11.07
3931	11.07
4000	0.02
3994	0.02
3880	5.96
3916	5.96
3934	3.63
3977	3.63
3965	1.50
3980	1.50
3999	0.00
4000	0.00
3965	2.01
3936	2.01
3999	0.62
3998	0.62
3970	0.09
3911	0.09
3972	0.49
3948	0.49
3972	0.02
3942	0.02
3965	0.02
3923	0.02
3982	0.63
3967	0.63
3983	0.47
3842	0.47
3971	0.13
3996	0.13
3973	1.71
3936	1.71
3999	0.36
3941	0.36
3976	0.64
3698	0.64
3971	0.14
3961	0.14
3974	1.34
3840	1.34
3975	0.00
3958	0.00
3975	0.60
3958	0.60
3991	0.20
3983	0.20
3973	0.00
3858	0.00
3983	0.03
3991	0.03
3971	0.35
3961	0.35
3965	0.12
3773	0.12
3977	1.02
3984	1.02
3986	1.98
3960	1.98
3967	4.10
3940	4.10
3984	2.55
3958	2.55
3970	0.02
3962	0.02
3964	5.45
3964	5.45
3995	2.25
3872	2.25
3934	4.19
3907	4.19
3974	1.25
3945	1.25
3971	1.11
3926	1.11
Bzy_MHz	CPU%c1	PkgWatt	UncMHz
3982	2.50	507.02	2400
3880	0.00	256.97	2400
3882	0.00
3886	0.00
3924	0.00
3893	0.00
3988	0.00
3942	0.00
3992	0.00
3942	0.00
3986	0.00
3995	0.00
3999	0.00
3933	0.00
3994	0.00
3998	0.00
3999	0.00
3999	2.07
3963	2.07
3910	16.58
3896	16.58
3963	17.32
3887	17.32
3996	3.63
3956	3.63
3981	2.01
3704	2.01
3994	3.83
3999	3.83
3957	3.28
3934	3.28
3999	2.31
3983	2.31
3919	4.85
3729	4.85
3999	0.00
3818	0.00
3947	1.90
3852	1.90
3932	1.23
3980	1.23
3958	1.79
3765	1.79
3962	0.58
3960	0.58
3993	1.07
3693	1.07
3978	1.71
3987	1.71
3916	10.50
3908	10.50
3994	4.73
3991	4.73
3999	0.00
3990	0.00
3930	11.62
3893	11.62
3998	6.08
3899	6.08
3999	3.62
3977	3.62
3991	9.36
3992	9.36
3989	3.59
3985	3.59
3999	0.28
3913	0.28
3975	0.20
3808	0.20
3966	0.76
3975	0.76
3892	1.38
3990	1.38
3889	0.62
3964	0.62
3971	0.86
3986	0.86
3998	0.52
3970	0.52
3954	0.55
3913	0.55
3914	0.95
3940	0.95
3946	2.29
3982	2.29
3963	1.85
3963	1.85
3974	0.81
3971	0.81
3943	2.00
3974	2.00
3953	1.17
3975	1.17
3919	3.05
3966	3.05
3942	5.54
3851	5.54
3830	0.68
3968	0.68
3911	0.27
3990	0.27
3952	0.35
3773	0.35
3997	2.26
3999	2.26
3981	0.43
3982	0.43
3903	6.97
3961	6.97
3953	17.63
3932	17.63
3990	7.09
3986	7.09
3903	0.00	250.59	2400
3998	0.00
3934	0.00
3997	0.00
3952	0.00
3986	0.00
3998	0.00
3999	0.00
3955	0.00
3999	0.00
3932	0.00
3989	0.00
3939	0.00
3997	0.00
3902	0.00
3988	0.00
3989	4.07
3978	4.07
4000	0.00
3999	0.00
4000	0.00
4000	0.00
3997	15.33
3974	15.33
3979	21.57
3930	21.57
3972	2.55
3955	2.55
3924	1.41
3886	1.41
3937	2.52
3916	2.52
3972	0.36
3769	0.36
3972	0.70
3991	0.70
3977	0.03
3969	0.03
3837	8.33
3979	8.33
4000	0.00
4000	0.00
3833	10.02
3963	10.02
3915	2.46
3958	2.46
3948	2.67
3978	2.67
3999	0.00
4000	0.00
3947	2.04
3690	2.04
3976	0.55
4000	0.55
3985	0.18
3945	0.18
4000	0.44
3897	0.44
3969	0.01
3867	0.01
3988	0.58
3972	0.58
3985	0.90
3961	0.90
3980	1.40
3771	1.40
3968	0.46
3984	0.46
3957	3.64
3870	3.64
3999	0.30
3733	0.30
3972	1.00
3932	1.00
3986	0.16
3937	0.16
3994	1.32
3806	1.32
3994	1.76
3970	1.76
3989	3.86
3950	3.86
3990	0.07
3999	0.07
3968	0.01
3606	0.01
3990	0.08
3992	0.08
3960	0.93
3774	0.93
3985	0.04
3517	0.04
3978	0.01
3809	0.01
3979	0.57
3865	0.57
3979	3.19
3926	3.19
3985	1.57
3943	1.57
3968	0.78
3919	0.78
3985	2.34
3969	2.34
3971	2.27
3969	2.27
3960	1.77
3979	1.77
3941	1.59
3911	1.59
3976	1.98
3989	1.98
turbostat: cpu61 jitter 842 4794
Bzy_MHz	CPU%c1	PkgWatt	UncMHz
3983	2.61	509.18	2400
3880	0.00	261.09	2400
3881	0.00
3886	0.00
3926	0.00
3893	0.00
3989	0.00
3915	0.00
3995	0.00
3941	0.00
3987	0.00
3929	0.00
3999	0.00
3941	0.00
3996	0.00
3999	0.00
3999	0.00
4000	0.26
3994	0.26
3998	24.58
3903	24.58
3999	24.95
3918	24.95
3968	1.04
3914	1.04
3979	0.90
3814	0.90
3960	0.43
3127	0.43
3997	1.27
3974	1.27
3956	2.12
3883	2.12
3919	2.80
3912	2.80
4000	0.00
3983	0.00
3995	1.28
3609	1.28
3957	0.50
3981	0.50
3951	1.68
3567	1.68
3999	0.00
3971	0.00
3887	2.80
3346	2.80
3929	0.95
3988	0.95
3989	6.81
3913	6.81
3987	2.04
3204	2.04
4000	0.00
3978	0.00
3936	10.55
3905	10.55
3994	6.83
3989	6.83
3942	12.11
3994	12.11
3935	2.87
3877	2.87
3999	4.53
3982	4.53
3936	7.49
3995	7.49
3979	0.45
3935	0.45
3961	0.58
3988	0.58
3988	1.41
3983	1.41
3907	0.53
3969	0.53
3982	0.06
3965	0.06
3984	0.09
3988	0.09
3968	0.05
3970	0.05
3975	0.08
3945	0.08
3933	3.81
3939	3.81
3989	1.75
3997	1.75
3957	1.49
3986	1.49
3966	1.24
3982	1.24
3968	2.94
3913	2.94
3944	0.66
3955	0.66
3996	5.53
3838	5.53
3953	1.48
3998	1.48
3930	0.64
3997	0.64
3963	0.78
3334	0.78
3937	0.03
3128	0.03
3975	1.05
3970	1.05
3974	0.29
3961	0.29
3952	7.83
3917	7.83
3877	10.36
3857	10.36
3900	0.00	247.55	2400
3998	0.00
3926	0.00
3997	0.00
3949	0.00
3986	0.00
3997	0.00
4000	0.00
3939	0.00
3999	0.00
3928	0.00
3989	0.00
3909	0.00
3996	0.00
3893	0.00
3999	0.00
3998	2.23
3959	2.23
4000	0.28
3999	0.28
4000	0.00
3983	0.00
3991	29.03
3965	29.03
3951	12.61
3974	12.61
3966	4.27
3938	4.27
3944	2.70
3988	2.70
3953	7.51
3978	7.51
3957	7.76
3948	7.76
3956	5.54
3975	5.54
3968	2.30
3889	2.30
3885	8.88
3964	8.88
4000	0.02
4000	0.02
3845	8.38
3735	8.38
3942	1.59
3984	1.59
3961	0.81
3924	0.81
4000	0.00
3991	0.00
3975	1.82
3959	1.82
3989	1.00
4000	1.00
3984	0.23
3958	0.23
3976	0.11
3989	0.11
3982	0.10
3966	0.10
3689	0.20
3961	0.20
3980	1.02
3868	1.02
3983	0.88
3889	0.88
3966	1.44
3979	1.44
3999	0.67
3970	0.67
3999	0.18
3967	0.18
3976	1.85
3942	1.85
3999	0.18
3960	0.18
3982	1.57
3864	1.57
3993	5.50
3975	5.50
3993	5.21
3965	5.21
3984	0.26
3984	0.26
3974	0.03
3958	0.03
3976	0.87
3971	0.87
3984	0.99
3955	0.99
3985	0.05
3959	0.05
3976	0.04
3824	0.04
3982	0.46
3939	0.46
3972	1.22
3887	1.22
3989	0.87
3966	0.87
3973	0.47
3987	0.47
3987	0.69
3991	0.69
3975	2.70
3969	2.70
3972	2.00
3968	2.00
3981	1.43
3973	1.43
3971	2.78
3970	2.78
Bzy_MHz	CPU%c1	PkgWatt	UncMHz
3982	2.51	507.28	2400
3881	0.00	257.15	2400
3882	0.00
3887	0.00
3923	0.00
3896	0.00
3988	0.00
3913	0.00
3997	0.00
3939	0.00
3984	0.00
3881	0.00
3999	0.00
3917	0.00
3995	0.00
3985	0.00
3999	0.00
3999	0.68
3987	0.68
3961	7.80
3879	7.80
3930	19.38
3889	19.38
3931	2.79
3938	2.79
3970	1.39
3881	1.39
3968	0.85
3682	0.85
3955	1.02
3871	1.02
3911	3.69
3942	3.69
3880	0.72
3469	0.72
3999	0.03
3459	0.03
3972	1.02
3667	1.02
3992	0.26
3457	0.26
3929	44.92
3803	44.92
3999	0.00
3991	0.00
3899	12.39
3916	12.39
3990	4.26
3998	4.26
3990	4.82
3984	4.82
3992	2.44
3411	2.44
3999	0.00
3992	0.00
3930	7.71
3849	7.71
3986	2.76
3932	2.76
3983	3.12
3980	3.12
3936	1.66
3875	1.66
4000	1.47
3973	1.47
3958	0.48
3929	0.48
3978	0.81
3918	0.81
3978	0.56
3941	0.56
3930	0.58
3944	0.58
3967	0.25
3904	0.25
3980	0.04
3961	0.04
3835	0.05
3919	0.05
3970	0.08
3890	0.08
3789	0.29
3932	0.29
3990	3.42
3958	3.42
3605	0.28
3964	0.28
3961	0.72
3988	0.72
3968	0.82
3983	0.82
3940	0.78
3977	0.78
3930	0.65
3893	0.65
3995	5.79
3872	5.79
3999	1.23
3911	1.23
3949	0.52
3983	0.52
3957	1.66
3905	1.66
3940	0.56
3939	0.56
3982	2.16
3939	2.16
3970	5.05
3935	5.05
3973	0.72
3763	0.72
3905	7.24
3859	7.24
3888	0.00	250.09	2400
3998	0.00
3906	0.00
3997	0.00
3939	0.00
3986	0.00
3997	0.00
4000	0.00
3940	0.00
3999	0.00
3936	0.00
3991	0.00
3940	0.00
3997	0.00
3911	0.00
3995	0.00
4000	0.00
4002	0.00
3993	5.19
3993	5.19
4000	0.00
4000	0.00
3988	24.92
3949	24.92
3950	7.72
3955	7.72
3948	6.79
3986	6.79
3919	0.82
3891	0.82
3944	1.28
3939	1.28
3969	0.92
3915	0.92
3960	1.94
3927	1.94
3971	0.71
3990	0.71
3971	1.44
3993	1.44
4000	0.00
4000	0.00
3812	15.93
3963	15.93
3906	5.17
3961	5.17
3967	0.63
3982	0.63
4000	0.00
4000	0.00
3977	1.70
3880	1.70
3991	5.02
3987	5.02
3998	1.70
3965	1.70
3977	4.00
3959	4.00
3870	0.00
3735	0.00
3995	2.44
3936	2.44
3988	0.53
3962	0.53
3986	0.90
3746	0.90
3966	0.89
3969	0.89
3999	0.33
4000	0.33
3970	1.01
3659	1.01
3976	3.52
3972	3.52
3978	0.36
3960	0.36
3986	1.13
3789	1.13
3933	0.00
3931	0.00
3980	0.98
3954	0.98
3992	0.12
3944	0.12
3981	2.08
3950	2.08
3983	2.51
3969	2.51
3983	0.63
3906	0.63
3968	1.31
3712	1.31
3988	0.05
3761	0.05
3981	0.73
3890	0.73
3849	0.89
3685	0.89
3978	0.72
3993	0.72
3919	0.25
3722	0.25
3981	3.08
3964	3.08
3959	2.87
3967	2.87
3962	1.33
3980	1.33
3933	3.81
3944	3.81
3981	2.61
3965	2.61
turbostat: cpu62 jitter 4530 1760
Bzy_MHz	CPU%c1	PkgWatt	UncMHz
3981	1.42	504.57	2400
3879	0.00	255.71	2400
3880	0.00
3886	0.00
3921	0.00
3897	0.00
3985	0.00
3912	0.00
3997	0.00
3934	0.00
3986	0.00
3851	0.00
3998	0.00
3945	0.00
3995	0.00
3999	0.00
3998	0.00
3998	0.00
3992	0.00
3957	2.38
3927	2.38
3929	0.50
3868	0.50
3941	1.51
3799	1.51
3973	1.04
3880	1.04
3967	0.68
3552	0.68
3956	1.79
3890	1.79
3957	1.98
3864	1.98
3899	2.48
3950	2.48
3998	0.02
3956	0.02
3903	4.16
3544	4.16
3998	0.66
3924	0.66
3939	5.49
3674	5.49
3998	0.00
3993	0.00
3997	0.38
3486	0.38
3929	0.77
3634	0.77
3997	0.92
3921	0.92
3989	0.97
3240	0.97
3999	0.03
3983	0.03
3937	1.37
3703	1.37
3955	0.90
3851	0.90
3966	1.53
3987	1.53
3943	1.14
3833	1.14
3826	0.34
3559	0.34
3941	2.24
3876	2.24
3984	2.43
3953	2.43
3812	1.54
3945	1.54
3807	0.33
3912	0.33
3991	0.37
3890	0.37
3892	0.18
3953	0.18
3823	0.02
3853	0.02
3998	0.26
3708	0.26
3921	0.20
3861	0.20
3960	0.88
3942	0.88
3722	0.14
3852	0.14
3964	0.75
3844	0.75
3953	1.23
3968	1.23
3840	1.74
3965	1.74
3848	1.30
3946	1.30
3788	6.82
3859	6.82
3748	0.94
3951	0.94
3829	0.42
3989	0.42
3948	0.27
3509	0.27
3997	0.83
3922	0.83
3987	4.19
3884	4.19
3970	0.92
3988	0.92
3942	0.78
3850	0.78
3998	0.47
3375	0.47
3894	0.00	249.36	2400
3997	0.00
3929	0.00
3997	0.00
3944	0.00
3984	0.00
3997	0.00
3999	0.00
3890	0.00
3998	0.00
3927	0.00
3992	0.00
3943	0.00
3995	0.00
3905	0.00
3991	0.00
4000	0.00
4000	0.00
3994	1.20
3982	1.20
3999	0.00
3950	0.00
3989	6.04
3967	6.04
3987	21.46
3954	21.46
3957	14.63
3964	14.63
3940	2.30
3885	2.30
3949	0.45
3766	0.45
3955	1.93
3923	1.93
3961	1.06
3796	1.06
3958	1.23
3950	1.23
3983	0.56
3984	0.56
3999	0.03
3998	0.03
3808	15.27
3978	15.27
3937	3.10
3980	3.10
3953	0.29
4001	0.29
3999	0.00
4000	0.00
3939	1.93
3674	1.93
3975	0.75
3999	0.75
3969	0.04
3997	0.04
3977	0.69
3999	0.69
3972	2.25
3843	2.25
3970	2.26
3971	2.26
3970	0.81
3952	0.81
3977	1.00
3867	1.00
3968	2.14
3943	2.14
3999	0.31
3998	0.31
3969	0.90
3575	0.90
3968	0.06
3955	0.06
3959	0.14
3999	0.14
3973	1.79
3841	1.79
3787	0.14
3754	0.14
3971	0.57
3960	0.57
3988	0.13
3996	0.13
3969	0.88
3969	0.88
3975	1.00
3974	1.00
3974	1.61
3958	1.61
3980	0.29
3749	0.29
3967	0.03
3749	0.03
3977	0.64
3868	0.64
3840	1.60
3915	1.60
3969	0.71
3981	0.71
3863	0.00
3733	0.00
3989	0.03
3899	0.03
3977	0.29
3892	0.29
3979	1.71
3970	1.71
3920	2.48
3950	2.48
3974	2.00
3940	2.00
turbostat: cpu62 jitter 4888 2104
Bzy_MHz	CPU%c1	PkgWatt	UncMHz
3983	1.34	505.57	2400
3882	0.00	256.23	2400
3883	0.00
3887	0.00
3922	0.00
3896	0.00
3987	0.00
3910	0.00
3998	0.00
3933	0.00
3990	0.00
3983	0.00
3999	0.00
3941	0.00
3996	0.00
4000	0.00
3999	0.00
4000	0.00
3994	0.00
3944	0.31
3975	0.31
3960	0.48
3963	0.48
3970	0.73
3886	0.73
3973	0.86
3961	0.86
3982	0.05
3562	0.05
3997	1.38
3959	1.38
3999	0.76
3945	0.76
3916	0.96
3962	0.96
4000	0.24
3935	0.24
3995	0.38
3510	0.38
3961	1.81
3943	1.81
3944	4.05
3708	4.05
3999	0.00
3996	0.00
4000	0.00
3621	0.00
3938	0.35
3147	0.35
3997	0.33
3969	0.33
3999	1.17
3998	1.17
3950	0.47
3969	0.47
3928	2.30
3980	2.30
3976	0.89
3958	0.89
3974	2.30
3972	2.30
3955	0.85
3983	0.85
3989	2.26
3981	2.26
3953	1.91
3977	1.91
3984	1.60
3977	1.60
3958	2.74
3973	2.74
3975	1.58
3979	1.58
3999	0.97
3997	0.97
3989	0.18
3984	0.18
3943	0.16
3904	0.16
3971	0.06
3958	0.06
3927	0.58
3964	0.58
3979	1.78
3925	1.78
3998	0.92
3987	0.92
3997	0.34
3984	0.34
3982	0.99
3982	0.99
3966	0.94
3982	0.94
3949	4.82
3973	4.82
3999	4.13
3917	4.13
3997	1.43
3969	1.43
3962	1.02
3997	1.02
3978	0.53
3956	0.53
3947	2.10
3952	2.10
3980	2.46
3921	2.46
3969	1.75
3976	1.75
3971	2.13
3711	2.13
3972	2.05
3606	2.05
3903	0.00	248.99	2400
3999	0.00
3916	0.00
3997	0.00
3936	0.00
3987	0.00
4000	0.00
4000	0.00
3888	0.00
3998	0.00
3938	0.00
3993	0.00
3931	0.00
3995	0.00
3964	0.00
3999	0.00
4000	0.19
3999	0.19
3987	1.24
3990	1.24
4000	0.00
4000	0.00
3998	3.09
3962	3.09
3987	25.31
3977	25.31
3986	10.63
3956	10.63
3965	0.64
3963	0.64
3952	1.32
3974	1.32
3968	1.54
3924	1.54
3928	2.56
3870	2.56
3970	0.62
3945	0.62
3982	0.96
3986	0.96
4000	0.00
4000	0.00
3834	12.46
3990	12.46
3911	4.95
3982	4.95
3971	1.71
3984	1.71
4000	0.03
4000	0.03
3981	0.29
3987	0.29
3980	1.21
3999	1.21
3971	1.49
3929	1.49
3979	0.44
3987	0.44
3973	0.84
3859	0.84
3992	0.48
3988	0.48
3972	1.59
3966	1.59
3960	3.21
3875	3.21
3969	1.30
3999	1.30
4000	0.32
3999	0.32
3976	0.35
3971	0.35
3975	1.37
3849	1.37
3961	0.49
3951	0.49
3986	1.63
3824	1.63
3747	0.01
3786	0.01
3981	0.74
3962	0.74
4000	0.22
4000	0.22
3983	0.01
3967	0.01
3990	0.09
3990	0.09
3987	1.73
3974	1.73
3987	0.12
3971	0.12
3977	0.06
3940	0.06
3989	0.54
3952	0.54
3866	1.02
3890	1.02
3991	0.54
3992	0.54
3994	0.24
3952	0.24
3987	0.06
3994	0.06
3983	0.01
3905	0.01
3973	0.71
3975	0.71
3978	1.33
3984	1.33
3983	0.52
3974	0.52
Bzy_MHz	CPU%c1	PkgWatt	UncMHz
3982	2.09	506.10	2400
3879	0.00	263.65	2400
3880	0.00
3886	0.00
3919	0.00
3893	0.00
3987	0.00
3918	0.00
3997	0.00
3921	0.00
3993	0.00
3887	0.00
3998	0.00
3940	0.00
3995	0.00
3998	0.00
3998	0.00
3998	1.16
3986	1.16
3946	3.44
3974	3.44
3897	6.48
3914	6.48
3976	1.49
3785	1.49
3980	2.42
3784	2.42
3998	1.31
3362	1.31
3954	0.39
3979	0.39
3998	0.09
3945	0.09
3912	2.71
3993	2.71
3984	2.73
3973	2.73
3996	0.63
3829	0.63
3936	1.36
3922	1.36
3945	10.68
3844	10.68
3998	0.00
3989	0.00
3998	0.00
3529	0.00
3928	0.38
3127	0.38
3998	0.32
3905	0.32
3998	1.61
3990	1.61
3719	1.90
3936	1.90
3944	3.32
3978	3.32
3933	14.67
3969	14.67
3980	8.71
3972	8.71
3967	2.47
3918	2.47
3985	3.70
3925	3.70
3938	2.30
3939	2.30
3996	2.84
3957	2.84
3958	1.21
3938	1.21
3979	3.20
3986	3.20
3919	1.05
3943	1.05
3986	1.86
3968	1.86
3940	0.75
3982	0.75
3999	0.20
3840	0.20
3937	2.06
3938	2.06
3972	0.54
3950	0.54
3980	3.41
3931	3.41
3896	0.38
3975	0.38
3998	0.12
3990	0.12
3932	1.08
3948	1.08
3912	2.30
3960	2.30
3968	4.84
3942	4.84
3984	6.04
3914	6.04
3891	1.69
3429	1.69
3957	3.83
3927	3.83
3937	6.72
3932	6.72
3954	4.33
3903	4.33
3959	5.22
3908	5.22
3958	3.32
3721	3.32
3972	1.95
3585	1.95
3905	0.00	243.79	2400
3998	0.00
3896	0.00
3997	0.00
3950	0.00
3985	0.00
3996	0.00
3999	0.00
3935	0.00
3998	0.00
3928	0.00
3992	0.00
3934	0.00
3995	0.00
3941	0.00
3999	0.00
3936	1.26
3995	1.26
3982	0.05
3995	0.05
4000	0.00
3998	0.00
3995	0.98
3943	0.98
3992	2.92
3950	2.92
3983	13.11
3957	13.11
3980	20.45
3858	20.45
3950	0.57
3878	0.57
3965	1.49
3846	1.49
3920	3.33
3922	3.33
3887	4.63
3978	4.63
3952	4.48
3987	4.48
4000	0.00
3933	0.00
3965	5.93
3977	5.93
3927	9.91
3976	9.91
3923	6.45
3988	6.45
4000	0.00
4000	0.00
3894	3.43
3780	3.43
3981	0.45
4001	0.45
3983	0.37
3746	0.37
3971	1.49
3854	1.49
3987	0.45
3846	0.45
3973	1.37
3958	1.37
3964	0.65
3950	0.65
3979	0.50
3850	0.50
3972	0.76
3988	0.76
4000	1.29
3898	1.29
3978	1.28
3706	1.28
3972	0.64
3960	0.64
3959	0.36
3963	0.36
3915	1.74
3972	1.74
3824	0.00
3758	0.00
3977	0.26
3962	0.26
3999	0.00
3946	0.00
3980	0.01
3957	0.01
3997	0.01
3903	0.01
3977	0.00
3856	0.00
3985	0.01
3721	0.01
3983	0.06
3822	0.06
3978	0.59
3897	0.59
3816	1.59
3858	1.59
3993	0.55
3955	0.55
3971	0.04
3920	0.04
3986	0.97
3955	0.97
3984	1.40
3940	1.40
3956	0.62
3950	0.62
3990	3.32
3967	3.32
3964	1.05
3957	1.05
Bzy_MHz	CPU%c1	PkgWatt	UncMHz
3983	1.30	506.21	2400
3879	0.00	264.33	2400
3880	0.00
3887	0.00
3920	0.00
3894	0.00
3987	0.00
3936	0.00
3998	0.00
3915	0.00
3995	0.00
3866	0.00
3999	0.00
3953	0.00
3996	0.00
3999	0.00
3999	0.00
3999	0.40
3996	0.40
3945	0.52
3955	0.52
3896	0.99
3968	0.99
3974	0.52
3940	0.52
3975	0.54
3968	0.54
3999	0.00
3624	0.00
3966	0.42
3958	0.42
3946	0.06
3911	0.06
3911	1.14
3668	1.14
3929	0.40
3225	0.40
3999	0.47
3978	0.47
3999	0.91
3975	0.91
3991	5.24
3831	5.24
3996	1.19
3999	1.19
4000	0.00
3631	0.00
3930	0.51
3266	0.51
3980	0.02
3924	0.02
3912	0.03
3336	0.03
4000	0.26
3836	0.26
3941	0.75
3904	0.75
3956	0.02
3795	0.02
3937	0.01
3315	0.01
3908	0.81
3783	0.81
3966	0.70
3950	0.70
3955	0.25
3965	0.25
3984	0.81
3971	0.81
3968	0.13
3925	0.13
3936	0.17
3976	0.17
3686	0.14
3734	0.14
3990	0.36
3986	0.36
3965	0.07
3980	0.07
3983	0.33
3812	0.33
3964	0.69
3935	0.69
3915	1.34
3990	1.34
3993	1.15
3998	1.15
4000	0.53
3978	0.53
3999	0.00
3997	0.00
3944	0.88
3928	0.88
3927	0.42
3970	0.42
3969	4.33
3883	4.33
3993	4.80
3991	4.80
3937	2.02
3964	2.02
3959	0.14
3923	0.14
3926	0.94
3997	0.94
3983	2.50
3916	2.50
3970	1.63
3923	1.63
3952	1.23
3922	1.23
3928	0.96
3888	0.96
3886	0.00	240.56	2400
3999	0.00
3900	0.00
3998	0.00
3945	0.00
3982	0.00
4000	0.00
4000	0.00
3904	0.00
3998	0.00
3938	0.00
3994	0.00
3923	0.00
3995	0.00
3955	0.00
3999	0.00
3978	0.89
3998	0.89
3980	2.76
3988	2.76
4000	0.00
4000	0.00
3997	1.30
3962	1.30
3996	7.59
3965	7.59
3944	5.18
3971	5.18
3984	18.44
3866	18.44
3947	1.73
3802	1.73
3989	15.34
3874	15.34
3966	1.24
3959	1.24
3964	1.02
3960	1.02
3984	0.25
3958	0.25
4000	0.00
4001	0.00
3971	1.28
4000	1.28
3950	1.12
3965	1.12
3828	10.89
3991	10.89
4000	0.00
4000	0.00
3953	1.61
3874	1.61
3883	3.79
3994	3.79
3973	1.45
3956	1.45
3972	1.62
3992	1.62
3968	0.92
3964	0.92
3984	1.41
3975	1.41
3981	1.05
3948	1.05
3978	2.29
3850	2.29
3977	1.48
3995	1.48
3981	1.42
3934	1.42
3978	0.76
3726	0.76
3979	0.37
3957	0.37
3980	1.32
3958	1.32
3986	1.61
3908	1.61
3824	0.01
3908	0.01
3980	0.84
3959	0.84
4000	0.00
4000	0.00
3983	0.01
3959	0.01
3986	0.79
3978	0.79
3988	0.80
3913	0.80
3968	0.91
3786	0.91
3984	0.30
3877	0.30
3988	0.51
3922	0.51
3968	0.00
3994	0.00
3990	1.64
3972	1.64
3982	0.27
3965	0.27
3992	0.56
3959	0.56
3985	1.13
3946	1.13
3982	1.30
3984	1.30
3992	2.52
3961	2.52
3985	2.27
3987	2.27
Bzy_MHz	CPU%c1	PkgWatt	UncMHz
3983	1.42	500.19	2400
3881	0.00	263.94	2400
3883	0.00
3888	0.00
3922	0.00
3894	0.00
3985	0.00
3921	0.00
3996	0.00
3919	0.00
3994	0.00
3970	0.00
3999	0.00
3960	0.00
3997	0.00
4000	0.00
3999	0.00
3999	0.42
3995	0.42
3944	1.15
3474	1.15
3906	0.50
3832	0.50
3973	0.92
3853	0.92
3952	1.21
3856	1.21
3999	0.00
3672	0.00
3957	0.89
3989	0.89
3933	0.11
3960	0.11
3916	2.50
3806	2.50
3912	0.16
3979	0.16
3991	1.20
3985	1.20
3999	0.00
3949	0.00
3995	3.27
3847	3.27
3949	0.41
3481	0.41
3999	0.00
3570	0.00
3928	0.67
3571	0.67
3981	0.17
3846	0.17
3885	0.04
3263	0.04
4000	0.02
3680	0.02
3998	2.39
3781	2.39
3950	0.22
3262	0.22
3998	0.25
3992	0.25
3721	0.33
3413	0.33
3956	0.14
3864	0.14
3941	0.04
3654	0.04
3970	0.47
3908	0.47
3961	0.13
3977	0.13
3955	0.21
3920	0.21
3868	0.02
3847	0.02
3977	0.16
3986	0.16
3969	0.36
3980	0.36
3943	0.06
3944	0.06
3978	0.33
3961	0.33
3881	1.96
3981	1.96
4000	1.94
3999	1.94
3969	0.63
3974	0.63
3999	0.01
3988	0.01
3989	0.26
3999	0.26
3996	0.68
3984	0.68
3969	6.71
3849	6.71
3991	0.81
3905	0.81
3914	1.21
3922	1.21
3983	0.09
3991	0.09
3937	0.43
3960	0.43
3970	4.66
3921	4.66
3970	0.26
3962	0.26
3693	0.28
3912	0.28
3784	0.42
3955	0.42
3902	0.00	240.50	2400
3997	0.00
3897	0.00
3998	0.00
3944	0.00
3985	0.00
3999	0.00
4000	0.00
3912	0.00
3998	0.00
3922	0.00
3992	0.00
3941	0.00
3995	0.00
3928	0.00
3998	0.00
3969	1.66
3995	1.66
3972	3.26
3993	3.26
4000	0.00
4000	0.00
3995	7.27
3975	7.27
3985	1.74
3977	1.74
3935	5.63
3963	5.63
3984	21.17
3977	21.17
3987	1.97
3982	1.97
3982	15.20
3973	15.20
3961	3.61
3981	3.61
3958	2.98
3955	2.98
3976	2.32
3975	2.32
4000	0.02
3999	0.02
3965	1.96
3935	1.96
3951	0.82
3983	0.82
3854	8.82
3979	8.82
4000	0.00
4000	0.00
3880	6.54
3960	6.54
3903	2.85
3995	2.85
3983	0.46
3962	0.46
3973	1.92
3950	1.92
3963	3.28
3966	3.28
3960	0.71
3958	0.71
3984	0.18
3965	0.18
3971	3.19
3948	3.19
3966	3.71
3948	3.71
3981	2.24
3884	2.24
3974	1.66
3957	1.66
3977	0.39
3958	0.39
3967	1.01
3967	1.01
3921	0.95
3900	0.95
3832	0.00
3831	0.00
3975	0.98
3958	0.98
4000	0.00
3979	0.00
3969	0.00
3999	0.00
3963	1.02
3934	1.02
3975	2.34
3974	2.34
3982	0.60
3967	0.60
3980	0.05
3963	0.05
3980	0.52
3911	0.52
3917	0.79
3747	0.79
3953	0.34
3858	0.34
3920	0.17
3981	0.17
3942	0.00
3911	0.00
3982	0.01
3935	0.01
3983	2.29
3972	2.29
3988	0.40
3989	0.40
3978	2.60
3965	2.60
Bzy_MHz	CPU%c1	PkgWatt	UncMHz
3983	1.43	508.52	2400
3880	0.00	264.32	2400
3882	0.00
3890	0.00
3923	0.00
3899	0.00
3989	0.00
3918	0.00
3996	0.00
3928	0.00
3996	0.00
3926	0.00
3999	0.00
3929	0.00
3995	0.00
4000	0.00
3999	0.00
3998	0.76
3982	0.76
3999	0.75
3557	0.75
3999	0.02
3964	0.02
3994	1.18
3910	1.18
3973	2.04
3944	2.04
3999	0.00
3611	0.00
3980	1.71
3969	1.71
3976	0.58
3828	0.58
3924	4.19
3728	4.19
3934	0.23
3296	0.23
3938	0.61
3961	0.61
3999	0.00
3979	0.00
3996	1.46
3897	1.46
3942	1.58
3975	1.58
3999	0.00
3637	0.00
3986	1.67
3963	1.67
3960	0.39
3959	0.39
3934	0.06
3311	0.06
3995	0.02
3923	0.02
3999	0.12
3954	0.12
3962	0.02
3815	0.02
3968	0.11
3377	0.11
3934	0.74
3848	0.74
3964	0.02
3882	0.02
3958	0.05
3868	0.05
3980	0.39
3907	0.39
3955	0.19
3926	0.19
3962	0.02
3946	0.02
3973	0.02
3857	0.02
3938	0.05
3979	0.05
3887	0.67
3978	0.67
3955	0.06
3876	0.06
3971	0.46
3957	0.46
3997	2.98
3888	2.98
3960	0.05
3992	0.05
3968	0.24
3987	0.24
3975	2.11
3965	2.11
3998	0.61
3858	0.61
3925	0.36
3969	0.36
3966	1.59
3894	1.59
3987	6.44
3849	6.44
3901	0.44
3654	0.44
3834	0.22
3912	0.22
3940	0.31
3860	0.31
3996	2.76
3938	2.76
3974	2.21
3952	2.21
4000	0.59
3954	0.59
3959	0.94
3939	0.94
3873	0.00	240.13	2400
3997	0.00
3892	0.00
3999	0.00
3942	0.00
3985	0.00
4000	0.00
4000	0.00
3892	0.00
3999	0.00
3920	0.00
3993	0.00
3927	0.00
3994	0.00
3924	0.00
3999	0.00
3953	2.14
4000	2.14
3975	2.36
3997	2.36
4000	0.00
4000	0.00
3996	3.91
3978	3.91
3992	6.67
3964	6.67
3981	21.17
3978	21.17
3983	14.28
3904	14.28
3947	2.60
3930	2.60
3993	4.08
3945	4.08
3963	2.44
3969	2.44
3962	2.96
3986	2.96
3976	1.53
3988	1.53
4000	0.00
4000	0.00
3977	1.45
3926	1.45
3955	0.64
3971	0.64
3957	3.81
3991	3.81
4000	0.02
4000	0.02
3855	10.21
3869	10.21
3926	5.89
3994	5.89
3928	2.90
3971	2.90
3971	1.07
3936	1.07
3963	2.30
3952	2.30
3984	0.64
3988	0.64
3969	2.68
3951	2.68
3986	0.97
3872	0.97
3967	1.64
3900	1.64
3968	5.91
3834	5.91
3974	1.46
3895	1.46
3980	0.97
3963	0.97
3975	1.40
3967	1.40
3983	0.86
3821	0.86
3942	0.21
3740	0.21
3981	0.41
3963	0.41
4000	0.00
4000	0.00
3979	0.01
3968	0.01
3972	0.78
3979	0.78
3960	0.71
3929	0.71
3982	1.45
3937	1.45
3989	0.91
3962	0.91
3990	0.59
3900	0.59
3931	0.40
3986	0.40
3990	0.33
3993	0.33
3996	0.01
3748	0.01
3988	0.01
3922	0.01
3983	0.29
3936	0.29
3988	0.29
3970	0.29
3972	0.02
3925	0.02
3979	3.20
3982	3.20
turbostat: cpu58 jitter 5126 484
Bzy_MHz	CPU%c1	PkgWatt	UncMHz
3982	2.14	505.17	2400
3881	0.00	258.81	2400
3882	0.00
3890	0.00
3921	0.00
3898	0.00
3988	0.00
3931	0.00
3996	0.00
3926	0.00
3996	0.00
3888	0.00
3999	0.00
3952	0.00
3996	0.00
3998	0.00
3999	0.00
3999	0.75
3990	0.75
3998	2.79
3971	2.79
3998	1.01
3882	1.01
3987	1.55
3805	1.55
3988	2.55
3962	2.55
3999	0.01
3838	0.01
3952	4.67
3984	4.67
3953	1.94
3981	1.94
3843	8.13
3889	8.13
3854	9.94
3846	9.94
3931	0.72
3965	0.72
3999	0.01
3964	0.01
3995	3.07
3809	3.07
3952	2.26
3960	2.26
3999	0.01
3512	0.01
3913	0.70
3823	0.70
3962	0.64
3970	0.64
3940	0.07
3372	0.07
3998	1.06
3999	1.06
3968	3.76
3927	3.76
3957	5.90
3949	5.90
3996	3.64
3946	3.64
3961	1.36
3942	1.36
3474	1.62
3973	1.62
3944	0.51
3946	0.51
3970	1.96
3949	1.96
3982	1.17
3972	1.17
3915	1.16
3940	1.16
3989	2.47
3938	2.47
3917	2.35
3991	2.35
3943	2.83
3972	2.83
3945	3.06
3936	3.06
3960	1.09
3954	1.09
3959	2.34
3916	2.34
3957	0.06
3990	0.06
3963	0.05
3986	0.05
3909	3.81
3961	3.81
3967	0.73
3816	0.73
3953	0.71
3976	0.71
3988	1.06
3958	1.06
3985	6.33
3862	6.33
3919	2.62
3970	2.62
3992	0.25
3881	0.25
3966	2.06
3507	2.06
3992	1.87
3957	1.87
3967	2.24
3901	2.24
3895	0.93
3714	0.93
3807	1.42
3941	1.42
3912	0.00	245.92	2400
3998	0.00
3906	0.00
3998	0.00
3950	0.00
3985	0.00
3998	0.00
3999	0.00
3900	0.00
3994	0.00
3942	0.00
3993	0.00
3922	0.00
3994	0.00
3885	0.00
3998	0.00
3989	3.41
3986	3.41
3973	8.57
3988	8.57
3999	0.01
4000	0.01
3997	7.04
3927	7.04
3985	14.10
3944	14.10
3986	9.13
3926	9.13
3990	3.32
3894	3.32
3935	2.20
3852	2.20
3966	1.92
3877	1.92
3950	3.81
3939	3.81
3934	8.95
3920	8.95
3968	5.33
3973	5.33
3999	0.02
4000	0.02
3931	7.41
3972	7.41
3941	3.63
3972	3.63
3964	4.95
3985	4.95
3999	0.00
4000	0.00
3943	6.26
3851	6.26
3990	2.11
3965	2.11
3997	1.49
3960	1.49
3975	1.23
3800	1.23
3971	1.80
3893	1.80
3972	2.53
3983	2.53
3964	1.86
3953	1.86
3985	0.27
3614	0.27
3963	4.68
3880	4.68
3963	4.72
3946	4.72
3950	3.07
3874	3.07
3998	0.69
4000	0.69
3997	5.18
3954	5.18
3954	2.59
3859	2.59
3837	0.71
3827	0.71
3973	0.92
3961	0.92
3999	0.00
4000	0.00
3966	0.62
3968	0.62
3981	1.18
3962	1.18
3882	0.56
3917	0.56
3975	0.74
3830	0.74
3968	0.04
3789	0.04
3975	0.98
3906	0.98
3913	1.66
3977	1.66
3974	0.58
3881	0.58
3960	0.19
3843	0.19
3977	0.08
3870	0.08
3973	0.95
3837	0.95
3958	1.13
3932	1.13
3942	0.80
3992	0.80
3967	5.37
3939	5.37
turbostat: cpu58 jitter 5204 2458
Bzy_MHz	CPU%c1	PkgWatt	UncMHz
3982	1.36	502.24	2400
3883	0.00	255.78	2400
3884	0.00
3889	0.00
3924	0.00
3895	0.00
3988	0.00
3905	0.00
3997	0.00
3914	0.00
3996	0.00
3951	0.00
4000	0.00
3934	0.00
3996	0.00
3999	0.00
4000	0.00
3999	1.15
3972	1.15
3995	3.68
3970	3.68
3974	27.82
3969	27.82
3973	0.93
3906	0.93
3994	0.74
3950	0.74
4000	0.00
3593	0.00
3960	1.86
3974	1.86
3961	0.35
3947	0.35
3996	1.38
3947	1.38
3786	15.86
3958	15.86
3942	1.54
3982	1.54
4000	0.00
3978	0.00
3999	1.25
3966	1.25
3960	2.84
3975	2.84
4000	0.00
3560	0.00
3931	1.25
3973	1.25
3981	0.54
3967	0.54
3997	0.52
3305	0.52
3820	2.07
3999	2.07
3953	1.63
3940	1.63
3961	0.72
3968	0.72
3999	0.04
3437	0.04
3998	1.27
3825	1.27
3952	0.02
3817	0.02
3958	0.02
3619	0.02
3978	0.56
3955	0.56
3968	0.92
3970	0.92
3976	0.02
3940	0.02
3977	0.25
3998	0.25
3926	0.06
3951	0.06
3965	0.08
3923	0.08
3962	0.04
3992	0.04
3980	1.18
3959	1.18
3838	0.57
3887	0.57
3978	0.04
3992	0.04
3967	0.54
3980	0.54
3897	2.19
3983	2.19
3980	0.72
3923	0.72
3946	0.11
3983	0.11
3974	2.10
3892	2.10
3946	4.58
3843	4.58
3889	0.34
3962	0.34
3973	0.12
3338	0.12
3822	0.05
3953	0.05
3975	2.34
3970	2.34
3970	0.48
3934	0.48
3987	1.42
3853	1.42
3970	0.39
3888	0.39
3902	0.00	246.46	2400
3998	0.00
3884	0.00
3998	0.00
3933	0.00
3983	0.00
3998	0.00
3999	0.00
3894	0.00
3988	0.00
3925	0.00
3992	0.00
3932	0.00
3994	0.00
3931	0.00
3999	0.00
3968	2.00
3936	2.00
3985	4.06
3994	4.06
3999	0.00
4001	0.00
3989	1.45
3933	1.45
3918	1.21
3966	1.21
3971	0.47
3911	0.47
3970	1.12
3937	1.12
3956	1.32
3936	1.32
3922	0.32
3781	0.32
3957	1.22
4000	1.22
3940	4.85
3661	4.85
3971	1.55
3961	1.55
3999	0.00
4000	0.00
3966	3.08
3984	3.08
3948	2.35
3971	2.35
3935	2.51
3943	2.51
3999	0.00
4000	0.00
3930	5.11
3983	5.11
3977	3.35
3987	3.35
3970	1.43
3998	1.43
3974	1.30
3742	1.30
3977	0.79
3987	0.79
3959	3.59
3949	3.59
3984	0.47
3977	0.47
3973	1.00
3880	1.00
3972	2.02
3867	2.02
3971	3.72
3840	3.72
3972	2.88
3866	2.88
3954	2.39
3897	2.39
3999	0.35
4002	0.35
3955	1.55
3954	1.55
3927	0.01
3921	0.01
3981	0.47
3954	0.47
3999	0.00
4000	0.00
3964	0.01
3940	0.01
3981	0.57
3966	0.57
3918	1.62
3978	1.62
3970	0.01
3965	0.01
3970	0.05
3977	0.05
3982	0.79
3831	0.79
3920	0.72
3929	0.72
3977	0.56
3493	0.56
3983	0.03
3913	0.03
3986	0.12
3918	0.12
3885	0.52
3972	0.52
3941	2.20
3973	2.20
3933	0.00
3732	0.00
3982	0.14
3701	0.14
Bzy_MHz	CPU%c1	PkgWatt	UncMHz
3982	1.43	502.54	2400
3882	0.00	255.87	2400
3883	0.00
3887	0.00
3921	0.00
3893	0.00
3988	0.00
3899	0.00
3996	0.00
3911	0.00
3995	0.00
3887	0.00
3999	0.00
3947	0.00
3995	0.00
3998	0.00
3999	0.00
3999	0.13
3983	0.13
3991	4.36
3891	4.36
3995	13.43
3983	13.43
3998	0.85
3748	0.85
3994	1.29
3923	1.29
3999	0.24
3588	0.24
3962	1.37
3879	1.37
3994	1.35
3978	1.35
3900	0.27
3938	0.27
3789	12.35
3921	12.35
3819	5.65
3887	5.65
3999	0.00
3983	0.00
3998	2.95
3793	2.95
3966	2.88
3962	2.88
3999	0.00
3546	0.00
3937	1.03
3946	1.03
3937	2.34
3985	2.34
3991	0.61
3956	0.61
3998	0.73
4000	0.73
3923	2.57
3862	2.57
3963	1.50
3882	1.50
3998	0.53
3857	0.53
3800	0.37
3834	0.37
3958	0.21
3900	0.21
3957	0.18
3418	0.18
3966	0.46
3878	0.46
3972	0.50
3922	0.50
3914	2.08
3958	2.08
3977	1.45
3929	1.45
3877	0.39
3970	0.39
3931	0.17
3920	0.17
3944	1.12
3844	1.12
3961	0.96
3898	0.96
3971	0.71
3884	0.71
3969	0.95
3986	0.95
3966	0.94
3980	0.94
3979	1.80
3980	1.80
3998	0.88
3876	0.88
3902	0.09
3977	0.09
3949	7.82
3844	7.82
3912	0.75
3865	0.75
3849	0.19
3929	0.19
3951	0.33
3870	0.33
3941	0.06
3767	0.06
4000	0.91
3980	0.91
3825	0.53
3890	0.53
3987	1.78
3892	1.78
3969	0.85
3939	0.85
3908	0.00	246.78	2400
3998	0.00
3896	0.00
3998	0.00
3948	0.00
3986	0.00
3993	0.00
3999	0.00
3850	0.00
3998	0.00
3919	0.00
3992	0.00
3919	0.00
3994	0.00
3919	0.00
3998	0.00
3989	2.23
3976	2.23
3977	13.21
3979	13.21
3999	0.00
4000	0.00
3986	5.54
3956	5.54
3967	4.68
3771	4.68
3977	2.52
3924	2.52
3949	0.53
3786	0.53
3938	0.91
3603	0.91
3900	0.42
3748	0.42
3968	2.40
3751	2.40
3911	1.83
3756	1.83
3931	3.67
3977	3.67
3999	0.02
4001	0.02
3963	2.03
3968	2.03
3944	4.22
3971	4.22
3910	1.29
3983	1.29
3999	0.00
4000	0.00
3935	1.89
3904	1.89
3970	1.45
3888	1.45
3963	2.32
3985	2.32
3966	2.94
3695	2.94
3955	1.01
3484	1.01
3962	3.44
3971	3.44
3972	1.51
3957	1.51
3974	0.89
3759	0.89
3967	2.71
3815	2.71
3977	1.43
3906	1.43
3967	0.88
3548	0.88
3971	1.18
3914	1.18
3999	0.34
3999	0.34
3945	3.11
3815	3.11
3960	0.22
3760	0.22
3964	0.62
3818	0.62
3999	0.00
3979	0.00
3972	0.01
3821	0.01
3938	0.42
3955	0.42
3939	0.33
3954	0.33
3977	0.88
3889	0.88
3974	0.05
3714	0.05
3952	0.46
3832	0.46
3889	1.06
3800	1.06
3958	0.20
3719	0.20
3963	0.34
3853	0.34
3985	0.05
3989	0.05
3967	0.42
3883	0.42
3927	0.65
3834	0.65
3934	0.00
3793	0.00
3981	0.63
3812	0.63
turbostat: cpu58 jitter 4368 618
Bzy_MHz	CPU%c1	PkgWatt	UncMHz
3983	1.39	500.91	2400
3883	0.00	261.52	2400
3886	0.00
3890	0.00
3923	0.00
3890	0.00
3986	0.00
3921	0.00
3996	0.00
3898	0.00
3995	0.00
3992	0.00
3999	0.00
3948	0.00
3996	0.00
3998	0.00
3999	0.00
3999	0.43
3975	0.43
3999	8.07
3952	8.07
3993	1.54
3881	1.54
3980	13.95
3876	13.95
3999	0.63
3978	0.63
3982	9.62
3394	9.62
3952	2.71
3938	2.71
3944	0.57
3982	0.57
3906	1.46
3744	1.46
3944	0.86
3965	0.86
3794	16.27
3965	16.27
3999	0.00
3979	0.00
3999	0.37
3886	0.37
3963	2.78
3972	2.78
3999	0.00
3768	0.00
3936	1.15
3914	1.15
3963	0.53
3976	0.53
3992	0.32
3827	0.32
3928	0.67
3999	0.67
3920	1.08
3941	1.08
3999	1.37
3886	1.37
3973	0.42
3215	0.42
3996	1.17
3817	1.17
3959	0.02
3877	0.02
3972	0.04
3571	0.04
3969	0.13
3736	0.13
3960	0.52
3813	0.52
3892	0.36
3930	0.36
3993	0.02
3882	0.02
3908	0.42
3968	0.42
3993	0.77
3954	0.77
3999	0.41
3886	0.41
3965	1.49
3901	1.49
3981	0.44
3958	0.44
3896	1.13
3986	1.13
3959	1.79
3983	1.79
3965	2.35
3982	2.35
3999	0.20
3832	0.20
3935	1.00
3965	1.00
3997	0.43
3946	0.43
3896	6.11
3836	6.11
3896	0.13
3963	0.13
3942	0.33
3852	0.33
3940	0.07
3513	0.07
3990	1.42
3971	1.42
3978	0.99
3941	0.99
3987	2.21
3888	2.21
3945	0.87
3755	0.87
3889	0.00	239.90	2400
3998	0.00
3891	0.00
3999	0.00
3944	0.00
3988	0.00
3997	0.00
4000	0.00
3933	0.00
3999	0.00
3924	0.00
3990	0.00
3941	0.00
3996	0.00
3914	0.00
3999	0.00
3961	1.84
3959	1.84
3863	7.94
3990	7.94
4000	0.00
3999	0.00
3988	0.97
3992	0.97
3980	0.79
3946	0.79
3979	1.57
3953	1.57
3955	2.14
3961	2.14
3959	0.37
3918	0.37
3931	0.65
3903	0.65
3973	4.17
3952	4.17
3939	0.40
3845	0.40
3971	1.45
3961	1.45
4000	0.00
3999	0.00
3955	2.19
3993	2.19
3945	3.04
3987	3.04
3991	2.17
3991	2.17
4000	0.00
4000	0.00
3971	3.97
3972	3.97
3981	1.76
3979	1.76
3964	3.37
3984	3.37
3976	1.11
3902	1.11
3962	2.97
3860	2.97
3976	1.32
3970	1.32
3959	4.68
3979	4.68
3980	1.16
3976	1.16
3971	2.39
3887	2.39
3969	2.56
3892	2.56
3974	1.38
3844	1.38
3973	1.52
3956	1.52
3999	1.23
3962	1.23
3985	1.54
3840	1.54
3980	0.02
3827	0.02
3979	0.86
3960	0.86
4000	0.00
4000	0.00
3983	0.02
3958	0.02
3977	0.19
3997	0.19
3956	0.01
3979	0.01
3992	0.76
3908	0.76
3987	0.12
3893	0.12
3983	0.37
3886	0.37
3867	0.72
3891	0.72
3984	0.66
3855	0.66
3976	0.73
3926	0.73
3981	0.02
3900	0.02
3983	0.03
3898	0.03
3971	0.00
3872	0.00
3934	0.01
3875	0.01
3975	1.12
3878	1.12
Bzy_MHz	CPU%c1	PkgWatt	UncMHz
3982	1.55	502.60	2400
3881	0.00	264.01	2400
3882	0.00
3887	0.00
3922	0.00
3890	0.00
3989	0.00
3938	0.00
3997	0.00
3906	0.00
3994	0.00
3991	0.00
3999	0.00
3931	0.00
3996	0.00
3998	0.00
3999	0.00
3888	0.65
3959	0.65
3999	0.37
3905	0.37
3990	1.04
3916	1.04
3989	26.06
3677	26.06
3999	0.00
3961	0.00
3966	5.65
3468	5.65
3954	1.94
3694	1.94
3953	1.32
3970	1.32
3873	5.05
3741	5.05
3992	1.91
3917	1.91
3803	10.23
3890	10.23
3999	0.00
3871	0.00
3846	5.71
3817	5.71
3996	1.88
3955	1.88
3999	0.00
3769	0.00
3981	0.75
3890	0.75
3971	0.99
3896	0.99
3993	0.38
3300	0.38
3950	0.82
3999	0.82
3887	1.00
3865	1.00
3977	0.28
3760	0.28
3954	0.74
3318	0.74
3947	0.02
3451	0.02
3996	0.52
3674	0.52
3963	0.03
3583	0.03
3978	0.08
3760	0.08
3960	0.80
3692	0.80
3985	0.02
3711	0.02
3551	0.23
3950	0.23
3778	0.07
3933	0.07
3713	0.42
3981	0.42
3997	0.14
3630	0.14
3956	2.22
3802	2.22
3965	0.28
3873	0.28
3719	0.66
3980	0.66
3999	0.02
3996	0.02
3965	4.41
3994	4.41
3968	0.28
3970	0.28
3994	1.18
3946	1.18
3965	1.75
3966	1.75
3890	8.79
3840	8.79
3789	0.20
3977	0.20
3964	0.30
3698	0.30
3935	0.16
3862	0.16
3910	3.21
3957	3.21
3957	0.03
3867	0.03
3987	3.82
3883	3.82
3972	0.07
3595	0.07
3869	0.00	238.03	2400
3997	0.00
3884	0.00
3998	0.00
3944	0.00
3985	0.00
3994	0.00
3999	0.00
3926	0.00
3998	0.00
3936	0.00
3990	0.00
3907	0.00
3997	0.00
3978	0.00
3999	0.00
3942	2.18
3984	2.18
3947	5.06
3985	5.06
3999	0.00
3826	0.00
3964	1.73
3991	1.73
3970	0.67
3842	0.67
3967	0.98
3932	0.98
3922	1.87
3928	1.87
3975	3.16
3958	3.16
3913	0.14
3917	0.14
3953	5.23
3961	5.23
3904	0.65
3966	0.65
3948	0.81
3435	0.81
3999	0.00
4000	0.00
3946	3.83
3974	3.83
3944	0.74
3988	0.74
3943	0.29
3992	0.29
3999	0.00
4000	0.00
3950	4.30
3955	4.30
3961	2.11
3977	2.11
3953	4.25
3979	4.25
3967	2.89
3888	2.89
3964	0.98
3835	0.98
3968	1.37
3975	1.37
3969	2.70
3964	2.70
3959	5.01
3940	5.01
3967	6.19
3876	6.19
3964	2.77
3994	2.77
3965	2.30
3747	2.30
3962	3.56
3920	3.56
3975	1.85
3822	1.85
3986	1.53
3995	1.53
3956	0.60
3700	0.60
3981	0.98
3952	0.98
3999	0.00
3982	0.00
3983	0.36
3939	0.36
3938	0.17
3990	0.17
3959	0.00
3861	0.00
3972	0.65
3838	0.65
3966	0.05
3846	0.05
3936	0.41
3836	0.41
3851	1.10
3897	1.10
3966	0.65
3866	0.65
3918	0.44
3912	0.44
3977	0.03
3743	0.03
3962	0.39
3843	0.39
3951	0.76
3854	0.76
3856	0.67
3882	0.67
3987	0.73
3957	0.73
Bzy_MHz	CPU%c1	PkgWatt	UncMHz
3982	1.97	502.77	2400
3881	0.00	265.23	2400
3882	0.00
3887	0.00
3923	0.00
3885	0.00
3984	0.00
3891	0.00
3994	0.00
3865	0.00
3993	0.00
3869	0.00
3998	0.00
3954	0.00
3996	0.00
3996	0.00
3998	0.00
3999	1.23
3966	1.23
3984	1.27
3836	1.27
3826	15.40
3924	15.40
3984	34.81
3911	34.81
3998	0.00
3990	0.00
3910	6.11
3934	6.11
3987	2.96
3892	2.96
3919	2.20
3950	2.20
3905	4.08
3887	4.08
3980	5.57
3918	5.57
3995	2.06
3899	2.06
3998	0.00
3971	0.00
3834	17.78
3893	17.78
3995	2.46
3961	2.46
3998	0.00
3705	0.00
3977	8.34
3955	8.34
3958	2.43
3866	2.43
3990	0.83
3833	0.83
3963	0.37
3999	0.37
3996	0.76
3992	0.76
3996	0.83
3927	0.83
3956	0.03
3886	0.03
3960	0.75
3889	0.75
3420	1.39
3997	1.39
3866	0.03
3824	0.03
3911	0.98
3965	0.98
3973	4.54
3952	4.54
3991	0.98
3916	0.98
3974	1.10
3987	1.10
3939	0.56
3802	0.56
3890	0.57
3919	0.57
3683	0.34
3973	0.34
3866	4.18
3918	4.18
3851	2.52
3958	2.52
3955	0.17
3984	0.17
3997	0.00
3988	0.00
3998	2.06
3994	2.06
3964	2.56
3971	2.56
3942	0.80
3944	0.80
3965	3.10
3977	3.10
3966	8.40
3878	8.40
3953	6.67
3949	6.67
3937	2.43
3973	2.43
3969	2.30
3631	2.30
3991	5.83
3953	5.83
3975	1.22
3805	1.22
3992	3.27
3899	3.27
3969	4.16
3991	4.16
3915	0.00	237.40	2400
3998	0.00
3923	0.00
4000	0.00
3944	0.00
3983	0.00
3988	0.00
4000	0.00
3964	0.00
3999	0.00
3916	0.00
3989	0.00
3951	0.00
3999	0.00
3876	0.00
3998	0.00
3964	2.61
3956	2.61
3973	2.76
3941	2.76
4000	0.00
4000	0.00
3970	0.00
3933	0.00
3971	1.37
3908	1.37
3981	0.71
3980	0.71
3965	0.58
3973	0.58
3963	0.51
3939	0.51
3963	1.05
3996	1.05
3962	1.37
3991	1.37
3973	2.55
3971	2.55
3945	2.42
3993	2.42
4000	0.00
4000	0.00
3911	4.43
3994	4.43
3948	1.43
3755	1.43
3983	0.36
3977	0.36
4000	0.00
4000	0.00
3982	3.41
3973	3.41
3989	0.78
3993	0.78
3954	2.38
3982	2.38
3978	1.07
3915	1.07
3955	1.23
4000	1.23
3975	0.36
3994	0.36
3961	2.25
3976	2.25
3990	0.79
3962	0.79
3971	1.70
3965	1.70
3979	0.60
3999	0.60
3955	1.71
3960	1.71
3976	1.36
3963	1.36
3971	1.36
3959	1.36
3985	0.72
3996	0.72
3985	0.46
3996	0.46
3983	1.34
3922	1.34
4000	0.00
4003	0.00
3989	0.64
3988	0.64
3968	0.21
3989	0.21
3957	0.00
3991	0.00
3993	0.15
3985	0.15
3988	0.07
3994	0.07
3990	0.44
3969	0.44
3850	0.85
3997	0.85
3992	0.58
3961	0.58
3986	0.37
3941	0.37
3990	0.01
3955	0.01
3887	0.01
3886	0.01
3970	0.43
3898	0.43
3970	0.35
3970	0.35
3980	2.07
3979	2.07
Bzy_MHz	CPU%c1	PkgWatt	UncMHz
3980	2.90	503.40	2400
3879	0.00	266.25	2400
3879	0.00
3888	0.00
3924	0.00
3888	0.00
3981	0.00
3894	0.00
3992	0.00
3914	0.00
3993	0.00
3938	0.00
3997	0.00
3948	0.00
3995	0.00
3994	0.00
3998	0.00
3990	3.18
3925	3.18
3974	30.09
3914	30.09
3889	0.08
3809	0.08
3889	26.16
3260	26.16
3991	1.73
3990	1.73
3898	54.22
3855	54.22
3997	0.00
3849	0.00
3952	2.59
3980	2.59
3891	5.01
3860	5.01
3977	2.90
3967	2.90
3903	12.36
3946	12.36
3998	0.00
3806	0.00
3910	10.72
3896	10.72
3996	3.29
3928	3.29
3997	0.00
3632	0.00
3987	5.28
3884	5.28
3965	2.18
3983	2.18
3968	3.18
3828	3.18
3968	0.90
3711	0.90
3911	2.44
3925	2.44
3997	0.41
3555	0.41
3992	9.19
3931	9.19
3953	0.41
3429	0.41
3991	8.37
3987	8.37
3955	0.26
3321	0.26
3989	2.99
3458	2.99
3989	3.58
3471	3.58
3988	3.12
3866	3.12
3979	2.72
3988	2.72
3904	5.37
3914	5.37
3998	2.88
3979	2.88
3876	3.24
3942	3.24
3919	9.36
3842	9.36
3963	4.28
3953	4.28
3681	0.69
3979	0.69
3995	0.54
3934	0.54
3988	3.43
3974	3.43
3951	2.93
3887	2.93
3893	0.86
3915	0.86
3908	4.47
3973	4.47
3879	6.43
3843	6.43
3691	6.28
3933	6.28
3980	1.94
3911	1.94
3939	4.68
3977	4.68
3991	3.24
3991	3.24
3995	2.04
3876	2.04
3920	3.16
3913	3.16
3959	2.03
3987	2.03
3891	0.00	237.32	2400
3998	0.00
3899	0.00
3998	0.00
3946	0.00
3984	0.00
3995	0.00
3999	0.00
3932	0.00
3998	0.00
3932	0.00
3989	0.00
3946	0.00
3997	0.00
3930	0.00
3998	0.00
3925	1.92
3924	1.92
3867	7.94
3997	7.94
3999	0.00
4000	0.00
3942	1.70
3995	1.70
3912	4.66
3613	4.66
3960	1.07
3968	1.07
3915	0.60
3791	0.60
3958	0.33
3663	0.33
3966	1.67
3931	1.67
3964	1.08
3995	1.08
3902	0.95
3982	0.95
3860	4.33
3979	4.33
3999	0.00
4000	0.00
3926	3.93
3972	3.93
3934	2.88
3743	2.88
3950	0.99
3987	0.99
3999	0.00
3983	0.00
3972	3.14
3979	3.14
3991	1.43
3979	1.43
3938	1.62
3966	1.62
3948	2.75
3883	2.75
3946	2.86
3915	2.86
3965	2.37
3883	2.37
3966	0.83
3809	0.83
3955	0.59
3785	0.59
3933	0.98
3958	0.98
3970	1.68
3908	1.68
3945	0.90
3887	0.90
3972	0.61
3971	0.61
3716	0.01
3854	0.01
3973	0.25
3836	0.25
3952	0.01
3819	0.01
3970	0.64
3956	0.64
3999	0.00
3998	0.00
3984	0.49
3963	0.49
3951	0.20
3986	0.20
3938	0.01
3909	0.01
3981	0.00
3751	0.00
3973	0.02
3809	0.02
3955	0.43
3842	0.43
3894	1.13
3861	1.13
3977	0.38
3765	0.38
3989	1.22
3873	1.22
3988	0.14
3834	0.14
3949	0.00
3843	0.00
3943	0.81
3815	0.81
3936	0.29
3917	0.29
3983	0.15
3968	0.15
Bzy_MHz	CPU%c1	PkgWatt	UncMHz
3981	2.99	504.26	2400
3877	0.00	267.21	2400
3877	0.00
3881	0.00
3920	0.00
3888	0.00
3986	0.00
3907	0.00
3994	0.00
3904	0.00
3994	0.00
3901	0.00
3997	0.00
3934	0.00
3993	0.00
3995	0.00
3998	0.00
3988	1.92
3947	1.92
3978	33.22
3871	33.22
3871	0.76
3911	0.76
3885	12.59
3872	12.59
3934	1.88
3980	1.88
3896	18.93
3889	18.93
3997	0.00
3683	0.00
3932	1.56
3945	1.56
3920	4.77
3753	4.77
3941	1.44
3915	1.44
3849	7.53
3942	7.53
3997	0.00
3940	0.00
3832	18.56
3901	18.56
3983	2.94
3926	2.94
3997	0.00
3506	0.00
3978	1.12
3825	1.12
3882	2.29
3971	2.29
3984	1.29
3911	1.29
3952	0.68
3991	0.68
3884	0.24
3753	0.24
3997	0.42
3968	0.42
3992	7.46
3974	7.46
3946	0.91
3919	0.91
3727	12.97
3977	12.97
3952	0.60
3866	0.60
3981	4.39
3932	4.39
3977	9.32
3956	9.32
3985	7.44
3981	7.44
3997	21.36
3973	21.36
3989	7.33
3988	7.33
3998	0.00
3842	0.00
3969	9.58
3991	9.58
3964	13.47
3981	13.47
3971	1.48
3931	1.48
3954	1.93
3953	1.93
3968	0.14
3977	0.14
3982	3.93
3932	3.93
3898	0.55
3850	0.55
3978	1.32
3954	1.32
3975	3.93
3824	3.93
3958	6.51
3843	6.51
3988	1.72
3945	1.72
3961	1.48
3745	1.48
3935	2.38
3959	2.38
3948	5.82
3924	5.82
3980	4.93
3764	4.93
3978	2.10
3875	2.10
3922	0.57
3537	0.57
3878	0.00	238.09	2400
3998	0.00
3881	0.00
3997	0.00
3956	0.00
3986	0.00
3999	0.00
4000	0.00
3929	0.00
3999	0.00
3933	0.00
3992	0.00
3942	0.00
3997	0.00
3922	0.00
3997	0.00
3967	2.04
3899	2.04
3825	10.97
3972	10.97
4000	0.00
4000	0.00
3984	1.96
3987	1.96
3940	3.36
3942	3.36
3967	1.38
3980	1.38
3967	0.79
3959	0.79
3985	1.53
3947	1.53
3993	3.69
3984	3.69
3968	1.00
4000	1.00
3968	0.52
3970	0.52
3936	2.31
3970	2.31
3999	0.00
3995	0.00
3915	6.55
3982	6.55
3909	4.04
3832	4.04
3963	1.03
3990	1.03
3999	0.02
3994	0.02
3977	3.74
3977	3.74
3986	2.29
3987	2.29
3969	1.78
3972	1.78
3983	2.95
3974	2.95
3974	0.74
3984	0.74
3972	1.89
3954	1.89
3953	0.53
3957	0.53
3961	1.02
3972	1.02
3957	2.22
3821	2.22
3962	6.81
3825	6.81
3965	2.28
3964	2.28
3974	2.78
3978	2.78
3961	1.13
3996	1.13
3989	3.00
3923	3.00
3987	0.01
3993	0.01
3962	1.09
3962	1.09
4000	0.00
4003	0.00
3964	0.73
3980	0.73
3973	0.88
3904	0.88
3985	0.36
3960	0.36
3980	0.17
3997	0.17
3979	0.01
3945	0.01
3991	0.53
3972	0.53
3947	1.20
3895	1.20
3992	0.31
4001	0.31
3993	4.21
3990	4.21
3985	2.49
3969	2.49
3921	1.20
3970	1.20
3954	1.09
3988	1.09
3924	0.99
3985	0.99
3987	0.02
3955	0.02
turbostat: cpu61 jitter 5178 632
Bzy_MHz	CPU%c1	PkgWatt	UncMHz
3961	3.33	508.48	2400
3874	0.00	267.85	2400
3875	0.00
3875	0.00
3912	0.00
3864	0.00
3977	0.00
3890	0.00
3989	0.00
3352	0.00
3991	0.00
3877	0.00
3993	0.00
3917	0.00
3988	0.00
3945	0.00
3992	0.00
3987	0.41
3955	0.41
3941	9.17
3607	9.17
3251	0.08
3140	0.08
3614	9.09
3542	9.09
3982	2.38
3924	2.38
3605	2.20
3291	2.20
3984	0.33
3020	0.33
3752	1.71
3922	1.71
3689	1.86
3816	1.86
3573	0.82
3502	0.82
3660	7.29
3275	7.29
3993	0.00
3147	0.00
3948	8.29
3370	8.29
3631	5.76
3886	5.76
3993	0.00
3092	0.00
3986	11.96
3882	11.96
3845	12.84
3781	12.84
3883	5.47
3754	5.47
3799	3.72
3680	3.72
3748	3.12
3546	3.12
3997	1.99
3771	1.99
3849	11.08
3934	11.08
3957	8.10
3876	8.10
3697	4.62
3364	4.62
3940	0.11
3180	0.11
3405	18.19
3860	18.19
3930	8.15
3929	8.15
3838	7.56
3992	7.56
3978	9.13
3820	9.13
3957	8.40
3868	8.40
3993	0.00
3899	0.00
3746	11.11
3975	11.11
3932	4.53
3421	4.53
3757	1.17
3441	1.17
3816	1.92
3957	1.92
3794	13.49
3886	13.49
3882	4.06
3958	4.06
3440	2.83
3952	2.83
3805	7.21
3711	7.21
3724	2.77
3629	2.77
3721	7.79
3535	7.79
3962	3.57
3533	3.57
3667	0.97
3423	0.97
3584	3.61
3577	3.61
3992	7.14
3951	7.14
3280	2.96
3518	2.96
3172	1.52
3627	1.52
3217	1.18
3977	1.18
3632	0.00	239.54	2400
3993	0.00
3886	0.00
3993	0.00
3828	0.00
3979	0.00
3576	0.00
3995	0.00
3203	0.00
3994	0.00
3906	0.00
3985	0.00
3925	0.00
3992	0.00
3911	0.00
3991	0.00
3555	0.26
3213	0.26
3528	1.62
3988	1.62
3990	0.04
3058	0.04
3846	2.34
3463	2.34
3689	3.92
3864	3.92
3618	2.43
3951	2.43
3625	0.72
3939	0.72
3464	1.35
3271	1.35
3463	0.95
3492	0.95
3809	3.71
3440	3.71
3454	0.12
3189	0.12
3562	0.36
3851	0.36
3995	0.02
3337	0.02
3729	2.96
3948	2.96
3633	1.81
3939	1.81
3804	3.69
3591	3.69
3995	0.00
3148	0.00
3950	8.88
3662	8.88
3682	8.34
3488	8.34
3556	1.10
3959	1.10
3663	1.69
3483	1.69
3788	2.04
3681	2.04
3657	1.41
3940	1.41
3512	1.75
3560	1.75
3937	1.97
3295	1.97
3565	5.70
3859	5.70
3946	3.34
3473	3.34
3932	13.03
3438	13.03
3644	4.15
3948	4.15
3270	2.68
3583	2.68
3935	2.46
3880	2.46
3506	0.16
3830	0.16
3990	1.46
3197	1.46
3995	0.00
3036	0.00
3996	0.28
3155	0.28
3388	1.32
3338	1.32
3948	0.41
3176	0.41
3947	0.07
3334	0.07
3580	0.04
3769	0.04
3967	6.16
3682	6.16
3343	1.90
3661	1.90
3747	0.78
3330	0.78
3129	2.01
3824	2.01
3982	27.09
3418	27.09
3977	0.39
3514	0.39
3284	2.89
3965	2.89
3078	1.29
3939	1.29
3284	0.56
3296	0.56
Bzy_MHz	CPU%c1	PkgWatt	UncMHz
3982	2.89	504.72	2400
3880	0.00	265.94	2400
3881	0.00
3885	0.00
3923	0.00
3892	0.00
3986	0.00
3917	0.00
3995	0.00
3906	0.00
3998	0.00
3910	0.00
3998	0.00
3935	0.00
3995	0.00
3997	0.00
3998	0.00
3995	0.78
3969	0.78
3997	2.45
3954	2.45
3975	0.92
3920	0.92
3996	3.55
3646	3.55
3987	1.14
3763	1.14
3999	0.44
3896	0.44
3958	0.76
3793	0.76
3993	0.58
3972	0.58
3919	0.25
3762	0.25
3940	1.10
3986	1.10
3967	2.79
3943	2.79
3999	0.00
3957	0.00
3854	7.62
3898	7.62
3974	1.39
3837	1.39
3999	0.00
3463	0.00
3766	17.13
3841	17.13
3996	1.48
3966	1.48
3969	2.62
3812	2.62
3949	4.24
3827	4.24
3897	14.26
3919	14.26
3998	0.86
3931	0.86
3956	4.80
3927	4.80
3995	2.26
3932	2.26
3951	0.23
3899	0.23
3992	1.71
3864	1.71
3962	5.75
3924	5.75
3991	14.02
3891	14.02
3998	3.54
3976	3.54
3995	5.43
3969	5.43
3915	2.54
3919	2.54
3999	0.00
3985	0.00
3655	0.86
3926	0.86
3995	0.86
3932	0.86
3970	0.90
3861	0.90
3861	7.63
3939	7.63
3886	23.54
3907	23.54
3990	3.10
3993	3.10
3971	0.18
3909	0.18
3914	15.34
3921	15.34
3990	4.33
3987	4.33
3986	12.64
3902	12.64
3955	8.93
3971	8.93
3983	3.13
3966	3.13
3994	6.81
3971	6.81
3991	9.41
3993	9.41
3990	3.84
3996	3.84
3903	2.04
3927	2.04
3987	4.54
3986	4.54
3889	0.00	239.40	2400
3998	0.00
3884	0.00
3997	0.00
3952	0.00
3984	0.00
4000	0.00
3999	0.00
3909	0.00
3998	0.00
3916	0.00
3991	0.00
3924	0.00
3994	0.00
3900	0.00
3996	0.00
3929	1.71
3961	1.71
3953	0.02
3991	0.02
3995	2.11
3996	2.11
3974	5.09
3991	5.09
3963	1.75
3921	1.75
3949	4.26
3976	4.26
3942	5.21
3940	5.21
3981	0.79
3964	0.79
3981	0.43
3882	0.43
3966	0.55
3793	0.55
3937	0.13
3995	0.13
3984	0.91
3767	0.91
3999	0.00
3999	0.00
3934	4.73
3969	4.73
3947	0.41
3667	0.41
3983	0.80
3792	0.80
3999	0.00
4000	0.00
3961	4.16
3898	4.16
3962	2.71
3979	2.71
3950	1.39
3969	1.39
3982	1.05
3966	1.05
3987	2.93
3939	2.93
3966	1.54
3937	1.54
3977	1.13
3974	1.13
3984	1.16
3856	1.16
3970	3.53
3940	3.53
3976	2.79
3970	2.79
3977	0.64
3967	0.64
3962	1.02
3842	1.02
3989	2.48
3983	2.48
3954	2.47
3924	2.47
3961	0.37
3853	0.37
3782	0.60
3877	0.60
3999	0.00
4000	0.00
3999	0.00
3965	0.00
3973	1.26
3956	1.26
3978	0.43
3881	0.43
3986	0.23
3721	0.23
3988	0.01
3704	0.01
3949	12.60
3787	12.60
3865	1.66
3903	1.66
3990	1.15
3858	1.15
3967	0.00
3750	0.00
3989	30.33
3922	30.33
3983	0.54
3881	0.54
3964	0.67
3968	0.67
3927	0.35
3897	0.35
3994	2.57
3936	2.57
Bzy_MHz	CPU%c1	PkgWatt	UncMHz
3982	1.70	502.95	2400
3880	0.00	263.09	2400
3881	0.00
3884	0.00
3918	0.00
3894	0.00
3986	0.00
3954	0.00
3997	0.00
3938	0.00
3998	0.00
3997	0.00
3998	0.00
3915	0.00
3994	0.00
3999	0.00
3999	0.00
3964	2.14
3998	2.14
3985	1.77
3962	1.77
3843	0.35
3867	0.35
3999	0.00
3473	0.00
3959	0.37
3769	0.37
3999	0.18
3678	0.18
3897	2.14
3802	2.14
3994	1.13
3965	1.13
3866	1.13
3971	1.13
3984	0.78
3894	0.78
3979	2.10
3966	2.10
3999	0.00
3973	0.00
3970	3.55
3787	3.55
3976	2.60
3782	2.60
3998	0.00
3588	0.00
3770	13.26
3729	13.26
3983	2.16
3995	2.16
3992	1.54
3563	1.54
3962	1.71
3497	1.71
3870	4.42
3811	4.42
3998	0.63
3687	0.63
3942	4.05
3892	4.05
3961	2.67
3799	2.67
3940	2.04
3969	2.04
3938	0.98
3921	0.98
3974	0.37
3825	0.37
3940	1.71
3610	1.71
4000	0.93
3977	0.93
3963	0.49
3737	0.49
3967	1.01
3967	1.01
3998	3.05
3953	3.05
3984	1.90
3705	1.90
3954	1.56
3793	1.56
3999	1.65
3955	1.65
3835	0.96
3987	0.96
3993	1.95
3888	1.95
3986	1.43
3972	1.43
3970	0.68
3894	0.68
3811	0.49
3971	0.49
3937	0.70
3977	0.70
3986	6.85
3892	6.85
3542	6.05
3940	6.05
3989	0.94
3927	0.94
3898	4.38
3994	4.38
3851	5.72
3990	5.72
3985	2.37
3903	2.37
3954	3.92
3973	3.92
3912	1.32
3803	1.32
3883	0.00	239.11	2400
3998	0.00
3926	0.00
3999	0.00
3953	0.00
3986	0.00
3997	0.00
4000	0.00
3955	0.00
3999	0.00
3917	0.00
3991	0.00
3936	0.00
3994	0.00
3896	0.00
3998	0.00
3958	0.76
3974	0.76
3915	0.00
3960	0.00
3997	2.47
3972	2.47
3987	34.66
3971	34.66
3968	1.75
3932	1.75
3972	1.78
3976	1.78
3956	2.42
3980	2.42
3986	1.37
3981	1.37
3982	0.68
3944	0.68
3964	2.94
3991	2.94
3957	2.26
3970	2.26
3978	0.59
3976	0.59
4000	0.01
3999	0.01
3995	1.19
3861	1.19
3944	0.38
3891	0.38
3982	1.02
3915	1.02
4000	0.00
4000	0.00
3968	2.82
3958	2.82
3971	0.77
3987	0.77
3969	1.91
3975	1.91
3982	1.53
3962	1.53
3976	0.74
3963	0.74
3963	1.04
3962	1.04
3979	1.88
3990	1.88
3977	1.92
3882	1.92
3971	2.29
3979	2.29
3975	1.81
3933	1.81
3978	0.12
3869	0.12
3926	0.37
3876	0.37
3864	0.26
3983	0.26
3967	1.06
3911	1.06
3973	0.27
3923	0.27
3950	0.02
3846	0.02
4000	0.00
4000	0.00
4000	0.00
4000	0.00
3988	0.04
3992	0.04
3973	0.47
3924	0.47
3977	0.14
3893	0.14
3978	0.01
3845	0.01
3977	8.83
3807	8.83
3883	1.36
3918	1.36
3985	0.45
3754	0.45
3945	0.15
3928	0.15
3850	0.32
3914	0.32
3983	0.53
3915	0.53
3914	0.00
3872	0.00
3917	0.02
3938	0.02
3949	2.66
3967	2.66
Bzy_MHz	CPU%c1	PkgWatt	UncMHz
3983	1.55	501.72	2400
3882	0.00	263.16	2400
3883	0.00
3888	0.00
3923	0.00
3895	0.00
3987	0.00
3949	0.00
3996	0.00
3881	0.00
3998	0.00
3936	0.00
3999	0.00
3947	0.00
3996	0.00
3997	0.00
3999	0.00
3976	1.24
3927	1.24
3941	0.93
3858	0.93
3861	1.07
3996	1.07
3999	0.00
3903	0.00
3974	0.40
3911	0.40
3400	0.43
3714	0.43
3974	0.67
3819	0.67
3989	1.03
3970	1.03
3946	0.84
3925	0.84
3953	2.66
3916	2.66
3960	1.69
3279	1.69
3999	0.00
3972	0.00
3967	3.71
3948	3.71
3957	4.52
3709	4.52
3999	0.00
3931	0.00
3798	11.23
3912	11.23
3938	5.43
3939	5.43
3973	2.91
3223	2.91
3993	1.46
3869	1.46
3999	0.69
3969	0.69
3998	2.34
3945	2.34
3988	3.71
3979	3.71
3937	4.18
3763	4.18
3933	3.06
3965	3.06
3994	1.15
3950	1.15
3962	0.27
3873	0.27
3998	0.98
3924	0.98
3997	0.36
3961	0.36
3975	3.11
3957	3.11
3960	3.30
3974	3.30
3998	2.24
3976	2.24
3992	3.40
3961	3.40
3989	1.08
3965	1.08
3962	0.58
3965	0.58
3973	0.21
3987	0.21
3999	0.00
3980	0.00
3969	1.00
3958	1.00
3996	0.11
3945	0.11
3949	0.66
3919	0.66
3999	0.14
3957	0.14
3965	1.65
3948	1.65
3943	7.35
3843	7.35
3945	0.54
3964	0.54
3958	0.27
3976	0.27
3961	3.91
3967	3.91
3973	1.81
3923	1.81
3997	1.85
3996	1.85
3940	1.59
3641	1.59
3920	0.00	238.51	2400
3999	0.00
3889	0.00
3999	0.00
3945	0.00
3983	0.00
4000	0.00
4000	0.00
3951	0.00
3999	0.00
3928	0.00
3991	0.00
3937	0.00
3996	0.00
3899	0.00
3997	0.00
3973	1.02
3963	1.02
3982	0.47
3968	0.47
3998	2.32
3991	2.32
3988	35.66
3971	35.66
3976	0.71
3946	0.71
3984	0.18
3999	0.18
3981	0.87
3975	0.87
3980	1.14
3951	1.14
3982	0.56
3949	0.56
3971	1.83
3995	1.83
3982	0.39
3990	0.39
3982	1.92
3983	1.92
4000	0.00
4000	0.00
3972	0.67
3994	0.67
3948	0.79
3918	0.79
3973	1.40
3994	1.40
4000	0.01
4000	0.01
3963	2.80
3982	2.80
3968	0.32
3973	0.32
3977	1.95
3997	1.95
3986	1.84
3977	1.84
3982	0.80
3991	0.80
3970	2.20
3972	2.20
3975	1.26
3993	1.26
3986	0.49
4000	0.49
3974	1.59
3924	1.59
3986	0.13
3994	0.13
3988	0.02
3963	0.02
3970	0.41
3982	0.41
3688	0.00
3910	0.00
3994	1.19
3830	1.19
3992	0.15
3977	0.15
3983	0.15
3982	0.15
4000	0.00
4000	0.00
4000	0.00
4001	0.00
3989	0.09
3988	0.09
3980	0.21
3953	0.21
3992	0.00
3999	0.00
3990	0.01
4001	0.01
3982	11.81
3781	11.81
3927	1.17
3971	1.17
3989	0.01
3991	0.01
3974	0.01
3911	0.01
3940	0.71
3977	0.71
3986	0.46
3984	0.46
3965	0.20
3992	0.20
3973	0.00
3998	0.00
3969	1.57
3976	1.57
Bzy_MHz	CPU%c1	PkgWatt	UncMHz
3982	2.06	502.03	2400
3878	0.00	263.12	2400
3881	0.00
3887	0.00
3922	0.00
3894	0.00
3984	0.00
3917	0.00
3995	0.00
3834	0.00
3997	0.00
3874	0.00
3998	0.00
3917	0.00
3993	0.00
3993	0.00
3998	0.00
3930	1.40
3942	1.40
3996	2.16
3946	2.16
3977	2.60
3939	2.60
3998	2.31
3732	2.31
3985	1.69
3889	1.69
3772	0.72
3906	0.72
3957	0.83
3798	0.83
3985	1.11
3917	1.11
3897	0.71
3981	0.71
3930	0.72
3612	0.72
3990	1.02
3894	1.02
3998	0.00
3980	0.00
3975	5.01
3777	5.01
3962	5.35
3845	5.35
3998	0.00
3489	0.00
3829	5.69
3938	5.69
3924	1.87
3841	1.87
3837	13.71
3581	13.71
3940	3.63
3952	3.63
3917	1.06
3940	1.06
3998	0.41
3953	0.41
3916	4.00
3959	4.00
3937	2.06
3839	2.06
3941	2.33
3968	2.33
3971	1.01
3893	1.01
3918	2.11
3975	2.11
3784	4.70
3860	4.70
3966	0.90
3964	0.90
3980	4.23
3904	4.23
3939	2.60
3974	2.60
3923	3.95
3949	3.95
3947	5.01
3920	5.01
3935	2.92
3948	2.92
3945	3.34
3936	3.34
3998	0.05
3994	0.05
3998	0.00
3947	0.00
3958	4.36
3933	4.36
3999	1.03
3827	1.03
3917	4.15
3932	4.15
3983	1.02
3935	1.02
3957	5.28
3851	5.28
3885	4.80
3835	4.80
3923	3.18
3927	3.18
3914	0.45
3973	0.45
3959	4.96
3969	4.96
3956	3.12
3913	3.12
3919	3.75
3995	3.75
3918	3.44
3955	3.44
3877	0.00	239.20	2400
3997	0.00
3862	0.00
3999	0.00
3941	0.00
3993	0.00
4000	0.00
3999	0.00
3913	0.00
3998	0.00
3932	0.00
3990	0.00
3939	0.00
3998	0.00
3955	0.00
3999	0.00
3968	1.66
3937	1.66
3924	1.39
3913	1.39
3993	1.82
3954	1.82
3984	26.79
3969	26.79
3948	0.87
3864	0.87
3974	0.28
3965	0.28
3919	1.56
3970	1.56
3962	0.58
3790	0.58
3968	0.43
3884	0.43
3968	0.69
3974	0.69
3911	0.14
3958	0.14
3967	0.07
3980	0.07
3999	0.01
4000	0.01
3956	1.12
3968	1.12
3934	1.13
3864	1.13
3955	0.46
3847	0.46
3999	0.00
4000	0.00
3973	2.02
3895	2.02
3987	3.59
3938	3.59
3973	3.63
3976	3.63
3969	2.64
3758	2.64
3964	2.87
3742	2.87
3971	2.29
3860	2.29
3968	2.58
3981	2.58
3981	2.73
3940	2.73
3973	1.45
3947	1.45
3964	3.49
3887	3.49
3964	0.10
3994	0.10
3991	1.71
3950	1.71
3961	0.83
3898	0.83
3945	2.55
3745	2.55
3944	0.18
3870	0.18
3942	0.02
3962	0.02
3999	0.00
3971	0.00
3999	0.00
4000	0.00
3971	0.60
3961	0.60
3990	1.03
3751	1.03
3967	0.00
3675	0.00
3977	0.08
3860	0.08
3895	10.21
3830	10.21
3944	2.76
3964	2.76
3891	1.07
3894	1.07
3972	1.03
3877	1.03
3986	7.86
3922	7.86
3969	2.21
3941	2.21
3951	0.71
3930	0.71
3951	0.66
3695	0.66
3818	0.52
3970	0.52
Bzy_MHz	CPU%c1	PkgWatt	UncMHz
3983	1.57	502.14	2400
3881	0.00	262.90	2400
3882	0.00
3887	0.00
3922	0.00
3896	0.00
3989	0.00
3895	0.00
3995	0.00
3948	0.00
3998	0.00
3928	0.00
3999	0.00
3920	0.00
3996	0.00
3999	0.00
3999	0.00
3897	0.97
3946	0.97
3951	0.35
3913	0.35
3927	0.77
3933	0.77
3923	0.51
3657	0.51
3953	1.12
3892	1.12
3904	0.02
3208	0.02
3909	1.21
3398	1.21
3977	1.14
3943	1.14
3998	0.18
3702	0.18
3945	0.22
3928	0.22
3963	0.10
3279	0.10
3998	0.46
3933	0.46
3968	6.39
3693	6.39
3998	1.18
3625	1.18
3999	0.00
3598	0.00
3997	1.93
3874	1.93
3912	2.28
3791	2.28
3996	6.57
3290	6.57
3867	6.48
3819	6.48
3849	3.50
3965	3.50
3999	0.43
3745	0.43
3887	9.78
3987	9.78
3922	3.05
3885	3.05
3865	1.83
3394	1.83
3990	0.20
3953	0.20
3924	0.50
3900	0.50
3956	0.50
3727	0.50
3963	0.25
3960	0.25
3912	0.83
3949	0.83
3987	0.86
3976	0.86
3817	3.61
3968	3.61
3960	0.80
3901	0.80
3999	1.83
3898	1.83
3958	2.13
3895	2.13
3998	0.49
3989	0.49
3998	0.66
3986	0.66
3959	1.32
3922	1.32
3963	1.04
3877	1.04
3918	0.64
3969	0.64
3969	0.02
3948	0.02
3978	3.40
3839	3.40
3699	4.07
3895	4.07
3932	2.99
3905	2.99
3941	0.10
3967	0.10
3902	5.52
3964	5.52
3962	1.84
3900	1.84
3999	1.33
3998	1.33
3996	2.29
3995	2.29
3901	0.00	239.17	2400
3998	0.00
3822	0.00
3999	0.00
3945	0.00
3987	0.00
4000	0.00
4000	0.00
3942	0.00
3999	0.00
3939	0.00
3992	0.00
3933	0.00
3997	0.00
3918	0.00
3999	0.00
3980	1.10
3912	1.10
3964	1.94
4001	1.94
3997	2.38
3994	2.38
3988	13.45
3943	13.45
3961	0.78
3950	0.78
3971	2.11
3992	2.11
3977	0.13
3998	0.13
3972	0.50
3956	0.50
3983	0.56
3960	0.56
3975	1.31
3912	1.31
3961	0.45
3982	0.45
3989	0.15
3947	0.15
4000	0.00
4000	0.00
3979	0.45
3993	0.45
3936	1.34
3979	1.34
3982	1.59
3951	1.59
4000	0.00
4000	0.00
3973	3.08
3919	3.08
3995	1.83
3905	1.83
3965	3.83
3916	3.83
3982	0.99
3959	0.99
3980	0.14
3778	0.14
3980	0.12
3959	0.12
3973	1.86
3989	1.86
3981	2.77
3966	2.77
3979	2.02
3971	2.02
3982	2.02
3946	2.02
3985	0.20
3983	0.20
3986	1.36
3972	1.36
3820	0.52
3982	0.52
3989	1.31
3787	1.31
3990	0.09
3956	0.09
3985	0.13
3983	0.13
4000	0.00
4000	0.00
4000	0.00
4001	0.00
3987	0.04
3966	0.04
3979	0.01
3838	0.01
3990	0.00
3773	0.00
3984	0.28
3952	0.28
3940	10.61
3839	10.61
3962	2.17
3988	2.17
3985	0.52
3988	0.52
3960	0.75
3974	0.75
3988	21.27
3979	21.27
3986	1.29
3941	1.29
3983	0.15
3953	0.15
3930	0.00
3909	0.00
3905	0.00
3979	0.00
Bzy_MHz	CPU%c1	PkgWatt	UncMHz
3982	1.57	502.95	2400
3880	0.00	263.01	2400
3881	0.00
3887	0.00
3923	0.00
3893	0.00
3987	0.00
3902	0.00
3996	0.00
3923	0.00
3997	0.00
3903	0.00
3999	0.00
3948	0.00
3995	0.00
3998	0.00
3999	0.00
3874	1.30
3957	1.30
3878	0.59
3945	0.59
3891	1.42
3946	1.42
3963	0.93
3941	0.93
3897	0.95
3913	0.95
3717	0.02
3590	0.02
3907	0.19
3913	0.19
3986	0.77
3912	0.77
3999	0.00
3812	0.00
3909	0.25
3806	0.25
3996	0.74
3877	0.74
3971	0.36
3891	0.36
3948	4.53
3732	4.53
3999	0.05
3637	0.05
3999	0.00
3612	0.00
3999	0.00
3975	0.00
3928	0.68
3818	0.68
3935	1.41
3771	1.41
3957	1.19
3833	1.19
3869	4.46
3903	4.46
3999	0.43
3916	0.43
3809	13.06
3947	13.06
3912	3.73
3936	3.73
3916	1.22
3631	1.22
3992	0.66
3863	0.66
3966	0.42
3963	0.42
3954	0.45
3864	0.45
3950	0.02
3958	0.02
3831	0.15
3968	0.15
3929	0.54
3912	0.54
3959	0.42
3941	0.42
3985	5.00
3898	5.00
3999	0.00
3963	0.00
3912	1.21
3951	1.21
3954	1.00
3975	1.00
3954	1.17
3970	1.17
3942	1.73
3972	1.73
3980	0.54
3944	0.54
3928	1.12
3946	1.12
3969	0.14
3940	0.14
3983	5.51
3845	5.51
3876	0.26
3970	0.26
3804	0.35
3801	0.35
3907	0.12
3930	0.12
3724	3.83
3955	3.83
3966	3.06
3905	3.06
3983	0.43
3936	0.43
3994	1.57
3997	1.57
3904	0.00	239.75	2400
3998	0.00
3841	0.00
3999	0.00
3950	0.00
3985	0.00
4000	0.00
4000	0.00
3943	0.00
3998	0.00
3923	0.00
3989	0.00
3912	0.00
3996	0.00
3962	0.00
3999	0.00
3971	0.98
3963	0.98
3986	0.46
3968	0.46
3959	0.28
3964	0.28
3997	3.28
3983	3.28
3943	2.40
3945	2.40
3954	2.04
3974	2.04
3973	1.22
3974	1.22
3960	0.90
3978	0.90
3970	0.94
3998	0.94
3976	1.70
3954	1.70
3949	1.45
3988	1.45
3987	1.82
3978	1.82
4000	0.02
4000	0.02
3965	0.71
3925	0.71
3940	1.22
3975	1.22
3983	1.24
3970	1.24
4000	0.00
4000	0.00
3967	2.21
3763	2.21
3977	2.30
3908	2.30
3982	1.51
3933	1.51
3972	2.61
3974	2.61
3959	2.74
3961	2.74
3984	0.52
3991	0.52
3977	3.13
3971	3.13
3952	5.88
3958	5.88
3971	1.76
3974	1.76
3974	3.61
3855	3.61
3971	1.81
3979	1.81
3965	3.16
3961	3.16
3919	0.05
3958	0.05
3978	1.50
3967	1.50
3983	0.44
3980	0.44
3980	0.07
3963	0.07
4000	0.00
4000	0.00
4000	0.00
4000	0.00
3981	0.01
3940	0.01
3980	0.01
3999	0.01
3984	0.01
3887	0.01
3980	0.37
3938	0.37
3977	11.60
3790	11.60
3928	3.47
3969	3.47
3943	3.91
3979	3.91
3990	1.02
3980	1.02
3988	31.05
3968	31.05
3979	1.42
3942	1.42
3949	0.67
3995	0.67
3928	0.34
3923	0.34
3877	0.47
3945	0.47
Bzy_MHz	CPU%c1	PkgWatt	UncMHz
3983	1.52	502.79	2400
3882	0.00	263.32	2400
3883	0.00
3888	0.00
3922	0.00
3895	0.00
3987	0.00
3920	0.00
3998	0.00
3963	0.00
3999	0.00
4000	0.00
3999	0.00
3929	0.00
3995	0.00
3999	0.00
3999	0.00
3893	0.27
3925	0.27
3935	0.73
3951	0.73
3926	0.74
3751	0.74
3966	1.44
3973	1.44
3953	1.38
3949	1.38
3906	0.51
3841	0.51
3969	0.40
3748	0.40
3990	0.97
3939	0.97
3999	0.00
3547	0.00
3945	0.87
3206	0.87
3939	0.96
3781	0.96
3970	0.82
3882	0.82
3964	4.67
3692	4.67
3998	0.38
3937	0.38
3999	0.00
3572	0.00
3999	0.00
3950	0.00
3945	1.81
3952	1.81
3998	1.09
3999	1.09
3958	1.56
3904	1.56
3820	11.02
3820	11.02
3999	0.40
3939	0.40
3915	5.54
3995	5.54
3867	7.97
3986	7.97
3933	1.81
3548	1.81
3990	0.09
3721	0.09
3968	0.40
3961	0.40
3942	0.08
3929	0.08
3925	0.04
3961	0.04
3980	0.26
3974	0.26
3970	0.08
3934	0.08
3977	0.43
3979	0.43
3987	1.31
3852	1.31
3999	0.00
3994	0.00
3968	0.43
3929	0.43
3945	0.47
3987	0.47
3952	0.96
3978	0.96
3963	0.80
3976	0.80
3987	1.31
3981	1.31
3992	1.55
3983	1.55
3968	1.06
3965	1.06
3982	6.20
3849	6.20
3935	2.76
3915	2.76
3905	0.79
3826	0.79
3960	0.05
3978	0.05
3991	0.04
3996	0.04
3962	4.47
3944	4.47
3987	2.63
3935	2.63
3675	0.79
3999	0.79
3917	0.00	239.46	2400
3999	0.00
3919	0.00
4000	0.00
3951	0.00
3986	0.00
4000	0.00
4000	0.00
3924	0.00
3999	0.00
3926	0.00
3990	0.00
3938	0.00
3996	0.00
3939	0.00
3999	0.00
3982	0.71
3946	0.71
3980	0.68
3985	0.68
3964	0.14
3998	0.14
3999	1.43
3991	1.43
3955	0.29
4001	0.29
3980	0.59
3970	0.59
3976	1.30
3995	1.30
3982	2.46
3978	2.46
3982	0.68
3982	0.68
3974	1.94
3973	1.94
3977	0.08
3949	0.08
3977	0.86
3991	0.86
4000	0.00
4000	0.00
3982	1.82
3983	1.82
3949	0.61
3971	0.61
3993	0.12
3964	0.12
4000	0.00
4000	0.00
3970	2.24
4002	2.24
3982	0.92
3978	0.92
3979	1.12
3986	1.12
3980	1.17
3984	1.17
3964	1.83
3995	1.83
3973	1.72
3998	1.72
3994	2.37
3982	2.37
3973	5.49
3981	5.49
3984	2.51
3975	2.51
3971	4.92
3914	4.92
3958	1.18
3977	1.18
3984	0.38
3965	0.38
3990	3.65
3976	3.65
3996	0.28
3991	0.28
3985	2.18
3987	2.18
3984	0.01
3962	0.01
4000	0.00
4000	0.00
4000	0.00
4001	0.00
3989	0.01
3992	0.01
3979	0.34
3999	0.34
3992	0.00
4001	0.00
3986	0.00
3989	0.00
3780	13.68
3879	13.68
3897	3.21
3978	3.21
3989	0.61
3988	0.61
3960	0.01
3997	0.01
3988	29.75
3989	29.75
3986	1.15
3973	1.15
3975	0.87
3973	0.87
3988	1.13
3984	1.13
3965	1.41
3979	1.41
turbostat: cpu61 jitter 474 1968
Bzy_MHz	CPU%c1	PkgWatt	UncMHz
3982	1.58	502.77	2400
3882	0.00	262.71	2400
3883	0.00
3887	0.00
3924	0.00
3895	0.00
3986	0.00
3898	0.00
3997	0.00
3936	0.00
3998	0.00
3982	0.00
3999	0.00
3945	0.00
3997	0.00
3996	0.00
3999	0.00
3998	0.18
3975	0.18
3935	1.76
3955	1.76
3892	0.02
3775	0.02
3759	0.02
3413	0.02
3942	0.36
3901	0.36
3896	0.64
3639	0.64
3886	0.03
3264	0.03
3978	0.88
3925	0.88
3999	0.06
3871	0.06
3904	0.92
3338	0.92
3892	1.52
3830	1.52
4000	0.24
3922	0.24
3942	1.02
3740	1.02
3997	0.95
3700	0.95
3999	0.00
3589	0.00
3999	0.00
3722	0.00
3910	2.44
3939	2.44
3999	1.97
3999	1.97
3936	0.92
3608	0.92
3995	4.00
3952	4.00
3983	2.99
3715	2.99
3895	6.01
3987	6.01
3864	5.13
3885	5.13
3889	2.08
3471	2.08
3989	0.42
3713	0.42
3823	8.17
3961	8.17
3962	0.43
3790	0.43
3998	0.30
3973	0.30
3936	0.04
3973	0.04
3910	0.80
3753	0.80
3914	0.07
3988	0.07
3950	1.28
3897	1.28
3999	0.01
3897	0.01
3938	0.97
3946	0.97
3956	0.07
3849	0.07
3951	0.10
3950	0.10
3951	1.19
3970	1.19
3994	0.78
3969	0.78
3999	0.42
3964	0.42
3998	0.91
3981	0.91
3946	3.63
3827	3.63
3771	3.92
3875	3.92
3931	1.01
3790	1.01
3886	0.05
3944	0.05
3843	1.01
3999	1.01
3952	6.51
3885	6.51
3984	1.84
3926	1.84
3849	1.19
3903	1.19
3898	0.00	240.69	2400
3998	0.00
3904	0.00
3999	0.00
3949	0.00
3986	0.00
4000	0.00
4000	0.00
3928	0.00
3999	0.00
3927	0.00
3991	0.00
3938	0.00
3996	0.00
3964	0.00
3999	0.00
3942	0.36
3992	0.36
3971	0.97
3972	0.97
3961	0.52
3959	0.52
3999	2.25
3995	2.25
3918	0.53
3846	0.53
3913	0.91
3920	0.91
3942	1.99
3919	1.99
3980	0.36
3850	0.36
3972	0.34
3954	0.34
3977	3.00
3977	3.00
3929	1.27
3975	1.27
3973	4.64
3971	4.64
3999	0.00
3981	0.00
3974	1.96
3961	1.96
3943	1.22
3986	1.22
3982	0.34
3869	0.34
3999	0.00
4000	0.00
3999	0.85
3786	0.85
3980	1.35
3863	1.35
3973	3.94
3762	3.94
3945	1.05
3998	1.05
3966	2.80
3915	2.80
3960	5.47
3995	5.47
3969	3.34
3980	3.34
3962	6.53
3940	6.53
3950	2.94
3963	2.94
3977	2.01
3976	2.01
3960	2.98
3966	2.98
3953	1.09
3911	1.09
3992	1.70
3987	1.70
3993	1.26
3983	1.26
3979	1.86
3943	1.86
3976	0.02
3995	0.02
3999	0.24
3941	0.24
3999	0.00
3999	0.00
3965	0.01
3934	0.01
3985	0.01
3713	0.01
3981	0.00
3672	0.00
3979	0.22
3653	0.22
3756	12.77
3957	12.77
3910	2.38
3918	2.38
3987	0.43
3943	0.43
3959	0.02
3884	0.02
3987	28.62
3899	28.62
3984	1.42
3914	1.42
3975	0.87
3969	0.87
3981	0.68
3912	0.68
3924	0.67
3973	0.67
Bzy_MHz	CPU%c1	PkgWatt	UncMHz
3983	1.55	503.54	2400
3881	0.00	259.94	2400
3882	0.00
3889	0.00
3923	0.00
3894	0.00
3988	0.00
3906	0.00
3998	0.00
3886	0.00
3998	0.00
3877	0.00
3999	0.00
3916	0.00
3997	0.00
3985	0.00
3999	0.00
3998	0.35
3989	0.35
3980	1.57
3921	1.57
3890	0.80
3877	0.80
3943	0.18
3880	0.18
3907	0.69
3882	0.69
3731	0.44
3881	0.44
3765	0.22
3903	0.22
3996	0.22
3908	0.22
3917	0.02
3599	0.02
3927	0.52
3486	0.52
3998	0.29
3532	0.29
3999	0.00
3953	0.00
3957	1.22
3767	1.22
3998	0.14
3783	0.14
3999	0.00
3595	0.00
3999	0.00
3761	0.00
3848	1.55
3974	1.55
3858	0.63
3999	0.63
3999	0.21
3971	0.21
3939	2.56
3904	2.56
4000	1.18
3996	1.18
3927	2.26
3767	2.26
3928	1.68
3780	1.68
3984	3.39
3531	3.39
3987	0.18
3769	0.18
3848	8.57
3964	8.57
3856	8.21
3879	8.21
3983	0.38
3956	0.38
3975	0.05
3989	0.05
3985	0.53
3679	0.53
3941	0.93
3966	0.93
3991	1.79
3757	1.79
3541	0.04
3917	0.04
3942	0.48
3936	0.48
3924	0.74
3950	0.74
3461	0.52
3918	0.52
3971	0.46
3992	0.46
3992	1.10
3980	1.10
3996	0.18
3882	0.18
3911	0.76
3749	0.76
3939	5.31
3860	5.31
3848	1.14
3880	1.14
3946	0.54
3733	0.54
3970	0.04
3964	0.04
3856	0.00
3882	0.00
3982	2.39
3925	2.39
3900	2.68
3890	2.68
3620	1.31
3908	1.31
3894	0.00	243.31	2400
3998	0.00
3870	0.00
3999	0.00
3952	0.00
3986	0.00
4000	0.00
3999	0.00
3945	0.00
3999	0.00
3924	0.00
3993	0.00
3916	0.00
3994	0.00
3932	0.00
3998	0.00
3978	1.81
3947	1.81
3988	0.37
3978	0.37
3958	0.52
3978	0.52
3998	1.21
3999	1.21
3966	2.70
3925	2.70
3945	4.75
3836	4.75
3926	0.06
3992	0.06
3960	0.01
3692	0.01
3963	0.33
3952	0.33
3959	4.58
3974	4.58
3917	0.86
3979	0.86
3931	3.39
3984	3.39
4000	0.00
4000	0.00
3995	2.90
3983	2.90
3928	5.20
3976	5.20
3982	3.28
3968	3.28
3999	0.02
4000	0.02
4000	0.61
3862	0.61
3989	1.49
3679	1.49
3999	1.09
3900	1.09
3974	1.79
3993	1.79
3969	2.71
3940	2.71
3972	2.29
4000	2.29
3977	2.34
3915	2.34
3970	3.80
3762	3.80
3937	3.69
3918	3.69
3979	2.84
3920	2.84
3964	1.37
3978	1.37
3982	1.59
3950	1.59
3963	1.98
3979	1.98
3993	2.34
3979	2.34
3981	1.76
3903	1.76
3975	0.39
3988	0.39
3875	0.31
3989	0.31
4000	0.00
4000	0.00
3980	0.02
3996	0.02
3979	0.03
3994	0.03
3989	0.00
3648	0.00
3980	0.15
3847	0.15
3780	13.18
3859	13.18
3896	1.13
3818	1.13
3991	0.00
3974	0.00
3882	0.33
3847	0.33
3991	29.66
3851	29.66
3981	1.39
3880	1.39
3974	1.11
3977	1.11
3984	1.21
3962	1.21
3955	2.71
3975	2.71
Bzy_MHz	CPU%c1	PkgWatt	UncMHz
3983	1.65	504.64	2400
3879	0.00	264.64	2400
3880	0.00
3889	0.00
3924	0.00
3898	0.00
3987	0.00
3923	0.00
3997	0.00
3970	0.00
3999	0.00
3869	0.00
3999	0.00
3927	0.00
3997	0.00
4000	0.00
3999	0.00
3999	0.39
3989	0.39
3941	2.35
3921	2.35
3919	0.78
3933	0.78
3961	3.64
3966	3.64
3947	1.01
3996	1.01
3939	1.31
3952	1.31
3971	0.36
3894	0.36
3994	0.73
3954	0.73
3869	1.07
3964	1.07
3948	1.06
3933	1.06
3971	0.24
3915	0.24
3999	0.00
3958	0.00
3957	1.93
3941	1.93
3998	1.42
3965	1.42
3999	0.00
3571	0.00
3999	0.00
3972	0.00
3916	1.55
3946	1.55
3875	0.89
3977	0.89
3999	0.00
3970	0.00
3959	3.82
3973	3.82
3999	2.06
3971	2.06
3923	3.25
3964	3.25
3927	1.00
3948	1.00
3898	1.77
3878	1.77
3987	1.02
3676	1.02
3835	9.52
3945	9.52
3962	2.37
3973	2.37
3818	10.77
3977	10.77
3969	1.72
3958	1.72
3996	0.74
3960	0.74
3970	1.40
3953	1.40
3997	1.72
3923	1.72
3852	0.10
3969	0.10
3964	0.63
3943	0.63
3966	0.45
3965	0.45
3913	17.47
3942	17.47
3998	1.24
3973	1.24
3984	0.55
3923	0.55
3992	0.47
3940	0.47
3955	1.82
3958	1.82
3962	0.70
3913	0.70
3961	5.95
3856	5.95
3918	0.36
3926	0.36
3929	0.23
3971	0.23
3729	0.15
3985	0.15
3987	1.32
3915	1.32
3927	2.32
3910	2.32
3913	1.16
3723	1.16
3854	0.00	239.74	2400
3998	0.00
3873	0.00
3999	0.00
3950	0.00
3986	0.00
4000	0.00
4000	0.00
3923	0.00
3999	0.00
3909	0.00
3991	0.00
3911	0.00
3995	0.00
3917	0.00
3999	0.00
3968	1.45
3910	1.45
3981	0.90
3965	0.90
3961	0.50
3963	0.50
3996	2.56
3985	2.56
3986	30.04
3994	30.04
3970	1.05
3940	1.05
3969	0.26
3986	0.26
3965	0.57
3958	0.57
3977	0.32
3964	0.32
3976	0.84
3996	0.84
3951	1.33
3984	1.33
3978	3.80
3975	3.80
4000	0.00
4000	0.00
3978	1.42
3989	1.42
3951	2.57
3975	2.57
3975	2.50
3978	2.50
4000	0.00
4000	0.00
3978	0.21
3974	0.21
3990	1.78
3878	1.78
4000	0.00
4000	0.00
3968	4.43
3975	4.43
3965	2.42
3990	2.42
3974	1.03
3971	1.03
3972	0.99
3949	0.99
3988	1.33
3985	1.33
3979	2.16
3966	2.16
3971	2.40
3950	2.40
3957	1.08
3970	1.08
3967	2.20
3968	2.20
3991	0.64
3990	0.64
3955	0.78
3965	0.78
3981	0.91
3974	0.91
3966	1.57
3982	1.57
3683	0.01
3968	0.01
4000	0.00
4002	0.00
3984	0.11
3880	0.11
3974	0.16
3929	0.16
3987	0.33
3974	0.33
3980	0.18
3997	0.18
3952	10.00
3785	10.00
3925	1.42
3954	1.42
3909	0.00
3948	0.00
3392	0.01
3837	0.01
3830	0.01
3927	0.01
3981	1.65
3968	1.65
3959	0.61
3943	0.61
3964	0.30
3973	0.30
3745	0.85
3983	0.85
turbostat: cpu60 jitter 5586 2418
Bzy_MHz	CPU%c1	PkgWatt	UncMHz
3982	2.46	504.84	2400
3880	0.00	265.66	2400
3880	0.00
3884	0.00
3918	0.00
3898	0.00
3988	0.00
3897	0.00
3998	0.00
3962	0.00
3998	0.00
3900	0.00
3999	0.00
3958	0.00
3997	0.00
3998	0.00
3999	0.00
3997	1.05
3967	1.05
3998	0.55
3954	0.55
3892	0.50
3921	0.50
3962	1.37
3927	1.37
3937	6.90
3967	6.90
3998	1.90
3971	1.90
3876	4.93
3950	4.93
3986	2.24
3987	2.24
3994	3.44
3889	3.44
3920	2.20
3966	2.20
3998	1.54
3976	1.54
3998	2.01
3987	2.01
3971	2.12
3963	2.12
3997	1.48
3937	1.48
3999	0.00
3568	0.00
3999	0.00
3979	0.00
3941	5.90
3959	5.90
3992	1.13
3951	1.13
3999	0.00
3961	0.00
3969	6.09
3974	6.09
3973	0.71
3903	0.71
3946	3.94
3942	3.94
3991	0.47
3884	0.47
3909	0.77
3785	0.77
3977	1.10
3716	1.10
3890	7.09
3963	7.09
3966	6.74
3737	6.74
3833	7.00
3942	7.00
3908	7.34
3985	7.34
3971	2.65
3909	2.65
3998	1.57
3980	1.57
3977	6.03
3982	6.03
3912	3.45
3976	3.45
3973	2.48
3972	2.48
3966	1.01
3973	1.01
3857	59.45
3892	59.45
3954	1.05
3974	1.05
3977	1.37
3911	1.37
3984	1.23
3867	1.23
3969	1.39
3919	1.39
3980	6.36
3824	6.36
3897	3.92
3940	3.92
3984	3.28
3982	3.28
3893	0.75
3960	0.75
3779	2.25
3974	2.25
3998	1.96
3954	1.96
3999	2.40
3995	2.40
3727	3.31
3854	3.31
3905	0.00	239.41	2400
3999	0.00
3924	0.00
3999	0.00
3956	0.00
3987	0.00
4000	0.00
4000	0.00
3939	0.00
3999	0.00
3928	0.00
3990	0.00
3919	0.00
3996	0.00
3904	0.00
3998	0.00
3972	1.46
3959	1.46
3985	0.60
3966	0.60
3965	0.39
3986	0.39
3997	3.66
3994	3.66
3987	30.54
3804	30.54
3915	2.17
3857	2.17
3875	0.02
3988	0.02
3970	0.09
3460	0.09
3985	0.16
3988	0.16
3917	0.00
3965	0.00
3936	1.21
3996	1.21
3944	1.24
3973	1.24
4000	0.00
4000	0.00
3981	1.95
3983	1.95
3936	2.10
3885	2.10
3989	0.85
3923	0.85
4000	0.02
4000	0.02
3984	0.10
3820	0.10
3976	0.37
3545	0.37
4000	0.01
4000	0.01
3994	1.74
3999	1.74
3965	3.57
3930	3.57
3979	0.32
3992	0.32
3975	1.25
3638	1.25
3982	1.30
3837	1.30
3872	1.26
3927	1.26
3977	3.94
3855	3.94
3988	0.28
3805	0.28
3986	0.96
3974	0.96
3910	1.24
3975	1.24
3995	2.06
3933	2.06
3982	3.43
3933	3.43
3979	1.73
3961	1.73
3983	0.53
3986	0.53
4000	0.00
4001	0.00
3985	0.59
3988	0.59
3997	1.16
3972	1.16
3985	0.38
3846	0.38
3980	0.69
3798	0.69
3986	11.98
3771	11.98
3975	0.55
3898	0.55
3988	0.00
3999	0.00
3961	0.03
3999	0.03
3960	0.01
3746	0.01
3986	1.19
3936	1.19
3966	1.44
3972	1.44
3959	0.30
3903	0.30
3942	0.22
3992	0.22
Bzy_MHz	CPU%c1	PkgWatt	UncMHz
3983	1.68	505.12	2400
3879	0.00	265.60	2400
3879	0.00
3886	0.00
3924	0.00
3891	0.00
3989	0.00
3887	0.00
3998	0.00
3951	0.00
3998	0.00
3946	0.00
3999	0.00
3918	0.00
3997	0.00
3999	0.00
3999	0.00
3899	1.04
3966	1.04
3943	0.95
3949	0.95
3899	0.81
3951	0.81
3949	0.11
3557	0.11
3978	0.34
3965	0.34
3982	2.02
3966	2.02
3832	2.74
3930	2.74
3958	0.78
3955	0.78
3999	0.00
3903	0.00
3897	0.33
3810	0.33
3999	0.40
3994	0.40
3976	2.02
3990	2.02
3966	3.07
3974	3.07
3998	1.36
3998	1.36
3999	0.00
3652	0.00
3999	0.00
3772	0.00
3787	1.28
3969	1.28
3996	3.40
3937	3.40
3999	0.00
3942	0.00
3880	3.87
3965	3.87
3999	1.18
3927	1.18
3949	4.08
3963	4.08
3966	3.09
3914	3.09
3977	1.41
3834	1.41
3985	0.40
3488	0.40
3956	4.02
3882	4.02
3949	5.56
3884	5.56
3948	0.91
3913	0.91
3970	13.85
3826	13.85
3981	2.24
3886	2.24
3932	0.50
3909	0.50
3975	6.93
3960	6.93
3969	2.72
3985	2.72
3965	0.80
3976	0.80
3969	2.71
3968	2.71
3887	5.98
3958	5.98
3959	3.58
3977	3.58
3981	1.29
3902	1.29
3984	1.37
3821	1.37
3994	2.33
3881	2.33
3996	2.50
3817	2.50
3958	4.99
3936	4.99
3991	1.13
3940	1.13
3851	0.86
3984	0.86
3963	2.99
3969	2.99
3974	0.19
3977	0.19
3996	1.16
3196	1.16
3902	2.83
3905	2.83
3889	0.00	239.14	2400
3998	0.00
3858	0.00
3999	0.00
3951	0.00
3988	0.00
4000	0.00
3999	0.00
3888	0.00
3998	0.00
3933	0.00
3993	0.00
3943	0.00
3996	0.00
3920	0.00
3998	0.00
3979	0.82
3968	0.82
3984	0.18
3971	0.18
3966	0.32
3947	0.32
3996	2.16
3994	2.16
3984	31.38
3903	31.38
3962	1.15
3882	1.15
3953	0.05
3986	0.05
3962	0.20
3775	0.20
3947	0.30
3880	0.30
3984	0.65
3957	0.65
3972	0.98
3995	0.98
3958	0.45
3978	0.45
3999	0.00
4000	0.00
3979	1.68
3975	1.68
3934	2.42
3905	2.42
3983	2.54
3954	2.54
3999	0.00
3997	0.00
3949	0.10
3881	0.10
3979	0.82
3869	0.82
3999	0.00
3994	0.00
3980	0.49
3954	0.49
3954	3.79
3960	3.79
3966	1.22
3984	1.22
3971	1.71
3947	1.71
3975	0.46
3809	0.46
3935	1.10
3897	1.10
3973	1.23
3932	1.23
3980	0.35
3878	0.35
3984	0.78
3969	0.78
3763	0.25
3961	0.25
3975	2.70
3775	2.70
3982	3.98
3941	3.98
3985	0.69
3975	0.69
3907	0.02
3994	0.02
3999	0.00
3999	0.00
3967	0.46
3971	0.46
3984	0.68
3974	0.68
3988	0.25
3886	0.25
3975	0.02
3800	0.02
3949	11.84
3777	11.84
3913	1.22
3890	1.22
3989	0.00
3935	0.00
3904	0.01
3878	0.01
3958	0.17
3870	0.17
3975	0.65
3903	0.65
3972	0.87
3957	0.87
3965	0.22
3801	0.22
3969	0.54
3979	0.54
Bzy_MHz	CPU%c1	PkgWatt	UncMHz
3983	2.17	503.85	2400
3881	0.00	265.91	2400
3881	0.00
3885	0.00
3921	0.00
3890	0.00
3986	0.00
3900	0.00
3998	0.00
3902	0.00
3997	0.00
3903	0.00
3998	0.00
3944	0.00
3997	0.00
3999	0.00
3999	0.00
3933	1.26
3981	1.26
3948	1.56
3969	1.56
3941	2.74
3917	2.74
3970	0.84
3578	0.84
3957	2.05
3115	2.05
3965	4.57
3970	4.57
3951	7.12
3983	7.12
3984	4.50
3958	4.50
3997	0.21
3595	0.21
3980	1.42
3970	1.42
3998	0.40
3998	0.40
3980	5.99
3954	5.99
3999	1.93
3961	1.93
3945	5.55
3966	5.55
3998	0.00
3593	0.00
3997	3.42
3953	3.42
3992	3.20
3983	3.20
3969	5.01
3914	5.01
3998	0.00
3893	0.00
3950	2.61
3977	2.61
3976	1.53
3977	1.53
3947	3.14
3972	3.14
3995	3.42
3976	3.42
3922	2.01
3971	2.01
3983	5.45
3959	5.45
3946	12.77
3906	12.77
3996	7.41
3773	7.41
3926	2.97
3979	2.97
3968	4.93
3904	4.93
3772	16.10
3969	16.10
3989	4.42
3991	4.42
3971	0.91
3884	0.91
3999	4.59
3983	4.59
3991	1.79
3959	1.79
3966	0.96
3965	0.96
3905	5.03
3959	5.03
3972	1.80
3975	1.80
3980	0.66
3970	0.66
3988	4.60
3985	4.60
3971	0.38
3948	0.38
3995	1.74
3996	1.73
3891	11.73
3839	11.73
3971	4.28
3983	4.28
3977	2.83
3989	2.83
3987	2.78
3958	2.78
3969	5.28
3883	5.28
3987	3.83
3999	3.83
3934	2.51
3857	2.51
3897	0.00	238.51	2400
3999	0.00
3915	0.00
4000	0.00
3945	0.00
3988	0.00
4000	0.00
4000	0.00
3948	0.00
3999	0.00
3964	0.00
3996	0.00
3931	0.00
3998	0.00
3933	0.00
3999	0.00
3978	0.48
3999	0.48
3986	0.06
3972	0.06
3968	0.05
3998	0.05
3999	2.69
3995	2.69
3986	31.33
3965	31.33
3970	1.91
3930	1.91
3984	0.07
3998	0.07
3975	0.03
3958	0.03
3972	0.29
3999	0.29
3993	0.00
3998	0.00
3977	1.11
3996	1.11
3981	0.55
3982	0.55
4000	0.00
4000	0.00
3982	0.27
4000	0.27
3992	1.56
3923	1.56
3987	0.61
3996	0.61
4000	0.00
4000	0.00
3988	0.04
3993	0.04
3978	0.47
3979	0.47
4000	0.01
4000	0.01
3984	0.87
3984	0.87
3961	1.91
3997	1.91
3973	0.90
3994	0.90
3979	0.83
3964	0.83
3989	0.77
3960	0.77
3986	1.35
3894	1.35
3976	2.60
3914	2.60
3988	0.05
3947	0.05
3984	0.39
3964	0.39
3732	0.00
3804	0.00
3994	1.54
3791	1.54
3987	0.79
3965	0.79
3958	0.00
3967	0.00
3891	0.00
3993	0.00
4000	0.00
4002	0.00
3989	0.38
3995	0.38
3996	0.02
4000	0.02
3990	0.01
3984	0.01
3992	0.00
3994	0.00
3984	12.17
3770	12.17
3915	0.96
3987	0.96
3954	0.20
3989	0.20
3636	0.18
3847	0.18
3992	0.29
3980	0.29
3986	0.47
3971	0.47
3990	0.79
3979	0.79
3953	0.12
3992	0.12
3945	0.16
3989	0.16
Bzy_MHz	CPU%c1	PkgWatt	UncMHz
3982	2.34	505.73	2400
3879	0.00	266.71	2400
3880	0.00
3886	0.00
3919	0.00
3888	0.00
3984	0.00
3891	0.00
3997	0.00
3889	0.00
3997	0.00
3902	0.00
3998	0.00
3927	0.00
3996	0.00
3998	0.00
3998	0.00
3915	0.95
3967	0.95
3939	0.76
3899	0.76
3928	14.12
3897	14.12
3997	0.30
3576	0.30
3997	3.24
3892	3.24
3956	1.60
3965	1.60
3979	3.96
3985	3.96
3998	1.52
3985	1.52
3940	3.00
3947	3.00
3879	2.21
3966	2.21
3999	1.47
3976	1.47
3976	1.16
3958	1.16
3999	0.61
3930	0.61
3946	6.08
3931	6.08
3998	0.00
3628	0.00
3954	9.91
3886	9.91
3944	2.75
3854	2.75
3996	1.34
3944	1.34
3998	0.00
3944	0.00
3998	1.54
3986	1.54
3974	1.40
3899	1.40
3955	1.00
3981	1.00
3996	1.18
3946	1.18
3929	2.13
3963	2.13
3984	3.35
3910	3.35
3947	5.03
3896	5.03
3937	8.67
3977	8.67
3949	7.54
3997	7.54
3970	11.83
3970	11.82
3818	14.76
3932	14.76
3904	2.86
3969	2.86
3950	2.13
3961	2.13
3999	7.84
3966	7.84
3998	5.52
3988	5.52
3967	1.21
3981	1.21
3906	16.40
3963	16.40
3998	1.48
3986	1.48
3973	0.67
3910	0.67
3983	4.76
3948	4.76
3910	0.95
3944	0.95
3994	5.67
3824	5.68
3955	3.50
3849	3.50
3997	2.13
3986	2.13
3979	1.45
3979	1.45
3838	1.87
3967	1.87
3977	4.38
3982	4.38
3741	2.33
3996	2.33
3921	1.57
3887	1.57
3894	0.00	238.85	2400
3998	0.00
3908	0.00
3999	0.00
3954	0.00
3985	0.00
4000	0.00
4000	0.00
3933	0.00
3999	0.00
3926	0.00
3992	0.00
3900	0.00
3998	0.00
3923	0.00
3999	0.00
3981	0.81
3999	0.81
3980	0.67
3978	0.67
3996	2.80
3987	2.80
3985	1.02
3998	1.02
3984	24.06
3936	24.06
3972	1.63
3945	1.63
3970	1.46
3987	1.46
3968	0.02
3879	0.02
3975	0.01
3925	0.01
3993	0.01
3927	0.01
3977	1.48
3994	1.48
3962	0.95
3951	0.95
4000	0.00
4000	0.00
3979	0.58
3969	0.58
3940	2.82
3836	2.82
3996	1.15
3980	1.15
4000	0.00
4000	0.00
3961	0.07
3950	0.07
3979	0.24
3900	0.24
4000	0.00
4000	0.00
3967	1.03
3978	1.03
3972	1.05
3975	1.05
3970	0.58
3995	0.58
3976	1.23
3997	1.23
3986	0.61
3974	0.61
3939	2.30
3882	2.30
3978	0.94
3966	0.94
3980	0.20
3927	0.20
3983	0.37
3986	0.37
3945	0.03
3979	0.03
3996	1.14
3806	1.14
3990	0.01
3891	0.01
3997	0.00
4001	0.00
3901	0.01
3929	0.01
4000	0.00
4000	0.00
3989	0.01
3979	0.01
3984	0.08
3968	0.08
3992	0.46
3738	0.46
3972	1.42
3794	1.42
3980	11.05
3785	11.05
3899	10.36
3934	10.36
3986	0.00
3999	0.00
3967	0.01
4000	0.01
3984	7.48
3963	7.48
3985	0.44
3947	0.44
3993	1.03
3982	1.03
3961	0.00
3954	0.00
3933	0.00
3975	0.00
turbostat: cpu61 jitter 1616 5168
Bzy_MHz	CPU%c1	PkgWatt	UncMHz
3983	2.47	504.97	2400
3877	0.00	267.02	2400
3878	0.00
3887	0.00
3920	0.00
3892	0.00
3989	0.00
3897	0.00
3996	0.00
3915	0.00
3999	0.00
3849	0.00
3999	0.00
3914	0.00
3997	0.00
4000	0.00
4000	0.00
4000	0.00
3996	0.00
3952	1.19
3941	1.19
3898	0.93
3963	0.93
3984	2.52
3983	2.52
3998	1.70
3988	1.70
3950	1.30
3986	1.30
3991	0.94
3973	0.94
3973	0.32
3968	0.32
3963	0.27
3902	0.27
3975	4.84
3973	4.84
3999	0.35
3995	0.35
3954	1.67
3971	1.67
3970	2.00
3972	2.00
3959	4.28
3980	4.28
4000	0.00
3551	0.00
3994	14.28
3888	14.28
3908	2.15
3966	2.15
3995	1.37
3988	1.37
3999	0.00
3927	0.00
3999	0.13
3997	0.13
3973	1.19
3979	1.19
3965	1.90
3988	1.90
3952	1.44
3975	1.44
3928	2.09
3972	2.09
3961	0.53
3944	0.53
3961	6.68
3969	6.68
3995	5.16
3978	5.16
3963	2.51
3959	2.51
3967	10.75
3901	10.75
3951	4.30
3981	4.30
3836	28.89
3948	28.89
3971	2.25
3969	2.25
3973	0.87
3943	0.87
3967	0.28
3933	0.28
3977	0.35
3987	0.35
3942	14.42
3987	14.42
3964	3.97
3975	3.97
3999	1.13
3984	1.13
3992	7.76
3988	7.76
3972	10.34
3972	10.34
3992	7.79
3980	7.79
3980	6.63
3862	6.63
3970	3.38
3995	3.38
3972	7.85
3979	7.85
3969	2.72
3990	2.72
3996	14.57
3961	14.57
3996	6.18
3998	6.18
3988	4.50
3976	4.50
3908	0.00	238.43	2400
3998	0.00
3953	0.00
4000	0.00
3949	0.00
3988	0.00
4000	0.00
4000	0.00
3916	0.00
3999	0.00
3947	0.00
3994	0.00
3921	0.00
3997	0.00
3946	0.00
3999	0.00
3982	0.78
4000	0.78
3986	0.27
3960	0.27
3995	1.58
3997	1.58
3988	0.37
4001	0.37
3992	1.53
3968	1.53
3963	3.20
3910	3.20
3973	0.89
3998	0.89
3970	0.90
3969	0.90
3985	0.02
3939	0.02
3983	0.01
3957	0.01
3976	0.97
3997	0.97
3985	1.09
3960	1.09
4000	0.00
4000	0.00
3980	0.39
3995	0.39
3944	1.93
3898	1.93
3986	1.43
3970	1.43
4000	0.02
4000	0.02
3987	0.19
3986	0.19
3981	0.26
3948	0.26
4000	0.04
4000	0.04
3989	0.28
3948	0.28
3982	0.51
3995	0.51
3975	0.27
4000	0.27
3967	1.21
3993	1.21
3992	0.03
4000	0.03
3980	1.39
3865	1.39
3976	2.59
3908	2.59
3988	0.76
3985	0.76
3985	1.14
3979	1.14
3973	1.10
3977	1.10
3993	1.20
3797	1.20
3985	0.54
3989	0.54
3961	0.01
3981	0.01
3878	0.01
3988	0.01
4000	0.00
3998	0.00
3989	0.01
3960	0.01
3991	1.33
3963	1.33
3985	0.50
3983	0.50
3990	0.03
3962	0.03
3980	8.70
3945	8.70
3886	3.52
3997	3.52
3991	0.36
3951	0.36
3992	0.01
3954	0.01
3984	33.95
3987	33.95
3985	0.48
3972	0.48
3993	0.54
3984	0.54
3974	0.01
3990	0.01
3946	0.01
3990	0.01
Bzy_MHz	CPU%c1	PkgWatt	UncMHz
3981	3.21	507.02	2400
3877	0.00	267.13	2400
3878	0.00
3884	0.00
3919	0.00
3882	0.00
3983	0.00
3899	0.00
3992	0.00
3968	0.00
3997	0.00
3851	0.00
3996	0.00
3917	0.00
3994	0.00
3997	0.00
3997	0.00
3995	1.13
3980	1.13
3943	9.99
3902	9.99
3993	3.26
3932	3.26
3988	0.84
3947	0.84
3993	3.40
3894	3.40
3943	2.60
3918	2.60
3915	2.31
3984	2.31
3936	2.62
3952	2.62
3913	0.32
3988	0.32
3892	1.79
3965	1.79
3996	0.34
3940	0.34
3989	3.10
3958	3.10
3945	3.52
3950	3.52
3972	5.56
3913	5.56
3997	0.00
3606	0.00
3991	6.19
3914	6.19
3821	1.98
3947	1.98
3974	1.64
3962	1.64
3997	0.00
3980	0.00
3858	1.31
3961	1.31
3972	2.23
3904	2.23
3996	2.82
3957	2.82
3942	1.69
3942	1.69
3915	2.40
3907	2.40
3951	4.90
3921	4.90
3960	5.52
3884	5.52
3905	21.63
3880	21.63
3963	3.27
3932	3.27
3965	9.28
3932	9.28
3989	6.99
3939	6.99
3844	10.50
3928	10.50
3869	10.20
3934	10.20
3815	11.68
3926	11.68
3996	0.17
3988	0.17
3949	1.37
3967	1.37
3882	10.75
3858	10.75
3944	5.41
3934	5.41
3998	2.31
3945	2.31
3921	3.99
3988	3.99
3977	8.27
3982	8.27
3987	6.66
3937	6.66
3981	9.10
3961	9.10
3983	4.77
3956	4.77
3926	8.77
3939	8.77
3937	8.89
3979	8.89
3989	3.07
3928	3.07
3947	6.59
3913	6.59
3995	8.94
3996	8.94
3916	0.00	239.50	2400
3998	0.00
3877	0.00
3999	0.00
3940	0.00
3991	0.00
4000	0.00
4000	0.00
3940	0.00
3999	0.00
3939	0.00
3992	0.00
3911	0.00
3998	0.00
3946	0.00
3998	0.00
3972	3.47
3982	3.47
3954	3.80
3968	3.80
3990	1.60
3956	1.60
3978	1.38
3992	1.38
3966	10.87
3995	10.87
3978	13.13
3879	13.13
3965	0.24
3994	0.24
3972	0.35
3854	0.35
3986	0.00
3997	0.00
3983	0.01
3959	0.01
3972	1.40
3996	1.40
3971	0.71
3972	0.71
4000	0.00
3995	0.00
3968	3.70
3985	3.70
3936	3.69
3971	3.69
3986	2.36
3944	2.36
4000	0.00
4000	0.00
3972	0.15
3964	0.15
3974	0.27
3914	0.27
4000	0.00
4000	0.00
3968	0.54
3970	0.54
3974	1.33
3931	1.33
3986	3.32
3730	3.32
3986	4.93
3990	4.93
3988	3.87
3990	3.87
3985	2.28
3920	2.28
3981	3.97
3943	3.97
3974	2.53
3923	2.53
3988	1.19
3998	1.19
3973	1.07
3989	1.07
3986	1.49
3980	1.49
3980	3.62
3968	3.62
3961	2.97
3990	2.97
3975	2.05
3840	2.05
4000	0.00
4000	0.00
3978	0.61
3961	0.61
3993	0.70
3999	0.70
3987	0.27
3725	0.27
3975	0.08
3811	0.08
3809	8.51
3989	8.51
3830	3.53
3963	3.53
3979	0.00
3999	0.00
3980	0.23
3997	0.23
3981	25.30
3966	25.30
3978	2.60
3963	2.60
3977	1.51
3986	1.51
3927	0.27
3957	0.27
3957	0.00
3993	0.00
turbostat: cpu6 jitter 11200 5156
turbostat: cpu61 jitter 4684 872
Bzy_MHz	CPU%c1	PkgWatt	UncMHz
3983	2.25	503.91	2400
3879	0.00	265.12	2400
3880	0.00
3884	0.00
3918	0.00
3890	0.00
3986	0.00
3915	0.00
3994	0.00
3922	0.00
3998	0.00
4002	0.00
3999	0.00
3962	0.00
3998	0.00
3996	0.00
3999	0.00
3881	0.87
3948	0.87
3942	1.58
3957	1.58
3998	1.33
3959	1.33
3992	9.45
3722	9.45
3980	1.17
3913	1.17
3945	0.89
3512	0.89
3948	3.49
3987	3.49
3953	4.74
3985	4.74
3994	2.51
3975	2.51
3938	7.46
3894	7.46
3999	5.93
3988	5.93
3954	2.99
3963	2.99
3990	2.97
3984	2.97
3960	2.86
3970	2.86
3999	0.00
3640	0.00
3999	1.29
3819	1.29
3926	2.83
3914	2.83
3984	2.24
3945	2.24
3998	1.23
3984	1.23
3928	0.04
3222	0.04
3979	1.51
3890	1.51
3998	2.71
3917	2.71
3976	4.46
3918	4.46
3932	0.83
3904	0.83
3936	1.36
3926	1.36
3965	4.41
3936	4.41
3958	2.27
3983	2.27
3972	2.37
3930	2.37
3973	1.91
3973	1.91
3999	4.96
3976	4.96
3943	8.56
3971	8.56
3929	4.31
3962	4.31
3781	15.23
3840	15.23
3999	0.00
3990	0.00
3998	0.56
3980	0.56
3950	0.39
3889	0.39
3998	2.18
3976	2.18
3972	1.29
3909	1.29
3998	2.54
3986	2.54
3923	2.19
3837	2.19
3962	10.81
3923	10.81
3928	1.81
3991	1.81
3989	2.80
3732	2.80
3983	1.32
3882	1.32
3854	2.38
3969	2.38
3976	2.08
3944	2.08
3988	3.19
3997	3.19
3897	0.44
3829	0.44
3889	0.00	238.62	2400
3998	0.00
3929	0.00
3999	0.00
3923	0.00
3995	0.00
4000	0.00
4000	0.00
3904	0.00
3999	0.00
3943	0.00
3994	0.00
3945	0.00
3998	0.00
3921	0.00
3998	0.00
3970	2.38
3995	2.38
3947	4.04
3985	4.04
3962	0.64
3996	0.64
3985	0.72
3995	0.72
3944	13.03
3983	13.03
3978	4.17
3832	4.17
3984	1.96
3995	1.96
3977	0.17
3895	0.17
3986	0.00
3999	0.00
3987	0.03
3959	0.03
3974	0.61
3999	0.61
3974	0.30
3970	0.30
4000	0.00
4000	0.00
3980	1.03
3874	1.03
3935	0.58
3998	0.58
3983	2.19
3919	2.19
4000	0.00
4000	0.00
3957	0.04
3875	0.04
3984	0.05
3914	0.05
4000	0.02
4000	0.02
3976	0.44
4001	0.44
3984	0.28
3981	0.28
3983	0.07
3830	0.07
3993	0.28
3983	0.28
3986	1.08
3988	1.08
3959	1.76
3951	1.76
3925	11.73
3922	11.73
3838	1.73
3922	1.73
3984	0.21
3994	0.21
3861	0.00
3805	0.00
3994	0.22
3700	0.22
3993	0.20
3991	0.20
3976	0.54
3997	0.54
3891	0.24
3979	0.24
4000	0.00
4001	0.00
3983	0.42
3962	0.42
3997	1.32
3991	1.32
3990	0.03
3797	0.03
3987	0.09
3859	0.09
3814	8.36
3996	8.36
3834	3.29
3997	3.29
3984	0.00
3999	0.00
3960	0.00
3936	0.00
3970	35.76
3926	35.76
3952	2.60
3945	2.60
3942	2.61
3990	2.61
3990	0.25
3969	0.25
3983	1.23
3982	1.23
Bzy_MHz	CPU%c1	PkgWatt	UncMHz
3983	1.47	501.51	2400
3881	0.00	263.21	2400
3881	0.00
3885	0.00
3921	0.00
3894	0.00
3988	0.00
3903	0.00
3998	0.00
3910	0.00
3996	0.00
3888	0.00
3999	0.00
3832	0.00
3998	0.00
3999	0.00
3999	0.00
3917	1.40
3952	1.40
3938	1.58
3965	1.58
3914	1.38
3921	1.38
3998	0.21
3960	0.21
3968	1.15
3928	1.15
3968	0.97
3349	0.97
3849	1.07
3885	1.07
3883	0.15
3912	0.15
3998	0.23
3906	0.23
3957	0.09
3974	0.09
3475	2.92
3957	2.92
3913	1.18
3959	1.18
3875	2.01
3931	2.01
3943	1.66
3839	1.66
3999	0.18
3551	0.18
3999	0.00
3821	0.00
3940	1.76
3938	1.76
3983	2.42
3967	2.42
3748	1.66
3963	1.66
3932	0.08
3183	0.08
3994	1.12
3945	1.12
3999	3.34
3956	3.34
3998	0.49
3934	0.49
3997	3.77
3952	3.77
3998	1.14
3970	1.14
3980	1.81
3923	1.81
3998	1.07
3964	1.07
3970	2.31
3943	2.31
3966	2.66
3964	2.66
3999	0.00
3823	0.00
3999	0.70
3995	0.70
3899	5.28
3979	5.28
3815	11.48
3928	11.48
3999	0.00
3990	0.00
3996	2.15
3967	2.15
3988	3.69
3943	3.69
3776	0.07
3978	0.07
3969	1.81
3948	1.81
3950	0.56
3967	0.56
3959	1.87
3845	1.87
3971	8.73
3836	8.73
3951	2.05
3874	2.05
3972	0.74
3864	0.74
3942	2.66
3891	2.66
3963	4.43
3943	4.43
3965	2.02
3500	2.02
3982	0.44
3680	0.44
3917	0.03
3092	0.03
3915	0.00	238.22	2400
3998	0.00
3888	0.00
3999	0.00
3936	0.00
3998	0.00
3992	0.00
4000	0.00
3919	0.00
3999	0.00
3928	0.00
3994	0.00
3943	0.00
3998	0.00
3915	0.00
3999	0.00
3974	2.08
3988	2.08
3974	1.55
3974	1.55
3925	0.36
3938	0.36
3980	0.63
3995	0.63
3991	0.47
3966	0.47
3988	0.49
3853	0.49
3996	0.45
3997	0.45
3976	0.14
3777	0.14
3952	0.01
3996	0.01
3973	0.04
3864	0.04
3970	0.66
3998	0.66
3974	0.15
3990	0.15
4000	0.00
3998	0.00
3977	0.67
3930	0.67
3944	0.56
3841	0.56
3981	4.45
3874	4.45
4000	0.00
4000	0.00
3982	0.21
3834	0.21
3977	0.72
3845	0.72
4000	0.00
4000	0.00
3969	0.47
3928	0.47
3975	0.99
3944	0.99
3977	0.38
3720	0.38
3995	0.27
3936	0.27
3935	0.35
3955	0.35
3948	1.02
3901	1.02
3974	2.54
3902	2.54
3923	0.84
3885	0.84
3978	0.41
3926	0.41
3973	0.37
3954	0.37
3988	0.26
3968	0.26
3981	0.25
3844	0.25
3999	0.00
3720	0.00
3966	0.21
3987	0.21
4000	0.00
4000	0.00
3988	0.67
3979	0.67
3979	0.25
3771	0.25
3989	0.20
3913	0.20
3984	0.48
3905	0.48
3951	2.32
3972	2.32
3879	3.72
3979	3.72
3828	5.14
3963	5.14
3981	0.15
3817	0.15
3962	36.72
3843	36.72
3941	1.68
3929	1.68
3910	2.75
3983	2.75
3924	0.02
3951	0.02
3864	0.00
3941	0.00
Bzy_MHz	CPU%c1	PkgWatt	UncMHz
3984	1.47	501.75	2400
3881	0.00	265.14	2400
3882	0.00
3886	0.00
3918	0.00
3893	0.00
3987	0.00
3908	0.00
3999	0.00
3912	0.00
3997	0.00
3861	0.00
3999	0.00
3922	0.00
4000	0.00
4000	0.00
4000	0.00
4000	0.31
3976	0.31
3936	2.42
3962	2.42
3933	1.78
3959	1.78
3963	0.11
3490	0.11
3981	0.93
3929	0.93
3999	1.69
3561	1.69
3821	2.04
3998	2.04
3978	0.07
3949	0.07
3889	0.55
3947	0.55
4000	0.01
3813	0.01
3976	1.55
3976	1.55
3947	1.43
3967	1.43
3973	1.04
3959	1.04
3966	1.95
3974	1.95
3951	1.39
3685	1.39
4000	0.01
3971	0.01
3947	0.75
3941	0.75
3991	0.74
3971	0.74
3603	1.30
3976	1.30
3946	1.48
3971	1.48
3974	0.64
3989	0.64
3936	1.95
3974	1.95
4000	0.01
3974	0.01
3918	3.01
3977	3.01
3937	2.27
3960	2.27
3995	0.87
3965	0.87
3999	0.37
3997	0.37
3958	7.10
3985	7.10
3999	2.60
3974	2.60
4000	0.01
3994	0.01
3964	3.99
3989	3.99
3963	2.94
3960	2.94
3896	5.39
3971	5.39
3999	0.76
3967	0.76
3953	1.44
3973	1.44
3808	11.39
3976	11.39
3971	0.28
3990	0.28
3978	0.72
3937	0.72
3963	0.39
3983	0.39
3971	1.26
3950	1.26
3990	6.23
3837	6.23
3964	3.04
3943	3.04
3984	1.79
3960	1.79
3970	0.02
3860	0.02
3977	2.57
3961	2.57
3874	0.09
3705	0.09
3853	0.28
3842	0.28
3786	0.11
3092	0.11
3901	0.00	236.64	2400
3998	0.00
3901	0.00
4000	0.00
3965	0.00
3999	0.00
4000	0.00
4000	0.00
3930	0.00
3999	0.00
3945	0.00
3997	0.00
3955	0.00
3998	0.00
3954	0.00
3999	0.00
4000	0.73
4000	0.73
3979	0.80
3980	0.80
3965	0.05
3996	0.05
3987	0.66
3995	0.66
3971	0.69
3998	0.69
3985	0.68
3961	0.68
3998	0.65
3998	0.65
3978	0.29
3970	0.29
3978	0.16
3958	0.16
3983	0.02
3937	0.02
3975	0.40
3999	0.40
3985	0.14
3980	0.14
4000	0.01
4000	0.01
3975	1.27
3983	1.27
3948	0.53
3715	0.53
3985	1.94
3899	1.94
3998	0.03
4000	0.03
3987	0.11
4000	0.11
3976	0.41
3978	0.41
4000	0.01
4000	0.01
3989	1.30
3982	1.30
3962	2.38
3992	2.38
3987	0.51
3981	0.51
3978	0.42
3999	0.42
3986	1.62
3822	1.62
3977	1.01
3932	1.01
3980	1.02
3958	1.02
3922	0.84
3959	0.84
3983	0.41
3989	0.41
3940	0.54
3985	0.54
3990	0.70
3994	0.70
3992	0.04
3880	0.04
3980	0.26
3905	0.26
3967	2.15
3970	2.15
4000	0.00
3999	0.00
3989	0.01
3960	0.01
3986	0.01
3961	0.01
3989	0.99
3976	0.99
3988	0.22
3991	0.22
3992	0.05
3999	0.05
3882	1.25
3971	1.25
3774	14.44
3966	14.44
3815	0.16
3809	0.16
3955	38.70
3976	38.70
3985	0.53
3972	0.53
3921	2.62
3951	2.62
3955	0.13
4000	0.13
3687	0.17
3895	0.17
Bzy_MHz	CPU%c1	PkgWatt	UncMHz
3983	1.61	502.24	2400
3880	0.00	263.52	2400
3881	0.00
3887	0.00
3918	0.00
3891	0.00
3987	0.00
3890	0.00
3998	0.00
3909	0.00
3997	0.00
3914	0.00
3998	0.00
4001	0.00
3998	0.00
3996	0.00
3999	0.00
3931	0.12
3898	0.12
3947	1.74
3975	1.74
3965	2.43
3940	2.43
3970	0.04
3698	0.04
3999	1.47
3996	1.47
3999	0.62
3417	0.62
3947	0.50
3540	0.50
3893	0.34
3958	0.34
3810	0.82
3882	0.82
3998	0.00
3955	0.00
3860	0.95
3883	0.95
3904	2.24
3952	2.24
3963	0.46
3903	0.46
3950	2.52
3882	2.52
3951	0.34
3933	0.34
3998	0.26
3734	0.26
3904	1.50
3802	1.50
3962	2.17
3902	2.17
3773	2.90
3941	2.90
3955	1.90
3968	1.90
3962	1.66
3909	1.66
3939	2.90
3931	2.90
3999	0.00
3925	0.00
3947	1.18
3928	1.18
3938	3.68
3964	3.68
3997	1.99
3961	1.99
3998	0.49
3994	0.49
3954	6.61
3836	6.61
3993	6.39
3975	6.39
3999	0.25
3951	0.25
3986	5.45
3920	5.45
3967	1.86
3904	1.86
3936	6.76
3970	6.76
3936	0.51
3905	0.51
3907	3.10
3976	3.10
3792	15.03
3946	15.03
3966	0.24
3963	0.24
3970	0.83
3948	0.83
3983	0.46
3968	0.46
3904	1.02
3934	1.02
3868	7.17
3855	7.17
3953	1.46
3953	1.46
3986	0.96
3860	0.96
3970	0.11
3988	0.11
3935	4.04
3969	4.04
3783	1.05
3893	1.05
3926	0.33
3844	0.33
3912	0.02
3260	0.02
3918	0.00	238.95	2400
3998	0.00
3877	0.00
4000	0.00
3942	0.00
3998	0.00
3998	0.00
4000	0.00
3931	0.00
3999	0.00
3932	0.00
3996	0.00
3938	0.00
3997	0.00
3906	0.00
3999	0.00
4000	0.01
4000	0.01
3974	1.07
3990	1.07
3946	0.43
3959	0.43
3983	1.16
3994	1.16
3979	0.57
3998	0.57
3987	1.86
3892	1.86
3996	0.21
3997	0.21
3977	0.21
3918	0.21
3985	0.02
3977	0.02
3977	0.03
3923	0.03
3972	0.89
3999	0.89
3966	0.47
3994	0.47
4000	0.00
4000	0.00
3986	0.38
3960	0.38
3953	0.27
3888	0.27
3971	0.80
3941	0.80
3993	0.03
3989	0.03
3984	0.16
3943	0.16
3980	0.48
3907	0.48
4000	0.00
3998	0.00
3978	1.19
3963	1.19
3972	2.07
3975	2.07
3990	1.20
3799	1.20
3976	0.79
3892	0.79
3987	0.92
4000	0.92
3976	0.98
3957	0.98
3977	3.05
3904	3.05
3923	0.62
3714	0.62
3992	0.04
3980	0.04
3964	0.00
4001	0.00
3989	0.29
3970	0.29
3987	0.04
3883	0.04
3969	0.00
3960	0.00
3968	0.00
4000	0.00
4000	0.01
4001	0.01
3989	0.03
3961	0.03
3988	0.02
3960	0.02
3987	0.63
3892	0.63
3989	0.07
3929	0.07
3987	0.19
3993	0.19
3993	0.75
3997	0.75
3782	12.97
3959	12.97
3994	0.01
3936	0.01
3948	41.53
3865	41.53
3950	1.43
3936	1.43
3875	3.31
3981	3.31
3956	0.17
3944	0.17
3995	0.00
4000	0.00
Bzy_MHz	CPU%c1	PkgWatt	UncMHz
3983	1.55	503.02	2400
3880	0.00	264.28	2400
3881	0.00
3886	0.00
3917	0.00
3896	0.00
3987	0.00
3898	0.00
3998	0.00
3983	0.00
3999	0.00
4000	0.00
3999	0.00
3996	0.00
3999	0.00
3999	0.00
3999	0.00
3929	1.97
3978	1.97
3938	1.76
3977	1.76
3994	1.04
3963	1.04
3968	0.14
3751	0.14
3980	0.82
3960	0.82
3999	0.00
3789	0.00
3905	0.45
3775	0.45
3896	0.11
3963	0.11
3999	0.00
3896	0.00
3999	0.00
3806	0.00
3828	1.83
3911	1.83
3958	0.62
3907	0.62
3962	1.14
3925	1.14
3925	2.29
3922	2.29
3950	2.76
3892	2.76
3942	0.23
3811	0.23
3954	0.61
3917	0.61
3997	1.67
3935	1.67
3768	2.23
3968	2.23
3940	3.84
3968	3.84
3995	0.84
3993	0.84
3993	4.28
3981	4.28
3999	0.00
3985	0.00
3953	1.16
3839	1.16
3806	2.55
3945	2.55
3993	2.01
3935	2.01
3999	0.50
3986	0.50
3958	1.67
3959	1.67
3961	4.19
3965	4.19
3967	0.45
3889	0.45
3992	0.92
3915	0.92
3968	2.38
3975	2.38
3855	10.11
3949	10.11
3931	2.52
3950	2.52
3951	3.41
3976	3.41
3832	7.01
3960	7.01
3996	0.47
3985	0.47
3957	2.01
3939	2.01
3960	0.56
3987	0.56
3999	1.75
3899	1.75
3988	6.56
3843	6.56
3996	1.05
3894	1.05
3988	0.41
3921	0.41
3944	2.04
3578	2.04
3968	2.33
3953	2.33
3959	2.66
3632	2.66
3820	0.48
3879	0.48
3957	0.04
3258	0.04
3909	0.00	238.67	2400
3998	0.00
3865	0.00
3999	0.00
3931	0.00
3998	0.00
4000	0.00
4000	0.00
3879	0.00
3999	0.00
3943	0.00
3997	0.00
3946	0.00
3997	0.00
3913	0.00
3996	0.00
4000	0.02
4000	0.02
3977	0.98
3991	0.98
3949	0.80
3992	0.80
3975	1.87
3995	1.87
3992	0.32
4000	0.32
3973	2.08
3903	2.08
3995	1.07
3995	1.07
3972	1.23
3968	1.23
3987	0.18
3986	0.18
3986	0.02
4000	0.02
3967	0.90
3996	0.90
3979	0.60
3992	0.60
4000	0.01
4000	0.01
3983	0.60
3990	0.60
3946	0.91
3704	0.91
3983	2.21
3864	2.21
3993	0.07
4001	0.07
3983	0.91
3974	0.91
3971	0.02
3959	0.02
4000	0.00
4000	0.00
3984	0.71
3991	0.71
3982	0.87
3994	0.87
3973	1.46
3998	1.46
3970	1.43
3992	1.43
3982	1.56
3995	1.56
3965	1.29
3934	1.29
3972	4.08
3867	4.08
3950	0.65
3920	0.65
3983	0.20
3999	0.20
3809	0.01
3704	0.01
3989	0.60
3997	0.60
3979	0.02
3887	0.02
3941	0.01
3999	0.01
3958	0.08
3989	0.08
4000	0.00
4002	0.00
3986	0.20
3989	0.20
3996	0.70
3996	0.70
3979	0.53
3993	0.53
3981	0.46
4000	0.46
3989	0.11
3999	0.11
3912	0.51
3945	0.51
3795	10.19
3958	10.19
3977	0.01
4000	0.01
3949	41.51
3992	41.51
3984	0.36
3973	0.36
3894	3.49
3961	3.49
3952	0.00
3975	0.00
3963	0.01
3962	0.01
Bzy_MHz	CPU%c1	PkgWatt	UncMHz
3914	1.74	506.61	2400
3860	0.00	264.54	2400
3859	0.00
3857	0.00
3895	0.00
3877	0.00
3965	0.00
3879	0.00
3976	0.00
3894	0.00
3975	0.00
3930	0.00
3976	0.00
3884	0.00
3976	0.00
3959	0.00
3976	0.00
3201	0.77
3901	0.77
3298	1.71
3805	1.71
3291	3.22
3932	3.22
3244	0.44
3720	0.44
3841	4.94
3765	4.94
3998	0.55
3266	0.55
3946	1.45
3582	1.45
3882	0.21
3181	0.21
3976	0.00
3972	0.00
3976	0.00
3669	0.00
3945	0.55
3239	0.55
3889	1.30
3920	1.30
3212	0.17
3764	0.17
3928	1.39
3981	1.39
3173	0.76
3798	0.76
3172	0.16
3801	0.16
3987	1.61
3919	1.61
3935	0.70
3901	0.70
3164	1.42
3996	1.42
3856	1.26
3922	1.26
3821	1.23
3241	1.23
3250	5.08
3957	5.08
3976	0.00
3913	0.00
3773	1.92
3886	1.92
3334	1.05
3884	1.05
3783	0.75
3598	0.75
3998	0.74
3951	0.74
3307	1.27
3923	1.27
3925	2.18
3980	2.18
3888	2.33
3862	2.33
3357	1.38
3879	1.38
3927	1.09
3890	1.09
3919	1.07
3975	1.07
3937	0.45
3888	0.45
3282	1.50
3958	1.50
3303	6.64
3866	6.64
3290	6.71
3927	6.71
3247	1.30
3999	1.30
3209	1.27
3923	1.27
3263	1.04
3935	1.04
3216	6.35
3833	6.35
3273	1.65
3885	1.65
3958	1.13
3815	1.13
3201	0.29
3802	0.29
3906	2.37
3951	2.37
3200	0.44
3763	0.44
3161	0.71
3782	0.71
3833	0.36
3156	0.36
3873	0.00	241.65	2400
3973	0.00
3896	0.00
3975	0.00
3930	0.00
3974	0.00
3992	0.00
3975	0.00
3912	0.00
3974	0.00
3904	0.00
3972	0.00
3898	0.00
3970	0.00
3862	0.00
3973	0.00
3975	0.43
3985	0.43
3210	2.10
3769	2.10
3318	2.93
3891	2.93
3947	4.54
3950	4.54
3986	1.51
3231	1.51
3188	2.79
3899	2.79
3991	1.44
3233	1.44
3254	2.84
3970	2.84
3162	1.19
3980	1.19
3940	4.42
3962	4.42
3245	0.70
3989	0.70
3879	3.56
3933	3.56
3975	0.00
3982	0.00
3231	0.87
3989	0.87
3185	26.37
3952	26.37
3347	1.69
3994	1.69
3496	1.28
3860	1.28
3909	4.10
3961	4.10
3760	4.42
3890	4.42
3975	0.00
3992	0.00
3948	1.18
3967	1.18
3952	2.37
3933	2.37
3939	3.28
3855	3.28
3237	0.71
3921	0.71
3381	2.64
3842	2.64
3910	2.84
3936	2.84
3180	1.73
3930	1.73
3219	2.39
3845	2.39
3190	0.44
3269	0.44
3105	0.17
3430	0.17
3236	0.32
3607	0.32
3166	0.16
3251	0.16
3117	0.10
3766	0.10
3104	2.11
3971	2.11
3975	0.00
3569	0.00
3892	2.66
3916	2.66
3274	1.50
3984	1.50
3168	0.58
3819	0.58
3249	0.11
3858	0.11
3227	0.54
3940	0.54
3127	0.56
3916	0.56
3217	7.62
3938	7.62
3119	0.76
3993	0.76
3288	11.77
3971	11.77
3903	1.23
3950	1.23
3172	3.50
3936	3.50
3103	0.43
3872	0.43
3708	1.38
3952	1.38
turbostat: cpu61 jitter 5434 486
turbostat: cpu62 jitter 3756 7636
Bzy_MHz	CPU%c1	PkgWatt	UncMHz
3983	1.96	502.59	2400
3880	0.00	262.49	2400
3880	0.00
3887	0.00
3923	0.00
3896	0.00
3985	0.00
3846	0.00
3998	0.00
3930	0.00
3998	0.00
3938	0.00
3999	0.00
3963	0.00
3999	0.00
3995	0.00
3999	0.00
3854	0.30
3922	0.30
3925	0.62
3861	0.62
3874	2.40
3962	2.40
3996	0.07
3874	0.07
3900	19.86
3799	19.86
3904	0.08
3356	0.08
3944	2.45
3902	2.45
3914	0.62
3694	0.62
3999	0.00
3953	0.00
3999	0.00
3951	0.00
3878	0.61
3962	0.61
3961	1.51
3960	1.51
3822	0.93
3860	0.93
3955	0.76
3913	0.76
3611	0.89
3946	0.89
3799	0.43
3878	0.43
3969	1.56
3983	1.56
3952	0.98
3916	0.98
3999	0.00
3972	0.00
3886	0.88
3924	0.88
3576	0.09
3811	0.09
3997	2.41
3934	2.41
3996	0.51
3680	0.51
3885	1.94
3955	1.94
3996	0.48
3950	0.48
3807	0.06
3791	0.06
3998	0.56
3935	0.56
3977	0.16
3787	0.16
3998	0.93
3868	0.93
3945	3.67
3793	3.67
3945	2.96
3852	2.96
3950	1.93
3939	1.93
3951	1.15
3973	1.15
3999	0.72
3964	0.72
3964	1.91
3976	1.91
3950	0.12
3937	0.12
3490	0.60
3982	0.60
3904	0.18
3909	0.18
3868	0.59
3942	0.59
3899	0.76
3723	0.76
3921	5.21
3837	5.21
3938	1.11
3989	1.11
3991	0.79
3838	0.79
3579	0.02
3865	0.02
3941	2.26
3931	2.26
3815	0.06
3690	0.06
3954	1.20
3741	1.20
3908	0.23
3632	0.23
3864	0.00	240.70	2400
3998	0.00
3909	0.00
3999	0.00
3936	0.00
3997	0.00
3999	0.00
3999	0.00
3945	0.00
3998	0.00
3936	0.00
3996	0.00
3901	0.00
3997	0.00
3953	0.00
3999	0.00
3980	34.67
3989	34.67
3958	0.74
3972	0.74
3920	0.01
3956	0.01
3975	2.91
3963	2.91
3986	2.98
3932	2.98
3971	2.30
3943	2.30
3959	31.01
3943	31.01
3970	0.71
3891	0.71
3947	0.76
3973	0.76
3987	1.31
3985	1.31
3964	1.45
3994	1.45
3936	6.14
3941	6.14
3999	0.00
4000	0.00
3953	0.62
3982	0.62
3985	0.99
3879	0.99
3985	1.30
3840	1.30
3999	0.02
4000	0.02
3959	4.67
3983	4.67
3979	1.39
3941	1.39
3999	0.00
4000	0.00
3960	3.26
3881	3.26
3963	2.44
3934	2.44
3955	4.48
3956	4.48
3958	3.72
3946	3.72
3961	1.95
3984	1.95
3964	3.63
3955	3.63
3970	2.08
3929	2.08
3968	2.33
3994	2.33
3971	4.14
3951	4.14
3186	1.79
3998	1.79
3974	1.49
3796	1.49
3966	0.22
3978	0.22
3996	0.31
4000	0.31
3940	1.66
3997	1.66
3999	0.00
4005	0.00
3975	1.48
3949	1.48
3920	2.44
3962	2.44
3982	0.02
3890	0.02
3969	0.84
3927	0.84
3934	0.75
3957	0.75
3883	1.18
3965	1.18
3920	0.00
3734	0.00
3955	0.03
3911	0.03
3979	0.53
3929	0.53
3901	4.62
3942	4.62
3932	1.03
3931	1.03
3837	0.49
3947	0.49
3776	11.12
3852	11.12
Bzy_MHz	CPU%c1	PkgWatt	UncMHz
3977	2.68	505.23	2400
3881	0.00	264.64	2400
3882	0.00
3884	0.00
3921	0.00
3880	0.00
3985	0.00
3898	0.00
3997	0.00
3865	0.00
3993	0.00
3756	0.00
3998	0.00
3839	0.00
3998	0.00
3996	0.00
3998	0.00
3932	0.79
3886	0.79
3958	1.92
3919	1.92
3992	2.18
3810	2.18
3934	5.54
3831	5.54
3935	17.28
3903	17.28
3953	1.73
3982	1.73
3950	4.98
3905	4.98
3834	0.24
3942	0.24
3995	5.53
3995	5.53
3998	0.00
3948	0.00
3854	1.09
3989	1.09
3932	0.84
3989	0.84
3992	2.97
3775	2.97
3978	1.28
3922	1.28
3993	2.69
3977	2.69
3999	0.16
3907	0.16
3955	3.25
3922	3.25
3944	2.51
3958	2.51
3998	0.00
3712	0.00
3949	6.58
3918	6.58
3993	1.11
3926	1.11
3996	1.16
3872	1.16
3818	0.18
3858	0.18
3905	2.77
3965	2.77
3996	0.12
3773	0.12
3942	1.18
3808	1.18
3998	0.47
3982	0.47
3959	0.02
3938	0.02
3998	0.00
3759	0.00
3834	0.95
3915	0.95
3940	7.75
3852	7.75
3955	5.59
3897	5.59
3945	0.72
3831	0.72
3941	2.70
3957	2.70
3869	15.65
3895	15.65
3959	0.89
3947	0.89
3971	0.88
3974	0.88
3961	0.91
3952	0.91
3946	0.70
3953	0.70
3821	3.44
3906	3.44
3941	6.63
3829	6.63
3989	4.66
3994	4.66
3989	1.49
3902	1.49
3879	2.80
3975	2.80
3960	2.33
3966	2.33
3958	1.29
3839	1.29
3929	0.90
3867	0.90
3982	0.86
3875	0.86
3921	0.00	240.23	2400
3995	0.00
3946	0.00
3997	0.00
3898	0.00
3994	0.00
4000	0.00
3997	0.00
3936	0.00
3996	0.00
3925	0.00
3994	0.00
3898	0.00
3995	0.00
3927	0.00
3996	0.00
3529	33.33
3983	33.33
3590	0.27
3909	0.27
3921	0.13
3977	0.13
3932	1.79
3976	1.79
3755	3.06
3971	3.06
3891	11.86
3658	11.86
3898	16.22
3905	16.22
3936	34.70
3783	34.70
3943	0.00
3416	0.00
3966	1.09
3967	1.09
3610	0.15
3461	0.15
3966	1.55
3912	1.55
3997	0.00
4000	0.00
3590	0.95
3988	0.95
3961	3.39
3810	3.39
3623	1.03
3450	1.03
3997	0.00
4000	0.00
3947	1.67
3943	1.67
3962	1.87
3655	1.87
3997	0.00
3998	0.00
3945	1.21
3453	1.21
3780	3.61
3664	3.61
3665	2.05
3777	2.05
3732	3.88
3672	3.88
3669	2.59
3978	2.59
3940	6.91
3964	6.91
3968	3.33
3550	3.33
3965	1.25
3566	1.25
3976	1.30
3548	1.30
3376	1.13
3999	1.13
3974	2.13
3445	2.13
3974	2.70
3886	2.70
3995	0.98
3947	0.98
3978	2.19
3960	2.19
3997	0.00
3999	0.00
3714	1.22
3488	1.22
3660	0.43
3891	0.43
3985	0.91
3595	0.91
3976	2.04
3952	2.04
3946	0.00
3322	0.00
3414	1.37
3357	1.37
3987	0.00
3364	0.00
3428	0.00
3915	0.00
3974	0.03
3878	0.03
3876	3.50
3835	3.50
3956	0.22
3871	0.22
3872	0.00
3834	0.00
3624	12.06
3461	12.06
Bzy_MHz	CPU%c1	PkgWatt	UncMHz
3983	2.28	503.33	2400
3878	0.00	264.23	2400
3878	0.00
3886	0.00
3919	0.00
3894	0.00
3985	0.00
3911	0.00
3998	0.00
3905	0.00
3998	0.00
3955	0.00
3998	0.00
3961	0.00
3998	0.00
3996	0.00
3999	0.00
3909	0.53
3952	0.53
3945	1.55
3966	1.55
3906	3.28
3872	3.28
3945	1.66
3816	1.66
3936	18.84
3797	18.84
3957	0.79
3344	0.79
3990	9.05
3916	9.05
3991	1.86
3955	1.86
3982	4.73
3985	4.73
3999	0.00
3819	0.00
3957	2.71
3958	2.71
3942	0.57
3952	0.57
3989	1.08
3920	1.08
3968	1.06
3979	1.06
3948	1.09
3558	1.09
3999	0.00
3957	0.00
3937	3.19
3959	3.19
3934	1.90
3954	1.90
3999	0.00
3695	0.00
3951	7.14
3952	7.14
3964	4.87
3970	4.87
3994	2.84
3967	2.84
3930	0.26
3947	0.26
3967	3.05
3978	3.05
3991	1.03
3912	1.03
3798	0.69
3943	0.69
3998	0.43
3968	0.43
3969	0.02
3947	0.02
3999	0.00
3931	0.00
3973	6.24
3840	6.24
3960	5.04
3766	5.04
3962	10.37
3919	10.37
3957	0.08
3970	0.08
3960	0.52
3843	0.52
3958	14.89
3918	14.89
3947	2.18
3970	2.18
3956	2.52
3974	2.52
3949	1.09
3859	1.09
3940	4.23
3967	4.23
3978	5.19
3966	5.19
3986	7.60
3960	7.60
3989	5.39
3941	5.39
3993	4.45
3954	4.45
3985	4.56
3956	4.56
3963	2.59
3955	2.59
3988	4.57
3988	4.57
3919	3.10
3982	3.10
3989	1.26
3970	1.26
3907	0.00	238.95	2400
3998	0.00
3911	0.00
3999	0.00
3937	0.00
3998	0.00
4000	0.00
4000	0.00
3926	0.00
3999	0.00
3956	0.00
3998	0.00
3960	0.00
3999	0.00
3952	0.00
3999	0.00
3971	31.92
3990	31.92
3981	0.17
3969	0.17
3945	0.09
3994	0.09
3985	0.17
3991	0.17
3973	1.54
3970	1.54
3940	3.58
3977	3.58
3897	9.59
3945	9.59
3984	0.05
3984	0.05
3964	0.00
3864	0.00
3994	0.06
3997	0.06
3976	0.18
3968	0.18
3978	0.37
3892	0.37
4000	0.00
4000	0.00
3959	0.97
3971	0.97
3991	0.73
3703	0.73
3985	1.33
3912	1.33
4000	0.01
4000	0.01
3996	3.42
3980	3.42
3970	1.77
3979	1.77
4000	0.02
4000	0.02
3984	1.51
3967	1.51
3977	1.21
3965	1.21
3923	0.06
3996	0.06
3974	1.23
3983	1.23
3981	1.21
3953	1.21
3955	5.21
3879	5.21
3979	1.04
3971	1.04
3975	1.24
3964	1.24
3999	1.33
3978	1.33
3999	1.92
3998	1.92
3947	2.46
3783	2.46
3988	2.92
3866	2.92
3985	0.03
3958	0.03
3947	0.00
3965	0.00
4000	0.00
4000	0.00
3962	2.52
3980	2.52
3669	0.60
3971	0.60
3986	0.34
3975	0.34
3898	0.11
3991	0.11
3938	0.27
3962	0.27
3887	1.05
3994	1.05
3911	0.23
3987	0.23
3895	0.13
3976	0.13
3987	0.02
3868	0.02
3799	5.75
3937	5.75
3917	2.60
3982	2.60
3930	0.00
3446	0.00
3792	4.73
3972	4.73
turbostat: cpu62 jitter 5792 1134
Bzy_MHz	CPU%c1	PkgWatt	UncMHz
3983	1.45	501.82	2400
3881	0.00	265.34	2400
3882	0.00
3888	0.00
3920	0.00
3895	0.00
3987	0.00
3917	0.00
3998	0.00
3932	0.00
3998	0.00
3944	0.00
3999	0.00
3975	0.00
3999	0.00
3997	0.00
3999	0.00
3980	0.61
3892	0.61
3942	4.50
3881	4.50
3912	1.53
3954	1.53
3966	1.05
3879	1.05
3935	19.39
3807	19.39
3987	0.93
3972	0.93
3949	3.57
3815	3.57
3997	0.55
3883	0.55
3924	0.56
3990	0.56
3999	0.41
3556	0.41
3967	0.32
3922	0.32
3960	1.19
3933	1.19
3999	0.16
3648	0.16
3977	1.85
3833	1.85
3914	0.22
3855	0.22
3999	0.23
3864	0.23
3880	2.45
3970	2.45
3893	0.96
3903	0.96
3999	0.00
3905	0.00
3999	3.15
3908	3.15
3913	2.93
3946	2.93
3948	3.15
3930	3.15
3937	0.91
3863	0.91
3998	1.37
3970	1.37
3997	0.40
3988	0.40
3958	0.05
3946	0.05
3999	0.42
3978	0.42
3984	0.07
3970	0.07
3999	0.00
3980	0.00
3959	2.08
3857	2.08
3972	0.53
3899	0.53
3936	1.26
3958	1.26
3944	0.09
3981	0.09
3973	0.15
3961	0.15
3960	1.93
3974	1.93
3955	2.39
3981	2.39
3973	1.27
3971	1.27
3977	0.02
3935	0.02
3948	2.01
3947	2.01
3960	5.52
3963	5.52
3916	1.12
3944	1.12
3970	7.22
3842	7.22
3995	0.82
3844	0.82
3912	2.20
3933	2.20
3966	3.49
3962	3.49
3759	2.45
3937	2.45
3887	1.11
3928	1.11
3944	0.25
3769	0.25
3899	0.00	236.81	2400
3999	0.00
3850	0.00
4000	0.00
3916	0.00
3998	0.00
4000	0.00
4000	0.00
3973	0.00
3999	0.00
3935	0.00
3996	0.00
3884	0.00
3998	0.00
3890	0.00
3993	0.00
4000	16.69
3996	16.69
3981	0.82
3976	0.82
3978	1.12
3993	1.12
3981	2.38
3984	2.38
3972	1.35
3983	1.35
3998	1.23
3995	1.23
3941	3.04
3966	3.04
3998	1.15
3991	1.15
3984	0.17
3992	0.17
3993	0.01
4000	0.01
3977	0.05
3991	0.05
3982	0.41
3982	0.41
4000	0.00
4000	0.00
3975	1.41
3899	1.41
3969	0.85
3919	0.85
3985	0.34
3999	0.34
3999	0.74
3977	0.74
3998	3.32
3978	3.32
3983	0.80
3987	0.80
4000	0.00
4000	0.00
3988	1.51
3978	1.51
3974	1.50
3997	1.50
3983	0.04
3963	0.04
3969	2.04
3998	2.04
3966	1.54
3995	1.54
3967	3.05
3894	3.05
3976	0.93
3967	0.93
3969	0.74
3992	0.74
3999	2.28
4000	2.28
3914	1.78
3950	1.78
3992	1.56
3903	1.56
3991	1.13
3936	1.13
3985	0.01
3969	0.01
3986	0.71
3973	0.71
4000	0.00
4000	0.00
3982	0.31
3993	0.31
3981	0.51
3995	0.51
3988	1.85
3986	1.85
3987	0.09
3996	0.09
3991	0.09
3995	0.09
3982	0.56
3985	0.56
3867	1.91
3984	1.91
3963	0.01
3995	0.01
3987	0.03
3996	0.03
3913	0.39
3998	0.39
3916	2.82
3986	2.82
3989	0.00
3995	0.00
3790	10.69
3985	10.69
turbostat: cpu56 jitter 524 4602
Bzy_MHz	CPU%c1	PkgWatt	UncMHz
3984	1.42	501.16	2400
3880	0.00	261.87	2400
3881	0.00
3888	0.00
3922	0.00
3901	0.00
3989	0.00
3920	0.00
3998	0.00
3983	0.00
3999	0.00
3960	0.00
3999	0.00
3999	0.00
3999	0.00
3998	0.00
3999	0.00
3983	0.70
3960	0.70
3962	1.59
3950	1.59
3904	0.85
3937	0.85
3958	0.82
3881	0.82
3942	19.81
3794	19.81
3954	1.66
3881	1.66
3996	0.81
3882	0.81
3950	0.45
3933	0.45
3914	0.34
3677	0.34
3916	0.52
3814	0.52
3947	0.13
3794	0.13
3944	0.44
3933	0.44
3999	0.00
3716	0.00
3974	1.28
3939	1.28
3737	0.31
3948	0.31
3804	0.22
3916	0.22
3964	0.33
3856	0.33
3999	0.28
3819	0.28
3999	0.00
3518	0.00
3999	0.00
3986	0.00
3799	1.39
3807	1.39
3969	0.47
3948	0.47
3939	0.40
3931	0.40
3918	1.96
3959	1.96
3995	0.20
3676	0.20
3924	0.05
3889	0.05
3999	0.20
3863	0.20
3983	0.34
3897	0.34
3999	0.00
3901	0.00
3964	0.45
3927	0.45
3972	0.05
3873	0.05
3977	0.29
3978	0.29
3966	0.34
3978	0.34
3964	0.28
3900	0.28
3969	0.80
3963	0.80
3954	2.14
3972	2.14
3965	1.53
3964	1.53
3966	0.11
3962	0.11
3929	2.17
3978	2.17
3953	3.58
3977	3.58
3942	2.66
3967	2.66
3895	4.14
3909	4.14
3964	3.52
3879	3.52
3900	2.12
3945	2.12
3986	2.18
3973	2.18
3899	1.10
3955	1.10
3961	0.88
3961	0.88
3895	0.03
3692	0.03
3887	0.00	239.15	2400
3998	0.00
3888	0.00
3999	0.00
3942	0.00
3998	0.00
4000	0.00
4000	0.00
3897	0.00
3998	0.00
3930	0.00
3997	0.00
3945	0.00
3998	0.00
3890	0.00
3991	0.00
3952	29.61
3991	29.61
3973	5.27
3970	5.27
3961	1.90
3998	1.90
3976	0.56
3992	0.56
3996	2.25
3929	2.25
4000	0.00
4000	0.00
3970	1.05
3955	1.05
3971	2.17
3982	2.17
3968	0.96
3988	0.96
3993	0.45
3998	0.45
3972	0.42
3996	0.42
3981	0.73
3941	0.73
4000	0.33
4000	0.33
3999	1.30
3926	1.30
3991	2.12
3976	2.12
3973	0.76
3873	0.76
3808	0.00
3971	0.00
3999	3.21
3973	3.21
3970	0.08
3970	0.08
4000	0.00
4000	0.00
3980	0.13
3987	0.13
3979	1.35
3996	1.35
3980	0.26
3979	0.26
3965	1.01
3909	1.01
3969	1.50
3962	1.50
3963	3.53
3950	3.53
3975	2.03
3945	2.03
3969	1.47
3873	1.47
3980	0.01
3970	0.01
3899	0.61
3841	0.61
3919	1.13
3804	1.13
3985	3.25
3846	3.25
3977	0.01
3957	0.01
3973	1.11
3976	1.11
4000	0.00
4000	0.00
3982	0.29
3995	0.29
3972	0.52
3982	0.52
3982	2.24
3974	2.24
3983	0.97
3979	0.97
3940	2.65
3978	2.65
3980	1.11
3988	1.11
3819	3.04
3958	3.04
3798	0.00
3951	0.00
3984	0.03
3994	0.03
3879	1.90
3896	1.90
3971	0.98
3966	0.98
3906	0.10
3882	0.10
3775	11.23
3951	11.23
Bzy_MHz	CPU%c1	PkgWatt	UncMHz
3983	2.16	502.94	2400
3880	0.00	263.03	2400
3881	0.00
3884	0.00
3922	0.00
3899	0.00
3988	0.00
3907	0.00
3997	0.00
3941	0.00
3997	0.00
3953	0.00
3998	0.00
3849	0.00
3997	0.00
3998	0.00
3998	0.00
3924	1.84
3901	1.84
3975	2.23
3836	2.23
3901	3.13
3959	3.13
3929	3.44
3958	3.44
3930	18.70
3827	18.70
3923	1.55
3901	1.55
3950	3.20
3865	3.20
3995	0.91
3941	0.91
3918	0.09
3769	0.09
3929	1.22
3913	1.22
3964	0.50
3939	0.50
3919	1.07
3937	1.07
3998	0.00
3676	0.00
3975	1.37
3924	1.37
3931	2.95
3939	2.95
3876	3.64
3887	3.64
3900	0.78
3888	0.78
3998	0.38
3745	0.38
3998	0.00
3930	0.00
3998	0.00
3870	0.00
3860	1.12
3802	1.12
3921	0.88
3836	0.88
3919	0.45
3840	0.45
3875	3.82
3935	3.82
3981	4.33
3941	4.33
3957	1.42
3927	1.42
3953	2.52
3927	2.52
3964	0.18
3947	0.18
3998	0.00
3973	0.00
3969	5.31
3891	5.31
3911	3.29
3857	3.29
3938	6.31
3965	6.31
3924	2.95
3948	2.95
3960	0.53
3929	0.53
3956	2.16
3966	2.16
3943	2.25
3889	2.25
3963	6.36
3896	6.36
3960	2.03
3942	2.03
3916	2.61
3909	2.61
3954	2.48
3977	2.48
3928	2.62
3836	2.62
3963	6.84
3873	6.84
3929	3.56
3907	3.56
3953	3.19
3898	3.19
3942	4.98
3950	4.98
3761	3.70
3943	3.70
3974	6.28
3953	6.28
3975	2.82
3931	2.82
3931	0.00	239.97	2400
3998	0.00
3853	0.00
3999	0.00
3952	0.00
3998	0.00
4000	0.00
3999	0.00
3920	0.00
3998	0.00
3925	0.00
3997	0.00
3926	0.00
3996	0.00
3932	0.00
3999	0.00
3986	16.10
3993	16.10
3946	3.96
3981	3.96
3998	2.31
3999	2.31
3982	1.86
3990	1.86
3995	2.77
3931	2.77
3999	0.00
3999	0.00
3969	2.93
3980	2.93
3969	1.20
3890	1.20
3963	2.00
3945	2.00
3987	1.11
3990	1.11
3932	1.22
3877	1.22
3971	0.58
3731	0.58
3976	0.86
3980	0.86
3980	0.83
3964	0.83
3992	1.25
3960	1.25
3997	4.86
3844	4.86
3973	0.37
3977	0.37
3999	0.00
4000	0.00
3985	16.59
3894	16.59
3999	0.00
3989	0.00
3941	0.38
3835	0.38
3993	0.71
3899	0.71
3906	1.88
3962	1.88
3978	3.73
3982	3.73
3967	4.27
3941	4.27
3957	3.97
3920	3.97
3973	1.42
3959	1.42
3971	2.46
3827	2.46
3982	1.14
3992	1.14
3960	1.11
3980	1.11
3898	1.83
3782	1.83
3987	4.64
3824	4.64
3984	0.02
3958	0.02
3819	0.00
3783	0.00
3999	0.00
3956	0.00
3978	0.76
3994	0.76
3980	1.38
3993	1.38
3988	0.34
3925	0.34
3935	0.70
3894	0.70
3989	2.29
3960	2.29
3941	0.64
3991	0.64
3896	1.23
3935	1.23
3960	0.73
3936	0.73
3983	0.51
3856	0.51
3942	1.11
3862	1.11
3978	1.09
3905	1.09
3881	0.22
3849	0.22
3797	10.10
3895	10.10
turbostat: cpu56 jitter 4276 1896
Bzy_MHz	CPU%c1	PkgWatt	UncMHz
3984	1.85	503.04	2400
3881	0.00	263.39	2400
3882	0.00
3889	0.00
3923	0.00
3896	0.00
3986	0.00
3940	0.00
3998	0.00
3980	0.00
3998	0.00
3897	0.00
3999	0.00
3916	0.00
3999	0.00
4000	0.00
3999	0.00
3977	1.53
3926	1.53
3941	2.85
3899	2.85
3903	3.84
3964	3.84
3928	7.74
3882	7.74
3942	19.37
3793	19.37
3941	1.93
3369	1.93
3956	2.21
3846	2.21
3999	0.79
3985	0.79
3915	1.47
3605	1.47
3998	0.25
3938	0.25
3952	0.45
3854	0.45
3945	0.80
3925	0.80
3999	3.29
3982	3.29
3977	0.71
3946	0.71
3910	1.01
3978	1.01
3864	1.99
3986	1.99
3942	3.52
3928	3.52
3999	0.41
3746	0.41
3999	0.00
3904	0.00
3999	0.21
3543	0.21
3964	1.53
3881	1.53
3937	1.23
3799	1.23
3934	0.37
3967	0.37
3904	3.22
3966	3.22
3995	1.84
3902	1.84
3955	1.01
3972	1.01
3969	0.02
3851	0.02
3974	0.07
3950	0.07
3999	0.00
3925	0.00
3996	3.63
3848	3.63
3960	0.12
3954	0.12
3926	4.10
3953	4.10
3957	2.55
3964	2.55
3961	0.84
3885	0.84
3970	0.45
3977	0.45
3946	2.26
3935	2.26
3972	0.53
3980	0.53
3976	0.58
3914	0.58
3939	2.27
3912	2.27
3965	2.06
3982	2.06
3984	4.15
3899	4.15
3942	4.12
3867	4.12
3978	3.92
3927	3.92
3929	1.00
3988	1.00
3980	1.51
3922	1.51
3847	2.08
3879	2.08
3942	2.51
3945	2.51
3922	1.43
3941	1.43
3891	0.00	239.53	2400
3998	0.00
3974	0.00
4000	0.00
3924	0.00
3998	0.00
4000	0.00
4000	0.00
3916	0.00
3999	0.00
3935	0.00
3999	0.00
3928	0.00
3996	0.00
3936	0.00
3999	0.00
3980	33.12
3990	33.12
3959	3.14
3968	3.14
3997	1.64
3999	1.64
3981	0.79
3994	0.79
3978	1.64
3974	1.64
4000	0.03
3996	0.03
3915	8.21
3976	8.21
3938	4.19
3900	4.19
3969	1.93
3938	1.93
3995	1.14
3952	1.14
3954	2.79
3945	2.79
3966	3.13
3800	3.13
3964	1.86
3990	1.86
3970	3.01
3975	3.01
3997	1.34
3957	1.34
3996	4.54
3856	4.54
3973	0.48
3986	0.48
4000	0.00
3941	0.00
3967	0.30
3872	0.30
4000	0.03
4000	0.03
3987	0.13
3742	0.13
3969	0.01
3899	0.01
3975	0.06
3876	0.06
3977	0.59
3885	0.59
3980	0.86
3986	0.86
3966	2.32
3968	2.32
3970	1.00
3969	1.00
3976	0.81
3829	0.81
3891	0.31
3673	0.31
3837	0.41
3901	0.41
3952	1.05
3801	1.05
3987	1.46
3928	1.46
3985	0.02
3940	0.02
3985	0.11
3888	0.11
4000	0.00
3999	0.00
3981	0.61
3947	0.61
3979	0.64
3990	0.64
3984	0.03
3854	0.03
3946	0.01
3679	0.01
3991	0.46
3978	0.46
3969	0.00
3876	0.00
3936	0.00
3925	0.00
3963	0.02
3995	0.02
3990	0.01
3758	0.01
3928	2.20
3978	2.20
3927	3.27
3983	3.27
3844	0.25
3889	0.25
3844	12.92
3917	12.92
Bzy_MHz	CPU%c1	PkgWatt	UncMHz
3983	2.75	505.16	2400
3879	0.00	264.83	2400
3880	0.00
3883	0.00
3918	0.00
3893	0.00
3988	0.00
3916	0.00
3998	0.00
3958	0.00
3998	0.00
3941	0.00
3999	0.00
3918	0.00
3998	0.00
3995	0.00
3999	0.00
3971	0.95
3952	0.95
3966	1.92
3966	1.92
3986	2.84
3976	2.84
3947	7.56
3962	7.56
3934	19.79
3794	19.79
3932	2.63
3914	2.63
3995	0.94
3711	0.94
3968	2.47
3980	2.47
3922	1.30
3684	1.30
3999	0.00
3734	0.00
3964	2.39
3458	2.39
3950	1.27
3889	1.27
3984	2.39
3783	2.39
3953	1.04
3887	1.04
3979	2.69
3971	2.69
3965	1.50
3948	1.50
3902	5.83
3923	5.83
3999	0.56
3800	0.56
3999	0.00
3970	0.00
3976	0.60
3505	0.60
3738	17.12
3938	17.12
3997	1.11
3817	1.11
3992	7.03
3980	7.03
3989	5.53
3972	5.53
3997	4.21
3986	4.21
3992	7.43
3992	7.43
3943	5.24
3991	5.24
3972	0.05
3977	0.05
3999	0.00
3969	0.00
3999	7.55
3968	7.55
3980	6.14
3921	6.14
3897	3.20
3951	3.20
3977	8.31
3934	8.31
3999	0.32
3880	0.32
3960	0.73
3952	0.73
3938	0.53
3902	0.53
3971	0.24
3982	0.24
3976	0.43
3931	0.43
3938	3.15
3936	3.15
3958	2.88
3975	2.88
3992	4.04
3970	4.04
3986	6.59
3897	6.59
3982	6.01
3906	6.01
3990	2.18
3981	2.18
3984	0.64
3706	0.64
3922	2.47
3838	2.47
3973	0.57
3834	0.57
3950	0.43
3799	0.43
3888	0.00	240.13	2400
3997	0.00
3878	0.00
3999	0.00
3935	0.00
3997	0.00
4000	0.00
3999	0.00
3905	0.00
3998	0.00
3929	0.00
3996	0.00
3917	0.00
3998	0.00
3932	0.00
3999	0.00
3973	33.25
3989	33.25
3962	2.36
3975	2.36
3998	1.47
3999	1.47
3980	5.51
3970	5.51
3984	2.71
3978	2.71
3999	0.00
3999	0.00
3893	18.64
3977	18.64
3955	13.38
3946	13.38
3957	3.99
3944	3.99
3982	4.26
3951	4.26
3948	4.66
3953	4.66
3964	4.02
3871	4.02
3970	2.11
3955	2.11
3972	1.37
3975	1.37
3974	2.55
3693	2.55
3995	5.82
3810	5.82
3978	1.04
4001	1.04
3999	0.00
4000	0.00
3966	2.55
3971	2.55
3999	0.00
3991	0.00
3990	1.29
3990	1.29
3956	0.17
3909	0.17
3908	0.05
3859	0.05
3945	1.01
3966	1.01
3973	1.88
3990	1.88
3970	1.89
3927	1.89
3981	1.28
3981	1.28
3962	3.10
3810	3.10
3963	0.01
3724	0.01
3962	0.17
3979	0.17
3998	1.35
3906	1.35
3979	2.11
3897	2.11
3979	0.42
3984	0.42
3898	0.83
3881	0.83
3999	0.00
3890	0.00
3983	0.23
3982	0.23
3977	1.14
3983	1.14
3987	0.01
3814	0.01
3923	0.15
3838	0.15
3990	0.77
3975	0.77
3920	0.57
3942	0.57
3870	1.84
3847	1.84
3959	0.15
3981	0.15
3984	1.13
3932	1.13
3883	2.85
3865	2.85
3939	1.05
3895	1.05
3865	0.00
3896	0.00
3805	9.57
3923	9.57
Bzy_MHz	CPU%c1	PkgWatt	UncMHz
3983	2.71	504.20	2400
3877	0.00	265.12	2400
3878	0.00
3886	0.00
3920	0.00
3899	0.00
3987	0.00
3913	0.00
3998	0.00
3882	0.00
3998	0.00
3912	0.00
3999	0.00
3897	0.00
3999	0.00
4000	0.00
3999	0.00
3966	1.28
3951	1.28
3971	3.05
3970	3.05
3905	13.41
3930	13.41
3962	1.95
3504	1.95
3950	18.68
3792	18.68
3950	5.57
3867	5.57
3976	3.80
3869	3.80
3999	0.58
3985	0.58
3990	3.17
3520	3.17
3999	0.00
3546	0.00
3953	4.39
3891	4.39
3936	3.90
3906	3.90
3970	1.17
3544	1.17
3957	1.54
3907	1.54
3866	0.01
3189	0.01
3976	0.61
3964	0.61
3979	5.99
3966	5.99
3853	6.73
3988	6.73
3999	0.00
3932	0.00
3981	11.20
3954	11.20
3992	5.72
3991	5.72
3950	0.21
3855	0.21
3999	0.43
3970	0.43
3934	2.09
3964	2.09
3999	3.74
3696	3.74
3990	2.88
3951	2.88
3709	2.02
3986	2.02
3965	0.02
3965	0.02
3999	0.00
3952	0.00
3956	6.85
3934	6.85
3924	6.38
3966	6.38
3980	13.61
3922	13.61
3955	1.65
3961	1.65
3948	2.37
3947	2.37
3942	0.19
3930	0.19
3979	0.45
3975	0.45
3958	0.97
3968	0.97
3974	1.51
3867	1.51
3980	1.56
3988	1.56
3953	2.51
3984	2.51
3991	3.24
3981	3.24
3976	5.77
3823	5.77
3986	7.30
3941	7.30
3946	3.97
3990	3.97
3958	1.94
3982	1.94
3965	2.96
3988	2.96
3773	0.41
3733	0.41
3940	0.40
3971	0.40
3898	0.00	239.24	2400
3998	0.00
3893	0.00
3999	0.00
3921	0.00
3997	0.00
4000	0.00
4000	0.00
3942	0.00
3999	0.00
3944	0.00
3996	0.00
3954	0.00
3999	0.00
3922	0.00
3998	0.00
3968	8.64
3996	8.64
3967	2.88
3995	2.88
3941	1.92
3965	1.92
3982	0.43
3997	0.43
3984	0.98
3983	0.98
4000	0.02
4000	0.02
3906	10.66
3977	10.66
3959	17.95
3881	17.95
3972	0.48
3983	0.48
3979	0.64
3993	0.64
3974	0.60
3977	0.60
3967	1.04
3987	1.04
3998	3.53
3991	3.53
3968	0.71
3960	0.71
3926	1.30
3760	1.30
3996	4.76
3924	4.76
3970	1.14
3999	1.14
4000	0.00
4000	0.00
3985	26.20
3967	26.20
4000	0.02
4000	0.02
3975	2.25
3995	2.25
3966	3.44
3998	3.44
3964	3.10
3942	3.10
3967	2.71
3980	2.71
3966	3.96
3893	3.96
3955	4.97
3921	4.97
3972	1.68
4001	1.68
3969	5.29
3869	5.29
3991	1.00
3962	1.00
3872	0.63
3991	0.63
3985	1.57
3824	1.57
3949	2.80
3872	2.80
3988	0.44
3953	0.44
3922	0.10
3736	0.10
4000	0.00
3979	0.00
3983	0.53
3990	0.53
3978	0.21
3982	0.21
3991	0.01
3983	0.01
3942	0.06
3809	0.06
3986	0.49
3963	0.49
3948	0.17
3889	0.17
3842	1.08
3964	1.08
3959	0.00
3884	0.00
3982	0.01
3907	0.01
3895	2.48
3847	2.48
3974	0.77
3961	0.77
3936	0.00
3853	0.00
3916	11.34
3965	11.34
Bzy_MHz	CPU%c1	PkgWatt	UncMHz
3982	2.66	506.18	2400
3879	0.00	266.56	2400
3880	0.00
3885	0.00
3922	0.00
3892	0.00
3985	0.00
3882	0.00
3996	0.00
3949	0.00
3996	0.00
3940	0.00
3997	0.00
3811	0.00
3997	0.00
3995	0.00
3997	0.00
3962	6.44
3934	6.44
3946	2.40
3952	2.40
3968	8.34
3978	8.34
3943	2.43
3859	2.43
3929	10.26
3806	10.26
3930	4.04
3893	4.04
3998	0.79
3705	0.79
3997	0.00
3980	0.00
3989	5.74
3577	5.74
3997	0.00
3730	0.00
3935	6.16
3874	6.16
3926	8.55
3807	8.55
3927	5.56
3626	5.56
3962	2.37
3702	2.37
3962	1.87
3900	1.87
3887	7.82
3985	7.82
3937	2.34
3873	2.34
3971	1.43
3745	1.43
3997	0.00
3911	0.00
3989	3.68
3652	3.68
3959	2.23
3804	2.23
3962	1.65
3831	1.65
3996	2.66
3983	2.66
3924	2.19
3930	2.19
3990	3.07
3984	3.07
3993	1.04
3922	1.04
3766	1.23
3969	1.23
3957	0.24
3928	0.24
3997	0.00
3860	0.00
3941	8.60
3967	8.60
3966	4.19
3983	4.19
3970	6.74
3983	6.74
3951	7.22
3954	7.22
3897	4.92
3862	4.92
3967	2.87
3998	2.87
3955	0.04
3970	0.04
3958	0.48
3957	0.48
3971	0.13
3852	0.13
3937	0.57
3666	0.57
3958	1.39
3923	1.39
3933	1.10
3910	1.10
3986	3.76
3957	3.76
3878	12.76
3868	12.76
3971	2.60
3948	2.60
3972	3.29
3942	3.29
3920	4.39
3941	4.39
3975	1.43
3899	1.43
3969	1.81
3864	1.81
3886	0.00	239.53	2400
3998	0.00
3911	0.00
3999	0.00
3957	0.00
3998	0.00
4000	0.00
4000	0.00
3910	0.00
3999	0.00
3926	0.00
3995	0.00
3889	0.00
3998	0.00
3915	0.00
3999	0.00
3968	4.00
3992	4.00
3956	22.20
3973	22.20
3982	2.22
3979	2.22
3985	0.47
3997	0.47
3984	0.44
3984	0.44
4000	0.00
4000	0.00
3896	18.55
3981	18.55
3983	2.00
3988	2.00
3926	5.58
3999	5.58
3974	0.62
3986	0.62
3968	1.73
3975	1.73
3980	0.93
3971	0.93
3999	2.28
3998	2.28
3980	1.26
3974	1.26
3939	2.59
3951	2.59
3998	2.64
3965	2.64
3989	0.04
4001	0.04
4000	0.00
4000	0.00
3987	30.64
3984	30.64
4000	0.00
3997	0.00
3985	1.06
3998	1.06
3980	1.18
3980	1.18
3981	0.48
3933	0.48
3988	0.90
3963	0.90
3975	1.78
3987	1.78
3958	2.95
3942	2.95
3964	3.64
3957	3.64
3970	1.90
3857	1.90
3944	0.00
3831	0.00
3964	0.00
3981	0.00
3995	1.00
3817	1.00
3996	1.36
3931	1.36
3984	0.01
3961	0.01
3994	0.00
3929	0.00
4000	0.00
4000	0.00
3976	0.83
4000	0.83
3984	0.05
4001	0.05
3988	0.03
3937	0.03
3965	0.00
3945	0.00
3991	0.65
3981	0.65
3955	0.08
3961	0.08
3828	2.42
3974	2.42
3960	0.22
3992	0.22
3990	0.01
3988	0.01
3795	3.43
3879	3.43
3900	3.40
3983	3.40
3928	0.00
3966	0.00
3783	9.60
3971	9.60
Bzy_MHz	CPU%c1	PkgWatt	UncMHz
3984	2.00	502.95	2400
3880	0.00	265.05	2400
3881	0.00
3885	0.00
3918	0.00
3892	0.00
3987	0.00
3959	0.00
3999	0.00
3946	0.00
3998	0.00
3901	0.00
3999	0.00
3917	0.00
3999	0.00
3998	0.00
3999	0.00
3968	2.75
3939	2.75
3975	2.54
3960	2.54
3921	3.88
3972	3.88
3963	0.75
3528	0.75
3999	4.83
3942	4.83
3948	4.58
3888	4.58
3996	3.15
3815	3.15
3999	0.00
3981	0.00
3996	0.71
3947	0.71
3999	0.00
3699	0.00
3960	1.80
3912	1.80
3932	1.92
3932	1.92
3950	4.91
3733	4.91
3935	3.72
3952	3.72
3949	2.81
3835	2.81
3998	1.77
3962	1.77
3962	4.16
3956	4.16
3994	3.26
3876	3.26
3999	0.00
3947	0.00
3946	3.78
3794	3.78
3971	6.31
3981	6.31
3995	1.36
3957	1.36
3868	3.01
3979	3.01
3936	2.18
3947	2.18
3986	1.38
3774	1.38
3993	0.56
3884	0.56
3968	1.36
3954	1.36
3967	1.39
3982	1.39
3999	0.28
3941	0.28
3999	0.38
3886	0.38
3970	0.15
3981	0.15
3984	0.05
3968	0.05
3956	5.01
3926	5.01
3992	4.64
3924	4.64
3962	2.19
3795	2.19
3948	0.15
3974	0.15
3966	0.54
3969	0.54
3970	0.62
3910	0.62
3950	0.67
3867	0.67
3959	0.34
3863	0.34
3967	2.44
3975	2.44
3992	2.11
3983	2.11
3887	15.16
3881	15.16
3948	4.36
3970	4.36
3992	8.95
3963	8.95
3992	6.91
3986	6.91
3899	4.36
3989	4.36
3971	2.25
3968	2.25
3887	0.00	237.94	2400
3997	0.00
3939	0.00
4000	0.00
3922	0.00
3998	0.00
4000	0.00
4000	0.00
3970	0.00
3999	0.00
3942	0.00
3996	0.00
3925	0.00
3999	0.00
3929	0.00
3999	0.00
3997	6.12
3993	6.12
3985	31.63
3961	31.63
3959	0.64
3974	0.64
3982	0.20
4000	0.20
3981	0.31
3990	0.31
4000	0.00
4000	0.00
3884	11.92
3996	11.92
3988	0.31
3993	0.31
3960	1.47
3986	1.47
3992	1.38
3990	1.38
3973	0.23
3982	0.23
3984	0.22
3988	0.22
3981	0.21
3987	0.21
3979	0.47
3981	0.47
3918	2.28
3908	2.28
3995	0.58
3750	0.58
3990	0.02
4000	0.02
4000	0.00
3990	0.00
3983	1.71
3968	1.71
4000	0.00
4000	0.00
3982	0.83
3994	0.83
3969	1.12
3994	1.12
3972	0.58
3983	0.58
3968	1.44
3993	1.44
3973	1.90
3968	1.90
3960	2.88
4001	2.88
3973	3.17
3928	3.17
3967	2.29
3829	2.29
3926	0.01
3940	0.01
3987	0.11
3979	0.11
3995	1.15
3804	1.15
3971	0.71
3896	0.71
3985	0.06
3939	0.06
3987	0.01
3888	0.01
4000	0.00
3943	0.00
3983	0.31
3943	0.31
3982	0.16
3791	0.16
3991	0.01
3987	0.01
3980	0.00
3898	0.00
3985	0.22
3988	0.22
3950	0.01
3957	0.01
3811	1.76
3985	1.76
3954	0.01
3980	0.01
3989	0.73
3985	0.73
3972	0.45
3988	0.45
3904	3.55
3976	3.55
3975	0.00
3972	0.00
3791	10.39
3980	10.39
Bzy_MHz	CPU%c1	PkgWatt	UncMHz
3983	1.54	502.37	2400
3880	0.00	264.07	2400
3881	0.00
3886	0.00
3920	0.00
3894	0.00
3985	0.00
3902	0.00
3998	0.00
3921	0.00
3998	0.00
3910	0.00
3998	0.00
3898	0.00
3998	0.00
3993	0.00
3999	0.00
3954	1.78
3993	1.78
3904	2.33
3925	2.33
3920	4.51
3961	4.51
3943	2.43
3883	2.43
3998	0.58
3976	0.58
3998	1.48
3910	1.48
3937	3.49
3614	3.49
3999	0.00
3983	0.00
3991	2.04
3929	2.04
3999	0.00
3882	0.00
3998	2.13
3899	2.13
3940	3.17
3894	3.17
3946	1.66
3226	1.66
3937	4.25
3975	4.25
3922	2.42
3869	2.42
3935	0.84
3966	0.84
3900	3.28
3917	3.28
3965	2.74
3991	2.74
3998	0.00
3912	0.00
3969	3.31
3563	3.31
3994	2.49
3665	2.49
3899	1.45
3742	1.45
3996	2.08
3992	2.08
3995	1.89
3951	1.89
3936	0.44
3933	0.44
3967	2.08
3961	2.08
3670	0.10
3982	0.10
3958	1.16
3971	1.16
3932	0.20
3852	0.20
3990	1.13
3568	1.13
3969	3.44
3887	3.44
3972	0.22
3957	0.22
3881	0.08
3974	0.08
3841	0.27
3798	0.27
3963	1.02
3771	1.02
3965	0.23
3964	0.23
3959	0.05
3962	0.05
3958	0.12
3899	0.12
3973	0.68
3697	0.68
3965	0.37
3752	0.37
3950	1.01
3896	1.01
3993	0.64
3950	0.64
3952	5.91
3880	5.91
3953	5.60
3818	5.60
3988	2.76
3861	2.76
3812	0.89
3786	0.89
3817	0.83
3752	0.83
3967	0.17
3741	0.17
3893	0.00	238.37	2400
3998	0.00
3883	0.00
3999	0.00
3950	0.00
3998	0.00
4000	0.00
4000	0.00
3914	0.00
3999	0.00
3939	0.00
3996	0.00
3921	0.00
3998	0.00
3906	0.00
3999	0.00
3996	4.93
3999	4.93
3984	27.95
4000	27.95
3973	3.50
3994	3.50
3987	9.20
3991	9.20
3981	1.36
3980	1.36
4000	0.35
3991	0.35
3977	1.25
3949	1.25
3981	1.07
3969	1.07
3972	0.38
3842	0.38
3999	1.07
3977	1.07
3962	0.12
3984	0.12
3971	0.46
3959	0.46
3946	0.42
3941	0.42
3985	0.15
3987	0.15
3965	0.84
3915	0.84
3968	0.01
3903	0.01
3991	0.00
4001	0.00
4000	0.00
4000	0.00
3984	0.09
3981	0.09
4000	0.00
3999	0.00
3983	0.16
3965	0.16
3981	0.74
3995	0.74
3980	0.21
3930	0.21
3971	1.96
3971	1.96
3970	3.59
3989	3.59
3964	3.30
3893	3.30
3964	4.46
3913	4.46
3972	2.59
3885	2.59
3968	1.44
3772	1.44
3975	1.13
3983	1.13
3994	1.35
3815	1.35
3986	0.60
3989	0.60
3989	0.01
3963	0.01
3947	0.17
3960	0.17
4000	0.00
4000	0.00
3982	0.68
3965	0.68
3991	0.37
3949	0.37
3991	0.00
3909	0.00
3967	0.00
3900	0.00
3979	0.00
3945	0.00
3971	0.00
3990	0.00
3814	1.27
3993	1.27
3961	0.09
3990	0.09
3990	0.16
3961	0.16
3782	10.62
3964	10.62
3929	1.45
3991	1.45
3908	0.61
3969	0.61
3800	2.63
3970	2.63
Bzy_MHz	CPU%c1	PkgWatt	UncMHz
3983	1.58	502.83	2400
3880	0.00	264.56	2400
3881	0.00
3888	0.00
3920	0.00
3896	0.00
3988	0.00
3906	0.00
3998	0.00
3868	0.00
3997	0.00
3923	0.00
3999	0.00
3911	0.00
3998	0.00
3999	0.00
3999	0.00
3869	0.82
3960	0.82
3917	3.37
3995	3.37
3867	4.05
3961	4.05
3946	2.34
3734	2.34
3999	0.41
3978	0.41
3951	14.78
3790	14.78
3939	4.56
3733	4.56
3999	0.00
3979	0.00
3998	0.03
3391	0.03
3999	0.00
3975	0.00
3999	2.93
3919	2.93
3940	1.83
3821	1.83
3994	0.95
3827	0.95
3955	2.34
3894	2.34
3934	1.10
3347	1.10
3929	0.66
3930	0.66
3956	1.97
3874	1.97
3935	3.36
3927	3.36
3999	0.00
3980	0.00
3870	5.27
3950	5.27
3999	2.76
3884	2.76
3995	0.69
3910	0.69
3988	0.61
3970	0.61
3935	3.17
3964	3.17
3908	0.53
3899	0.53
3954	2.29
3967	2.29
3717	1.43
3959	1.43
3926	0.12
3973	0.12
3892	0.92
3868	0.92
3563	0.31
3686	0.31
3985	0.12
3928	0.12
3964	0.05
3975	0.05
3991	0.32
3961	0.32
3961	0.22
3855	0.22
3947	2.07
3761	2.07
3965	0.10
3984	0.10
3946	1.79
3979	1.79
3963	0.03
3821	0.03
3948	0.59
3744	0.59
3990	0.54
3862	0.54
3959	2.04
3915	2.04
3956	0.79
3980	0.79
3986	1.69
3877	1.69
3863	2.42
3868	2.42
3995	3.51
3861	3.51
3749	3.99
3944	3.99
3950	1.63
3897	1.63
3926	0.13
3849	0.13
3916	0.00	238.05	2400
3998	0.00
3885	0.00
3999	0.00
3928	0.00
3998	0.00
4000	0.00
4000	0.00
3977	0.00
3999	0.00
3948	0.00
3997	0.00
3905	0.00
3998	0.00
3908	0.00
3999	0.00
3998	1.78
3984	1.78
3983	8.37
3994	8.37
3981	32.38
3960	32.38
3986	0.62
3999	0.62
3983	0.29
3961	0.29
3972	1.50
3858	1.50
3975	1.90
3922	1.90
3981	1.16
3960	1.16
3964	1.71
3982	1.71
4000	0.00
4000	0.00
3956	0.24
4000	0.24
3979	0.63
3860	0.63
3968	0.29
3894	0.29
3989	0.69
3976	0.69
3964	0.51
3975	0.51
3996	1.06
3863	1.06
3990	0.00
3999	0.00
4000	0.00
4000	0.00
3980	1.62
3752	1.62
4000	0.02
4000	0.02
3993	0.04
3983	0.04
3984	0.34
3994	0.34
3980	0.23
3833	0.23
3959	0.55
3986	0.55
3941	0.62
3916	0.62
3960	2.96
3984	2.96
3973	3.60
3940	3.60
3971	2.59
3836	2.59
3976	0.61
3830	0.61
3975	0.91
3949	0.91
3986	2.28
3836	2.28
3988	2.44
3865	2.44
3983	0.10
3960	0.10
3886	0.01
3929	0.01
4000	0.00
4003	0.00
3986	0.82
3940	0.82
3998	0.34
3959	0.34
3988	0.03
3862	0.03
3955	0.00
3914	0.00
3990	0.00
4000	0.00
3947	0.01
3940	0.01
3866	1.65
3981	1.65
3961	0.00
3976	0.00
3990	0.00
4001	0.00
3782	12.08
3899	12.08
3909	2.86
3986	2.86
3984	0.48
3948	0.48
3899	1.07
3945	1.07
Bzy_MHz	CPU%c1	PkgWatt	UncMHz
3983	1.97	503.00	2400
3878	0.00	264.65	2400
3879	0.00
3886	0.00
3919	0.00
3899	0.00
3987	0.00
3894	0.00
3995	0.00
3954	0.00
3998	0.00
3909	0.00
3998	0.00
3821	0.00
3998	0.00
3995	0.00
3998	0.00
3917	5.66
3953	5.66
3899	1.74
3886	1.74
3868	4.29
3963	4.29
3997	1.52
3773	1.52
3998	0.36
3913	0.36
3915	20.66
3776	20.66
3987	3.63
3558	3.63
3998	1.21
3997	1.21
3998	0.00
3685	0.00
3998	0.00
3990	0.00
3994	2.74
3891	2.74
3933	2.38
3929	2.38
3952	1.95
3694	1.95
3927	2.50
3935	2.50
3995	1.12
3843	1.12
3917	3.58
3969	3.58
3951	1.52
3704	1.52
3925	2.44
3929	2.44
3998	0.00
3925	0.00
3905	2.65
3968	2.65
3993	3.11
3910	3.11
3858	1.55
3897	1.55
3925	2.52
3954	2.52
3952	2.82
3952	2.82
3956	1.04
3863	1.04
3999	3.74
3946	3.74
3653	1.08
3971	1.08
3601	1.48
3935	1.48
3916	1.54
3901	1.54
3788	0.01
3390	0.01
3972	0.10
3876	0.10
3967	0.06
3971	0.06
3858	0.51
3942	0.51
3951	1.11
3968	1.11
3962	1.76
3891	1.76
3962	2.22
3919	2.22
3975	1.81
3978	1.81
3973	0.55
3900	0.55
3961	0.37
3803	0.37
3980	0.01
3579	0.01
3971	2.03
3823	2.03
3959	0.34
3940	0.34
3993	0.62
3901	0.62
3930	0.62
3903	0.62
3997	3.66
3816	3.66
3887	4.62
3893	4.62
3935	0.67
3816	0.67
3933	2.02
3876	2.02
3918	0.00	238.47	2400
3999	0.00
3905	0.00
4000	0.00
3946	0.00
3998	0.00
4000	0.00
4000	0.00
3954	0.00
3999	0.00
3932	0.00
3996	0.00
3911	0.00
3998	0.00
3961	0.00
3999	0.00
3998	2.92
3989	2.92
3988	31.63
3996	31.63
3947	0.49
3998	0.49
3987	0.31
4000	0.31
3985	0.06
3967	0.06
3982	0.82
3901	0.82
3924	3.30
3991	3.30
3981	0.43
3991	0.43
3823	43.73
4002	43.73
4000	0.00
4000	0.00
3964	0.11
4000	0.11
3982	0.45
3932	0.45
3974	0.47
3967	0.47
3990	0.30
3983	0.30
3992	1.02
3970	1.02
3942	0.90
3945	0.90
3990	0.01
4001	0.01
4000	0.00
4000	0.00
3982	0.43
3912	0.43
4000	0.00
4000	0.00
3993	0.23
3958	0.23
3983	1.25
3993	1.25
3980	0.40
3947	0.40
3983	0.37
3997	0.37
3979	0.60
3963	0.60
3974	1.17
3991	1.17
3973	4.06
3884	4.06
3975	1.64
3925	1.64
3985	0.87
3985	0.87
3979	0.43
3994	0.43
3994	1.67
3858	1.67
3984	0.00
3997	0.00
3984	0.02
3957	0.02
3998	0.00
3988	0.00
4000	0.00
3997	0.00
3988	0.13
3961	0.13
3993	0.21
3959	0.21
3989	0.01
3783	0.01
3964	0.00
3973	0.00
3991	0.00
4000	0.00
3984	0.31
3970	0.31
3858	1.06
3972	1.06
3958	0.15
3991	0.15
3990	0.01
3991	0.01
3780	7.67
3998	7.67
3893	2.56
3995	2.56
3918	0.01
3922	0.01
3960	7.01
3997	7.01
Bzy_MHz	CPU%c1	PkgWatt	UncMHz
3984	2.27	501.73	2400
3879	0.00	265.02	2400
3880	0.00
3886	0.00
3921	0.00
3896	0.00
3987	0.00
3947	0.00
3999	0.00
3947	0.00
3999	0.00
3843	0.00
3999	0.00
3980	0.00
3999	0.00
4000	0.00
3999	0.00
3940	3.14
3944	3.14
3985	0.60
3954	0.60
3991	6.45
3963	6.45
3999	1.06
3636	1.06
3999	0.35
3997	0.35
3973	8.85
3956	8.85
3993	2.05
3961	2.05
3983	4.83
3985	4.83
3999	0.00
3990	0.00
3999	0.00
3993	0.00
3998	2.12
3928	2.12
3937	3.46
3952	3.46
3955	2.18
3903	2.18
3956	5.22
3972	5.22
3942	2.10
3981	2.10
3961	2.39
3980	2.39
3994	2.03
3980	2.02
3940	2.03
3968	2.03
3999	0.00
3973	0.00
3985	3.05
3958	3.05
3999	4.50
3961	4.50
3961	1.68
3981	1.68
3932	0.44
3980	0.44
3921	1.90
3979	1.90
3991	1.63
3925	1.63
3995	1.25
3978	1.25
3989	0.79
3993	0.79
3968	0.17
3982	0.17
3974	3.60
3914	3.60
3992	1.69
3874	1.69
3977	0.09
3980	0.09
3985	0.04
3990	0.04
3953	4.60
3956	4.60
3964	4.99
3934	4.99
3970	1.73
3957	1.73
3966	0.16
3982	0.16
3973	0.05
3984	0.05
3991	0.15
3838	0.15
3956	0.09
3918	0.09
3986	1.95
3783	1.95
3978	1.52
3831	1.52
3962	1.61
3987	1.61
3973	5.23
3986	5.23
3880	2.95
3990	2.95
3969	4.92
3979	4.92
3875	5.37
3874	5.37
3967	2.88
3989	2.88
3956	0.90
3988	0.90
3885	0.00	238.50	2400
3998	0.00
3919	0.00
3999	0.00
3947	0.00
3998	0.00
4000	0.00
4000	0.00
3945	0.00
3999	0.00
3942	0.00
3996	0.00
3967	0.00
3999	0.00
3925	0.00
3999	0.00
3998	3.31
3992	3.31
3987	32.00
3993	32.00
3939	0.77
3998	0.77
3987	0.24
4000	0.24
3984	0.97
3984	0.97
3974	2.91
3948	2.91
3960	1.32
3993	1.32
3920	26.27
3942	26.27
3916	28.53
3931	28.53
4000	0.00
4000	0.00
3983	1.49
3886	1.49
3985	0.89
3984	0.89
3973	2.11
3978	2.11
3989	0.47
3989	0.47
3956	1.92
3957	1.92
3958	1.13
3973	1.13
3972	0.97
3999	0.97
4000	0.00
4000	0.00
3969	2.10
3984	2.10
4000	0.02
4000	0.02
3985	1.28
3937	1.28
3955	1.03
3983	1.03
3973	1.06
3992	1.06
3970	1.40
3996	1.40
3981	0.74
3997	0.74
3969	2.43
3995	2.43
3976	2.41
3913	2.41
3978	2.83
3990	2.83
3874	1.25
3991	1.25
3982	0.90
3894	0.90
3982	1.55
3903	1.55
3903	1.34
3854	1.34
3984	0.05
3971	0.05
3896	0.09
3875	0.09
4000	0.00
3999	0.00
3989	0.03
3948	0.03
3938	0.15
3994	0.15
3990	0.03
3974	0.03
3939	0.09
3920	0.09
3954	0.09
3982	0.09
3954	0.10
3993	0.10
3815	1.29
3984	1.29
3963	0.23
3952	0.23
3990	0.03
3920	0.03
3794	9.79
3929	9.79
3965	4.39
3970	4.39
3970	0.53
3993	0.53
3934	2.98
3963	2.98
Bzy_MHz	CPU%c1	PkgWatt	UncMHz
3982	2.13	506.00	2400
3877	0.00	266.23	2400
3878	0.00
3883	0.00
3918	0.00
3888	0.00
3986	0.00
3908	0.00
3996	0.00
3937	0.00
3996	0.00
3906	0.00
3997	0.00
3873	0.00
3997	0.00
3998	0.00
3997	0.00
3910	1.75
3960	1.75
3931	1.95
3957	1.95
3940	6.72
3941	6.72
3991	1.53
3971	1.53
3996	6.04
3897	6.04
3981	5.00
3908	5.00
3957	3.06
3748	3.06
3929	1.57
3932	1.57
3997	0.00
3872	0.00
3997	0.00
3981	0.00
3996	0.00
3861	0.00
3909	2.18
3936	2.18
3970	3.67
3908	3.67
3997	1.70
3932	1.70
3914	4.02
3911	4.02
3900	7.17
3916	7.17
3966	3.71
3945	3.72
3883	1.48
3907	1.48
3997	0.00
3914	0.00
3898	2.82
3904	2.82
3985	5.37
3991	5.37
3882	2.78
3908	2.78
3927	0.27
3818	0.27
3996	4.05
3944	4.05
3967	2.77
3993	2.77
3929	1.46
3935	1.46
3585	3.22
3982	3.22
3942	2.92
3927	2.92
3952	2.31
3966	2.31
3985	1.94
3929	1.94
3976	1.21
3901	1.21
3927	0.92
3958	0.92
3974	7.61
3744	7.61
3945	2.79
3916	2.79
3950	9.56
3909	9.56
3941	0.35
3872	0.35
3945	0.09
3950	0.09
3988	1.18
3921	1.18
3985	0.71
3637	0.71
3901	2.51
3712	2.51
3984	3.48
3902	3.48
3939	2.19
3845	2.19
3880	8.19
3940	8.19
3918	6.55
3976	6.55
3951	4.97
3872	4.97
3890	4.57
3881	4.57
3975	4.68
3928	4.68
3978	3.24
3965	3.24
3899	0.00	237.84	2400
3998	0.00
3895	0.00
3999	0.00
3941	0.00
3998	0.00
4000	0.00
4000	0.00
3961	0.00
3999	0.00
3930	0.00
3995	0.00
3928	0.00
3998	0.00
3965	0.00
3999	0.00
3996	5.59
4000	5.59
3984	15.27
3994	15.27
3895	0.56
3991	0.56
3988	19.38
3987	19.38
3987	1.13
3979	1.13
3983	1.38
3966	1.38
3970	1.32
3963	1.32
3972	1.59
3974	1.59
3895	11.48
3993	11.48
4000	0.00
4000	0.00
3938	0.75
3998	0.75
3983	0.39
3919	0.39
3975	0.08
3805	0.08
3987	0.36
3909	0.36
3978	3.78
3941	3.78
3937	1.54
3898	1.54
3986	0.01
3999	0.01
4000	0.00
4000	0.00
3971	0.95
3876	0.95
4000	0.00
3998	0.00
3984	0.61
3739	0.61
3980	0.73
3965	0.73
3978	1.29
3927	1.29
3981	0.53
4000	0.53
3952	0.70
3843	0.70
3957	2.17
3992	2.17
3956	1.06
3998	1.06
3976	1.45
3931	1.45
3965	1.30
3943	1.30
3985	0.54
3989	0.54
3995	1.53
3908	1.53
3980	1.66
3934	1.66
3985	0.01
3959	0.01
3997	0.00
3984	0.00
4000	0.00
4003	0.00
3992	0.02
3981	0.02
3976	0.28
3993	0.28
3990	0.01
3790	0.01
3976	0.00
3745	0.00
3991	0.03
3999	0.03
3956	0.01
3886	0.01
3872	0.59
3990	0.59
3914	0.07
3979	0.07
3989	0.01
3959	0.01
3862	1.26
3913	1.26
3938	1.72
3989	1.72
3932	0.00
3721	0.00
3781	9.57
3985	9.57
Bzy_MHz	CPU%c1	PkgWatt	UncMHz
3983	1.47	501.35	2400
3880	0.00	264.29	2400
3880	0.00
3887	0.00
3918	0.00
3894	0.00
3987	0.00
3905	0.00
3995	0.00
3903	0.00
3997	0.00
3944	0.00
3998	0.00
3890	0.00
3998	0.00
3995	0.00
3998	0.00
3998	0.65
3984	0.65
3986	4.36
3972	4.36
3983	2.79
3966	2.79
3995	3.49
3904	3.49
3933	9.57
3830	9.57
3910	11.91
3869	11.91
3954	4.98
3889	4.98
3837	1.25
3997	1.25
3999	0.00
3967	0.00
3999	0.00
3847	0.00
3999	0.00
3858	0.00
3990	3.85
3853	3.85
3962	3.95
3913	3.95
3998	0.35
3961	0.35
3899	2.71
3250	2.71
3926	2.03
3874	2.04
3933	7.75
3921	7.75
3983	1.69
3798	1.69
3999	0.92
3864	0.92
3876	1.73
3928	1.73
3540	2.58
3935	2.58
3960	0.74
3667	0.74
3996	1.04
3990	1.04
3921	1.64
3968	1.64
3955	0.25
3744	0.25
3903	1.31
3708	1.31
3494	1.72
3961	1.72
3744	2.24
3903	2.24
3896	1.15
3944	1.15
3967	0.26
3893	0.26
3979	0.05
3956	0.05
3977	0.90
3968	0.90
3977	1.56
3967	1.56
3959	0.45
3935	0.45
3972	0.19
3983	0.19
3957	0.54
3705	0.54
3970	0.13
3983	0.13
3993	0.39
3897	0.39
3960	0.27
3598	0.27
3957	0.02
3475	0.02
3954	0.62
3811	0.62
3938	0.46
3912	0.46
3950	0.77
3911	0.77
3734	0.15
3916	0.15
3974	4.90
3796	4.90
3940	0.09
3623	0.09
3849	0.27
3366	0.27
3966	3.91
3891	3.91
3912	0.00	237.31	2400
3998	0.00
3902	0.00
4000	0.00
3897	0.00
3998	0.00
4000	0.00
4000	0.00
3943	0.00
3999	0.00
3941	0.00
3996	0.00
3933	0.00
3998	0.00
3951	0.00
3999	0.00
3998	2.70
3998	2.70
3984	1.36
3993	1.36
3944	1.48
3997	1.48
3989	33.69
3970	33.69
3983	0.07
3954	0.07
3966	0.68
3941	0.68
3973	1.03
3981	1.03
3987	0.31
3987	0.31
3972	0.22
3981	0.22
4000	0.00
4000	0.00
3979	0.22
3968	0.22
3983	0.35
4000	0.35
3977	0.29
3993	0.29
3992	0.00
3999	0.00
3966	1.32
3985	1.32
3973	0.26
3973	0.26
3990	0.00
4001	0.00
4000	0.00
4000	0.00
3973	0.57
3991	0.57
4000	0.00
4000	0.00
3989	0.37
3996	0.37
3979	0.52
3967	0.52
3983	0.23
3960	0.23
3972	0.77
3996	0.77
3991	0.25
3996	0.25
3958	1.11
3967	1.11
3980	0.66
3999	0.66
3971	2.25
3900	2.25
3977	0.34
3976	0.34
3984	0.71
3993	0.71
3985	1.52
3843	1.52
3982	2.78
3892	2.78
3984	0.06
3960	0.06
3971	0.01
3937	0.01
4000	0.00
3998	0.00
3991	0.10
3954	0.10
3998	0.84
3995	0.84
3991	0.01
3982	0.01
3990	0.00
4000	0.00
3991	0.00
3987	0.00
3986	0.02
3996	0.02
3841	1.16
3960	1.16
3971	0.00
4000	0.00
3990	0.01
3962	0.01
3982	0.62
3955	0.62
3927	1.77
3993	1.77
3988	0.17
3984	0.17
3786	11.14
3977	11.14
Bzy_MHz	CPU%c1	PkgWatt	UncMHz
3983	2.11	502.15	2400
3879	0.00	264.83	2400
3881	0.00
3885	0.00
3917	0.00
3889	0.00
3986	0.00
3904	0.00
3996	0.00
3924	0.00
3997	0.00
3881	0.00
3997	0.00
3895	0.00
3997	0.00
3996	0.00
3998	0.00
3999	1.64
3965	1.64
3955	2.04
3957	2.04
3991	5.98
3968	5.98
3984	1.00
3965	1.00
3945	5.52
3957	5.52
3953	10.79
3914	10.79
3976	2.92
3979	2.92
3915	0.79
3966	0.79
3998	0.00
3969	0.00
3998	0.00
3963	0.00
3998	0.00
3525	0.00
3894	14.28
3831	14.28
3937	7.51
3909	7.51
3998	0.35
3973	0.35
3909	5.36
3901	5.36
3904	1.57
3893	1.57
3936	2.60
3626	2.60
3893	5.16
3965	5.16
3952	2.90
3940	2.90
3874	3.17
3964	3.17
3962	2.17
3992	2.17
3940	4.52
3915	4.52
3996	2.80
3858	2.80
3917	2.56
3971	2.56
3899	0.34
3964	0.34
3996	3.50
3935	3.50
3975	1.20
3936	1.20
3962	0.36
3939	0.36
3932	0.08
3929	0.08
3960	1.17
3971	1.17
3980	1.50
3973	1.50
3997	0.02
3985	0.02
3979	1.97
3933	1.97
3939	2.89
3918	2.89
3957	5.21
3906	5.21
3946	4.55
3899	4.55
3956	3.91
3917	3.91
3981	2.74
3917	2.74
3949	4.32
3956	4.32
3958	0.51
3892	0.51
3956	1.44
3982	1.44
3930	4.60
3936	4.60
3919	1.44
3965	1.44
3889	3.04
3840	3.04
3941	7.83
3853	7.83
3946	0.86
3919	0.86
3808	1.80
3992	1.80
3948	3.69
3911	3.69
3897	0.00	237.67	2400
3998	0.00
3864	0.00
4000	0.00
3893	0.00
3998	0.00
4000	0.00
4000	0.00
3919	0.00
3999	0.00
3945	0.00
3998	0.00
3948	0.00
3997	0.00
3918	0.00
3999	0.00
3997	2.50
3998	2.50
3997	1.03
3995	1.03
3959	0.83
3964	0.83
3989	33.89
3973	33.89
3984	0.16
3976	0.16
3974	0.74
3909	0.74
3976	0.74
3963	0.74
3987	0.35
3986	0.35
3970	0.89
3994	0.89
4000	0.00
4000	0.00
3963	2.24
4000	2.24
3976	1.02
4000	1.02
3977	0.07
3992	0.07
3992	0.23
3983	0.23
3965	1.36
3963	1.36
3958	0.84
3964	0.84
3989	1.58
3981	1.58
4000	0.00
4000	0.00
3974	1.16
3982	1.16
4000	0.00
4000	0.00
3990	0.89
3975	0.89
3997	0.82
3966	0.82
3997	0.77
3966	0.77
3977	1.42
3992	1.42
3982	2.01
3955	2.01
3959	1.89
3994	1.89
3981	1.84
4001	1.84
3989	2.64
3904	2.64
3982	1.63
3994	1.63
3987	0.98
4001	0.98
3988	3.32
3969	3.32
3970	6.04
3866	6.04
3977	0.59
3961	0.59
3975	1.70
3959	1.70
4000	0.00
4001	0.00
3982	1.18
3994	1.18
3997	1.43
3994	1.43
3990	0.18
3985	0.18
3990	0.00
3958	0.00
3991	0.00
4001	0.00
3934	0.13
3966	0.13
3841	0.84
3960	0.84
3990	0.30
3965	0.30
3990	0.00
4000	0.00
3900	1.74
3969	1.74
3911	1.75
3985	1.75
3990	0.00
3996	0.00
3872	8.06
3988	8.06
Bzy_MHz	CPU%c1	PkgWatt	UncMHz
3984	1.45	500.87	2400
3879	0.00	263.25	2400
3880	0.00
3887	0.00
3923	0.00
3893	0.00
3987	0.00
3916	0.00
3998	0.00
3929	0.00
3998	0.00
3995	0.00
3999	0.00
3813	0.00
3999	0.00
4000	0.00
3999	0.00
3952	0.06
3978	0.06
3981	1.50
3973	1.50
3995	1.53
3962	1.53
3957	1.63
3900	1.63
3974	2.63
3969	2.63
3941	3.46
3981	3.46
3964	4.33
3939	4.33
3971	0.93
3967	0.93
3999	0.00
3988	0.00
3999	0.00
3975	0.00
3999	0.00
3825	0.00
3999	2.45
3968	2.45
3960	7.38
3875	7.38
3998	1.10
3890	1.10
3909	16.38
3782	16.38
3921	10.18
3761	10.18
3959	0.98
3703	0.98
3994	2.33
3954	2.33
3926	1.75
3943	1.75
3891	1.76
3932	1.76
3953	1.04
3807	1.04
3948	1.99
3994	1.99
3823	1.64
3995	1.64
3941	1.23
3983	1.23
3953	0.26
3901	0.26
3928	0.29
3530	0.29
3747	0.01
3909	0.01
3892	0.46
3900	0.46
3939	1.37
3960	1.37
3710	0.15
3715	0.15
3962	0.47
3860	0.47
3999	0.00
3991	0.00
3925	1.53
3900	1.53
3970	0.28
3820	0.28
3971	0.59
3878	0.59
3950	0.69
3905	0.69
3968	0.33
3974	0.33
3957	0.03
3838	0.03
3962	0.98
3889	0.98
3951	0.14
3695	0.14
3953	0.46
3700	0.46
3974	0.57
3971	0.57
3930	0.62
3885	0.62
3958	0.27
3914	0.27
3959	7.14
3804	7.14
3864	0.22
3921	0.22
3958	0.98
3776	0.98
3921	1.23
3956	1.23
3903	0.00	237.32	2400
3998	0.00
3914	0.00
3999	0.00
3941	0.00
4000	0.00
4000	0.00
4000	0.00
3942	0.00
3999	0.00
3928	0.00
3998	0.00
3950	0.00
3997	0.00
3914	0.00
3999	0.00
3997	1.06
3891	1.06
3996	3.70
3995	3.70
3977	10.92
3985	10.92
3987	26.09
3971	26.09
3982	0.38
3957	0.38
3986	0.22
3989	0.22
3973	2.40
3945	2.40
3986	0.65
3995	0.65
3970	0.58
3979	0.58
4000	0.00
4000	0.00
3972	1.36
3982	1.36
3981	0.56
3999	0.56
3979	1.67
3986	1.67
3986	0.98
3991	0.98
3954	1.09
3983	1.09
3969	1.65
3966	1.65
3980	0.00
3967	0.00
4000	0.00
3999	0.00
3974	0.09
3989	0.09
4000	0.00
4000	0.00
3986	0.52
3996	0.52
3976	0.53
3965	0.53
3978	0.05
3954	0.05
3979	0.34
3990	0.34
3976	2.31
3981	2.31
3972	2.21
3980	2.21
3978	0.31
4000	0.31
3972	1.42
3940	1.42
3976	1.77
3931	1.77
3975	1.08
3969	1.08
3986	1.94
3827	1.94
3987	3.07
3892	3.07
3992	0.00
3969	0.00
3970	0.33
3964	0.33
4000	0.00
4000	0.00
3982	1.10
3997	1.10
3999	0.96
3992	0.96
3990	0.03
4002	0.03
3990	0.32
3987	0.32
3991	0.01
3997	0.01
3975	2.13
3984	2.13
3845	1.05
3951	1.05
3951	0.00
3999	0.00
3990	0.02
3959	0.02
3905	1.22
3939	1.22
3940	0.80
3886	0.80
3988	0.09
3995	0.09
3790	0.16
3916	0.16
Bzy_MHz	CPU%c1	PkgWatt	UncMHz
3983	1.53	501.50	2400
3877	0.00	262.95	2400
3878	0.00
3883	0.00
3916	0.00
3890	0.00
3985	0.00
3942	0.00
3998	0.00
3923	0.00
3998	0.00
3820	0.00
3998	0.00
4009	0.00
3999	0.00
3992	0.00
3999	0.00
3910	0.15
3919	0.15
3969	0.72
3908	0.72
3994	0.49
3958	0.49
3969	0.13
3854	0.13
3978	0.50
3925	0.50
3988	3.20
3958	3.20
3995	2.90
3829	2.90
3971	0.54
3887	0.54
3999	0.00
3988	0.00
3999	0.00
3913	0.00
3999	0.00
3539	0.00
3998	0.36
3928	0.36
3936	8.96
3822	8.96
3964	0.52
3995	0.52
3895	11.55
3789	11.55
3901	7.67
3801	7.67
3940	3.07
3816	3.07
3877	3.83
3683	3.83
3921	2.17
3829	2.17
3959	0.29
3580	0.29
3960	0.92
3404	0.92
3873	3.03
3989	3.03
3901	1.04
3613	1.04
3933	0.64
3912	0.64
3936	0.44
3846	0.44
3999	0.62
3989	0.62
3663	0.22
3877	0.22
3842	0.08
3791	0.08
3959	0.17
3840	0.17
3897	0.02
3663	0.02
3976	0.53
3942	0.53
3999	0.00
3994	0.00
3967	0.04
3843	0.04
3971	0.33
3814	0.33
3967	0.15
3979	0.15
3967	0.99
3809	0.99
3970	0.17
3970	0.17
3919	0.02
3930	0.02
3949	0.38
3795	0.38
3966	0.02
3713	0.02
3953	0.37
3746	0.37
3991	0.22
3943	0.22
3902	0.28
3861	0.28
3918	0.15
3780	0.15
3966	6.50
3803	6.50
3875	0.13
3716	0.13
3860	0.28
3608	0.28
3938	0.53
3810	0.53
3921	0.00	238.21	2400
3999	0.00
3842	0.00
4000	0.00
3920	0.00
3998	0.00
3997	0.00
4000	0.00
3928	0.00
3998	0.00
3931	0.00
3998	0.00
3933	0.00
3998	0.00
3957	0.00
3999	0.00
3998	2.19
3978	2.19
3978	1.04
3997	1.04
3984	33.28
3972	33.28
3975	2.68
3996	2.68
3982	1.37
3943	1.37
3984	1.06
3917	1.06
3970	1.54
3973	1.54
3977	3.07
3980	3.07
3979	0.78
3989	0.78
4000	0.00
4000	0.00
3963	3.58
3981	3.58
3961	3.30
3989	3.30
3971	2.33
3982	2.33
3980	3.75
3973	3.75
3959	2.67
3983	2.67
3973	4.68
3945	4.68
3989	1.52
3975	1.52
4000	0.00
4000	0.00
3979	0.17
3950	0.17
4000	0.00
3999	0.00
3982	0.93
3983	0.93
3981	1.10
3973	1.10
3996	0.37
3913	0.37
3979	0.28
3997	0.28
3959	2.14
3978	2.14
3977	2.06
3977	2.06
3976	0.87
3998	0.87
3978	1.60
3942	1.60
3981	1.20
3961	1.20
3976	1.94
4000	1.94
3983	2.95
3872	2.95
3976	6.79
3821	6.79
3995	0.00
3961	0.00
3975	1.81
3944	1.81
4000	0.00
4000	0.00
3981	1.23
3990	1.23
3987	1.05
3993	1.05
3980	0.99
3984	0.99
3973	0.16
3981	0.16
3961	0.05
3989	0.05
3864	2.16
3970	2.16
3800	3.23
3971	3.23
3957	0.00
3914	0.00
3990	0.01
3984	0.01
3885	4.27
3956	4.27
3946	0.01
3998	0.01
3966	0.00
3958	0.00
3943	0.17
3991	0.17
Bzy_MHz	CPU%c1	PkgWatt	UncMHz
3984	1.46	499.69	2400
3878	0.00	262.54	2400
3879	0.00
3884	0.00
3919	0.00
3889	0.00
3987	0.00
3913	0.00
3999	0.00
3953	0.00
3999	0.00
3943	0.00
3999	0.00
4000	0.00
3999	0.00
3996	0.00
3999	0.00
3925	0.16
3979	0.16
3956	1.23
3946	1.23
3983	0.30
3921	0.30
3995	0.01
3434	0.01
3981	1.68
3956	1.68
3963	2.94
3959	2.94
3961	4.02
3977	4.02
3995	0.58
3986	0.58
3999	0.00
3973	0.00
3999	0.00
3529	0.00
3999	0.00
3478	0.00
3999	0.40
3965	0.40
3957	18.32
3780	18.32
3976	0.25
3970	0.25
3996	2.76
3982	2.76
3941	1.70
3969	1.70
3956	1.81
3949	1.81
3918	11.72
3772	11.72
3964	1.92
3937	1.92
3976	1.61
3250	1.61
3968	2.83
3947	2.83
3955	1.89
3978	1.89
3937	1.61
3667	1.61
3993	0.60
3468	0.60
3995	0.61
3927	0.61
3999	1.48
3867	1.48
3949	0.61
3874	0.61
3246	0.71
3969	0.71
3926	0.20
3951	0.20
3862	0.19
3844	0.19
3985	0.75
3988	0.75
3999	0.00
3992	0.00
3994	0.03
3744	0.03
3979	1.07
3974	1.07
3974	1.49
3966	1.49
3997	1.24
3973	1.24
3975	0.17
3990	0.17
3976	0.44
3965	0.44
3962	0.43
3979	0.43
3977	0.01
3941	0.01
3960	0.01
3788	0.01
3959	0.43
3990	0.43
3953	0.69
3952	0.69
3964	0.32
3916	0.32
3967	5.66
3848	5.66
3965	0.15
3921	0.15
3937	0.42
3656	0.42
3918	0.86
3929	0.86
3919	0.00	237.42	2400
3998	0.00
3885	0.00
3999	0.00
3928	0.00
3998	0.00
4000	0.00
4000	0.00
3962	0.00
3999	0.00
3930	0.00
3997	0.00
3903	0.00
3998	0.00
3924	0.00
3999	0.00
3996	4.01
3943	4.01
3969	1.63
3985	1.63
3984	35.16
3971	35.16
3974	2.66
3986	2.66
3967	2.72
3971	2.72
3970	2.38
3917	2.38
3983	0.33
3789	0.33
3981	0.78
3619	0.78
3970	0.80
3981	0.80
4000	0.00
4000	0.00
3968	0.39
3720	0.39
3959	2.47
3976	2.47
3964	1.25
3970	1.25
3826	0.09
3788	0.09
3964	2.56
3973	2.56
3920	1.15
3975	1.15
3989	2.77
3968	2.77
4000	0.00
4000	0.00
3980	2.67
3971	2.67
4000	0.00
4000	0.00
3976	0.92
3918	0.92
3635	0.00
3841	0.00
3984	0.01
3970	0.01
3980	0.23
3967	0.23
3981	0.67
3997	0.67
3978	1.23
3989	1.23
3974	1.33
3999	1.33
3969	1.58
3874	1.58
3965	1.09
3757	1.09
3982	0.10
3617	0.10
3990	1.90
3805	1.90
3980	1.54
3963	1.54
3798	0.20
3834	0.20
3958	0.84
3940	0.84
4000	0.00
3998	0.00
3973	1.40
3978	1.40
3982	0.88
3966	0.88
3969	1.18
3920	1.18
3966	0.41
3965	0.41
3970	0.71
3970	0.71
3904	0.64
3994	0.64
3831	1.31
3829	1.31
3801	0.16
3950	0.16
3990	0.03
3961	0.03
3882	3.96
3948	3.96
3952	0.23
3972	0.23
3981	0.40
3978	0.40
3995	0.34
3957	0.34
Bzy_MHz	CPU%c1	PkgWatt	UncMHz
3983	1.54	501.88	2400
3878	0.00	263.81	2400
3879	0.00
3885	0.00
3922	0.00
3888	0.00
3985	0.00
3916	0.00
3997	0.00
3965	0.00
3998	0.00
3870	0.00
3998	0.00
4000	0.00
3998	0.00
3997	0.00
3998	0.00
3917	0.14
3920	0.14
3917	1.04
3947	1.04
3990	0.41
3917	0.41
3953	0.02
3854	0.02
3982	0.81
3992	0.81
3909	3.78
3976	3.78
3962	3.51
3880	3.51
3984	2.81
3967	2.81
3998	0.00
3985	0.00
3998	0.00
3597	0.00
3998	0.00
3969	0.00
3998	0.38
3932	0.38
3987	11.80
3799	11.80
3952	2.57
3971	2.57
3987	6.75
3848	6.75
3912	1.60
3882	1.60
3945	3.08
3866	3.08
3917	11.87
3755	11.87
3911	2.42
3900	2.42
3884	0.48
3653	0.48
3934	4.52
3898	4.52
3904	4.06
3969	4.06
3924	1.89
3710	1.89
3937	1.38
3748	1.38
3989	2.50
3996	2.50
3955	1.93
3687	1.93
3692	0.61
3995	0.61
3914	2.59
3927	2.59
3959	0.96
3956	0.96
3871	1.08
3858	1.08
3985	0.68
3983	0.68
3998	0.00
3989	0.00
3994	1.31
3916	1.31
3956	0.94
3976	0.94
3975	0.02
3970	0.02
3969	0.40
3830	0.40
3972	0.60
3930	0.60
3929	0.93
3850	0.93
3955	0.81
3807	0.81
4000	0.60
3919	0.60
3968	3.09
3921	3.09
3953	0.51
3906	0.51
3947	0.48
3897	0.48
3944	0.40
3932	0.40
3964	7.17
3814	7.17
3862	0.13
3933	0.13
3924	0.39
3674	0.39
3969	1.04
3809	1.04
3917	0.00	237.77	2400
3998	0.00
3912	0.00
4000	0.00
3940	0.00
3998	0.00
4000	0.00
4000	0.00
3962	0.00
4000	0.00
3938	0.00
3996	0.00
3930	0.00
3998	0.00
3966	0.00
3999	0.00
3996	0.46
3970	0.46
3997	4.13
3995	4.13
3985	34.47
3970	34.47
3981	1.18
3987	1.18
3982	0.47
3943	0.47
3988	1.65
3918	1.65
3969	0.65
3994	0.65
3981	0.23
4000	0.23
3980	0.81
3993	0.81
4000	0.00
4000	0.00
3975	1.09
3989	1.09
3973	1.38
3999	1.38
3974	0.62
3988	0.62
3991	0.29
3983	0.29
3958	1.32
3969	1.32
3991	0.77
3995	0.77
3990	0.00
4000	0.00
4000	0.00
4001	0.00
3980	3.35
3971	3.35
4000	0.00
4000	0.00
3989	0.74
3986	0.74
3994	0.55
3994	0.55
3986	0.45
3990	0.45
3974	0.83
3996	0.83
3973	0.68
3984	0.68
3976	1.59
3990	1.59
3975	1.25
3996	1.25
3970	2.27
3838	2.27
3979	0.99
3953	0.99
3983	0.59
4000	0.59
3988	1.75
3830	1.75
3974	2.43
3930	2.43
3992	0.00
3957	0.00
3975	0.88
3974	0.88
4000	0.00
4005	0.00
3996	1.06
3988	1.06
3984	0.68
3983	0.68
3980	0.84
3983	0.84
3979	0.28
3973	0.28
3966	1.13
3996	1.13
3929	1.79
3994	1.79
3985	0.27
3980	0.27
3967	0.03
3998	0.03
3989	0.04
3955	0.04
3910	3.12
3992	3.12
3952	0.12
3995	0.12
3929	0.00
3993	0.00
3968	0.43
3989	0.43
Bzy_MHz	CPU%c1	PkgWatt	UncMHz
3982	2.14	501.69	2400
3875	0.00	264.77	2400
3876	0.00
3885	0.00
3919	0.00
3885	0.00
3983	0.00
3935	0.00
3997	0.00
3934	0.00
3997	0.00
3915	0.00
3998	0.00
3997	0.00
3998	0.00
4000	0.00
3998	0.00
3991	1.19
3963	1.19
3964	1.01
3913	1.01
3978	1.65
3862	1.65
3983	1.47
3958	1.47
3959	1.03
3974	1.03
3900	3.64
3931	3.64
3977	12.22
3903	12.22
3974	4.03
3975	4.03
3998	0.00
3882	0.00
3998	0.00
3812	0.00
3998	0.00
3861	0.00
3998	0.35
3814	0.35
3991	1.12
3934	1.12
3937	2.36
3927	2.36
3963	16.38
3810	16.38
3919	4.60
3897	4.60
3914	2.77
3805	2.77
3920	7.88
3788	7.88
3928	5.46
3800	5.46
3928	1.15
3761	1.15
3954	2.40
3903	2.40
3886	3.61
3946	3.61
3993	3.27
3608	3.27
3900	0.33
3685	0.33
3827	0.14
3885	0.14
3979	2.40
3895	2.40
3958	3.25
3998	3.25
3982	2.05
3931	2.05
3969	3.29
3918	3.29
3956	2.18
3856	2.18
3996	0.65
3893	0.65
3998	0.00
3989	0.00
3973	1.71
3932	1.71
3947	0.60
3936	0.60
3957	6.66
3931	6.66
3949	1.38
3848	1.38
3946	7.93
3915	7.93
3955	0.66
3770	0.66
3943	0.14
3881	0.14
3927	0.35
3740	0.35
3989	2.71
3844	2.71
3956	0.82
3921	0.82
3986	1.59
3859	1.59
3836	14.66
3918	14.66
3956	6.16
3797	6.16
3953	6.37
3982	6.37
3981	5.33
3447	5.33
3945	2.19
3941	2.19
3885	0.00	237.31	2400
3998	0.00
3895	0.00
3999	0.00
3954	0.00
3998	0.00
4000	0.00
4000	0.00
3955	0.00
3999	0.00
3924	0.00
3998	0.00
3950	0.00
3997	0.00
3962	0.00
3999	0.00
3978	1.87
3912	1.87
3997	3.13
3997	3.13
3981	14.27
3983	14.27
3986	19.13
3980	19.13
3932	0.12
3989	0.12
3969	2.29
3953	2.29
3937	0.47
3996	0.47
3903	8.93
3966	8.93
3937	6.85
3956	6.85
4000	0.03
4000	0.03
3978	1.57
3963	1.57
3979	0.39
3841	0.39
3970	0.83
3987	0.83
3978	0.10
3996	0.10
3824	0.09
3844	0.09
3973	1.75
3817	1.75
3970	0.00
3832	0.00
4000	0.00
3999	0.00
3982	0.12
3821	0.12
4000	0.02
4000	0.02
3981	0.88
3994	0.88
3961	0.56
3994	0.56
3983	0.44
3985	0.44
3974	1.11
3966	1.11
3964	0.91
3881	0.91
3979	0.89
3924	0.89
3972	3.59
3925	3.59
3971	1.52
3896	1.52
3948	1.22
3947	1.22
3984	0.54
3956	0.54
3988	1.93
3839	1.93
3982	0.97
3984	0.97
3990	0.00
3999	0.00
3946	0.19
3929	0.19
4000	0.00
3999	0.00
3982	0.66
3972	0.66
3998	0.63
3846	0.63
3982	0.80
3980	0.80
3978	0.82
3915	0.82
3967	1.25
3913	1.25
3943	1.45
3847	1.45
3966	0.46
3962	0.46
3967	0.61
3972	0.61
3985	0.05
3997	0.05
3985	0.82
3891	0.82
3886	3.00
3993	3.00
3986	0.23
3927	0.23
3897	0.98
3991	0.98
Bzy_MHz	CPU%c1	PkgWatt	UncMHz
3983	2.66	503.63	2400
3874	0.00	264.39	2400
3875	0.00
3882	0.00
3920	0.00
3888	0.00
3986	0.00
3907	0.00
3997	0.00
3914	0.00
3998	0.00
3815	0.00
3998	0.00
3948	0.00
3999	0.00
3994	0.00
3999	0.00
3920	1.10
3994	1.10
3983	0.35
3914	0.35
3918	0.62
3964	0.62
3962	0.32
3960	0.32
3967	0.10
3859	0.10
3967	14.02
3981	14.02
3958	1.41
3981	1.41
3996	13.05
3984	13.05
3999	0.49
3951	0.49
3999	0.00
3717	0.00
3999	0.00
3634	0.00
3999	0.35
3975	0.35
3948	0.72
3513	0.72
3985	1.09
3953	1.09
3908	16.91
3858	16.91
3883	5.19
3970	5.19
3982	1.13
3843	1.13
3942	6.19
3853	6.19
3964	1.09
3897	1.09
3929	2.18
3955	2.18
3960	3.27
3968	3.27
3944	4.43
3977	4.43
3932	1.27
3913	1.27
3999	0.13
3710	0.13
3999	0.02
3984	0.02
3961	1.92
3823	1.92
3990	1.03
3995	1.03
3998	8.69
3851	8.69
3975	3.82
3983	3.82
3963	1.90
3984	1.90
3970	6.94
3936	6.94
3999	0.22
3966	0.22
3975	0.47
3984	0.47
3935	1.11
3941	1.11
3964	10.50
3920	10.50
3953	4.48
3969	4.48
3957	0.59
3965	0.59
3979	2.70
3974	2.70
3997	0.98
3937	0.98
3984	2.87
3990	2.87
3979	4.06
3836	4.06
3986	1.23
3938	1.23
3970	4.31
3966	4.31
3969	1.75
3854	1.75
3961	7.91
3856	7.91
3980	0.30
3930	0.30
3973	1.39
3678	1.39
3931	0.68
3885	0.68
3896	0.00	239.18	2400
3998	0.00
3936	0.00
4000	0.00
3905	0.00
3999	0.00
4000	0.00
4000	0.00
3870	0.00
3998	0.00
3932	0.00
3999	0.00
3929	0.00
3997	0.00
3889	0.00
3998	0.00
3977	5.57
3895	5.57
3998	3.78
3997	3.78
3982	1.67
3996	1.67
3988	33.98
3981	33.98
3986	1.00
3990	1.00
3984	2.91
3851	2.91
3975	1.50
4000	1.50
3988	3.68
4000	3.68
3892	18.04
3993	18.04
4000	0.00
4000	0.00
3965	12.70
3994	12.70
3982	8.05
3988	8.05
3987	1.88
3989	1.88
3994	2.64
3974	2.64
3993	3.71
3983	3.71
3986	8.58
3957	8.58
3947	3.70
3985	3.70
4000	0.00
4000	0.00
3986	2.05
3972	2.05
4000	0.00
4000	0.00
3991	1.67
3998	1.67
3988	1.42
3993	1.42
3984	0.47
3992	0.47
3987	2.35
3991	2.35
3948	0.88
3988	0.88
3985	1.16
3996	1.16
3983	4.08
3959	4.08
3973	1.65
3941	1.65
3947	0.40
3978	0.40
3975	2.54
3976	2.54
3986	3.97
3879	3.97
3982	2.54
3971	2.54
3979	0.29
3999	0.29
3895	0.18
3951	0.18
4000	0.00
4000	0.00
3975	1.65
3989	1.65
3997	0.88
3968	0.88
3982	0.30
3988	0.30
3993	0.51
3979	0.51
3989	0.21
3998	0.21
3974	0.91
3976	0.91
3980	0.30
3930	0.30
3987	0.29
3993	0.29
3980	1.04
3998	1.04
3984	0.88
3983	0.88
3905	2.39
3978	2.39
3988	1.10
3989	1.10
3946	3.00
3992	3.01
Bzy_MHz	CPU%c1	PkgWatt	UncMHz
3975	2.76	503.54	2400
3872	0.00	265.57	2400
3873	0.00
3878	0.00
3915	0.00
3877	0.00
3984	0.00
3814	0.00
3994	0.00
3954	0.00
3995	0.00
3999	0.00
3995	0.00
4005	0.00
3995	0.00
3991	0.00
3995	0.00
3890	0.79
3963	0.79
3984	1.39
3657	1.39
3906	1.45
3620	1.45
3937	0.39
3351	0.39
3939	1.46
3936	1.46
3868	3.18
3711	3.18
3925	1.65
3599	1.65
3888	6.46
3979	6.46
3963	2.53
3929	2.53
3995	0.00
3718	0.00
3995	0.00
3214	0.00
3995	0.38
3363	0.38
3910	1.65
3638	1.65
3941	4.05
3723	4.05
3855	11.34
3706	11.34
3809	9.20
3592	9.20
3905	2.62
3839	2.62
3710	9.14
3774	9.14
3984	7.24
3627	7.24
3955	2.80
3582	2.80
3940	2.88
3804	2.88
3870	5.13
3786	5.13
3675	0.93
3529	0.93
3995	0.00
3510	0.00
3995	0.00
3467	0.00
3697	2.33
3659	2.33
3975	4.98
3998	4.98
3986	2.26
3887	2.26
3636	1.38
3698	1.38
3399	0.07
3581	0.07
3963	1.26
3821	1.26
3950	0.04
3901	0.04
3911	0.62
3757	0.62
3928	15.25
3754	15.25
3621	3.17
3799	3.17
3947	14.83
3862	14.83
3957	8.82
3933	8.82
3957	10.54
3825	10.54
3982	3.89
3902	3.89
3563	3.09
3965	3.09
3987	7.39
3880	7.39
3988	2.70
3979	2.70
3987	6.07
3968	6.07
3888	5.88
3989	5.88
3952	6.89
3775	6.89
3819	1.46
3913	1.46
3940	1.23
3389	1.23
3906	9.77
3753	9.77
3849	0.00	238.01	2400
3994	0.00
3880	0.00
3997	0.00
3935	0.00
3996	0.00
3961	0.00
3997	0.00
3924	0.00
3996	0.00
3925	0.00
3996	0.00
3936	0.00
3995	0.00
3883	0.00
3996	0.00
3839	1.75
3816	1.75
3988	5.30
3991	5.30
3798	1.70
3985	1.70
3982	34.62
3863	34.62
3627	1.37
3808	1.37
3969	1.32
3912	1.32
3951	0.43
3966	0.43
3964	0.48
3973	0.48
3903	13.56
3473	13.56
3997	0.00
3996	0.00
3842	11.40
3394	11.40
3948	3.80
3859	3.80
3966	1.31
3965	1.31
3975	2.17
3964	2.17
3822	3.82
3973	3.82
3813	2.13
3577	2.13
3837	0.30
3909	0.30
3997	0.00
4000	0.00
3970	1.24
3759	1.24
3997	0.00
3981	0.00
3982	1.25
3662	1.25
3779	2.07
3745	2.07
3730	1.60
3980	1.60
3633	1.75
3616	1.75
3607	1.00
3855	1.00
3964	1.86
3919	1.86
3973	0.58
3600	0.58
3977	2.00
3556	2.00
3860	0.47
3502	0.47
3970	1.68
3907	1.68
3959	2.37
3519	2.37
3972	1.84
3933	1.84
3961	0.87
3993	0.87
3789	0.23
3517	0.23
3997	0.00
4000	0.00
3790	0.40
3542	0.40
3998	0.33
3961	0.33
3968	0.60
3602	0.60
3912	0.17
3793	0.17
3964	0.61
3932	0.61
3482	0.47
3647	0.47
3917	0.20
3546	0.20
3595	1.59
3961	1.59
3988	2.69
3701	2.69
3944	1.90
3598	1.90
3856	2.19
3983	2.19
3984	0.40
3941	0.40
3486	0.99
3627	0.99
Bzy_MHz	CPU%c1	PkgWatt	UncMHz
3982	2.63	503.24	2400
3873	0.00	265.93	2400
3874	0.00
3879	0.00
3917	0.00
3887	0.00
3981	0.00
3893	0.00
3997	0.00
3949	0.00
3997	0.00
3823	0.00
3998	0.00
3967	0.00
3998	0.00
3999	0.00
3998	0.00
3917	15.22
3924	15.22
3966	1.51
3942	1.51
3914	1.98
3963	1.98
3988	2.75
3850	2.75
3980	3.56
3787	3.56
3944	0.54
3964	0.54
3953	3.09
3475	3.09
3988	4.74
3990	4.74
3953	2.03
3629	2.03
3998	0.00
3920	0.00
3998	0.00
3689	0.00
3997	0.34
3950	0.34
3980	1.87
3929	1.87
3989	0.40
3355	0.40
3920	1.85
3775	1.85
3877	9.38
3970	9.38
3997	5.79
3918	5.79
3832	18.04
3861	18.04
3992	9.27
3797	9.27
3929	3.27
3947	3.27
3947	4.04
3756	4.04
3992	7.65
3982	7.65
3933	3.86
3920	3.86
3997	1.37
3568	1.37
3998	0.00
3993	0.00
3957	4.70
3765	4.70
3991	3.75
3889	3.75
3938	0.18
3743	0.18
3993	1.88
3952	1.88
3987	3.47
3984	3.47
3982	0.82
3971	0.82
3955	10.69
3945	10.69
3958	7.04
3977	7.04
3955	7.91
3937	7.91
3991	4.38
3958	4.38
3940	5.02
3902	5.02
3950	4.27
3823	4.27
3918	6.90
3987	6.90
3929	4.44
3812	4.44
3947	0.15
3515	0.15
3993	6.41
3963	6.41
3972	2.65
3940	2.65
3981	1.56
3891	1.56
3915	0.60
3979	0.60
3966	8.30
3839	8.30
3967	0.93
3993	0.93
3961	0.21
3731	0.21
3939	2.48
3827	2.48
3895	0.00	237.54	2400
3998	0.00
3907	0.00
3999	0.00
3958	0.00
3999	0.00
4000	0.00
4000	0.00
3894	0.00
3999	0.00
3942	0.00
3998	0.00
3950	0.00
3998	0.00
3968	0.00
4000	0.00
3966	3.20
3955	3.20
3998	3.12
3997	3.12
3982	24.31
3992	24.31
3986	10.25
3987	10.25
3955	1.93
3995	1.93
3981	2.34
3926	2.34
3977	0.39
3993	0.39
3975	0.45
3938	0.45
3909	8.78
3997	8.78
4000	0.00
4000	0.00
3905	13.87
3993	13.87
3985	3.02
3988	3.02
3971	1.42
3986	1.42
3986	0.06
3966	0.06
3915	0.92
3981	0.92
3969	1.50
3976	1.50
3990	0.00
3954	0.00
4000	0.00
4000	0.00
3983	1.22
3968	1.22
4000	0.00
4000	0.00
3995	0.39
3990	0.39
3990	1.47
3989	1.47
3981	0.64
3996	0.64
3976	1.32
3988	1.32
3905	1.81
3965	1.81
3967	2.44
3942	2.44
3980	1.09
3979	1.09
3975	2.25
3982	2.25
3990	0.92
3978	0.92
3983	0.39
3995	0.39
3978	1.48
3894	1.48
3985	2.28
3883	2.28
3985	0.24
3960	0.24
3935	0.00
3957	0.00
4000	0.00
4000	0.00
3986	0.43
3994	0.43
3981	1.23
3960	1.23
3984	0.43
3981	0.43
3982	0.19
3871	0.19
3990	0.01
3928	0.01
3964	1.08
3968	1.08
3980	0.78
3914	0.78
3991	0.02
3997	0.02
3989	0.00
3998	0.00
3985	1.18
3951	1.18
3898	2.49
3983	2.49
3987	0.00
3768	0.00
3946	1.34
3974	1.34
turbostat: cpu60 jitter 4394 454
Bzy_MHz	CPU%c1	PkgWatt	UncMHz
3983	2.07	501.08	2400
3876	0.00	263.21	2400
3877	0.00
3883	0.00
3920	0.00
3895	0.00
3985	0.00
3916	0.00
3999	0.00
3868	0.00
3998	0.00
3843	0.00
3999	0.00
3940	0.00
3999	0.00
4000	0.00
3999	0.00
3873	3.77
3944	3.77
3945	0.24
3925	0.24
3905	2.32
3956	2.32
3996	0.52
3481	0.52
3989	1.64
3467	1.64
3962	3.26
3973	3.26
3956	2.06
3968	2.06
3995	0.67
3919	0.67
3990	1.48
3990	1.48
4000	0.43
3664	0.43
3999	0.00
3560	0.00
3999	0.33
3948	0.33
3997	0.36
3830	0.36
3999	0.44
3400	0.44
3923	1.76
3897	1.76
3962	12.69
3955	12.69
3998	3.24
3961	3.24
3864	11.35
3820	11.35
3996	7.71
3773	7.71
3949	2.64
3957	2.64
3962	3.51
3965	3.51
3947	6.58
3963	6.58
3935	2.20
3962	2.20
3933	0.05
3645	0.05
3999	0.00
3960	0.00
3993	1.74
3966	1.74
3999	0.34
3937	0.34
3974	0.08
3946	0.08
3998	1.40
3719	1.40
3979	0.84
3304	0.84
3985	0.11
3917	0.11
3974	4.91
3952	4.91
3974	0.19
3988	0.19
3998	2.60
3993	2.60
3972	1.57
3968	1.57
3999	1.32
3964	1.32
3956	5.56
3940	5.56
3998	2.42
3984	2.42
3963	1.95
3989	1.95
3966	0.17
3962	0.17
3991	0.63
3963	0.63
3939	1.12
3978	1.12
3966	0.84
3421	0.84
3952	0.13
3982	0.13
3955	5.74
3875	5.74
3974	0.46
3996	0.46
3957	0.61
3939	0.61
3957	1.71
3927	1.71
3896	0.00	237.52	2400
3998	0.00
3843	0.00
3999	0.00
3939	0.00
3998	0.00
4000	0.00
4000	0.00
3939	0.00
3999	0.00
3930	0.00
3997	0.00
3943	0.00
3997	0.00
3906	0.00
3999	0.00
3965	0.91
3953	0.91
3997	2.50
3995	2.50
3983	30.73
3880	30.73
3977	1.13
3983	1.13
3962	1.94
3997	1.94
3957	2.06
3937	2.06
3976	0.38
3965	0.38
3962	0.13
3966	0.13
3913	38.33
3953	38.33
4000	0.00
4000	0.00
3927	4.94
3947	4.94
3979	0.53
3970	0.53
3979	1.73
3975	1.73
3983	0.87
3933	0.87
3956	2.81
3947	2.81
3963	2.31
3986	2.31
3987	1.59
3980	1.59
4000	0.00
4000	0.00
3981	0.04
3984	0.04
4000	0.00
4000	0.00
3995	0.21
3975	0.21
3980	0.53
3993	0.53
3967	0.68
3993	0.68
3975	0.95
3995	0.95
3977	3.97
3977	3.97
3967	2.75
3966	2.75
3975	2.28
3980	2.28
3957	2.47
3990	2.47
3975	2.70
3983	2.70
3979	0.77
3991	0.77
3992	1.25
3974	1.25
3980	3.21
3867	3.21
3984	0.13
3623	0.13
3961	0.10
3759	0.10
4000	0.00
3999	0.00
3988	0.40
3992	0.40
3991	0.20
3996	0.20
3990	0.03
3988	0.03
3973	0.81
3944	0.81
3935	0.13
3996	0.13
3920	0.51
3973	0.51
3895	3.68
3970	3.68
3988	2.18
3972	2.18
3984	0.49
3983	0.49
3961	0.72
3950	0.72
3918	1.89
3845	1.89
3978	0.00
3912	0.00
3948	0.13
3792	0.13
Bzy_MHz	CPU%c1	PkgWatt	UncMHz
3981	3.07	503.88	2400
3874	0.00	265.75	2400
3875	0.00
3879	0.00
3916	0.00
3888	0.00
3984	0.00
3860	0.00
3995	0.00
3953	0.00
3995	0.00
3829	0.00
3996	0.00
3852	0.00
3996	0.00
3996	0.00
3996	0.00
3898	4.41
3911	4.41
3979	2.47
3964	2.47
3915	1.29
3923	1.29
3979	3.78
3853	3.78
3944	1.66
3938	1.66
3910	1.30
3952	1.30
3956	1.62
3962	1.62
3989	4.70
3936	4.70
3837	1.38
3963	1.38
3930	3.31
3973	3.31
3995	1.58
3467	1.58
3995	1.77
3982	1.77
3992	0.42
3951	0.42
3995	1.11
3990	1.11
3930	1.21
3899	1.21
3878	4.64
3963	4.64
3943	1.01
3931	1.01
3814	12.90
3924	12.90
3995	1.39
3838	1.39
3918	12.36
3783	12.36
3924	2.17
3897	2.17
3945	3.83
3984	3.83
3917	3.95
3875	3.95
3995	0.09
3833	0.09
3995	0.00
3986	0.00
3938	6.27
3835	6.27
3996	0.00
3971	0.00
3924	1.87
3803	1.87
3986	1.57
3996	1.57
3995	2.44
3710	2.44
3983	0.29
3881	0.29
3949	4.30
3912	4.30
3939	2.55
3971	2.55
3890	11.47
3843	11.47
3954	10.16
3876	10.16
3941	4.65
3975	4.65
3942	12.07
3854	12.07
3985	9.25
3940	9.25
3937	5.44
3753	5.44
3997	0.26
3881	0.26
3940	11.36
3958	11.36
3939	0.43
3891	0.43
3981	1.89
3921	1.89
3958	6.30
3984	6.30
3856	8.73
3903	8.73
3994	1.76
3989	1.76
3969	2.88
3965	2.88
3988	10.09
3934	10.09
3894	0.00	238.15	2400
3998	0.00
3873	0.00
3998	0.00
3924	0.00
3998	0.00
4000	0.00
4000	0.00
3923	0.00
3999	0.00
3926	0.00
3995	0.00
3953	0.00
3999	0.00
3958	0.00
3999	0.00
3988	1.16
3954	1.16
3997	3.53
3993	3.53
3981	31.66
3997	31.66
3955	1.71
3989	1.71
3931	0.05
3997	0.05
3986	1.61
3877	1.61
3971	2.18
3973	2.18
3975	0.86
3955	0.86
3839	44.44
3992	44.44
4000	0.00
4000	0.00
3885	17.95
3997	17.95
3973	3.85
3970	3.85
3966	1.59
3986	1.59
3996	0.15
3975	0.15
3961	2.94
3902	2.94
3963	2.61
3968	2.61
3988	2.60
3947	2.60
4000	0.00
3999	0.00
3981	0.41
3955	0.41
4000	0.00
3997	0.00
3999	1.45
3968	1.45
3991	1.43
3990	1.43
3986	0.68
3986	0.68
3967	1.52
3966	1.52
3845	0.63
3927	0.63
3963	5.18
3970	5.18
3978	3.24
3954	3.24
3954	1.97
3964	1.97
3953	1.23
3977	1.23
3984	1.57
3994	1.57
3991	2.49
3980	2.49
3986	2.77
3884	2.77
3985	0.12
3962	0.12
3978	0.00
3984	0.00
4000	0.00
3999	0.00
3989	0.73
3978	0.73
3994	0.55
3996	0.55
3989	0.04
3986	0.04
3983	0.33
3742	0.33
3991	0.05
3957	0.05
3829	1.19
3945	1.19
3989	1.07
3981	1.07
3976	0.52
3982	0.52
3986	0.22
3995	0.22
3978	1.68
3957	1.68
3919	1.83
3935	1.83
3987	0.71
3953	0.71
3948	0.47
3929	0.47
turbostat: cpu60 jitter 5772 908
Bzy_MHz	CPU%c1	PkgWatt	UncMHz
3983	1.44	499.13	2400
3876	0.00	261.54	2400
3877	0.00
3883	0.00
3920	0.00
3889	0.00
3988	0.00
3884	0.00
3998	0.00
3925	0.00
3998	0.00
3871	0.00
3999	0.00
3885	0.00
3999	0.00
3998	0.00
3999	0.00
3939	1.17
3962	1.17
3993	1.62
3937	1.62
3928	0.64
3896	0.64
3954	0.64
3449	0.64
3994	1.17
3504	1.17
3925	2.25
3959	2.25
3994	0.95
3934	0.95
3992	0.39
3653	0.39
3906	1.00
3961	1.00
3535	0.69
3992	0.69
3999	0.00
3592	0.00
3962	0.10
3782	0.10
3994	0.27
3364	0.27
3987	1.11
3080	1.11
3936	2.50
3754	2.50
3989	7.52
3967	7.52
3952	1.50
3681	1.50
3901	2.09
3907	2.09
3999	5.87
3845	5.87
3949	4.10
3830	4.10
3999	1.26
3835	1.26
3949	2.66
3982	2.66
3920	2.55
3921	2.55
3923	0.62
3919	0.62
3999	0.00
3986	0.00
3962	2.84
3796	2.84
3999	0.00
3965	0.00
3961	0.88
3794	0.88
3965	0.13
3734	0.13
3998	1.31
3995	1.31
3957	0.15
3870	0.15
3886	0.03
3963	0.03
3981	0.68
3972	0.68
3974	0.17
3877	0.17
3966	2.94
3859	2.94
3961	0.03
3769	0.03
3974	0.79
3904	0.79
3968	1.50
3898	1.50
3963	1.93
3738	1.93
3999	0.29
3972	0.29
3896	1.70
3785	1.70
3940	0.24
3903	0.24
3989	0.70
3898	0.70
3715	0.96
3977	0.96
3951	7.59
3855	7.59
3973	0.05
3893	0.05
3960	0.28
3695	0.28
3943	5.00
3907	5.00
3917	0.00	237.57	2400
3998	0.00
3923	0.00
3999	0.00
3953	0.00
3998	0.00
3997	0.00
4000	0.00
3856	0.00
3998	0.00
3917	0.00
3995	0.00
3931	0.00
3998	0.00
3945	0.00
3999	0.00
3948	2.87
3906	2.87
3999	2.99
3991	2.99
3965	23.69
3994	23.69
3985	14.94
3993	14.94
3958	0.00
3997	0.00
3976	1.49
3966	1.49
3976	0.58
3989	0.58
3973	0.14
3689	0.14
3968	0.43
3986	0.43
4000	0.01
4000	0.01
3961	1.40
3970	1.40
3969	3.62
3986	3.62
3957	2.07
3983	2.07
3975	0.27
3987	0.27
3942	1.74
3952	1.74
3960	1.43
3972	1.43
3978	0.70
3971	0.70
4000	0.00
4001	0.00
3962	0.89
3947	0.89
4000	0.00
4000	0.00
3979	1.99
3974	1.99
3983	0.06
3945	0.06
3972	0.11
3926	0.11
3972	1.73
3982	1.73
3925	1.55
3959	1.55
3971	0.72
3960	0.72
3978	1.00
3954	1.00
3979	2.12
3947	2.12
3822	0.47
3995	0.47
3950	1.69
3980	1.69
3980	2.80
3951	2.80
3982	2.41
3932	2.41
3985	0.41
3953	0.41
3965	0.00
3990	0.00
4000	0.00
3999	0.00
3988	0.03
3954	0.03
3998	0.92
3975	0.92
3990	0.02
4003	0.02
3977	0.04
3820	0.04
3988	0.02
3967	0.02
3796	1.38
3963	1.38
3988	0.99
3988	0.99
3967	0.49
3971	0.49
3982	0.55
3987	0.55
3963	0.92
3939	0.92
3908	2.22
3970	2.22
3945	1.41
3964	1.41
3958	3.26
3967	3.26
Bzy_MHz	CPU%c1	PkgWatt	UncMHz
3983	2.14	501.28	2400
3878	0.00	262.95	2400
3878	0.00
3884	0.00
3921	0.00
3890	0.00
3986	0.00
3916	0.00
3997	0.00
3936	0.00
3997	0.00
3814	0.00
3997	0.00
3945	0.00
3998	0.00
3998	0.00
3998	0.00
3913	4.28
3959	4.28
3936	0.44
3921	0.44
3930	4.48
3943	4.48
3942	2.14
3900	2.14
3996	0.16
3529	0.16
3956	3.36
3959	3.36
3998	0.00
3742	0.00
3981	2.19
3932	2.19
3943	5.64
3909	5.64
3945	1.58
3763	1.58
3997	0.00
3629	0.00
3939	3.78
3954	3.78
3941	1.51
3819	1.51
3947	2.00
3979	2.00
3932	0.54
3874	0.54
3925	0.86
3865	0.86
3959	0.91
3922	0.91
3917	2.21
3967	2.21
3950	8.11
3808	8.11
3943	3.99
3796	3.99
3935	1.11
3927	1.11
3996	3.42
3980	3.42
3912	3.16
3827	3.16
3927	4.11
3967	4.11
3998	0.00
3985	0.00
3994	4.35
3972	4.35
3998	0.00
3983	0.00
3957	1.96
3927	1.96
3954	0.78
3954	0.78
3992	4.37
3998	4.37
3965	0.19
3925	0.19
3954	0.43
3851	0.43
3984	0.12
3977	0.12
3947	3.04
3967	3.04
3957	2.73
3942	2.73
3964	2.72
3968	2.72
3965	0.89
3949	0.89
3961	0.51
3963	0.51
3942	5.38
3906	5.38
3998	1.10
3938	1.10
3943	7.27
3911	7.27
3930	3.32
3935	3.32
3940	3.64
3954	3.64
3872	3.51
3963	3.51
3997	7.71
3861	7.71
3978	0.11
3983	0.11
3927	2.89
3980	2.89
3915	6.48
3908	6.48
3891	0.00	238.23	2400
3998	0.00
3985	0.00
4000	0.00
3952	0.00
3998	0.00
4000	0.00
4000	0.00
3914	0.00
3999	0.00
3942	0.00
3996	0.00
3955	0.00
3999	0.00
3954	0.00
3999	0.00
3974	4.70
3866	4.70
3997	4.30
3991	4.30
3934	20.74
3989	20.74
3983	25.90
3979	25.90
3932	3.28
3992	3.28
3902	4.68
3953	4.68
3969	1.04
3988	1.04
3983	0.10
3994	0.10
3973	0.77
3974	0.77
4000	0.00
4000	0.00
3997	0.42
4000	0.42
3979	2.07
3990	2.07
3969	1.29
3984	1.29
3971	2.51
3999	2.51
3941	0.50
3886	0.50
3994	0.72
3990	0.72
3982	1.43
3986	1.43
4000	0.00
4000	0.00
3982	1.05
3986	1.05
4000	0.00
4000	0.00
3986	0.60
3971	0.60
3986	0.03
3960	0.03
3979	0.99
3999	0.99
3975	2.98
3970	2.98
3970	1.58
3987	1.58
3978	2.61
3952	2.61
3970	2.58
3972	2.58
3985	2.96
3984	2.96
3985	1.64
3981	1.64
3985	1.06
3989	1.06
3996	1.49
3931	1.49
3985	4.90
3956	4.90
3981	1.00
3989	1.00
3942	0.22
3974	0.22
4000	0.00
4000	0.00
3989	0.75
3992	0.75
3998	1.97
3994	1.97
3979	2.12
3958	2.12
3984	0.14
3983	0.14
3991	0.00
4000	0.00
3806	1.46
3994	1.46
3978	1.18
3993	1.18
3990	1.10
3978	1.10
3989	1.12
3983	1.12
3948	1.11
3998	1.11
3953	3.05
3975	3.05
3971	0.99
3952	0.99
3978	1.63
3974	1.63
Bzy_MHz	CPU%c1	PkgWatt	UncMHz
3983	1.38	500.14	2400
3880	0.00	262.21	2400
3881	0.00
3886	0.00
3920	0.00
3892	0.00
3986	0.00
3885	0.00
3998	0.00
3931	0.00
3998	0.00
4003	0.00
3999	0.00
3952	0.00
3999	0.00
3996	0.00
3999	0.00
3930	0.26
3974	0.26
3947	0.07
3969	0.07
3905	0.59
3915	0.59
3959	1.32
3463	1.32
3999	0.03
3367	0.03
3933	1.96
3390	1.96
3999	0.00
3700	0.00
3996	0.54
3851	0.54
3890	0.87
3940	0.87
3994	1.02
3884	1.02
3999	0.00
3500	0.00
3932	0.81
3999	0.81
3966	0.78
3501	0.78
3932	1.83
3280	1.83
3948	0.38
3892	0.38
3912	0.82
3890	0.82
3942	1.60
3864	1.60
3928	0.93
3700	0.93
3935	5.43
3807	5.43
3912	5.59
3781	5.59
3929	1.34
3704	1.34
3961	2.06
3948	2.06
3934	0.75
3823	0.75
3929	1.95
3928	1.95
3999	0.00
3944	0.00
3968	1.15
3940	1.15
3999	0.00
3944	0.00
3963	0.94
3909	0.94
3970	0.62
3832	0.62
3964	0.12
3756	0.12
3962	0.04
3864	0.04
3697	0.27
3866	0.27
3982	0.07
3971	0.07
3976	0.14
3977	0.14
3970	0.03
3975	0.03
3958	0.82
3898	0.82
3997	0.36
3907	0.36
3967	0.72
3928	0.72
3958	0.45
3967	0.45
3999	0.30
3966	0.30
3970	1.91
3908	1.91
3900	0.04
3833	0.04
3961	0.63
3984	0.63
3807	2.53
3978	2.53
3851	6.75
3839	6.75
3978	0.18
3980	0.18
3913	0.96
3800	0.96
3985	2.42
3957	2.42
3895	0.00	238.05	2400
3998	0.00
3876	0.00
3999	0.00
3945	0.00
3998	0.00
4000	0.00
4000	0.00
3867	0.00
3998	0.00
3916	0.00
3995	0.00
3935	0.00
3998	0.00
3961	0.00
3999	0.00
3986	2.73
3935	2.73
3994	2.75
3995	2.75
3965	34.50
3994	34.50
3948	6.41
3989	6.41
3940	1.23
3988	1.23
3788	16.90
3927	16.90
3963	0.83
3912	0.83
3977	0.15
3967	0.15
3973	0.45
3992	0.45
4000	0.00
4000	0.00
3961	0.37
3986	0.37
3976	0.02
3983	0.02
3973	0.81
3982	0.81
3984	1.30
3971	1.30
3881	0.21
3950	0.21
3956	1.97
3944	1.97
3963	1.13
3954	1.13
4000	0.00
4000	0.00
3971	0.81
3899	0.81
4000	0.00
3996	0.00
3984	0.47
3877	0.47
3984	0.02
3867	0.02
3966	0.66
3900	0.66
3974	0.92
3942	0.92
3915	0.48
3828	0.48
3942	1.47
3924	1.47
3976	1.76
3953	1.76
3962	0.86
3991	0.86
3968	3.36
3958	3.36
3971	2.29
3915	2.29
3966	0.87
3984	0.87
3991	1.08
3985	1.08
3981	1.70
3979	1.70
3918	0.60
3984	0.60
4000	0.00
3932	0.00
3979	0.80
3994	0.80
3973	0.78
3977	0.78
3982	0.08
3978	0.08
3984	0.07
3848	0.07
3962	0.00
3813	0.00
3758	0.94
3921	0.94
3979	2.94
3978	2.94
3973	0.49
3939	0.49
3979	1.42
3980	1.42
3911	3.90
3964	3.90
3912	0.00
3996	0.00
3893	0.02
3965	0.02
3946	1.81
3975	1.81
Bzy_MHz	CPU%c1	PkgWatt	UncMHz
3983	1.56	501.10	2400
3877	0.00	262.91	2400
3878	0.00
3887	0.00
3920	0.00
3885	0.00
3988	0.00
3896	0.00
3998	0.00
3913	0.00
3997	0.00
3856	0.00
3999	0.00
3892	0.00
3998	0.00
4000	0.00
3999	0.00
3915	0.56
3947	0.56
3940	1.01
3958	1.01
3959	1.10
3975	1.10
3934	0.41
3506	0.41
3997	0.14
3354	0.14
3943	1.88
3420	1.88
3999	1.05
3996	1.05
3988	0.70
3997	0.70
3884	1.59
3969	1.59
3909	0.50
3835	0.50
3999	0.00
3745	0.00
3996	0.63
3898	0.63
3964	19.14
3471	19.14
3996	0.34
3547	0.34
3947	0.83
3829	0.83
3998	0.38
3967	0.38
3948	2.14
3872	2.14
3922	1.73
3928	1.73
3927	5.37
3830	5.37
3995	10.03
3817	10.03
3932	2.56
3790	2.56
3906	2.99
3942	2.99
3930	0.81
3733	0.81
3938	0.45
3648	0.45
3999	0.00
3986	0.00
3961	0.76
3661	0.76
3999	0.00
3988	0.00
3964	0.93
3792	0.93
3925	0.61
3716	0.61
3999	0.05
3745	0.05
3977	0.55
3757	0.55
3977	0.64
3965	0.64
3987	21.48
3836	21.48
3933	0.09
3951	0.09
3969	1.83
3967	1.83
3952	0.29
3798	0.29
3965	0.22
3895	0.22
3967	0.60
3880	0.60
3959	0.87
3882	0.87
3999	0.61
3932	0.61
3983	2.36
3940	2.36
3929	1.52
3891	1.52
3985	2.11
3945	2.11
3829	2.89
3965	2.89
3977	4.83
3865	4.83
3978	0.32
3979	0.32
3920	0.43
3757	0.43
3840	2.13
3940	2.13
3938	0.00	238.17	2400
3999	0.00
3907	0.00
3999	0.00
3958	0.00
3998	0.00
4000	0.00
4000	0.00
3908	0.00
3998	0.00
3931	0.00
3996	0.00
3913	0.00
3998	0.00
3959	0.00
3999	0.00
3955	3.33
3936	3.33
3964	3.99
3991	3.99
3942	1.80
3983	1.80
3824	13.60
3988	13.60
3947	1.32
3997	1.32
3878	5.34
3932	5.34
3983	0.38
3991	0.38
3977	0.24
3955	0.24
3974	0.02
3998	0.02
4000	0.00
4000	0.00
3998	0.19
3999	0.19
3976	0.29
3995	0.29
3970	0.94
3980	0.94
3979	1.71
3972	1.71
3949	0.63
3989	0.63
3951	0.74
3970	0.74
3996	0.35
3957	0.35
4000	0.00
4000	0.00
3967	1.35
3941	1.35
4000	0.00
4000	0.00
3986	1.14
3902	1.14
3982	0.17
3835	0.17
3956	0.59
3860	0.59
3973	1.10
3898	1.10
3992	1.86
3838	1.86
3952	1.49
3919	1.49
3972	4.11
3896	4.11
3957	1.30
3996	1.30
3963	1.51
3954	1.51
3976	1.14
3894	1.14
3983	4.21
3983	4.21
3982	2.19
3902	2.19
3983	1.02
3969	1.02
3903	0.21
3976	0.21
4000	0.00
3997	0.00
3985	0.17
3994	0.17
3981	0.63
3998	0.63
3986	1.41
3988	1.41
3981	0.71
3898	0.71
3986	0.25
3925	0.25
3811	0.77
3966	0.77
3982	1.84
3980	1.84
3990	1.25
3964	1.25
3989	0.24
3985	0.24
3893	3.91
3981	3.91
3943	1.18
3977	1.18
3978	0.29
3970	0.29
3940	0.93
3984	0.93
Bzy_MHz	CPU%c1	PkgWatt	UncMHz
3983	1.48	500.46	2400
3878	0.00	263.36	2400
3879	0.00
3886	0.00
3919	0.00
3898	0.00
3988	0.00
3924	0.00
3999	0.00
3893	0.00
3998	0.00
3911	0.00
3999	0.00
3898	0.00
3999	0.00
3996	0.00
3999	0.00
3970	1.12
3957	1.12
3975	1.79
3945	1.79
3844	6.32
3969	6.32
3945	1.50
3972	1.50
3999	0.21
3797	0.21
3950	1.68
3465	1.68
3940	0.90
3995	0.90
3964	0.08
3983	0.08
3922	0.88
3965	0.88
3916	1.25
3755	1.25
3999	0.22
3683	0.22
3993	0.59
3958	0.59
3982	22.42
3870	22.42
3950	3.52
3402	3.52
3938	1.18
3861	1.18
3999	0.32
3976	0.32
3961	3.98
3979	3.98
3939	1.02
3938	1.02
3962	2.04
3860	2.04
3919	10.89
3797	10.89
3953	1.58
3979	1.58
3960	2.15
3973	2.15
3933	0.70
3830	0.70
3940	1.03
3322	1.03
3999	0.00
3981	0.00
3998	0.91
3821	0.91
3999	0.00
3962	0.00
3954	2.11
3945	2.11
3944	1.63
3970	1.63
3999	0.00
3891	0.00
3978	1.46
3942	1.46
3959	0.27
3961	0.27
3931	18.00
3961	18.00
3937	0.07
3979	0.07
3959	2.18
3975	2.18
3965	3.38
3965	3.38
3961	0.92
3976	0.92
3963	0.02
3902	0.02
3957	0.14
3963	0.14
3642	2.87
3960	2.87
3954	1.68
3967	1.68
3954	5.77
3951	5.77
3997	3.33
3967	3.33
3924	3.20
3981	3.20
3963	7.31
3864	7.31
3996	3.06
3965	3.06
3936	1.75
3923	1.75
3954	3.05
3963	3.05
3924	0.00	236.97	2400
3999	0.00
3881	0.00
3999	0.00
3930	0.00
3998	0.00
4000	0.00
4000	0.00
3924	0.00
3999	0.00
3940	0.00
3996	0.00
3933	0.00
3998	0.00
3951	0.00
3999	0.00
3955	1.71
3985	1.71
3949	1.47
3984	1.47
3922	0.47
3977	0.47
3922	1.13
3994	1.13
3965	0.85
3984	0.85
3833	7.29
3896	7.29
3975	0.53
3998	0.53
3955	0.14
3960	0.14
3972	0.40
3973	0.40
4000	0.02
4000	0.02
3981	0.01
3925	0.01
3983	0.31
3998	0.31
3974	0.85
3986	0.85
3975	0.13
3835	0.13
3915	0.46
3889	0.46
3966	0.90
3976	0.90
3991	0.00
3886	0.00
4000	0.00
4000	0.00
3956	0.55
3981	0.55
4000	0.00
4000	0.00
3991	0.29
3972	0.29
3980	0.03
3976	0.03
3954	0.44
3975	0.44
3979	0.82
3919	0.82
3953	0.80
3921	0.80
3957	1.92
3902	1.92
3972	2.07
3943	2.07
3972	1.01
3957	1.01
3968	0.52
3966	0.52
3808	0.42
3960	0.42
3969	1.80
3926	1.80
3991	0.06
3993	0.06
3981	0.04
3962	0.04
3880	0.13
3930	0.13
4000	0.00
4006	0.00
3984	0.21
3966	0.21
3967	0.78
3976	0.78
3982	0.01
3892	0.01
3981	0.07
3976	0.07
3984	0.18
3996	0.18
3894	0.65
3954	0.65
3986	0.51
3981	0.51
3976	0.21
3993	0.21
3990	0.29
3969	0.29
3868	3.70
3968	3.70
3931	0.91
3958	0.91
3892	0.00
3640	0.00
3957	0.00
3812	0.00
turbostat: cpu58 jitter 4708 1524
Bzy_MHz	CPU%c1	PkgWatt	UncMHz
3982	1.63	501.18	2400
3880	0.00	263.67	2400
3880	0.00
3885	0.00
3917	0.00
3889	0.00
3984	0.00
3823	0.00
3997	0.00
3916	0.00
3997	0.00
4001	0.00
3998	0.00
3740	0.00
3998	0.00
3962	0.00
3998	0.00
3914	1.64
3949	1.64
3943	3.39
3961	3.39
3896	8.90
3958	8.90
3945	1.69
3910	1.69
3998	0.18
3761	0.18
3998	1.06
3912	1.06
3975	0.94
3636	0.94
3964	0.28
3957	0.28
3914	2.22
3969	2.22
3944	0.10
3227	0.10
3986	0.74
3372	0.74
3981	0.17
3856	0.17
3979	0.18
3468	0.18
3993	1.23
3689	1.23
3997	0.16
3884	0.16
3997	0.86
3999	0.86
3988	1.53
3835	1.53
3934	1.92
3724	1.92
3952	10.59
3735	10.59
3990	4.09
3907	4.09
3985	0.72
3819	0.72
3934	4.75
3930	4.75
3927	1.08
3944	1.08
3928	2.92
3839	2.92
3998	0.00
3960	0.00
3998	0.00
3679	0.00
3998	0.00
3964	0.00
3952	1.95
3898	1.95
3937	3.20
3911	3.20
3998	0.36
3655	0.36
3967	2.20
3682	2.20
3899	0.36
3919	0.36
3939	47.21
3858	47.21
3941	0.40
3910	0.40
3947	0.90
3966	0.90
3948	2.95
3902	2.95
3958	3.24
3944	3.24
3991	1.02
3975	1.02
3956	0.44
3873	0.44
3945	0.16
3898	0.16
3992	1.66
3965	1.66
3937	1.10
3888	1.10
3998	2.02
3953	2.02
3900	1.33
3859	1.33
3956	13.29
3834	13.29
3895	4.35
3952	4.35
3900	3.36
3910	3.36
3844	1.87
3895	1.87
3916	0.00	237.82	2400
3998	0.00
3898	0.00
3999	0.00
3933	0.00
3998	0.00
4000	0.00
4000	0.00
3970	0.00
3999	0.00
3921	0.00
3996	0.00
3954	0.00
3999	0.00
3921	0.00
3999	0.00
3979	1.93
3992	1.93
3961	1.87
3972	1.87
3957	0.67
3957	0.67
3999	0.66
3990	0.66
3971	0.62
3992	0.62
3949	0.88
3977	0.88
3966	3.79
3846	3.79
3970	0.77
3955	0.77
3975	1.11
4000	1.11
4000	0.01
3999	0.01
3983	0.62
3949	0.62
3983	0.45
3983	0.45
3968	1.47
3980	1.47
3991	0.58
3948	0.58
3953	0.93
3947	0.93
3966	1.17
3982	1.17
3997	0.02
3998	0.02
4000	0.00
4000	0.00
3967	0.57
3917	0.57
4000	0.00
4000	0.00
3991	0.10
3945	0.10
3990	0.04
3936	0.04
3979	1.08
3989	1.08
3978	0.31
3972	0.31
3975	0.75
3947	0.75
3981	1.01
3901	1.01
3977	3.33
3902	3.33
3979	0.50
3959	0.50
3982	0.38
3960	0.38
3946	1.33
3968	1.33
3989	1.72
3832	1.72
3989	0.54
3990	0.54
3985	0.08
3991	0.08
3897	0.01
3919	0.01
4000	0.00
3999	0.00
3989	0.03
3993	0.03
3995	0.42
3996	0.42
3985	0.01
3992	0.01
3987	0.02
3987	0.02
3984	0.04
3937	0.04
3844	1.17
3984	1.17
3985	0.15
3998	0.15
3997	1.32
3966	1.32
3988	1.36
3977	1.36
3889	3.33
3988	3.33
3925	0.96
3979	0.96
3969	0.00
3924	0.00
3934	0.01
3981	0.01
Bzy_MHz	CPU%c1	PkgWatt	UncMHz
3983	1.53	501.54	2400
3883	0.00	263.85	2400
3883	0.00
3885	0.00
3915	0.00
3889	0.00
3986	0.00
3921	0.00
3998	0.00
3890	0.00
3998	0.00
4007	0.00
3999	0.00
3922	0.00
3999	0.00
3996	0.00
3999	0.00
3937	2.72
3975	2.72
3981	4.51
3978	4.51
3995	2.23
3973	2.23
3999	0.51
3973	0.51
3952	0.97
3891	0.97
3998	0.29
3867	0.29
3955	2.83
3633	2.83
3974	0.02
3779	0.02
3993	2.06
3975	2.06
3976	0.79
3399	0.79
3957	0.27
3374	0.27
3991	0.24
3898	0.24
3994	0.62
3963	0.62
3996	1.29
3712	1.29
3999	0.22
3926	0.22
3778	0.02
3736	0.02
3927	1.36
3825	1.36
3936	1.46
3758	1.46
3961	12.58
3741	12.58
3871	1.56
3970	1.56
3958	1.10
3722	1.10
3899	4.68
3937	4.68
3997	1.20
3949	1.20
3931	1.83
3743	1.83
3999	0.00
3972	0.00
3999	0.13
3631	0.13
3999	0.00
3972	0.00
3975	0.87
3853	0.87
3955	2.52
3880	2.52
3945	2.41
3931	2.41
3995	2.64
3758	2.64
3888	0.12
3954	0.12
3940	43.02
3848	43.02
3962	0.10
3891	0.10
3968	0.12
3943	0.12
3964	2.17
3931	2.17
3966	3.05
3950	3.05
3998	0.23
3950	0.23
3956	0.02
3894	0.02
3956	0.35
3945	0.35
3987	0.80
3972	0.80
3967	0.19
3920	0.19
3996	2.00
3961	2.00
3829	2.09
3835	2.09
3985	4.04
3912	4.04
3990	9.26
3834	9.26
3947	6.30
3901	6.30
3955	4.01
3942	4.01
3902	0.00	237.44	2400
3998	0.00
3878	0.00
3999	0.00
3937	0.00
3998	0.00
4000	0.00
4000	0.00
3922	0.00
3999	0.00
3930	0.00
3996	0.00
3953	0.00
3999	0.00
3888	0.00
3996	0.00
3954	1.91
3967	1.91
3964	1.88
3919	1.88
3936	1.04
3964	1.04
3986	0.25
3995	0.25
3955	0.69
3993	0.69
3974	0.58
3992	0.58
3974	1.78
3945	1.78
3961	0.64
4000	0.64
3965	1.16
3988	1.16
4000	0.00
4000	0.00
3964	0.19
3947	0.19
3959	2.80
3987	2.80
3965	1.87
3985	1.87
3970	1.67
3955	1.67
3909	0.33
3951	0.33
3962	2.00
3936	2.00
3957	0.28
3884	0.28
4000	0.00
4000	0.00
3946	0.41
3909	0.41
4000	0.26
4000	0.26
3986	0.16
3914	0.16
3980	0.46
3910	0.46
3968	0.17
3952	0.17
3975	1.13
3891	1.13
3951	0.82
3945	0.82
3964	0.79
3897	0.79
3974	2.13
3925	2.13
3980	0.53
3987	0.53
3981	0.58
3998	0.58
3930	0.42
3782	0.42
3963	1.88
3884	1.88
3978	0.80
3982	0.80
3983	0.29
3990	0.29
3871	0.01
3904	0.01
4000	0.00
4000	0.00
3982	0.31
3973	0.31
3996	1.20
3989	1.20
3981	1.72
3980	1.72
3985	0.36
3927	0.36
3980	0.13
3880	0.13
3908	0.13
3941	0.13
3921	0.01
3936	0.01
3995	0.00
3910	0.00
3985	0.18
3990	0.18
3887	1.62
3971	1.62
3912	3.12
3970	3.12
3970	0.38
3979	0.38
3939	0.37
3962	0.37
Bzy_MHz	CPU%c1	PkgWatt	UncMHz
3983	1.58	503.53	2400
3879	0.00	264.78	2400
3879	0.00
3883	0.00
3917	0.00
3892	0.00
3987	0.00
3907	0.00
3999	0.00
3896	0.00
3998	0.00
3920	0.00
3999	0.00
3903	0.00
3999	0.00
3997	0.00
3999	0.00
3951	3.15
3931	3.15
3966	5.88
3977	5.88
3999	0.31
3982	0.31
3999	0.00
3989	0.00
3967	2.55
3308	2.55
3999	0.27
3687	0.27
3948	2.81
3572	2.81
3961	1.20
3772	1.20
3927	0.20
3950	0.20
3996	0.92
3999	0.92
3946	0.90
3945	0.90
3993	0.23
3870	0.23
3997	1.38
3751	1.38
3995	1.61
3892	1.61
3937	1.46
3792	1.46
3973	0.57
3672	0.57
3968	3.64
3968	3.64
3940	1.42
3837	1.42
3951	12.16
3759	12.16
3997	0.18
3975	0.18
3963	0.77
3862	0.77
3919	6.14
3970	6.14
3925	1.22
3923	1.22
3941	0.84
3865	0.84
3999	0.00
3975	0.00
3974	0.25
3468	0.25
3999	0.00
3987	0.00
3972	0.83
3972	0.83
3944	1.50
3866	1.50
3957	0.65
3744	0.65
3970	0.47
3919	0.47
3985	0.26
3968	0.26
3940	38.18
3922	38.18
3897	0.29
3969	0.29
3823	0.12
3946	0.12
3998	2.89
3968	2.89
3983	0.97
3935	0.97
4000	0.68
3980	0.68
3932	1.15
3916	1.15
3955	2.74
3974	2.74
3955	1.77
3950	1.77
3985	0.96
3951	0.96
3996	1.84
3923	1.84
3924	0.03
3702	0.03
3989	8.93
3838	8.93
3715	6.19
3937	6.19
3981	6.94
3921	6.94
3969	2.09
3968	2.09
3900	0.00	238.69	2400
3998	0.00
3939	0.00
3999	0.00
3933	0.00
3998	0.00
4000	0.00
4000	0.00
3920	0.00
3998	0.00
3923	0.00
3997	0.00
3923	0.00
3996	0.00
3915	0.00
3998	0.00
3989	2.48
3960	2.48
3991	1.68
3998	1.68
3968	0.32
3999	0.32
3997	0.64
3998	0.64
3970	1.74
3990	1.74
3983	0.27
3999	0.27
3990	3.17
3919	3.17
3943	0.88
3991	0.88
3976	0.76
3870	0.76
3999	0.00
3997	0.00
3941	0.59
3998	0.59
3978	0.83
3982	0.83
3960	2.32
3980	2.32
3943	3.98
3941	3.98
3952	1.03
3921	1.03
3947	1.66
3912	1.66
3930	0.47
3987	0.47
4000	0.00
3928	0.00
3972	2.99
3732	2.99
3999	0.00
4000	0.00
3982	0.79
3971	0.79
3975	1.05
3991	1.05
3956	0.77
3997	0.77
3975	1.41
3983	1.41
3910	1.22
3906	1.22
3976	1.94
3961	1.94
3977	1.28
3983	1.28
3978	0.65
3992	0.65
3984	0.53
3996	0.53
3973	0.94
3984	0.94
3976	2.05
3775	2.05
3982	1.79
3928	1.79
3984	0.03
3951	0.03
3894	0.01
3981	0.01
3999	0.00
4000	0.00
3980	0.66
3883	0.66
3998	0.27
3994	0.27
3989	0.66
3978	0.66
3986	0.14
3958	0.14
3987	0.05
4001	0.05
3894	0.97
3803	0.97
3985	0.11
3784	0.11
3947	0.00
3958	0.00
3989	0.62
3965	0.62
3951	1.63
3938	1.63
3913	2.10
3935	2.10
3969	0.11
3987	0.11
3950	0.38
3984	0.38
Bzy_MHz	CPU%c1	PkgWatt	UncMHz
3984	1.76	501.81	2400
3883	0.00	264.87	2400
3883	0.00
3886	0.00
3920	0.00
3892	0.00
3987	0.00
3925	0.00
3999	0.00
3899	0.00
3998	0.00
3803	0.00
3999	0.00
4001	0.00
3999	0.00
3996	0.00
3999	0.00
3942	2.25
3964	2.25
3942	4.84
3987	4.84
3946	2.06
3971	2.06
3997	1.77
3964	1.77
3964	2.68
3955	2.68
3999	0.28
3848	0.28
3946	0.76
3179	0.76
3964	0.98
3758	0.98
3888	0.61
3963	0.61
3950	0.36
3670	0.36
3961	1.33
3966	1.33
3999	0.04
3940	0.04
3992	0.23
3977	0.23
3989	3.64
3998	3.64
3937	2.00
3926	2.00
3781	0.31
3791	0.31
3995	3.65
3948	3.65
3998	1.49
3840	1.49
3999	5.69
3751	5.69
3999	6.84
3832	6.84
3951	3.73
3893	3.73
3940	6.09
3948	6.09
3939	1.06
3817	1.06
3934	2.11
3784	2.11
3999	0.00
3978	0.00
3990	1.10
3876	1.10
3999	0.00
3970	0.00
3964	4.31
3955	4.31
3936	2.53
3667	2.53
3999	0.67
3684	0.67
3969	0.98
3906	0.98
3777	0.41
3948	0.41
3937	41.39
3869	41.39
3861	0.34
3595	0.34
3882	1.49
3969	1.49
3964	1.96
3940	1.96
3993	2.33
3977	2.33
4000	0.02
3798	0.02
3946	0.58
3929	0.58
3956	0.78
3976	0.78
3940	2.06
3894	2.06
3987	1.91
3923	1.91
3999	0.90
3980	0.90
3841	2.14
3823	2.14
3968	17.22
3780	17.22
3826	0.33
3993	0.33
3945	6.66
3824	6.66
3940	3.31
3974	3.31
3896	0.00	238.28	2400
3998	0.00
3900	0.00
3999	0.00
3949	0.00
3998	0.00
4000	0.00
4000	0.00
3935	0.00
3999	0.00
3935	0.00
3997	0.00
3913	0.00
3998	0.00
3935	0.00
3999	0.00
3968	0.81
3979	0.81
3992	0.48
3987	0.48
3961	0.50
3999	0.50
3991	0.45
3997	0.45
3977	0.49
3992	0.49
3981	0.13
3996	0.13
3964	2.98
3937	2.98
3957	0.69
3998	0.69
3962	0.45
3987	0.45
4000	0.02
4000	0.02
3968	0.03
3964	0.03
3977	0.85
3986	0.85
3972	0.32
3988	0.32
3961	1.53
3882	1.53
3954	1.08
3986	1.08
3949	1.35
3999	1.35
3970	0.63
3746	0.63
4000	0.00
4000	0.00
3971	4.18
3731	4.18
4000	0.00
4000	0.00
3975	0.73
3885	0.73
3967	0.79
3977	0.79
3969	1.07
3999	1.07
3971	1.96
3926	1.96
3970	2.83
3982	2.83
3963	5.49
3960	5.49
3972	1.32
3990	1.32
3980	1.66
3971	1.66
3966	2.85
3957	2.85
3973	3.06
3944	3.06
3956	1.88
3913	1.88
3989	3.65
3819	3.65
3971	0.29
3542	0.29
3959	0.19
3953	0.19
4000	0.00
3997	0.00
3988	0.10
3997	0.10
3910	0.00
3549	0.00
3604	0.00
3836	0.00
3980	0.30
3945	0.30
3913	0.10
3944	0.10
3897	0.20
3963	0.20
3938	0.36
3976	0.36
3996	0.00
3996	0.00
3990	0.03
3965	0.03
3936	1.49
3956	1.49
3915	1.99
3982	1.99
3969	0.01
3685	0.01
3953	0.01
3771	0.01
Bzy_MHz	CPU%c1	PkgWatt	UncMHz
3982	1.62	505.03	2400
3879	0.00	265.22	2400
3881	0.00
3881	0.00
3917	0.00
3893	0.00
3986	0.00
3880	0.00
3998	0.00
3926	0.00
3997	0.00
3962	0.00
3998	0.00
3935	0.00
3998	0.00
3995	0.00
3998	0.00
3998	0.65
3966	0.65
3952	2.39
3899	2.39
3992	2.57
3958	2.57
3998	1.88
3979	1.88
3958	2.45
3418	2.45
3998	0.28
3907	0.28
3945	0.71
3407	0.71
3955	0.86
3912	0.86
3878	1.62
3947	1.62
3930	0.24
3317	0.24
3959	1.45
3964	1.45
3998	1.06
3994	1.06
3983	0.25
3935	0.25
3931	5.26
3935	5.26
3958	0.39
3949	0.39
3592	1.67
3920	1.67
3958	0.99
3834	0.99
3886	0.56
3784	0.56
3997	0.24
3678	0.24
3925	11.26
3762	11.26
3956	2.04
3818	2.04
3886	4.84
3918	4.84
3924	2.99
3810	2.99
3936	1.85
3756	1.85
3998	0.00
3973	0.00
3958	1.51
3988	1.51
3998	0.00
3961	0.00
3962	5.44
3869	5.44
3932	2.30
3393	2.30
3953	0.45
3354	0.45
3965	0.77
3857	0.77
3886	0.16
3963	0.16
3931	34.24
3672	34.24
3936	0.20
3397	0.20
3895	0.33
3950	0.33
3825	1.25
3956	1.25
3763	0.41
3824	0.41
3994	0.97
3751	0.97
3961	1.07
3879	1.07
3878	0.88
3962	0.88
3940	0.43
3929	0.43
3905	2.26
3897	2.26
3999	0.78
3961	0.78
3903	0.78
3826	0.78
3952	18.46
3762	18.46
3836	0.22
3982	0.22
3960	6.50
3789	6.50
3895	2.17
3802	2.17
3894	0.00	238.75	2400
3998	0.00
3949	0.00
3999	0.00
3963	0.00
3998	0.00
3997	0.00
4000	0.00
3880	0.00
3998	0.00
3929	0.00
3995	0.00
3933	0.00
3998	0.00
3926	0.00
3999	0.00
3990	1.10
3946	1.10
3994	1.26
3969	1.26
3960	0.85
3931	0.85
3986	0.74
3998	0.74
3975	0.66
3958	0.66
3982	0.05
3999	0.05
3992	1.60
3930	1.60
3967	1.41
3967	1.41
3977	0.49
3960	0.49
4000	0.00
4000	0.00
3963	0.23
3966	0.23
3983	0.57
3975	0.57
3976	0.53
3994	0.53
3959	1.02
3997	1.02
3952	0.89
3995	0.89
3951	1.16
3954	1.16
3965	0.43
4000	0.43
4000	0.00
3982	0.00
3982	0.87
3832	0.87
4000	0.00
3996	0.00
3980	0.69
3988	0.69
3944	0.81
3995	0.81
3970	0.28
3948	0.28
3978	1.34
3978	1.34
3969	1.59
3978	1.59
3977	3.47
3966	3.47
3975	1.83
3967	1.83
3976	1.71
3993	1.71
3977	3.31
3894	3.31
3962	2.12
3982	2.12
3961	2.75
3915	2.75
3982	3.83
3925	3.83
3976	0.55
3982	0.55
3959	0.68
3990	0.68
4000	0.00
3992	0.00
3976	1.03
3971	1.03
3987	0.00
3991	0.00
3986	0.01
3628	0.01
3986	0.09
3997	0.09
3958	0.82
3989	0.82
3941	0.38
3952	0.38
3988	3.20
3950	3.20
3997	1.07
3977	1.07
3985	0.45
3976	0.45
3940	1.66
3963	1.66
3891	3.24
3963	3.24
3969	0.22
3975	0.22
3950	0.01
3978	0.01
Bzy_MHz	CPU%c1	PkgWatt	UncMHz
3983	2.44	505.74	2400
3881	0.00	267.91	2400
3882	0.00
3885	0.00
3919	0.00
3890	0.00
3988	0.00
3904	0.00
3998	0.00
3945	0.00
3998	0.00
3943	0.00
3999	0.00
3902	0.00
3999	0.00
3999	0.00
3999	0.00
3999	0.00
3998	0.00
3957	3.72
3978	3.72
3953	0.91
3975	0.91
3999	0.00
3575	0.00
3990	13.12
3507	13.12
3986	0.18
3483	0.18
3987	4.93
3987	4.93
3961	0.49
3939	0.49
3950	2.34
3985	2.34
3975	2.16
3883	2.16
3983	3.27
3986	3.27
3997	4.27
3999	4.27
3989	0.52
3906	0.52
3940	41.05
3258	41.05
3960	0.19
3929	0.19
3993	3.44
3997	3.44
3997	0.98
3913	0.98
3985	2.37
3977	2.37
3955	0.77
3860	0.77
3923	13.12
3760	13.12
3957	1.60
3758	1.60
3998	0.44
3922	0.44
3924	2.04
3840	2.04
3913	5.27
3895	5.27
3999	0.00
3970	0.00
3963	1.89
3760	1.89
3999	0.00
3976	0.00
3963	3.63
3898	3.63
3913	2.82
3840	2.82
3961	1.65
3847	1.65
3963	1.55
3859	1.55
3893	1.57
3967	1.57
3960	0.21
3388	0.21
3899	0.21
3416	0.21
3925	0.27
3803	0.27
3553	0.18
3953	0.18
3424	0.02
3819	0.02
3997	0.17
3779	0.17
3917	1.19
3982	1.19
3935	1.12
3293	1.12
3965	0.64
3876	0.64
3974	13.26
3810	13.26
3992	3.14
3980	3.14
3896	17.31
3844	17.31
3877	22.04
3791	22.04
3953	6.03
3993	6.03
3977	7.56
3899	7.56
3974	10.87
3953	10.87
3900	0.00	238.57	2400
3998	0.00
3904	0.00
4000	0.00
3939	0.00
3998	0.00
3995	0.00
4000	0.00
3938	0.00
3999	0.00
3925	0.00
3997	0.00
3943	0.00
3997	0.00
3941	0.00
3999	0.00
3984	0.88
3970	0.88
3993	0.68
3987	0.68
3957	0.03
3988	0.03
3987	0.77
3992	0.77
3971	1.34
3990	1.34
3981	0.53
3995	0.53
3970	1.85
3971	1.85
3962	0.66
3980	0.66
3927	5.92
3978	5.92
4000	0.00
3999	0.00
3893	19.12
3990	19.12
3979	0.72
3988	0.72
3977	0.98
3979	0.98
3973	1.46
3932	1.46
3956	0.53
3946	0.53
3967	0.86
3992	0.86
3982	0.19
4000	0.19
4000	0.00
4000	0.00
3970	0.49
3990	0.49
4000	0.01
3992	0.01
3982	0.53
3973	0.53
3970	1.44
3991	1.44
3968	0.34
3972	0.34
3967	2.24
3859	2.24
3972	1.30
3936	1.30
3959	4.92
3969	4.92
3971	2.37
3984	2.37
3973	1.48
3998	1.48
3970	2.23
3987	2.23
3971	1.12
3811	1.12
3982	1.39
3837	1.39
3978	2.72
3955	2.72
3978	1.09
3984	1.09
3967	1.26
3978	1.26
4000	0.00
3998	0.00
3984	1.42
3981	1.42
3919	0.40
3992	0.40
3988	0.46
3977	0.46
3984	0.20
3991	0.20
3980	0.16
3920	0.16
3886	0.09
3988	0.09
3963	1.15
3799	1.15
3934	0.11
3948	0.11
3985	1.00
3980	1.00
3944	1.08
3949	1.08
3943	1.41
3969	1.41
3875	0.22
3979	0.22
3815	0.03
3935	0.03
Bzy_MHz	CPU%c1	PkgWatt	UncMHz
3983	2.96	507.13	2400
3879	0.00	267.00	2400
3880	0.00
3885	0.00
3921	0.00
3889	0.00
3985	0.00
3883	0.00
3998	0.00
3954	0.00
3998	0.00
3929	0.00
3998	0.00
3975	0.00
3998	0.00
3996	0.00
3998	0.00
3999	3.76
3941	3.76
3877	5.29
3975	5.29
3960	1.04
3932	1.04
3998	0.00
3942	0.00
3985	5.52
3642	5.52
3957	6.31
3890	6.31
3950	1.32
3915	1.32
3960	6.78
3972	6.78
3949	0.86
3886	0.86
3981	2.11
3968	2.11
3963	4.70
3988	4.70
3992	0.58
3854	0.58
3998	1.42
3995	1.42
3947	21.46
3790	21.46
3927	20.25
3889	20.25
3997	2.87
3987	2.87
3998	2.27
3983	2.27
3983	2.65
3956	2.65
3997	1.27
3977	1.27
3958	12.96
3801	12.96
3956	4.56
3951	4.56
3998	2.48
3987	2.48
3932	9.98
3989	9.98
3938	1.11
3984	1.11
3998	0.00
3972	0.00
3943	2.55
3979	2.55
3998	0.00
3957	0.00
3961	2.59
3963	2.59
3956	2.67
3915	2.67
3962	3.24
3970	3.24
3965	2.71
3945	2.71
3957	1.46
3973	1.46
3998	0.05
3989	0.05
3930	1.72
3985	1.72
3990	5.35
3988	5.35
3900	4.45
3992	4.45
3891	3.42
3920	3.42
3918	1.28
3972	1.28
3903	0.72
3959	0.72
3985	0.41
3881	0.41
3950	3.87
3958	3.87
3939	10.20
3872	10.20
3999	0.51
3958	0.51
3891	6.84
3969	6.84
3944	14.44
3859	14.44
3873	1.23
3996	1.23
3956	4.80
3863	4.80
3983	10.36
3930	10.36
3891	0.00	239.48	2400
3998	0.00
3893	0.00
3999	0.00
3922	0.00
3998	0.00
4000	0.00
4000	0.00
3960	0.00
3999	0.00
3936	0.00
3997	0.00
3953	0.00
3998	0.00
3920	0.00
3999	0.00
3986	1.50
3954	1.50
3985	2.42
3989	2.42
3961	0.38
3999	0.38
3990	1.44
3998	1.44
3980	2.41
3994	2.41
3978	5.48
3986	5.48
3991	2.34
3959	2.34
3962	1.97
3993	1.97
3940	18.37
3988	18.37
3992	3.28
3998	3.28
3958	12.72
3987	12.72
3961	3.86
3982	3.86
3933	7.06
3989	7.06
3920	13.85
3987	13.85
3951	1.22
3970	1.22
3928	9.36
3991	9.36
3978	0.58
3993	0.58
4000	0.00
4001	0.00
3982	1.77
3966	1.77
4000	0.00
3996	0.00
3980	0.55
3999	0.55
3947	0.73
3962	0.73
4000	0.00
3997	0.00
3982	0.08
3970	0.08
3987	0.28
3982	0.28
3973	2.07
3922	2.07
3963	2.37
3969	2.37
3979	1.08
3990	1.08
3965	1.67
3989	1.67
3984	2.16
3980	2.16
3979	3.19
3854	3.19
3975	4.67
3896	4.67
3981	0.77
3960	0.77
3975	0.94
3958	0.94
4000	0.00
4001	0.00
3980	0.52
3989	0.52
3984	2.13
3983	2.13
3987	1.13
3981	1.13
3983	3.41
3975	3.41
3991	0.00
4000	0.00
3872	0.10
3970	0.10
3989	0.96
3887	0.96
3931	0.01
3986	0.01
3985	1.94
3974	1.94
3971	1.18
3988	1.18
3911	2.65
3972	2.65
3968	0.00
3897	0.00
3868	0.01
3952	0.01
turbostat: cpu61 jitter 5428 832
Bzy_MHz	CPU%c1	PkgWatt	UncMHz
3981	3.43	508.27	2400
3878	0.00	268.75	2400
3879	0.00
3882	0.00
3915	0.00
3891	0.00
3984	0.00
3901	0.00
3997	0.00
3942	0.00
3996	0.00
3903	0.00
3997	0.00
3929	0.00
3997	0.00
3998	0.00
3997	0.00
3979	3.63
3987	3.63
3942	2.88
3979	2.88
3893	3.81
3958	3.81
3997	0.00
3599	0.00
3957	4.07
3354	4.07
3998	0.51
3968	0.51
3973	3.21
3969	3.21
3996	2.79
3927	2.79
3989	1.70
3969	1.70
3978	1.91
3939	1.91
3952	1.91
3963	1.91
3995	5.42
3993	5.42
3986	3.03
3633	3.03
3959	0.02
3769	0.02
3921	44.51
3654	44.51
3919	1.74
3959	1.74
3938	4.89
3938	4.89
3984	4.39
3831	4.39
3994	8.89
3797	8.89
3979	9.05
3918	9.05
3941	1.74
3831	1.74
3980	0.22
3449	0.22
3916	5.74
3939	5.74
3927	1.23
3661	1.23
3997	0.00
3980	0.00
3955	7.93
3874	7.93
3997	1.24
3992	1.24
3946	9.54
3946	9.54
3908	3.09
3485	3.09
3929	1.76
3501	1.76
3963	0.83
3796	0.83
3958	0.31
3886	0.31
3997	0.00
3883	0.00
3931	0.18
3801	0.18
3961	2.00
3863	2.00
3946	10.05
3950	10.05
3896	11.35
3846	11.35
3994	8.42
3964	8.42
3976	5.46
3976	5.46
3990	2.80
3962	2.80
3969	4.89
3965	4.89
3981	7.46
3902	7.46
3995	5.91
3981	5.91
3948	11.54
3945	11.54
3954	12.94
3801	12.93
3985	2.88
3969	2.88
3955	3.68
3933	3.68
3964	2.85
3951	2.85
3896	0.00	239.12	2400
3999	0.00
3883	0.00
3999	0.00
3926	0.00
3997	0.00
4000	0.00
4000	0.00
3913	0.00
3998	0.00
3935	0.00
3997	0.00
3937	0.00
3997	0.00
3937	0.00
3999	0.00
3990	2.87
3976	2.87
3976	5.44
3994	5.44
3935	5.36
3988	5.36
3979	0.75
3982	0.75
3968	0.38
3991	0.38
3957	2.74
3903	2.74
3971	0.18
3930	0.18
3934	7.06
3997	7.06
3944	0.93
3901	0.93
3982	0.12
4000	0.12
3987	0.00
3990	0.00
3979	0.52
3982	0.52
3959	2.39
3985	2.39
3883	14.54
3744	14.54
3921	5.98
3840	5.98
3962	1.28
3882	1.28
3901	15.16
3939	15.16
3999	0.00
4000	0.00
3847	40.98
3960	40.98
3999	0.00
3996	0.00
3918	6.41
3926	6.41
3976	1.53
3931	1.53
3999	0.02
3867	0.02
3931	0.64
3957	0.64
3957	0.67
3967	0.67
3961	2.20
3872	2.20
3956	0.89
3988	0.89
3970	1.24
3977	1.24
3948	3.44
3977	3.44
3965	0.34
3986	0.34
3981	1.96
3908	1.96
3957	4.34
3951	4.34
3978	3.96
3830	3.96
3981	0.62
3962	0.62
3999	0.00
3995	0.00
3979	0.51
3979	0.51
3942	2.19
3979	2.19
3980	0.28
3953	0.28
3977	0.28
3955	0.28
3981	0.85
3971	0.85
3959	0.03
3916	0.03
3892	1.33
3898	1.33
3990	0.12
3907	0.12
3982	6.63
3873	6.63
3904	1.36
3970	1.36
3951	1.37
3901	1.37
3931	0.00
3890	0.00
3919	0.00
3781	0.00
turbostat: cpu60 jitter 634 4900
Bzy_MHz	CPU%c1	PkgWatt	UncMHz
3897	3.49	510.01	2400
3849	0.00	267.66	2400
3848	0.00
3854	0.00
3893	0.00
3863	0.00
3958	0.00
3878	0.00
3969	0.00
3916	0.00
3969	0.00
3885	0.00
3969	0.00
3886	0.00
3969	0.00
3936	0.00
3970	0.00
3272	2.98
3931	2.98
3265	1.23
3400	1.23
3989	3.14
3181	3.14
3970	0.00
3104	0.00
3263	6.68
3603	6.68
3984	18.46
3639	18.46
3988	9.22
3846	9.22
3962	16.30
3535	16.30
3397	3.92
3929	3.92
3874	3.14
3627	3.14
3228	2.85
3712	2.85
3858	1.00
3210	1.00
3380	1.70
3267	1.70
3180	1.39
3333	1.39
3191	0.29
3325	0.29
3905	1.62
3484	1.62
3340	3.08
3411	3.08
3234	2.74
3632	2.74
3669	3.16
3693	3.16
3950	2.66
3465	2.66
3146	2.43
3453	2.43
3153	1.71
3381	1.71
3877	5.31
3842	5.31
3138	0.40
3231	0.40
3918	2.06
3571	2.06
3589	5.92
3926	5.92
3959	0.84
3240	0.84
3292	1.45
3872	1.45
3268	1.57
3294	1.57
3120	0.29
3144	0.29
3324	1.08
3511	1.08
3994	4.98
3609	4.98
3970	0.00
3279	0.00
3301	1.53
3309	1.53
3208	1.76
3441	1.76
3598	9.12
3457	9.12
3826	8.88
3703	8.88
3751	17.99
3843	17.99
3910	4.04
3286	4.04
3762	4.41
3670	4.41
3875	5.79
3671	5.79
3928	5.53
3743	5.53
3888	6.58
3413	6.58
3591	9.39
3348	9.39
3524	7.40
3680	7.40
3926	4.17
3630	4.17
3866	9.20
3774	9.20
3157	4.47
3940	4.47
3441	0.00	243.19	2400
3968	0.00
3950	0.00
3971	0.00
3562	0.00
3969	0.00
3428	0.00
3970	0.00
3808	0.00
3965	0.00
3899	0.00
3967	0.00
3914	0.00
3968	0.00
3913	0.00
3969	0.00
3764	11.90
3906	11.90
3954	6.63
3992	6.63
3353	3.46
3413	3.46
3983	25.55
3179	25.55
3799	4.33
3888	4.33
3627	5.88
3814	5.88
3215	1.44
3864	1.44
3730	4.97
3507	4.97
3370	4.29
3393	4.29
3724	2.48
3499	2.48
3587	1.38
3186	1.38
3621	2.97
3995	2.97
3934	1.32
3285	1.32
3304	1.47
3728	1.47
3159	0.62
3976	0.62
3935	3.15
3245	3.15
3388	4.92
3282	4.92
3971	0.00
3355	0.00
3257	1.59
3390	1.59
3971	0.00
3999	0.00
3196	1.40
3268	1.40
3317	1.79
3171	1.79
3971	0.01
4000	0.01
3234	1.15
3299	1.15
3440	3.15
3482	3.15
3384	3.66
3532	3.66
3924	2.51
3150	2.51
3233	0.43
3218	0.43
3121	0.22
3255	0.22
3288	0.47
3292	0.47
3897	7.84
3518	7.84
3303	2.20
3231	2.20
3943	2.33
3097	2.33
3307	1.29
3050	1.29
3971	0.00
3037	0.00
3360	1.87
3341	1.87
3282	3.28
3785	3.28
3281	3.12
3911	3.12
3265	1.35
3388	1.35
3893	0.40
3138	0.40
3151	1.71
3288	1.71
3482	1.40
3578	1.40
3116	5.08
3732	5.08
3946	21.83
3510	21.83
3907	2.47
3250	2.47
3311	15.08
3863	15.08
3096	0.84
3538	0.84
3082	1.95
3664	1.95
Bzy_MHz	CPU%c1	PkgWatt	UncMHz
3983	2.32	505.19	2400
3878	0.00	265.04	2400
3879	0.00
3888	0.00
3925	0.00
3900	0.00
3988	0.00
3904	0.00
3998	0.00
3870	0.00
3998	0.00
3599	0.00
3999	0.00
3934	0.00
3999	0.00
3986	0.00
3999	0.00
3900	3.23
3974	3.23
3928	4.50
3985	4.50
3904	2.56
3985	2.56
3998	0.98
3830	0.98
3966	1.63
3957	1.63
3870	14.72
3904	14.72
3945	2.83
3903	2.83
3998	7.06
3965	7.06
3999	0.82
3994	0.82
3936	1.89
3977	1.89
3941	1.44
3470	1.44
3959	1.53
3867	1.53
3977	1.46
3308	1.46
3946	2.02
3276	2.02
3995	0.18
3721	0.18
3942	0.68
3952	0.68
3937	0.33
3879	0.33
3890	0.35
3760	0.35
3966	1.81
3900	1.81
3982	4.70
3739	4.70
3860	0.61
3502	0.61
3575	0.22
3514	0.22
3929	7.63
3788	7.63
3989	1.85
3862	1.85
3850	0.25
3913	0.25
3955	3.35
3946	3.35
3999	0.36
3961	0.36
3964	1.63
3957	1.63
3877	0.79
3555	0.79
3999	0.01
3407	0.01
3964	0.72
3839	0.72
3999	0.00
3996	0.00
3999	0.00
3845	0.00
3890	0.60
3906	0.60
3998	2.03
3904	2.03
3983	3.24
3983	3.24
3929	6.46
3897	6.46
3951	3.09
3822	3.09
3927	9.13
3939	9.13
3956	8.78
3893	8.78
3972	3.01
3924	3.01
3973	4.08
3961	4.08
3996	3.37
3942	3.37
3954	8.16
3962	8.16
3815	4.20
3937	4.20
3994	4.03
3978	4.03
3964	5.69
3985	5.69
3935	5.13
3912	5.13
3900	0.00	239.68	2400
3998	0.00
3848	0.00
3999	0.00
3944	0.00
3998	0.00
3999	0.00
4000	0.00
3872	0.00
3998	0.00
3920	0.00
3997	0.00
3909	0.00
3996	0.00
3863	0.00
3999	0.00
3935	30.08
3989	30.08
3998	2.93
3988	2.93
3959	0.41
3984	0.41
3989	10.92
3983	10.92
3939	0.53
3984	0.53
3956	2.45
3892	2.45
3947	0.40
3997	0.40
3955	2.07
3952	2.07
3962	0.12
3972	0.12
3971	0.02
3994	0.02
3999	0.35
3876	0.35
3984	0.03
3967	0.03
3971	1.06
3972	1.06
3971	0.90
3934	0.90
3923	0.42
3981	0.42
3972	0.58
3944	0.58
3964	1.55
3928	1.55
4000	0.00
4000	0.00
3937	0.00
3960	0.00
4000	0.00
4000	0.00
3999	0.48
3915	0.48
3992	1.21
3988	1.21
4000	0.02
4000	0.02
3970	0.08
3894	0.08
3963	0.13
3941	0.13
3947	2.00
3947	2.00
3976	4.12
3643	4.12
3988	2.97
3952	2.97
3982	0.17
3948	0.17
3988	0.27
3973	0.27
3980	1.93
3805	1.93
3989	0.29
3977	0.29
3972	0.01
3602	0.01
3978	0.10
4001	0.10
4000	0.00
3999	0.00
3983	0.04
3964	0.04
3986	1.33
3930	1.33
3991	0.29
3962	0.29
3978	0.17
3892	0.17
3993	2.58
3809	2.58
3992	3.96
3982	3.96
3990	2.28
3891	2.28
3993	0.49
3896	0.49
3964	0.31
3943	0.31
3921	3.57
3909	3.57
3880	18.99
3892	18.99
3891	14.63
3813	14.63
3799	0.01
3477	0.01
Bzy_MHz	CPU%c1	PkgWatt	UncMHz
3984	1.50	503.18	2400
3881	0.00	264.69	2400
3882	0.00
3887	0.00
3922	0.00
3898	0.00
3988	0.00
3876	0.00
3998	0.00
3957	0.00
3999	0.00
3883	0.00
3999	0.00
3994	0.00
3999	0.00
3997	0.00
3999	0.00
3995	3.82
3972	3.82
3940	5.12
3986	5.12
3946	4.09
3894	4.09
3943	0.03
3577	0.03
3968	4.76
3973	4.76
3913	4.32
3977	4.32
3930	4.09
3969	4.09
3999	0.00
3964	0.00
3934	1.60
3986	1.60
3926	3.72
3975	3.72
3946	2.53
3910	2.53
3931	1.40
3947	1.40
3933	1.35
3591	1.35
3944	1.15
3910	1.15
3949	0.34
3943	0.34
3948	0.44
3925	0.44
3978	2.12
3969	2.12
3959	2.40
3974	2.40
3971	1.14
3918	1.14
3928	3.03
3814	3.03
3893	0.71
3877	0.71
3895	0.94
3922	0.94
3927	5.10
3883	5.10
3971	0.07
3464	0.07
3936	0.01
3833	0.01
3968	2.77
3975	2.77
3999	0.33
3969	0.33
3973	1.41
3951	1.41
3956	0.64
3926	0.64
3999	0.00
3876	0.00
3957	0.78
3971	0.78
3999	0.00
3978	0.00
3999	0.00
3995	0.00
3968	0.91
3982	0.91
3997	0.38
3697	0.38
3993	0.21
3984	0.21
3946	2.82
3761	2.82
3960	1.51
3955	1.51
3931	2.51
3928	2.51
3952	0.67
3961	0.67
3971	0.36
3899	0.36
3940	1.27
3949	1.27
3994	3.21
3963	3.21
3928	2.81
3959	2.81
3966	4.35
3989	4.35
3936	0.01
3782	0.01
3963	4.53
3969	4.53
3944	3.99
3969	3.99
3901	0.00	238.40	2400
3998	0.00
3942	0.00
4000	0.00
3906	0.00
3997	0.00
4000	0.00
4000	0.00
3915	0.00
3999	0.00
3943	0.00
3997	0.00
3939	0.00
3997	0.00
3939	0.00
3999	0.00
3941	33.20
3990	33.20
3998	0.99
3990	0.99
3996	2.74
3966	2.74
3979	0.54
3967	0.54
3984	0.24
3990	0.24
3962	0.66
3955	0.66
3972	0.45
3987	0.45
3979	1.49
3986	1.49
3983	0.39
3954	0.39
3976	0.25
4000	0.25
3999	2.33
3999	2.33
3990	0.11
3992	0.11
3979	0.84
3988	0.84
3954	1.22
3971	1.22
3951	0.50
3915	0.50
3979	0.98
3827	0.98
3977	0.56
3994	0.56
4000	0.00
4000	0.00
3982	0.15
3995	0.15
4000	0.73
3975	0.73
3931	0.61
3950	0.61
3999	0.53
3995	0.53
4000	0.00
4000	0.00
3984	0.21
3997	0.21
3992	0.22
3986	0.22
3969	1.20
3934	1.20
3977	0.75
3963	0.75
3982	0.18
3991	0.18
3985	0.25
3968	0.25
3985	0.02
3985	0.02
3974	2.59
3806	2.59
3970	0.68
3955	0.68
3961	0.03
3969	0.03
3985	0.06
3997	0.06
4000	0.00
4000	0.00
3988	0.19
3959	0.19
3987	2.08
3889	2.08
3999	0.36
3847	0.36
3989	0.05
4002	0.05
3989	0.02
3975	0.02
3933	0.27
3950	0.27
3847	1.24
3810	1.24
3996	0.00
4000	0.00
3990	0.08
3998	0.08
3899	3.42
3955	3.42
3981	5.74
3841	5.74
3903	9.46
3824	9.46
3988	0.00
3997	0.00
Bzy_MHz	CPU%c1	PkgWatt	UncMHz
3983	1.65	502.33	2400
3878	0.00	270.97	2400
3879	0.00
3885	0.00
3920	0.00
3901	0.00
3989	0.00
3914	0.00
3998	0.00
3956	0.00
3998	0.00
4000	0.00
3999	0.00
3972	0.00
3999	0.00
4000	0.00
3999	0.00
3999	0.48
3988	0.48
3938	7.02
3982	7.02
3890	4.40
3959	4.40
3997	1.15
3416	1.15
3961	5.77
3969	5.77
3890	8.26
3958	8.26
3941	2.73
3975	2.73
3999	0.36
3828	0.36
3905	1.72
3945	1.72
3923	2.50
3852	2.50
3922	4.51
3876	4.51
3910	1.85
3883	1.85
3931	1.73
3894	1.73
3920	3.01
3161	3.01
3948	0.36
3624	0.36
3924	1.64
3740	1.64
3954	1.20
3894	1.20
3926	1.95
3921	1.95
3957	0.91
3849	0.91
3878	1.83
3968	1.83
3878	0.96
3735	0.96
3879	0.01
3365	0.01
3949	13.07
3719	13.07
3964	0.20
3552	0.20
3981	0.26
3758	0.26
3993	3.39
3914	3.39
3999	0.38
3949	0.38
3915	0.90
3961	0.90
3938	0.60
3589	0.60
3999	0.00
3506	0.00
3998	0.44
3793	0.44
3999	0.00
3979	0.00
3999	0.00
3704	0.00
3907	1.16
3976	1.16
4000	0.07
3308	0.07
3978	0.23
3980	0.23
3949	3.04
3932	3.04
3953	2.24
3808	2.24
3923	1.60
3940	1.60
3999	0.62
3988	0.62
3952	0.35
3952	0.35
3916	1.16
3812	1.16
3999	2.24
3904	2.24
3866	2.47
3965	2.47
3972	2.93
3906	2.93
3954	0.44
3688	0.44
3964	6.12
3959	6.12
3899	2.34
3967	2.34
3931	0.00	231.48	2400
3999	0.00
3914	0.00
4000	0.00
3896	0.00
3997	0.00
4000	0.00
4000	0.00
3938	0.00
3999	0.00
3940	0.00
3998	0.00
3909	0.00
3996	0.00
3899	0.00
3999	0.00
3965	32.38
3990	32.37
3977	0.56
3994	0.56
3996	3.38
3950	3.38
3982	0.63
3984	0.63
3955	0.17
3996	0.17
3965	0.54
3960	0.54
3965	1.10
3996	1.10
3976	2.00
3994	2.00
3999	0.72
3988	0.72
3976	0.24
3999	0.24
3998	1.77
3998	1.77
3985	0.02
3995	0.02
3972	0.62
3973	0.62
3970	0.91
3932	0.91
3920	0.76
3832	0.76
3977	1.17
3975	1.17
3976	0.63
3949	0.63
4000	0.00
3963	0.00
3983	0.07
3991	0.07
3963	3.11
3720	3.11
3994	0.00
3935	0.00
3946	0.49
3974	0.49
4000	0.02
3999	0.02
3985	0.05
3999	0.05
3983	0.05
3964	0.05
3964	0.92
3941	0.92
3961	0.63
3981	0.63
3980	0.50
3974	0.50
3984	0.24
3988	0.24
3990	0.06
3973	0.06
3987	1.64
3865	1.64
3979	0.57
3936	0.57
3963	1.07
3957	1.07
3974	0.57
3957	0.57
4000	0.00
4002	0.00
3987	0.10
3979	0.10
3983	2.24
3879	2.24
3978	0.10
3923	0.10
3980	0.03
3973	0.03
3987	0.09
3933	0.09
3971	0.43
3982	0.43
3970	1.28
3809	1.28
3951	0.09
3897	0.09
3979	0.19
3960	0.19
3879	4.62
3947	4.62
3987	0.06
4001	0.06
3963	17.33
3802	17.33
3970	0.09
3912	0.09
turbostat: cpu56 jitter 4766 518
Bzy_MHz	CPU%c1	PkgWatt	UncMHz
3983	1.66	502.13	2400
3878	0.00	270.73	2400
3880	0.00
3884	0.00
3920	0.00
3889	0.00
3985	0.00
3908	0.00
3998	0.00
3949	0.00
3998	0.00
3914	0.00
3998	0.00
3887	0.00
3998	0.00
4000	0.00
3999	0.00
3919	6.27
3953	6.27
3943	4.21
3983	4.21
3997	1.28
3973	1.28
3924	3.38
3910	3.38
3921	6.42
3974	6.42
3889	8.83
3940	8.83
3927	4.15
3996	4.15
3944	2.24
3920	2.24
3894	0.73
3871	0.73
3986	1.32
3920	1.32
3940	2.00
3494	2.00
3913	1.86
3809	1.86
3939	1.92
3932	1.92
3998	1.11
3855	1.11
3998	0.49
3850	0.49
3930	2.14
3895	2.14
3971	0.21
3578	0.21
3914	0.76
3768	0.76
3966	0.83
3949	0.83
3931	3.02
3805	3.02
3999	0.70
3879	0.70
3817	0.90
3558	0.90
3947	7.80
3781	7.80
3999	0.12
3630	0.12
3964	1.51
3880	1.51
3998	0.43
3921	0.43
3998	0.37
3981	0.37
3894	1.48
3931	1.48
3961	0.95
3612	0.95
3999	0.00
3591	0.00
3990	0.43
3778	0.43
3999	0.00
3989	0.00
3999	0.44
3967	0.44
3903	1.05
3968	1.05
3993	0.38
3694	0.38
3991	0.24
3979	0.24
3953	3.32
3948	3.32
3951	3.35
3882	3.35
3901	3.52
3966	3.52
3999	0.92
3948	0.92
3952	1.32
3926	1.32
3985	0.11
3517	0.11
3992	1.49
3705	1.49
3884	2.67
3945	2.67
3971	3.57
3890	3.57
3959	0.24
3809	0.24
3962	1.08
3746	1.08
3970	5.35
3921	5.35
3903	0.00	231.58	2400
3999	0.00
3899	0.00
4000	0.00
3939	0.00
3998	0.00
4000	0.00
4000	0.00
3951	0.00
3999	0.00
3932	0.00
3998	0.00
3915	0.00
3997	0.00
3933	0.00
3999	0.00
3953	34.72
3991	34.73
3978	0.71
3996	0.71
3997	3.75
3995	3.75
3993	0.79
3994	0.79
3974	0.16
3996	0.16
3972	2.05
3882	2.05
3977	0.43
3997	0.43
3974	1.47
3997	1.47
3999	1.17
3998	1.17
3980	0.34
3999	0.34
3999	1.32
4000	1.32
3990	0.02
3998	0.02
3981	0.82
3983	0.82
3983	0.52
3971	0.52
3929	1.58
3909	1.58
3960	1.00
3992	1.00
3940	2.69
3931	2.69
4000	0.00
4000	0.00
3975	0.43
3983	0.43
3945	3.54
3742	3.54
3971	0.27
3791	0.27
3998	0.72
3992	0.72
4000	0.00
4001	0.00
3980	0.03
3977	0.03
3971	0.05
3983	0.05
3960	1.43
3948	1.43
3970	0.78
3940	0.78
3970	0.69
3969	0.69
3984	0.21
3943	0.21
3996	0.01
3994	0.01
3993	1.39
3823	1.39
3988	0.32
3943	0.32
3980	0.36
3942	0.36
3987	0.02
3996	0.02
4000	0.00
4000	0.00
3987	0.22
3997	0.22
3988	1.32
3912	1.32
3908	2.55
3828	2.55
3989	0.05
3874	0.05
3987	0.10
3943	0.10
3958	0.23
3987	0.23
3962	1.22
3815	1.22
3996	0.04
4000	0.04
3986	0.09
3968	0.09
3910	3.19
3946	3.19
3976	11.56
3818	11.56
3998	4.97
3968	4.97
3988	0.00
3999	0.00
Bzy_MHz	CPU%c1	PkgWatt	UncMHz
3983	1.56	502.79	2400
3878	0.00	271.03	2400
3879	0.00
3888	0.00
3921	0.00
3890	0.00
3986	0.00
3920	0.00
3999	0.00
3954	0.00
3998	0.00
3930	0.00
3999	0.00
3927	0.00
3999	0.00
4000	0.00
3999	0.00
3908	1.97
3966	1.97
3954	4.12
3975	4.12
3905	3.12
3964	3.12
3962	1.71
3838	1.71
3999	0.00
3974	0.00
3999	0.02
3903	0.02
3906	9.13
3924	9.13
3926	8.70
3787	8.70
3938	2.52
3747	2.52
3931	2.07
3759	2.07
3958	0.94
3769	0.94
3913	1.10
3693	1.10
3965	1.04
3898	1.04
3994	0.71
3725	0.71
3999	0.00
3850	0.00
3929	2.25
3819	2.25
3920	0.54
3763	0.54
3946	0.17
3838	0.17
3942	0.33
3763	0.33
3808	9.21
3782	9.21
3964	1.75
3961	1.75
3766	1.35
3970	1.35
3861	1.00
3964	1.00
3820	0.01
3670	0.01
3654	0.05
3874	0.05
3973	2.02
3907	2.02
3999	0.36
3979	0.36
3957	0.37
3893	0.37
3999	0.47
3960	0.47
3999	0.16
3742	0.16
3987	0.53
3905	0.53
3999	0.00
3970	0.00
3922	0.35
3268	0.35
3959	0.74
3969	0.74
3933	0.44
3502	0.44
3992	0.13
3980	0.13
3957	1.63
3920	1.63
3955	1.60
3911	1.60
3922	1.34
3830	1.34
3930	0.69
3949	0.69
3867	2.18
3948	2.18
3992	1.71
3890	1.71
3999	0.70
3629	0.70
3809	0.86
3857	0.86
3939	2.18
3955	2.18
3922	1.15
3845	1.15
3951	2.42
3937	2.42
3967	1.87
3938	1.87
3893	0.00	231.47	2400
3998	0.00
3942	0.00
4000	0.00
3962	0.00
3999	0.00
4000	0.00
4000	0.00
3912	0.00
3999	0.00
3896	0.00
3996	0.00
3931	0.00
3997	0.00
3965	0.00
3999	0.00
3952	36.69
3991	36.69
3983	2.05
3998	2.05
3997	4.51
3965	4.51
3988	0.22
3997	0.22
3983	0.06
3999	0.06
3969	1.02
3939	1.02
3980	0.35
3998	0.35
3983	0.14
4000	0.14
3994	0.00
4000	0.00
3975	1.29
3998	1.29
4000	1.43
4000	1.43
3987	0.01
3990	0.01
3982	0.54
3987	0.54
3964	0.43
3955	0.43
3929	1.42
3890	1.42
3973	0.55
3965	0.55
3947	1.08
3973	1.08
4000	0.00
4000	0.00
3968	0.22
3947	0.22
3980	3.24
3709	3.24
3970	1.40
3961	1.40
3965	0.94
3996	0.94
4000	0.00
3999	0.00
3965	0.36
3999	0.36
3976	0.36
3965	0.36
3974	3.02
3924	3.02
3973	2.08
3991	2.08
3973	1.60
3998	1.60
3970	1.64
3930	1.64
3972	2.52
4000	2.52
3974	2.34
3824	2.34
3981	0.75
3994	0.75
3964	0.87
3999	0.87
3979	0.64
3999	0.64
4000	0.00
3999	0.00
3975	0.70
3917	0.70
3979	0.25
3926	0.25
3987	1.51
3914	1.51
3985	0.05
3963	0.05
3980	0.51
3994	0.51
3929	0.17
3977	0.17
3989	1.01
3797	1.01
3990	0.00
3933	0.00
3983	0.10
4000	0.10
3911	3.45
3940	3.45
3973	13.92
3816	13.92
3949	1.57
3865	1.57
3990	0.04
3978	0.04
Bzy_MHz	CPU%c1	PkgWatt	UncMHz
3983	1.69	503.38	2400
3879	0.00	264.32	2400
3880	0.00
3885	0.00
3918	0.00
3902	0.00
3987	0.00
3885	0.00
3998	0.00
3920	0.00
3998	0.00
3918	0.00
3999	0.00
4002	0.00
3999	0.00
4000	0.00
3999	0.00
3994	3.15
3940	3.15
3940	2.48
3968	2.48
3912	3.47
3972	3.47
3942	2.93
3959	2.93
3690	0.41
3880	0.41
3998	0.19
3842	0.19
3946	4.25
3987	4.25
3913	7.62
3931	7.62
3897	8.85
3870	8.85
3904	3.25
3923	3.25
3943	2.10
3556	2.10
3962	2.74
3926	2.74
3958	1.41
3965	1.41
3960	0.28
3833	0.28
3999	0.18
3988	0.18
3933	1.45
3841	1.45
3959	1.07
3705	1.07
3942	1.18
3710	1.18
3956	1.25
3848	1.25
3819	12.97
3748	12.97
3892	0.02
3896	0.02
3999	2.07
3911	2.07
3916	1.25
3891	1.25
3947	0.94
3897	0.94
3875	0.03
3907	0.03
3790	2.06
3891	2.06
3999	0.36
3981	0.36
3863	3.10
3915	3.10
3999	0.00
3658	0.00
3930	0.36
3556	0.36
3997	0.87
3863	0.87
3999	0.00
3977	0.00
3967	0.58
3510	0.58
3996	0.49
3971	0.49
3922	2.14
3902	2.14
3988	1.66
3982	1.66
3950	1.26
3924	1.26
3954	1.41
3691	1.41
3919	4.05
3972	4.05
3998	0.68
3931	0.68
3942	0.42
3854	0.42
3834	1.41
3764	1.41
3999	0.01
3655	0.01
3617	4.50
3848	4.50
3971	0.75
3967	0.75
3948	2.25
3894	2.25
3923	2.80
3910	2.80
3973	2.14
3874	2.14
3944	0.00	238.89	2400
3999	0.00
3966	0.00
3999	0.00
3940	0.00
3998	0.00
4000	0.00
4000	0.00
3956	0.00
3999	0.00
3907	0.00
3995	0.00
3937	0.00
3997	0.00
3921	0.00
3999	0.00
3945	37.15
3990	37.15
3997	2.52
3999	2.52
3990	2.25
3974	2.25
3992	0.74
3992	0.74
3965	0.28
3998	0.28
3979	2.88
3864	2.88
3983	0.30
3998	0.30
3966	0.38
3997	0.38
3984	0.03
4000	0.03
3971	1.82
3997	1.82
3999	3.38
3999	3.38
4000	0.01
4000	0.01
3981	0.67
3984	0.67
3978	0.52
3958	0.52
3934	1.27
3918	1.27
3982	0.61
3999	0.61
3976	0.95
3960	0.95
4000	0.00
4000	0.00
3972	0.99
3980	0.99
3986	4.37
3756	4.37
3993	0.00
3899	0.00
3964	0.30
3996	0.30
4000	0.00
4000	0.00
3979	0.00
3948	0.00
3983	0.05
3983	0.05
3983	0.62
3915	0.62
3959	1.11
3998	1.11
3981	0.69
3896	0.69
3984	0.46
3937	0.46
3996	0.00
3998	0.00
3985	1.99
3804	1.99
3990	0.27
3978	0.27
3975	0.90
4001	0.90
3986	0.79
3994	0.79
4000	0.00
4002	0.00
3984	0.92
3989	0.92
3997	0.80
3999	0.80
3977	1.50
3934	1.50
3981	0.97
3937	0.97
3972	0.36
3872	0.36
3971	0.05
3956	0.05
3989	0.39
3858	0.39
3899	0.00
3970	0.00
3973	0.04
3914	0.04
3909	2.71
3949	2.71
3975	10.67
3818	10.67
3977	3.98
3831	3.98
3989	0.03
3992	0.03
Bzy_MHz	CPU%c1	PkgWatt	UncMHz
3982	1.72	503.21	2400
3879	0.00	263.61	2400
3881	0.00
3886	0.00
3919	0.00
3893	0.00
3988	0.00
3903	0.00
3998	0.00
3911	0.00
3997	0.00
3948	0.00
3998	0.00
3845	0.00
3998	0.00
4000	0.00
3998	0.00
3995	0.40
3993	0.40
3868	1.05
3935	1.05
3823	1.19
3973	1.19
3908	0.33
3925	0.33
3657	1.01
3917	1.01
3554	2.51
3961	2.51
3950	1.80
3715	1.80
3892	4.90
3809	4.90
3837	7.01
3807	7.01
3998	2.51
3942	2.51
3944	6.89
3661	6.89
3926	3.00
3598	3.00
3905	1.72
3848	1.72
3939	1.50
3869	1.50
3702	0.02
3122	0.02
3926	1.81
3967	1.81
3958	3.02
3652	3.02
3933	1.62
3447	1.62
3943	0.32
3808	0.32
3812	1.89
3856	1.89
3944	1.33
3846	1.33
3998	0.00
3744	0.00
3766	0.85
3776	0.85
3911	0.07
3531	0.07
3889	1.03
3741	1.03
3752	2.18
3898	2.18
3998	0.36
3972	0.36
3884	1.92
3930	1.92
3998	0.00
3700	0.00
3950	3.84
3885	3.84
3997	1.54
3929	1.54
3996	0.52
3895	0.52
3956	3.30
3948	3.30
3991	0.27
3932	0.27
3963	0.31
3898	0.31
3963	0.07
3980	0.07
3998	0.26
3980	0.26
3934	2.65
3829	2.65
3932	2.35
3968	2.35
3995	2.23
3867	2.23
3843	0.21
3619	0.21
3760	0.48
3701	0.48
3994	0.20
3759	0.20
3987	2.63
3914	2.63
3902	2.66
3974	2.66
3861	1.49
3823	1.49
3858	0.77
3650	0.77
3912	1.74
3862	1.74
3907	0.00	239.69	2400
3998	0.00
3827	0.00
3999	0.00
3924	0.00
3998	0.00
4000	0.00
3999	0.00
3930	0.00
3998	0.00
3924	0.00
3996	0.00
3938	0.00
3997	0.00
3952	0.00
3999	0.00
3937	3.87
3988	3.87
3991	3.03
3990	3.03
3991	2.92
3959	2.92
3987	29.37
3991	29.37
3911	1.35
3960	1.35
3918	1.44
3933	1.44
3961	1.90
3886	1.90
3931	1.30
3951	1.30
3948	0.39
3982	0.39
3979	2.45
3996	2.45
3998	2.85
4000	2.85
3999	0.00
3989	0.00
3966	1.12
3985	1.12
3977	1.17
3546	1.17
3944	0.75
3583	0.75
3919	0.99
3986	0.99
3972	2.73
3952	2.73
3999	0.00
3989	0.00
3970	2.35
3911	2.35
3983	3.18
3847	3.18
3992	0.83
3890	0.83
3965	2.62
3980	2.62
3999	0.00
4000	0.00
3985	0.21
3855	0.21
3913	0.06
3782	0.06
3962	0.67
3871	0.67
3926	0.55
3918	0.55
3976	0.54
3756	0.54
3980	0.36
3830	0.36
3990	0.17
3873	0.17
3979	1.21
3796	1.21
3960	0.51
3994	0.51
3915	3.32
4005	3.32
3962	1.90
3985	1.90
3999	0.00
3998	0.00
3921	5.51
3959	5.51
3870	5.45
3832	5.45
3977	2.14
3835	2.14
3974	0.20
3781	0.20
3961	0.73
3749	0.73
3910	0.27
3969	0.27
3920	1.13
3799	1.13
3965	0.07
3901	0.07
3967	0.07
3773	0.07
3889	3.34
3766	3.34
3962	14.46
3794	14.46
3974	2.77
3856	2.77
3876	0.27
3849	0.27
Bzy_MHz	CPU%c1	PkgWatt	UncMHz
3983	1.65	503.90	2400
3880	0.00	263.48	2400
3880	0.00
3886	0.00
3918	0.00
3889	0.00
3988	0.00
3893	0.00
3999	0.00
3948	0.00
3998	0.00
3933	0.00
3999	0.00
3903	0.00
3999	0.00
4000	0.00
3999	0.00
3897	2.46
3925	2.46
3956	1.16
3817	1.16
3900	2.20
3980	2.20
3972	1.13
3855	1.13
3965	0.49
3879	0.49
3478	0.87
3836	0.87
3965	1.10
3910	1.10
3920	2.64
3941	2.64
3884	6.05
3793	6.05
3999	0.00
3978	0.00
3951	5.87
3957	5.87
3943	3.00
3662	3.00
3938	2.50
3963	2.50
3932	1.60
3829	1.60
3917	0.94
3741	0.94
3938	1.18
3853	1.18
3971	1.32
3923	1.32
3953	0.93
3826	0.93
3925	0.02
3749	0.02
3787	0.35
3909	0.35
3959	0.18
3858	0.18
3999	0.00
3927	0.00
3843	1.55
3986	1.55
3966	0.25
3844	0.25
3833	0.21
3898	0.21
3966	2.08
3962	2.08
3999	0.33
3971	0.33
3947	0.47
3962	0.47
3999	0.00
3980	0.00
3932	3.11
3949	3.11
3957	0.07
3931	0.07
3955	0.03
3967	0.03
3970	1.05
3970	1.05
3994	0.53
3980	0.53
3918	0.52
3583	0.52
3953	1.17
3830	1.17
3999	0.00
3989	0.00
3942	1.93
3974	1.93
3924	1.41
3957	1.41
3931	3.04
3972	3.04
3895	0.36
3818	0.36
3865	0.35
3933	0.35
3989	0.02
3833	0.02
3997	1.67
3941	1.67
3972	0.84
3871	0.84
3983	1.30
3900	1.30
3927	1.01
3951	1.01
3953	2.43
3961	2.43
3920	0.00	240.45	2400
3998	0.00
3874	0.00
3999	0.00
3940	0.00
3998	0.00
4000	0.00
4000	0.00
3888	0.00
3997	0.00
3933	0.00
3997	0.00
3931	0.00
3997	0.00
3936	0.00
3999	0.00
3997	3.80
3996	3.80
3986	8.74
3993	8.74
3980	21.63
3988	21.63
3980	6.74
3983	6.74
3982	0.03
3999	0.03
3998	0.28
3961	0.28
3970	1.20
3960	1.20
3968	1.51
3997	1.51
3964	0.03
3997	0.03
3959	5.30
3994	5.30
3999	1.78
4000	1.78
4000	0.00
4000	0.00
3960	4.80
3973	4.80
3972	3.18
3931	3.18
3953	2.70
3971	2.70
3971	3.44
3994	3.44
3980	2.31
3979	2.31
4000	0.00
4000	0.00
3987	3.49
3834	3.49
3983	1.16
3982	1.16
3992	2.26
3975	2.26
3961	1.84
3994	1.84
4000	0.00
4000	0.00
3984	0.98
3985	0.98
3990	0.28
3992	0.28
3984	0.59
3990	0.59
3981	0.35
4001	0.35
3981	0.83
3981	0.83
3988	0.25
3974	0.25
3989	2.10
3838	2.10
3991	1.38
3822	1.38
3988	0.22
3991	0.22
3908	3.28
3941	3.28
3980	0.08
3919	0.08
4000	0.00
4000	0.00
3986	0.35
3990	0.35
3886	6.17
3971	6.17
3928	5.58
3902	5.58
3970	1.10
3970	1.10
3974	0.89
3995	0.89
3984	0.05
3999	0.05
3982	0.78
3825	0.78
3983	0.01
3995	0.01
3978	0.22
3965	0.22
3884	3.98
3946	3.98
3975	14.10
3793	14.10
3904	3.27
3983	3.27
3988	0.00
4000	0.00
Bzy_MHz	CPU%c1	PkgWatt	UncMHz
3984	1.64	503.75	2400
3878	0.00	263.45	2400
3879	0.00
3888	0.00
3923	0.00
3898	0.00
3989	0.00
3904	0.00
3999	0.00
3895	0.00
3998	0.00
3997	0.00
3999	0.00
3916	0.00
3999	0.00
4000	0.00
3999	0.00
3864	3.38
3974	3.38
3922	1.08
3886	1.08
3923	1.73
3975	1.73
3918	1.13
3912	1.13
3958	0.53
3398	0.53
3814	0.58
3831	0.58
3963	2.18
3953	2.18
3900	3.40
3921	3.40
3951	5.00
3662	5.00
3999	0.00
3955	0.00
3993	3.02
3789	3.02
3925	2.55
3680	2.55
3923	1.88
3916	1.88
3929	4.25
3879	4.25
3907	4.05
3250	4.05
3929	2.02
3883	2.02
3946	1.55
3658	1.55
3920	0.74
3780	0.74
3920	0.05
3307	0.05
3918	0.88
3741	0.88
3951	0.19
3792	0.19
3999	0.00
3712	0.00
3851	1.83
3832	1.83
3952	0.71
3551	0.71
3902	0.36
3959	0.36
3897	2.29
3956	2.29
3999	0.34
3973	0.34
3937	0.26
3970	0.26
3999	0.00
3970	0.00
3916	0.68
3919	0.68
3939	0.05
3911	0.05
3948	0.54
3969	0.54
3940	0.02
3919	0.02
3996	0.30
3979	0.30
3957	0.73
3583	0.73
3960	1.24
3899	1.24
3999	0.00
3991	0.00
3939	0.77
3726	0.77
3933	1.07
3762	1.07
3963	2.77
3974	2.77
3922	0.12
3385	0.12
3943	0.36
3896	0.36
3999	0.02
3776	0.02
3998	0.69
3843	0.69
3919	1.70
3949	1.70
3683	0.28
3396	0.28
3894	0.47
3832	0.47
3927	1.77
3945	1.77
3926	0.00	239.89	2400
3999	0.00
3942	0.00
3999	0.00
3946	0.00
3998	0.00
4000	0.00
4000	0.00
3940	0.00
3998	0.00
3921	0.00
3996	0.00
3928	0.00
3997	0.00
3909	0.00
3999	0.00
3979	2.89
3995	2.89
3995	2.93
3969	2.93
3982	23.94
3957	23.94
3982	8.43
3914	8.43
3925	0.70
3993	0.70
3948	1.39
3950	1.39
3968	2.79
3858	2.79
3953	1.28
3999	1.28
3969	0.13
3945	0.13
3973	3.89
3994	3.89
3998	1.58
3999	1.58
4000	0.00
4000	0.00
3963	0.70
3996	0.70
3969	1.46
3727	1.46
3936	3.54
3963	3.54
3969	1.21
3944	1.21
3971	2.03
3947	2.03
4000	0.00
4000	0.00
3974	2.55
3950	2.55
3966	6.66
3930	6.66
3965	3.24
3964	3.24
3968	2.20
3984	2.20
4000	0.02
4000	0.02
3969	1.39
3959	1.39
3950	1.60
3991	1.60
3950	0.95
3915	0.95
3959	0.89
3989	0.89
3974	1.53
3977	1.53
3986	0.93
3955	0.93
3990	0.57
3926	0.57
3984	1.92
3853	1.92
3981	0.01
3982	0.01
3974	0.19
3811	0.19
3976	0.05
3783	0.05
4000	0.00
4001	0.00
3951	3.35
3988	3.35
3906	1.92
3961	1.92
3978	9.05
3917	9.05
3969	0.77
3959	0.77
3942	4.89
3962	4.89
3967	0.51
3966	0.51
3971	0.71
3844	0.71
3991	0.19
3930	0.19
3941	0.28
3888	0.28
3915	3.00
3954	3.00
3969	11.41
3816	11.41
3969	3.94
3947	3.94
3893	0.22
3989	0.22
Bzy_MHz	CPU%c1	PkgWatt	UncMHz
3983	1.64	503.93	2400
3879	0.00	264.52	2400
3880	0.00
3886	0.00
3920	0.00
3891	0.00
3986	0.00
3985	0.00
3999	0.00
3961	0.00
3999	0.00
3968	0.00
3999	0.00
3910	0.00
3999	0.00
4000	0.00
3999	0.00
3884	1.89
3929	1.89
3940	2.43
3814	2.43
3999	0.05
3994	0.05
3917	0.25
3902	0.25
3940	0.33
3633	0.33
3869	0.03
3819	0.03
3972	1.52
3816	1.52
3905	2.50
3973	2.50
3872	5.37
3650	5.37
3999	0.00
3961	0.00
3952	1.01
3559	1.01
3991	0.35
3696	0.35
3970	0.23
3964	0.23
3976	2.48
3854	2.48
3892	3.60
3987	3.60
3914	2.44
3749	2.44
3918	3.56
3663	3.56
3914	1.36
3711	1.36
3963	0.39
3693	0.39
3839	0.02
3721	0.02
3759	0.03
3903	0.03
3999	0.00
3795	0.00
3836	0.73
3752	0.73
3905	0.03
3543	0.03
3909	0.01
3789	0.01
3968	2.22
3926	2.22
3999	0.34
3984	0.34
3920	1.33
3937	1.33
3999	0.00
3627	0.00
3935	1.54
3798	1.54
3968	1.45
3906	1.45
3964	0.85
3986	0.85
3963	0.72
3931	0.72
3986	0.71
3896	0.71
3964	0.75
3779	0.75
3965	0.28
3976	0.28
3999	0.72
3882	0.72
3985	0.46
3826	0.46
3993	2.02
3932	2.02
3944	1.37
3979	1.37
3877	0.01
3565	0.01
3885	0.32
3800	0.32
3997	0.01
3778	0.01
3996	0.36
3789	0.36
3877	2.39
3788	2.39
3928	0.01
3646	0.01
3930	0.53
3731	0.53
3952	1.84
3939	1.84
3919	0.00	240.09	2400
3998	0.00
3957	0.00
3999	0.00
3920	0.00
3997	0.00
4000	0.00
3999	0.00
3901	0.00
3997	0.00
3925	0.00
3996	0.00
3932	0.00
3997	0.00
3961	0.00
3999	0.00
3994	4.61
3997	4.61
3980	9.25
3989	9.25
3971	5.13
3970	5.13
3983	22.00
3913	22.00
3806	0.32
3998	0.32
3946	0.67
3916	0.67
3964	1.94
3890	1.94
3964	1.34
3929	1.34
3982	0.05
3984	0.05
3968	1.10
3994	1.10
3972	2.52
3993	2.52
3999	0.00
4001	0.00
3974	1.70
3987	1.70
3969	1.52
3808	1.52
3948	4.10
3961	4.10
3959	1.32
3919	1.32
3946	2.62
3792	2.62
3999	0.00
3920	0.00
3957	6.47
3843	6.47
3961	5.15
3996	5.15
3976	2.78
3967	2.78
3914	3.64
3978	3.64
3999	0.00
4000	0.00
3985	0.77
3947	0.77
3955	1.56
3978	1.56
3996	3.04
3946	3.04
3961	2.38
3982	2.38
3973	0.70
3991	0.70
3974	1.55
3959	1.55
3984	0.87
3865	0.87
3996	2.65
3833	2.65
3975	0.29
3871	0.29
3970	0.31
3502	0.31
3966	0.13
3447	0.13
3999	0.00
3998	0.00
3974	0.65
3949	0.65
3979	0.18
3940	0.18
3955	3.74
3881	3.74
3823	8.01
3954	8.01
3946	4.40
3933	4.40
3979	1.19
3999	1.19
3969	0.71
3942	0.71
3906	0.41
3911	0.41
3979	0.31
3872	0.31
3934	1.86
3944	1.86
3968	15.51
3847	15.51
3849	3.51
3959	3.51
3953	0.29
3972	0.29
Bzy_MHz	CPU%c1	PkgWatt	UncMHz
3984	2.03	504.24	2400
3881	0.00	265.00	2400
3882	0.00
3886	0.00
3925	0.00
3892	0.00
3989	0.00
3907	0.00
3999	0.00
3961	0.00
3999	0.00
3828	0.00
3999	0.00
3998	0.00
3999	0.00
3962	0.00
3999	0.00
3909	3.90
3944	3.90
3937	3.78
3931	3.78
3999	0.00
3996	0.00
3969	0.41
3900	0.41
3980	0.42
3968	0.42
3957	0.04
3440	0.04
3955	1.15
3896	1.15
3935	2.04
3957	2.04
3903	3.40
3474	3.40
3998	2.42
3883	2.42
3964	0.80
3231	0.80
3981	2.29
3579	2.29
3971	0.43
3808	0.43
3953	5.22
3887	5.22
3999	1.30
3842	1.30
3940	1.81
3854	1.81
3934	4.81
3746	4.81
3929	1.92
3896	1.92
3948	2.37
3755	2.37
3936	0.94
3920	0.94
3986	1.15
3820	1.15
3999	0.00
3931	0.00
3985	0.95
3866	0.95
3917	0.09
3949	0.09
3956	0.77
3889	0.77
3948	4.47
3967	4.47
3999	0.34
3986	0.34
3971	4.27
3928	4.27
3999	0.00
3890	0.00
3947	2.04
3943	2.04
3949	1.52
3813	1.52
3966	0.58
3987	0.58
3974	1.41
3855	1.41
3980	2.00
3943	2.00
3954	2.04
3474	2.04
3963	2.99
3874	2.99
3998	1.29
3842	1.29
3959	1.83
3949	1.83
3937	2.93
3913	2.93
3970	2.27
3985	2.27
3980	1.35
3920	1.35
3997	1.70
3994	1.70
3994	0.37
3787	0.37
3997	0.33
3800	0.33
3909	1.75
3982	1.75
3933	0.49
3830	0.49
3944	0.39
3682	0.39
3966	1.42
3949	1.42
3870	0.00	239.04	2400
3998	0.00
3805	0.00
3999	0.00
3922	0.00
3998	0.00
4000	0.00
4000	0.00
3873	0.00
3998	0.00
3938	0.00
3997	0.00
3933	0.00
3996	0.00
3926	0.00
3999	0.00
3995	1.79
3987	1.79
3992	12.49
3975	12.49
3981	22.73
3948	22.73
3978	0.66
3990	0.66
3984	0.11
3998	0.11
3960	1.77
3880	1.77
3976	1.61
3926	1.61
3928	0.08
3966	0.08
3969	0.05
3902	0.05
3967	1.06
3992	1.06
3966	0.02
3999	0.02
4000	0.00
4000	0.00
3969	1.38
3993	1.38
3969	1.98
3992	1.98
3959	1.41
3986	1.41
3957	1.79
3915	1.79
3972	1.28
4001	1.28
4000	0.00
4000	0.00
3960	4.03
3773	4.03
3959	2.05
3958	2.05
3939	0.39
3985	0.39
3948	2.16
3981	2.16
4000	0.00
4000	0.00
3984	0.36
3959	0.36
3977	0.69
3965	0.69
3963	1.78
3911	1.78
3965	0.93
3989	0.93
3975	0.43
3964	0.43
3970	1.76
3941	1.76
3996	1.04
3884	1.04
3979	1.21
3895	1.21
3980	0.69
3961	0.69
3973	0.01
3964	0.01
3966	0.03
3959	0.03
4000	0.00
4000	0.00
3979	0.01
3959	0.01
3991	1.22
3941	1.22
3973	2.44
3919	2.44
3848	10.67
3918	10.67
3934	3.81
3981	3.81
3942	0.26
3980	0.26
3966	1.47
3850	1.47
3819	0.00
3708	0.00
3967	0.14
3971	0.14
3883	3.91
3918	3.91
3969	14.10
3809	14.10
3904	41.90
3797	41.90
3980	0.04
3941	0.04
Bzy_MHz	CPU%c1	PkgWatt	UncMHz
3980	3.88	509.47	2400
3877	0.00	269.31	2400
3878	0.00
3879	0.00
3920	0.00
3886	0.00
3985	0.00
3904	0.00
3995	0.00
3948	0.00
3995	0.00
3963	0.00
3996	0.00
3970	0.00
3996	0.00
4000	0.00
3996	0.00
3895	3.11
3895	3.11
3917	4.04
3888	4.04
3996	0.00
3990	0.00
3922	1.01
3961	1.01
3914	1.38
3974	1.38
3912	0.49
3886	0.49
3938	1.63
3878	1.63
3944	17.15
3932	17.15
3993	1.95
3869	1.95
3995	0.35
3943	0.35
3942	7.46
3919	7.46
3935	6.43
3725	6.43
3946	1.41
3906	1.41
3957	5.04
3767	5.04
3996	0.00
3669	0.00
3939	5.82
3830	5.82
3914	3.59
3900	3.59
3943	2.30
3864	2.30
3970	6.51
3763	6.51
3962	6.97
3962	6.97
3984	8.23
3947	8.23
3999	12.13
3953	12.13
3982	8.49
3977	8.49
3967	8.49
3984	8.49
3986	5.55
3961	5.55
3915	9.08
3931	9.08
3999	5.69
3974	5.69
3956	6.55
3887	6.55
3996	0.00
3766	0.00
3925	2.11
3943	2.11
3966	4.05
3783	4.05
3886	0.79
3977	0.79
3950	2.94
3933	2.94
3977	0.95
3948	0.95
3958	1.44
3754	1.44
3958	8.76
3968	8.77
3964	5.72
3914	5.72
3947	2.07
3918	2.07
3931	11.22
3929	11.22
3945	6.02
3947	6.02
3980	2.96
3998	2.96
3927	4.26
3932	4.26
3996	2.69
3797	2.69
3987	2.70
3828	2.70
3933	9.10
3895	9.10
3977	7.09
3968	7.09
3983	3.90
3976	3.90
3972	3.96
3930	3.96
3918	0.00	240.28	2400
3997	0.00
3857	0.00
3998	0.00
3936	0.00
3997	0.00
3997	0.00
3999	0.00
3920	0.00
3997	0.00
3926	0.00
3994	0.00
3888	0.00
3995	0.00
3888	0.00
3997	0.00
3979	6.04
3947	6.04
3986	18.75
3973	18.75
3982	18.98
3957	18.98
3971	8.74
3945	8.74
3932	6.86
3938	6.86
3943	6.50
3939	6.50
3933	6.10
3873	6.10
3917	2.25
3985	2.25
3934	1.05
3967	1.05
3965	0.20
3981	0.20
3960	0.01
3981	0.01
3999	0.00
3997	0.00
3972	1.31
3962	1.31
3964	0.17
3656	0.17
3941	1.92
3958	1.92
3965	0.42
3979	0.42
3963	0.65
3772	0.65
3999	0.00
4000	0.00
3965	5.03
3738	5.03
3919	0.53
3964	0.53
3956	0.49
3952	0.49
3921	1.51
3934	1.51
3999	0.00
4000	0.00
3972	0.05
3972	0.05
3878	1.84
3971	1.84
3965	0.77
3793	0.77
3967	0.79
3951	0.79
3967	2.55
3970	2.55
3971	4.67
3972	4.67
3978	1.87
3977	1.87
3971	1.96
3940	1.96
3958	0.71
3984	0.71
3966	0.21
3861	0.21
3950	0.01
3814	0.01
3999	0.00
4002	0.00
3912	0.13
3955	0.13
3983	9.66
3921	9.66
3956	3.52
3925	3.52
3852	9.56
3796	9.56
3940	4.55
3599	4.55
3923	4.11
3981	4.11
3965	5.26
3902	5.26
3978	4.61
3970	4.61
3966	2.83
3877	2.83
3930	4.55
3921	4.55
3908	13.51
3979	13.51
3840	44.15
3817	44.15
3936	2.14
3825	2.14
Bzy_MHz	CPU%c1	PkgWatt	UncMHz
3983	1.90	505.53	2400
3880	0.00	265.66	2400
3880	0.00
3886	0.00
3923	0.00
3889	0.00
3987	0.00
3902	0.00
3999	0.00
3915	0.00
3998	0.00
4000	0.00
3999	0.00
4001	0.00
3999	0.00
4000	0.00
3999	0.00
3991	1.08
3955	1.08
3945	1.89
3976	1.89
3999	0.00
3998	0.00
3944	0.96
3900	0.96
3919	0.30
3955	0.30
3920	0.08
3522	0.08
3985	1.40
3904	1.40
3989	1.51
3805	1.51
3998	0.65
3879	0.65
3999	0.00
3940	0.00
3999	1.05
3904	1.05
3951	7.77
3984	7.77
3912	4.83
3991	4.83
3968	0.42
3915	0.42
3999	0.00
3745	0.00
3942	0.72
3968	0.72
3962	1.30
3977	1.30
3931	4.44
3938	4.44
3999	1.59
3903	1.59
3918	1.36
3944	1.36
3963	0.38
3862	0.38
3919	0.51
3813	0.51
3988	3.99
3369	3.99
3981	2.02
3308	2.02
3986	0.90
3944	0.90
3926	3.62
3945	3.62
3913	3.62
3924	3.62
3969	0.73
3932	0.73
3999	0.00
3717	0.00
3949	1.03
3976	1.03
3935	3.92
3762	3.92
3963	0.26
3982	0.26
3969	0.02
3969	0.02
3956	2.63
3941	2.63
3988	0.34
3592	0.34
3991	0.01
3946	0.01
3963	0.85
3879	0.85
3964	0.32
3933	0.32
3929	1.77
3989	1.77
3965	2.32
3976	2.32
3996	2.12
3998	2.12
3950	1.95
3964	1.95
3989	2.10
3865	2.10
3921	2.82
3902	2.82
3968	2.24
3947	2.24
3948	1.99
3711	1.99
3960	1.86
3959	1.86
3929	2.53
3942	2.53
3893	0.00	239.53	2400
3998	0.00
3925	0.00
3999	0.00
3980	0.00
3998	0.00
4000	0.00
3999	0.00
3902	0.00
3997	0.00
3933	0.00
3995	0.00
3925	0.00
3998	0.00
3933	0.00
3999	0.00
3893	0.87
3983	0.87
3992	2.71
3974	2.71
3983	32.22
3978	32.22
3918	0.52
3897	0.52
3926	4.37
3945	4.37
3928	4.09
3908	4.09
3908	4.89
3918	4.89
3952	6.51
3902	6.51
3860	0.58
3984	0.58
3986	0.63
3995	0.63
3977	0.00
3884	0.00
3999	0.00
4000	0.00
3971	0.23
3991	0.23
3981	0.41
3483	0.41
3961	2.78
3976	2.78
3961	3.37
3999	3.37
3978	0.19
3757	0.19
3999	0.00
4000	0.00
3975	2.86
3672	2.86
3953	0.02
3986	0.02
3964	0.01
3658	0.01
3962	0.98
3917	0.98
3999	0.00
4000	0.00
3984	0.07
3878	0.07
3913	0.64
3981	0.64
3981	1.22
3848	1.22
3981	0.31
4000	0.31
3943	3.07
3908	3.07
3975	3.63
3970	3.63
3988	0.83
3935	0.83
3981	0.74
3932	0.74
3988	0.62
3989	0.62
3979	0.01
3954	0.01
3976	0.65
3948	0.65
3999	0.00
3998	0.00
3984	0.02
3981	0.02
3978	1.08
3915	1.08
3929	0.02
3898	0.02
3886	3.45
3961	3.45
3977	0.88
3670	0.88
3788	8.26
3986	8.26
3979	1.11
3942	1.11
3967	2.01
3988	2.01
3976	0.93
3866	0.93
3945	3.74
3882	3.74
3953	24.67
3836	24.67
3989	8.48
3867	8.48
3978	0.04
3836	0.04
Bzy_MHz	CPU%c1	PkgWatt	UncMHz
3984	2.63	506.13	2400
3879	0.00	267.85	2400
3880	0.00
3887	0.00
3924	0.00
3888	0.00
3988	0.00
3908	0.00
3999	0.00
3937	0.00
3998	0.00
3960	0.00
3999	0.00
3953	0.00
3999	0.00
4000	0.00
3999	0.00
3892	4.36
3916	4.36
3940	3.23
3951	3.23
3999	0.50
3987	0.50
3961	0.57
3961	0.57
3999	0.30
3947	0.30
3945	10.95
3912	10.95
3951	8.88
3963	8.88
3947	2.42
3919	2.42
3907	1.39
3964	1.39
3999	0.00
3949	0.00
3999	0.40
3993	0.40
3950	0.42
3901	0.42
3946	3.86
3480	3.86
3957	1.46
3860	1.46
3999	0.00
3522	0.00
3908	2.85
3857	2.85
3963	0.64
3893	0.64
3944	4.97
3971	4.97
3993	2.83
3959	2.83
3951	3.53
3965	3.53
3954	5.34
3972	5.34
3966	4.14
3964	4.14
3962	4.07
3988	4.07
3993	5.15
3992	5.15
3989	4.12
3993	4.12
3991	4.07
3978	4.07
3842	1.12
3985	1.12
3964	0.82
3947	0.82
3999	0.00
3898	0.00
3997	0.77
3888	0.77
3951	6.56
3986	6.56
3964	2.60
3979	2.60
3963	1.18
3961	1.18
3992	0.69
3934	0.69
3993	0.22
3548	0.22
3953	0.04
3973	0.04
3951	20.09
3904	20.09
3991	4.33
3992	4.33
3928	1.27
3962	1.27
3962	2.51
3961	2.51
3997	6.04
3996	6.03
3997	10.49
3993	10.49
3998	4.39
3972	4.39
3988	6.37
3981	6.37
3992	3.80
3947	3.80
3982	4.85
3961	4.85
3984	2.50
3898	2.50
3942	4.89
3938	4.89
3912	0.00	238.91	2400
3999	0.00
3849	0.00
3999	0.00
3930	0.00
3998	0.00
4000	0.00
4000	0.00
3903	0.00
3998	0.00
3950	0.00
3997	0.00
3934	0.00
3998	0.00
3908	0.00
3999	0.00
3957	4.08
3967	4.08
3995	5.73
3930	5.73
3983	32.11
3971	32.11
3978	2.73
3996	2.73
3970	0.94
3991	0.94
3970	1.07
3943	1.07
3954	17.51
3889	17.51
3965	11.95
3894	11.95
3970	1.02
3944	1.02
3971	0.89
3997	0.89
3977	0.00
4000	0.00
4000	0.46
3996	0.46
3965	0.66
3901	0.66
3977	0.62
3988	0.62
3955	0.88
3951	0.88
3976	0.75
3667	0.75
3978	0.45
4001	0.45
4000	0.00
3949	0.00
3981	4.43
3762	4.43
3970	0.37
3992	0.37
3973	0.32
3879	0.32
3905	0.42
3981	0.42
4000	0.00
4001	0.00
3976	0.00
3991	0.00
3991	0.01
3997	0.01
3967	1.63
3894	1.63
3971	0.87
3988	0.87
3969	0.77
3835	0.77
3996	0.61
3620	0.61
3990	0.00
3663	0.00
3982	1.56
3884	1.56
3985	0.01
3990	0.01
3975	0.46
3979	0.46
3974	0.43
3962	0.43
4000	0.00
4000	0.00
3845	0.54
3949	0.54
3987	0.27
3988	0.27
4000	0.05
4000	0.05
3913	2.93
3959	2.93
3961	1.85
3997	1.85
3798	8.98
3972	8.98
3939	0.79
3927	0.79
3694	0.28
3942	0.28
3954	0.20
3962	0.20
3983	0.53
3984	0.53
3980	1.70
3972	1.70
3912	12.93
3823	12.93
3979	3.72
3901	3.72
Bzy_MHz	CPU%c1	PkgWatt	UncMHz
3983	2.66	506.19	2400
3877	0.00	267.26	2400
3878	0.00
3883	0.00
3920	0.00
3895	0.00
3990	0.00
3915	0.00
3999	0.00
3938	0.00
3998	0.00
3863	0.00
3999	0.00
4003	0.00
3999	0.00
4000	0.00
3999	0.00
3993	3.58
3890	3.58
3943	2.85
3962	2.85
3944	0.04
3986	0.04
3914	0.68
3953	0.68
3999	0.22
3688	0.22
3975	2.05
3986	2.05
3952	4.89
3955	4.89
3907	3.00
3876	3.00
3999	1.44
3957	1.44
3999	0.00
3953	0.00
3999	12.54
3952	12.54
3942	1.15
3914	1.15
3958	6.76
3986	6.76
3973	1.40
3906	1.40
3999	0.00
3669	0.00
3897	5.62
3910	5.62
3939	2.68
3870	2.68
3937	1.89
3906	1.89
3971	1.23
3893	1.23
3946	0.66
3810	0.66
3964	2.09
3964	2.09
4000	2.83
3906	2.83
3990	3.22
3994	3.22
3992	5.09
3927	5.09
3959	1.04
3948	1.04
3821	2.10
3982	2.10
3453	1.12
3988	1.12
3967	1.93
3971	1.93
3999	0.00
3480	0.00
3910	1.71
3970	1.71
3960	8.23
3962	8.23
3978	2.48
3941	2.48
3979	2.01
3977	2.01
3975	1.61
3975	1.61
3996	0.84
3522	0.84
3948	0.58
3978	0.58
3970	11.76
3954	11.76
3974	0.07
3827	0.07
3966	5.95
3920	5.95
3961	9.44
3965	9.44
3993	6.93
3965	6.94
3996	8.62
3980	8.62
4000	9.63
3929	9.63
3982	8.81
3982	8.81
3971	3.61
3961	3.61
3985	4.16
3879	4.16
3981	3.56
3921	3.56
3987	3.57
3970	3.57
3920	0.00	238.42	2400
3999	0.00
3890	0.00
4000	0.00
3932	0.00
3998	0.00
4000	0.00
4000	0.00
3912	0.00
3998	0.00
3944	0.00
3996	0.00
3914	0.00
3999	0.00
3924	0.00
3999	0.00
3969	1.80
3997	1.80
3994	4.81
3982	4.81
3984	33.05
3988	33.05
3937	6.43
3984	6.43
3951	1.08
3994	1.08
3957	0.89
3958	0.89
3946	20.54
3889	20.54
3965	8.41
3911	8.41
3959	1.57
3958	1.57
3965	2.30
3996	2.30
3973	0.78
3980	0.78
3974	2.24
3998	2.24
3969	1.05
3995	1.05
3971	1.19
3875	1.19
3954	1.29
3952	1.29
3979	0.69
4001	0.69
3975	0.67
3910	0.67
4000	0.00
4000	0.00
3968	2.41
3845	2.41
3957	1.23
3905	1.23
3994	0.11
3992	0.11
3968	1.34
3974	1.34
4000	0.02
3999	0.02
3986	0.27
3994	0.27
3952	0.15
3953	0.15
3979	0.49
3912	0.49
3968	0.83
3934	0.83
3962	1.13
3963	1.13
3978	0.25
3959	0.25
3995	0.62
3950	0.62
3987	1.99
3843	1.99
3994	0.00
3997	0.00
3984	0.17
3962	0.17
3989	0.00
3999	0.00
4000	0.00
4002	0.00
3989	0.07
3993	0.07
3986	0.12
4000	0.12
4000	0.00
4000	0.00
3986	0.20
3959	0.20
3974	1.31
3885	1.31
3796	11.02
3988	11.02
3986	0.94
3857	0.94
3970	0.00
3960	0.00
3980	0.09
3845	0.09
3981	0.42
3954	0.42
3979	1.81
3945	1.81
3937	15.64
3804	15.64
3957	0.67
3957	0.67
Bzy_MHz	CPU%c1	PkgWatt	UncMHz
3982	2.56	505.01	2400
3879	0.00	266.29	2400
3880	0.00
3882	0.00
3919	0.00
3878	0.00
3984	0.00
3844	0.00
3998	0.00
3936	0.00
3998	0.00
4001	0.00
3998	0.00
3685	0.00
3998	0.00
3711	0.00
3999	0.00
3851	1.75
3884	1.75
3931	2.70
3908	2.70
3873	0.08
3965	0.08
3951	1.92
3913	1.92
3913	0.44
3893	0.44
3919	1.10
3456	1.10
3903	22.17
3908	22.17
3911	2.00
3900	2.00
3996	3.03
3951	3.03
3998	0.00
3812	0.00
3998	0.37
3592	0.37
3935	1.04
3688	1.04
3942	14.42
3696	14.42
3946	1.09
3730	1.09
3998	0.00
3544	0.00
3898	4.67
3951	4.67
3907	3.83
3880	3.83
3909	1.12
3734	1.12
3995	0.78
3871	0.78
3996	1.59
3755	1.59
3994	1.15
3950	1.15
3999	11.51
3949	11.51
3977	5.02
3943	5.02
3961	1.54
3919	1.54
3984	11.57
3989	11.57
3994	9.27
3987	9.27
3422	7.72
3991	7.72
3997	0.55
3912	0.55
3999	1.39
3970	1.39
3879	1.55
3982	1.55
3910	2.23
3929	2.23
3932	4.01
3931	4.01
3990	3.39
3892	3.39
3982	2.74
3970	2.74
3989	2.33
3843	2.33
3984	0.61
3975	0.61
3949	3.07
3969	3.07
3967	3.95
3829	3.95
3959	1.37
3853	1.37
3952	1.80
3832	1.80
3994	2.77
3976	2.77
3969	5.42
3965	5.42
3989	2.98
3957	2.98
3711	1.43
3960	1.43
3998	1.11
3879	1.11
3920	2.60
3908	2.60
3646	0.95
3882	0.95
3906	2.26
3891	2.26
3880	0.00	239.02	2400
3998	0.00
3882	0.00
3999	0.00
3931	0.00
3997	0.00
4000	0.00
3999	0.00
3920	0.00
3998	0.00
3936	0.00
3995	0.00
3935	0.00
3998	0.00
3911	0.00
3998	0.00
3985	3.06
3998	3.06
3994	2.37
3931	2.37
3982	33.66
3979	33.66
3936	1.43
3960	1.43
3989	1.10
3991	1.10
3962	1.56
3895	1.56
3987	12.86
3896	12.86
3954	12.93
3899	12.93
3900	0.03
3977	0.03
3961	2.06
3991	2.06
3964	2.14
3969	2.14
3945	1.65
3827	1.65
3941	0.96
3959	0.96
3969	0.71
3710	0.71
3951	1.42
3948	1.42
3968	2.52
3785	2.52
3972	0.93
3812	0.93
3999	0.00
4000	0.00
3969	0.89
3859	0.89
3954	2.72
3824	2.72
3981	0.03
3938	0.03
3934	1.28
3939	1.28
3999	0.00
4000	0.00
3978	0.81
3960	0.81
3989	1.33
3946	1.33
3975	1.48
3923	1.48
3958	0.63
3980	0.63
3965	0.83
3983	0.83
3947	1.34
3939	1.34
3993	0.54
3977	0.54
3982	1.52
3813	1.52
3984	0.00
3994	0.00
3975	0.03
3987	0.03
3981	0.22
3941	0.22
3999	0.00
4000	0.00
3970	0.03
3901	0.03
3977	0.36
3980	0.36
3999	0.00
3995	0.00
3975	0.03
3987	0.03
3968	1.28
3818	1.28
3781	11.76
3975	11.76
3867	0.97
3917	0.97
3924	0.16
3838	0.16
3984	0.29
3934	0.29
3965	0.50
3856	0.50
3979	1.10
3908	1.10
3971	9.96
3820	9.96
3973	5.27
3848	5.27
Bzy_MHz	CPU%c1	PkgWatt	UncMHz
3985	1.93	502.18	2400
3880	0.00	264.24	2400
3881	0.00
3889	0.00
3928	0.00
3898	0.00
3989	0.00
3877	0.00
3999	0.00
3957	0.00
3999	0.00
3879	0.00
3999	0.00
3939	0.00
3999	0.00
4000	0.00
4000	0.00
3883	4.64
3966	4.64
3948	2.02
3977	2.02
3908	0.03
3983	0.03
3970	3.04
3967	3.04
3973	1.93
3969	1.93
3957	2.97
3982	2.97
3963	2.79
3952	2.79
3959	1.69
3957	1.69
4000	0.00
3993	0.00
4000	0.00
3953	0.00
3999	0.35
3826	0.35
3947	1.22
3884	1.22
3952	8.55
3693	8.55
3967	1.82
3931	1.82
4000	0.00
3885	0.00
3902	5.21
3958	5.21
3924	4.66
3960	4.66
3919	2.07
3962	2.07
3959	3.27
3960	3.27
3941	1.49
3970	1.49
3980	0.44
3953	0.44
3959	11.52
3960	11.52
3985	4.42
3966	4.42
3992	3.51
3991	3.51
3993	3.17
3964	3.17
3970	1.40
3972	1.40
3951	1.64
3991	1.64
4000	0.00
3994	0.00
3966	0.72
3975	0.72
3939	0.77
3987	0.77
3963	0.71
3970	0.71
3997	3.77
3982	3.77
3963	5.43
3978	5.43
3993	0.47
3963	0.47
3999	0.34
3596	0.34
3992	0.32
3982	0.32
3968	4.79
3971	4.79
3970	3.39
3980	3.39
3953	2.24
3961	2.24
3968	2.14
3882	2.14
3999	1.65
3999	1.65
3953	4.68
3936	4.68
3915	1.83
3987	1.83
3804	0.87
3993	0.87
3977	0.18
3967	0.18
3883	4.01
3976	4.01
3989	0.58
3780	0.58
3887	3.83
3950	3.83
3894	0.00	237.95	2400
3999	0.00
3858	0.00
3999	0.00
3937	0.00
3998	0.00
4000	0.00
4000	0.00
3916	0.00
3999	0.00
3938	0.00
3996	0.00
3912	0.00
3999	0.00
3943	0.00
3999	0.00
3997	4.37
3992	4.37
3982	0.28
3977	0.28
3984	31.42
3993	31.42
3988	0.51
3997	0.51
3981	0.30
3997	0.30
3979	1.89
3911	1.89
3979	0.58
3931	0.58
3968	10.28
3885	10.28
3983	0.05
3990	0.05
3980	0.08
4000	0.08
3987	0.01
3956	0.01
3986	0.00
3992	0.00
3969	0.62
3999	0.62
3982	0.31
3917	0.31
3950	2.35
3981	2.35
3984	0.44
3728	0.44
3963	2.42
3960	2.42
4000	0.00
4000	0.00
3979	3.81
3830	3.81
3977	0.96
4000	0.96
3990	0.03
3958	0.03
3960	0.89
3995	0.89
4000	0.00
4001	0.00
3987	0.03
3998	0.03
3939	0.23
3999	0.23
3983	0.17
3994	0.17
3977	0.93
3984	0.93
3982	0.25
3986	0.25
3968	0.79
3955	0.79
3987	1.70
3884	1.70
3986	1.95
3807	1.95
3994	0.04
3992	0.04
3989	0.01
3959	0.01
3988	0.01
3882	0.01
4000	0.00
4001	0.00
3992	0.01
3965	0.01
3981	0.69
3999	0.69
4000	0.00
4000	0.00
3972	0.39
3961	0.39
3986	0.38
3984	0.38
3790	11.00
3996	11.00
3992	0.97
3949	0.97
3966	0.00
4001	0.00
3985	0.08
3999	0.08
3980	0.33
3884	0.33
3983	1.03
3953	1.03
3973	16.37
3804	16.37
3987	0.18
3986	0.18
Bzy_MHz	CPU%c1	PkgWatt	UncMHz
3983	1.60	501.53	2400
3877	0.00	263.04	2400
3878	0.00
3886	0.00
3922	0.00
3894	0.00
3989	0.00
3909	0.00
3998	0.00
3881	0.00
3997	0.00
3866	0.00
3999	0.00
3919	0.00
3999	0.00
4000	0.00
3999	0.00
3846	2.31
3970	2.31
3928	3.37
3894	3.37
3890	0.78
3963	0.78
3959	3.72
3914	3.72
3971	2.48
3945	2.48
3949	4.57
3903	4.57
3958	0.59
3955	0.59
3897	1.10
3931	1.10
3999	0.00
3877	0.00
3999	0.00
3950	0.00
3999	0.35
3432	0.35
3951	2.06
3873	2.06
3950	2.71
3839	2.71
3955	1.82
3922	1.82
3999	0.00
3464	0.00
3950	1.75
3817	1.75
3904	4.11
3901	4.11
3876	4.48
3990	4.48
3992	2.10
3915	2.10
3938	1.60
3927	1.60
3924	1.81
3910	1.81
3957	3.35
3958	3.35
3935	1.82
3930	1.82
3936	0.86
3891	0.86
3983	2.34
3912	2.34
3786	0.46
3966	0.46
3747	0.68
3964	0.68
3999	0.00
3938	0.00
3811	0.11
3681	0.11
3934	0.65
3885	0.65
3959	1.62
3889	1.62
3991	0.73
3878	0.73
3961	1.32
3980	1.32
3979	2.24
3949	2.24
3996	0.27
3416	0.27
3989	0.99
3974	0.99
3956	2.08
3958	2.08
3940	1.52
3825	1.52
3930	2.63
3911	2.63
3992	3.13
3831	3.13
3998	1.57
3615	1.57
3933	0.75
3931	0.75
3998	2.36
3950	2.36
3588	1.10
3727	1.10
3953	0.01
3788	0.01
3869	3.43
3956	3.43
3887	0.58
3904	0.58
3919	3.79
3871	3.79
3907	0.00	237.88	2400
3998	0.00
3970	0.00
3999	0.00
3943	0.00
3998	0.00
4000	0.00
4000	0.00
3868	0.00
3998	0.00
3940	0.00
3996	0.00
3923	0.00
3999	0.00
3952	0.00
3999	0.00
3996	4.84
3989	4.84
3992	0.85
3988	0.85
3982	31.15
3992	31.15
3957	0.84
3985	0.84
3948	0.55
3984	0.55
3973	2.60
3874	2.60
3971	0.15
3672	0.15
3972	1.04
3929	1.04
3963	0.33
3970	0.33
3975	0.06
3990	0.06
3911	0.03
3955	0.03
3965	1.54
3915	1.54
3913	0.59
3971	0.59
3979	0.27
3962	0.27
3962	0.76
3966	0.76
3989	0.61
3982	0.61
3967	0.32
3966	0.32
3999	0.00
3958	0.00
3972	0.93
3876	0.93
3968	0.43
3958	0.43
3966	3.64
3769	3.64
3965	0.54
3968	0.54
4000	0.00
4000	0.00
3970	0.30
3966	0.30
3907	0.13
3866	0.13
3973	0.82
3956	0.82
3968	1.21
3972	1.21
3976	2.12
3980	2.12
3965	2.53
3983	2.53
3986	1.78
3966	1.78
3981	2.21
3902	2.21
3988	0.00
3997	0.00
3979	0.11
3665	0.11
3988	0.01
3882	0.01
4000	0.00
3999	0.00
3963	0.74
3987	0.74
3973	1.50
3996	1.50
3999	0.00
3997	0.00
3981	1.00
3974	1.00
3985	0.25
3888	0.25
3770	12.48
3938	12.48
3956	0.46
3887	0.46
3857	0.00
3958	0.00
3964	0.48
3966	0.48
3980	0.11
3888	0.11
3988	1.37
3932	1.37
3955	15.67
3808	15.67
3843	0.19
3948	0.19
Bzy_MHz	CPU%c1	PkgWatt	UncMHz
3984	1.61	500.17	2400
3882	0.00	262.94	2400
3884	0.00
3886	0.00
3921	0.00
3891	0.00
3988	0.00
3998	0.00
3999	0.00
3936	0.00
3998	0.00
3947	0.00
3999	0.00
3829	0.00
3999	0.00
4000	0.00
3999	0.00
3845	0.95
3971	0.95
3932	2.81
3952	2.81
3883	1.60
3976	1.60
3985	0.23
3939	0.23
3954	0.84
3962	0.84
3950	2.62
3979	2.62
3915	1.88
3975	1.88
3899	0.93
3965	0.93
4000	0.20
3782	0.20
3999	0.00
3956	0.00
3999	0.26
3566	0.26
3970	2.99
3933	2.99
3959	4.22
3742	4.22
3917	1.51
3923	1.51
3999	0.00
3626	0.00
3951	2.09
3906	2.09
3886	6.08
3900	6.08
3872	5.37
3751	5.37
3967	3.15
3934	3.15
3939	1.76
3889	1.76
3996	3.18
3958	3.18
3999	1.22
3958	1.22
3997	1.01
3955	1.01
3947	0.78
3851	0.78
3997	2.11
3932	2.11
3950	3.79
3888	3.79
3436	0.28
3964	0.28
3999	0.00
3847	0.00
3888	0.59
3801	0.59
3951	1.49
3957	1.49
3981	0.31
3914	0.31
3954	0.17
3909	0.17
3969	0.96
3979	0.96
3975	0.23
3948	0.23
3999	0.06
3715	0.06
3996	0.11
3974	0.11
3955	1.27
3971	1.27
3960	3.63
3906	3.63
3947	4.78
3957	4.78
3960	3.23
3884	3.23
3999	0.98
3995	0.98
3933	2.98
3961	2.98
4000	1.45
3934	1.45
3431	0.52
3845	0.52
3973	0.72
3786	0.72
3845	4.36
3933	4.36
3865	0.97
3937	0.97
3877	4.32
3896	4.32
3907	0.00	237.38	2400
3999	0.00
3873	0.00
4000	0.00
3961	0.00
3998	0.00
4000	0.00
4000	0.00
3900	0.00
3998	0.00
3943	0.00
3996	0.00
3931	0.00
3999	0.00
3955	0.00
3999	0.00
3996	4.11
3983	4.11
3966	0.60
3988	0.60
3983	28.58
3989	28.58
3959	1.75
3976	1.75
3928	0.08
3994	0.08
3985	0.89
3906	0.89
3970	1.19
3947	1.19
3974	0.24
3988	0.24
3941	0.15
3990	0.15
3984	1.25
3999	1.25
3984	0.11
3958	0.11
3961	0.58
3993	0.58
3934	0.75
3989	0.75
3988	1.82
3856	1.82
3951	0.39
3972	0.39
3976	0.48
3963	0.48
3969	1.34
3841	1.34
4000	0.00
4000	0.00
3947	1.57
3973	1.57
3966	0.28
3999	0.28
3987	3.51
3738	3.51
3977	0.15
3922	0.15
4000	0.02
4000	0.02
3984	0.99
3951	0.99
3966	0.38
3886	0.38
3979	1.09
3928	1.09
3980	0.67
3933	0.67
3976	1.90
3982	1.90
3973	1.52
3985	1.52
3989	2.26
3933	2.26
3983	2.28
3935	2.28
3994	0.59
3991	0.59
3984	0.02
3978	0.02
3983	0.05
3985	0.05
4000	0.00
4002	0.00
3971	0.85
3979	0.85
3985	0.70
3995	0.70
4000	0.00
3999	0.00
3986	0.75
3975	0.75
3988	0.06
3847	0.06
3808	11.01
3988	11.01
3922	0.61
3906	0.61
3971	0.25
4000	0.25
3976	0.35
3978	0.35
3979	0.07
3884	0.07
3955	1.40
3840	1.40
3977	17.07
3796	17.07
3934	0.19
3980	0.19
Bzy_MHz	CPU%c1	PkgWatt	UncMHz
3983	1.55	500.27	2400
3879	0.00	262.58	2400
3880	0.00
3885	0.00
3920	0.00
3893	0.00
3987	0.00
3898	0.00
3998	0.00
3907	0.00
3998	0.00
4001	0.00
3999	0.00
3925	0.00
3998	0.00
4000	0.00
3999	0.00
3878	1.53
3943	1.53
3931	3.82
3964	3.82
3999	0.75
3986	0.75
3999	0.30
3961	0.30
3961	3.45
3785	3.45
3952	3.26
3709	3.26
3954	2.69
3942	2.69
3949	3.23
3874	3.23
3924	0.59
3896	0.59
3999	0.00
3925	0.00
3955	1.93
3821	1.93
3998	1.75
3891	1.75
3964	3.67
3912	3.67
3982	4.54
3847	4.54
3999	0.00
3592	0.00
3949	3.65
3893	3.65
3936	3.83
3941	3.83
3960	4.40
3875	4.40
3934	1.81
3838	1.81
3935	1.55
3954	1.55
3838	0.41
3366	0.41
3960	2.24
3945	2.24
3998	2.25
3975	2.25
3930	1.89
3978	1.89
3980	1.58
3963	1.58
3956	1.48
3975	1.48
3949	0.51
3948	0.51
3999	0.00
3983	0.00
3763	0.18
3758	0.18
3953	0.26
3844	0.26
3965	1.53
3953	1.53
3958	0.09
3971	0.09
3955	0.27
3956	0.27
3996	0.16
3921	0.16
3997	0.08
3608	0.08
3955	0.04
3969	0.04
3961	0.28
3913	0.28
3959	1.83
3947	1.83
3982	2.56
3962	2.56
3974	1.63
3893	1.63
3998	1.56
3998	1.56
3951	2.68
3921	2.68
3946	1.04
3794	1.04
3926	1.54
3692	1.54
3959	1.13
3970	1.13
3911	2.43
3839	2.43
3957	0.32
3965	0.32
3884	6.05
3967	6.05
3914	0.00	237.93	2400
3999	0.00
3907	0.00
3999	0.00
3915	0.00
3998	0.00
4000	0.00
4000	0.00
3898	0.00
3998	0.00
3913	0.00
3995	0.00
3944	0.00
3999	0.00
3913	0.00
3999	0.00
3996	3.52
3988	3.52
3990	1.98
3976	1.98
3979	0.68
3984	0.68
3989	31.18
3992	31.18
3967	0.70
3987	0.70
3982	1.32
3909	1.32
3980	0.16
3998	0.16
3970	1.23
3985	1.23
3972	0.10
3952	0.10
3973	0.43
3999	0.43
3976	0.01
3987	0.01
3853	0.00
3886	0.00
3969	0.95
3981	0.95
3983	0.35
3939	0.35
3954	0.58
3977	0.58
3982	0.33
3894	0.33
3978	0.64
3999	0.64
4000	0.00
4000	0.00
3998	2.78
3852	2.78
3978	0.67
3996	0.67
3993	0.26
3981	0.26
3999	0.39
3987	0.39
4000	0.00
3999	0.00
3955	0.54
3985	0.54
3990	0.21
4000	0.21
3981	1.04
3928	1.04
3980	0.16
3658	0.16
3973	1.46
3982	1.46
3968	0.76
3988	0.76
3995	0.99
3978	0.99
3980	2.33
3937	2.33
3990	0.46
3966	0.46
3979	0.01
3972	0.01
3986	0.97
3965	0.97
4000	0.00
3999	0.00
3991	0.66
3978	0.66
3996	1.23
3990	1.23
4000	0.00
4000	0.00
3934	2.61
3966	2.61
3984	0.02
3979	0.02
3802	10.15
3983	10.15
3982	1.07
3947	1.07
3738	0.00
3916	0.00
3946	0.00
3974	0.00
3985	0.09
3951	0.09
3906	1.06
3980	1.06
3975	13.56
3805	13.56
3817	3.04
3870	3.04
Bzy_MHz	CPU%c1	PkgWatt	UncMHz
3984	1.48	499.93	2400
3879	0.00	262.45	2400
3880	0.00
3888	0.00
3918	0.00
3895	0.00
3989	0.00
3903	0.00
3999	0.00
3943	0.00
3998	0.00
3993	0.00
3999	0.00
3849	0.00
3999	0.00
4000	0.00
3999	0.00
3874	1.13
3922	1.13
3938	3.65
3969	3.65
3999	0.30
3994	0.30
3907	0.16
3962	0.16
3958	2.47
3967	2.47
3960	2.54
3427	2.54
3965	1.07
3898	1.07
3921	1.34
3917	1.34
3929	0.89
3828	0.89
3999	0.00
3958	0.00
3678	0.12
3848	0.12
3999	0.00
3978	0.00
3962	2.10
3931	2.10
3972	1.97
3882	1.97
3999	0.00
3620	0.00
3961	6.13
3869	6.13
3935	3.21
3954	3.21
3987	3.45
3794	3.45
3899	5.53
3767	5.53
3933	1.45
3848	1.45
3956	3.69
3940	3.68
3954	3.36
3975	3.36
3916	1.02
3904	1.02
3934	0.89
3906	0.89
3980	0.55
3917	0.55
3954	0.37
3815	0.37
3859	2.16
3967	2.16
3999	0.00
3989	0.00
3403	0.55
3943	0.55
3961	0.30
3956	0.30
3967	2.00
3959	2.00
3970	0.36
3984	0.36
3978	1.00
3977	1.00
3979	0.26
3839	0.26
3998	0.43
3599	0.43
3991	0.40
3985	0.40
3961	0.51
3948	0.51
3940	1.24
3807	1.24
3997	1.25
3466	1.25
3997	2.02
3978	2.02
3991	1.31
3995	1.31
3818	1.26
3894	1.26
3959	2.42
3872	2.42
3893	1.56
3703	1.56
3958	0.12
3505	0.12
3875	2.62
3953	2.62
3961	1.21
3959	1.21
3905	5.47
3950	5.47
3913	0.00	237.12	2400
3998	0.00
3873	0.00
3999	0.00
3958	0.00
3998	0.00
3995	0.00
4000	0.00
3916	0.00
3999	0.00
3937	0.00
3995	0.00
3951	0.00
3999	0.00
3916	0.00
3998	0.00
3998	1.96
3992	1.96
3958	1.04
3978	1.04
3933	1.74
3990	1.74
3980	6.24
3984	6.24
3954	2.38
3991	2.38
3972	3.11
3912	3.11
3938	2.86
3997	2.86
3968	1.40
3985	1.40
3942	1.08
3989	1.08
3967	0.41
4000	0.41
3976	0.08
3965	0.08
3957	0.14
4001	0.14
3926	0.77
3983	0.77
3962	26.16
3990	26.16
3954	0.85
3953	0.85
3982	0.33
4002	0.33
3974	0.71
3842	0.71
4000	0.00
4000	0.00
3980	3.31
3744	3.31
3905	0.19
3987	0.19
3992	0.05
3952	0.05
3966	0.00
3798	0.00
4000	0.02
4001	0.02
3985	0.02
3952	0.02
3909	0.01
3832	0.01
3971	1.66
3915	1.66
3970	0.83
3706	0.83
3977	0.76
3964	0.76
3956	1.17
3997	1.17
3994	0.45
3989	0.45
3982	1.67
3861	1.67
3987	0.80
3981	0.80
3983	0.01
3958	0.01
3978	0.30
3966	0.30
4000	0.00
3999	0.00
3988	0.02
3959	0.02
3986	0.86
3987	0.86
4000	0.00
3999	0.00
3980	0.09
3959	0.09
3984	0.10
3768	0.10
3789	10.25
3980	10.25
3860	0.41
3906	0.41
3785	0.06
3994	0.06
3971	0.15
3990	0.15
3986	0.03
3884	0.03
3919	0.51
3861	0.51
3982	14.68
3807	14.68
3957	0.15
3958	0.15
turbostat: cpu58 jitter 1766 638
Bzy_MHz	CPU%c1	PkgWatt	UncMHz
3984	1.53	500.65	2400
3877	0.00	263.57	2400
3878	0.00
3886	0.00
3922	0.00
3896	0.00
3989	0.00
3913	0.00
3997	0.00
3924	0.00
3998	0.00
3942	0.00
3999	0.00
3914	0.00
3999	0.00
4000	0.00
3999	0.00
3881	2.74
3972	2.74
3945	2.77
3959	2.77
3999	0.95
3982	0.95
3941	2.84
3959	2.84
3971	1.68
3926	1.68
3999	0.42
3923	0.42
3967	0.76
3810	0.76
3921	1.95
3869	1.95
3998	0.46
3850	0.46
3998	0.29
3910	0.29
3900	0.92
3662	0.92
3999	0.00
3955	0.00
3993	0.95
3253	0.95
3994	1.12
3188	1.12
3999	0.00
3501	0.00
3945	3.35
3790	3.35
3938	2.72
3932	2.72
3934	2.16
3823	2.16
3999	0.79
3932	0.79
3979	2.87
3961	2.87
3932	4.19
3953	4.19
3869	9.18
3943	9.18
3927	1.94
3926	1.94
3997	1.08
3899	1.08
3956	2.95
3960	2.95
3962	1.25
3925	1.25
3703	0.41
3961	0.41
3999	0.80
3973	0.80
3959	0.50
3865	0.50
3950	0.11
3648	0.11
3966	0.88
3932	0.88
3957	0.39
3984	0.39
3985	0.32
3970	0.32
3986	0.94
3978	0.94
3954	0.20
3656	0.20
3967	0.90
3968	0.90
3960	2.95
3913	2.95
3952	1.01
3949	1.01
3942	0.65
3468	0.65
3999	0.47
3965	0.47
3969	2.06
3824	2.06
3998	1.97
3923	1.97
3997	0.97
3998	0.97
3706	0.67
3740	0.67
3933	0.00
3985	0.00
3857	1.64
3889	1.64
3930	0.61
3954	0.61
3902	6.18
3958	6.18
3917	0.00	237.26	2400
3998	0.00
3869	0.00
3999	0.00
3943	0.00
3998	0.00
4000	0.00
4000	0.00
3908	0.00
3999	0.00
3955	0.00
3996	0.00
3919	0.00
3999	0.00
3930	0.00
3999	0.00
3997	3.11
3998	3.11
3986	1.05
3982	1.05
3965	0.65
3983	0.65
3954	3.53
3986	3.53
3965	0.91
3992	0.91
3981	1.98
3932	1.98
3959	3.64
3995	3.64
3968	2.46
3986	2.46
3964	1.21
3888	1.21
3958	1.40
3998	1.40
3965	0.01
3994	0.01
3844	0.00
3989	0.00
3961	1.06
3954	1.06
3953	35.62
3990	35.62
3953	2.23
3963	2.23
3984	0.54
3786	0.54
3982	0.12
3913	0.12
4000	0.00
4000	0.00
3979	1.36
3846	1.36
3980	0.49
3987	0.49
3993	2.33
3744	2.33
3676	0.00
3950	0.00
4000	0.00
3999	0.00
3982	0.68
3959	0.68
3970	0.29
3937	0.29
3977	0.40
3950	0.40
3976	0.43
3911	0.43
3970	0.49
3754	0.49
3972	0.82
3984	0.82
3990	0.23
3978	0.23
3981	1.88
3924	1.88
3993	0.71
3975	0.71
3981	0.01
3999	0.01
3980	0.01
3882	0.01
4000	0.00
4001	0.00
3989	0.01
3966	0.01
3976	1.23
3989	1.23
4000	0.00
4000	0.00
3943	1.12
3611	1.12
3980	0.10
3823	0.10
3951	9.03
3937	9.03
3946	1.48
3851	1.48
3751	0.00
3956	0.00
3991	0.11
3995	0.11
3984	0.08
3886	0.08
3936	0.80
3909	0.80
3980	13.12
3817	13.12
3891	0.00
3983	0.00
Bzy_MHz	CPU%c1	PkgWatt	UncMHz
3984	1.55	499.63	2400
3881	0.00	262.58	2400
3882	0.00
3885	0.00
3920	0.00
3889	0.00
3987	0.00
3938	0.00
3997	0.00
3930	0.00
3998	0.00
3880	0.00
3999	0.00
3912	0.00
3999	0.00
4000	0.00
3999	0.00
3890	0.81
3960	0.81
3948	2.13
3959	2.13
3915	2.14
3972	2.14
3968	0.90
3986	0.90
3969	2.20
3980	2.20
3999	0.13
3964	0.13
3963	5.21
3986	5.21
3949	2.79
3910	2.79
3999	0.34
3968	0.34
3999	0.23
3925	0.23
3976	2.67
3956	2.67
4000	0.00
3974	0.00
3972	0.42
3377	0.42
3988	1.24
3341	1.24
4000	0.00
3546	0.00
3975	2.30
3894	2.30
3952	5.53
3962	5.53
3920	6.27
3936	6.27
3997	4.51
3982	4.51
3995	1.20
3989	1.20
3901	4.68
3905	4.68
3909	5.31
3981	5.31
3941	0.20
3968	0.20
3933	1.92
3969	1.92
3958	0.19
3960	0.19
3957	0.49
3974	0.49
3974	2.92
3958	2.92
3950	0.47
3972	0.47
3939	0.58
3921	0.58
3946	0.39
3960	0.39
3959	0.72
3944	0.72
3959	0.15
3961	0.15
3973	0.15
3987	0.15
3998	0.50
3980	0.50
3983	0.26
3609	0.26
3973	0.04
3991	0.04
3953	1.69
3963	1.69
3964	0.73
3980	0.73
3972	1.30
3953	1.30
3999	0.00
3984	0.00
3950	0.63
3422	0.63
3953	1.94
3998	1.94
3997	1.77
3996	1.77
3957	2.04
3865	2.04
3986	0.00
3998	0.00
3809	2.84
3823	2.84
3951	0.74
3851	0.74
3921	3.79
3926	3.79
3919	0.00	237.03	2400
3999	0.00
3887	0.00
4000	0.00
3939	0.00
3998	0.00
4001	0.00
4000	0.00
3880	0.00
3998	0.00
3935	0.00
3996	0.00
3960	0.00
3999	0.00
3932	0.00
3999	0.00
3997	3.98
3962	3.98
3993	1.74
3972	1.74
3957	2.06
3986	2.06
3988	27.46
3995	27.46
3966	1.29
3995	1.29
3973	1.56
3988	1.56
3971	2.25
3989	2.25
3974	1.18
4000	1.18
3964	3.29
3996	3.29
3967	2.75
3997	2.75
3975	1.03
3984	1.03
3984	0.56
3994	0.56
3980	0.09
3987	0.09
3976	3.71
3991	3.71
3962	0.96
3975	0.96
3981	0.84
3778	0.84
3983	0.09
3999	0.09
4000	0.00
4000	0.00
3977	0.33
3961	0.33
3970	1.01
3977	1.01
3985	2.62
3773	2.62
3919	0.01
3896	0.01
4000	0.02
4000	0.02
3986	0.04
3963	0.04
3940	0.19
3998	0.19
3983	0.52
3944	0.52
3967	1.20
3993	1.20
3975	1.47
3876	1.47
3976	0.57
3997	0.57
3991	0.82
3998	0.82
3985	1.95
3868	1.95
3993	0.30
3991	0.30
3989	0.05
3988	0.05
3988	0.03
3884	0.03
4000	0.00
3999	0.00
3994	0.01
3965	0.01
3978	1.27
3994	1.27
4000	0.00
4000	0.00
3990	0.00
3953	0.00
3986	0.26
3973	0.26
3782	10.93
3981	10.93
3987	1.46
3820	1.46
3954	0.01
3999	0.01
3988	0.08
4000	0.08
3979	0.02
3995	0.02
3982	1.00
3955	1.00
3977	15.33
3798	15.33
3978	0.00
3990	0.00
Bzy_MHz	CPU%c1	PkgWatt	UncMHz
3976	3.05	502.56	2400
3876	0.00	263.77	2400
3877	0.00
3883	0.00
3921	0.00
3883	0.00
3985	0.00
3932	0.00
3994	0.00
3905	0.00
3994	0.00
3999	0.00
3995	0.00
3904	0.00
3994	0.00
4000	0.00
3995	0.00
3929	0.62
3790	0.62
3944	2.43
3621	2.43
3909	1.91
3940	1.91
3993	1.33
3964	1.33
3945	3.53
3897	3.53
3623	6.08
3893	6.08
3974	4.67
3737	4.67
3928	4.45
3898	4.45
3988	4.82
3954	4.82
3995	0.00
3958	0.00
3949	4.70
3967	4.70
3994	0.00
3785	0.00
3924	5.15
3914	5.15
3964	2.93
3711	2.93
3995	0.00
3530	0.00
3963	2.24
3583	2.24
3972	4.19
3963	4.19
3770	6.48
3907	6.48
3979	1.35
3905	1.35
3872	2.22
3849	2.22
3935	4.60
3904	4.60
3906	6.46
3719	6.46
3856	4.80
3885	4.80
3688	3.04
3974	3.04
3913	2.74
3816	2.74
3951	4.26
3911	4.26
3957	3.14
3749	3.14
3956	3.47
3956	3.47
3929	3.20
3922	3.20
3836	1.77
3691	1.77
3953	3.39
3887	3.39
3985	1.75
3924	1.75
3955	0.54
3848	0.54
3995	0.07
3652	0.07
3865	2.14
3887	2.14
3957	1.40
3940	1.40
3948	1.27
3597	1.27
3964	0.36
3673	0.36
3921	1.84
3613	1.84
3999	2.40
3654	2.40
3925	3.65
3731	3.65
3930	2.87
3979	2.87
3586	7.30
3937	7.30
3688	2.74
3965	2.74
3947	3.86
3995	3.86
3926	3.06
3592	3.06
3845	0.87
3622	0.87
3683	4.03
3870	4.03
3906	0.00	238.83	2400
3995	0.00
3927	0.00
3997	0.00
3669	0.00
3995	0.00
4000	0.00
3997	0.00
3892	0.00
3996	0.00
3931	0.00
3993	0.00
3952	0.00
3996	0.00
3884	0.00
3996	0.00
3894	3.06
3752	3.06
3875	4.60
3973	4.60
3751	1.21
3986	1.21
3986	8.46
3965	8.46
3925	2.97
3984	2.97
3800	2.89
3914	2.89
3751	10.99
3896	10.99
3952	20.58
3926	20.58
3880	30.21
3898	30.21
3878	3.20
3839	3.20
3761	3.23
3933	3.23
3982	3.82
3966	3.82
3913	5.57
3819	5.57
3615	26.97
3986	26.97
3957	2.08
3955	2.08
3974	2.27
3977	2.27
3942	2.35
3904	2.35
3997	0.00
4000	0.00
3661	4.62
3822	4.62
3697	1.14
3977	1.14
3965	9.25
3876	9.25
3484	2.28
3705	2.28
3997	0.00
4000	0.00
3967	1.69
3910	1.69
3511	0.62
3875	0.62
3574	2.02
3709	2.02
3944	1.62
3664	1.62
3966	1.63
3634	1.63
3964	1.79
3984	1.79
3992	0.46
3916	0.46
3977	2.21
3481	2.21
3686	0.06
3625	0.06
3976	0.93
3978	0.93
3981	0.75
3686	0.75
3997	0.00
4001	0.00
3966	0.85
3643	0.85
3686	1.83
3976	1.83
3997	0.00
3994	0.00
3943	0.83
3983	0.83
3965	0.33
3548	0.33
3805	12.62
3985	12.62
3970	1.52
3843	1.52
3814	0.57
3944	0.57
3939	0.12
3984	0.12
3967	0.13
3609	0.13
3553	1.77
3892	1.77
3977	3.18
3624	3.18
3970	11.82
3771	11.82
Bzy_MHz	CPU%c1	PkgWatt	UncMHz
3982	2.89	502.61	2400
3878	0.00	264.83	2400
3879	0.00
3883	0.00
3918	0.00
3882	0.00
3985	0.00
3898	0.00
3995	0.00
3917	0.00
3996	0.00
3914	0.00
3997	0.00
3849	0.00
3997	0.00
4000	0.00
3997	0.00
3875	1.91
3872	1.91
3948	1.65
3894	1.65
3903	2.06
3973	2.06
3997	0.67
3980	0.67
3980	0.84
3951	0.84
3957	2.76
3964	2.76
3990	10.09
3906	10.09
3997	2.23
3972	2.23
3992	4.40
3969	4.40
3997	0.00
3949	0.00
3947	2.02
3642	2.02
3997	0.00
3650	0.00
3944	1.92
3189	1.92
3997	0.17
3881	0.17
3998	0.00
3538	0.00
3966	1.05
3900	1.05
3949	2.33
3959	2.33
3905	6.57
3895	6.57
3991	1.87
3908	1.87
3929	2.79
3917	2.79
3948	2.73
3854	2.73
3915	3.04
3841	3.04
3893	8.26
3950	8.26
3938	1.81
3937	1.81
3949	1.03
3883	1.03
3998	4.88
3965	4.88
3889	10.71
3732	10.71
3969	4.50
3996	4.50
3778	2.77
3962	2.77
3850	1.23
3967	1.23
3968	1.66
3911	1.66
3857	0.29
3950	0.29
3964	0.54
3864	0.54
3997	0.15
3951	0.15
3964	1.51
3480	1.51
3953	3.79
3945	3.79
3947	10.35
3907	10.35
3962	1.27
3976	1.27
3992	8.37
3962	8.37
3983	7.50
3984	7.50
3974	8.11
3977	8.11
3944	9.77
3944	9.77
3977	7.50
3990	7.50
3977	5.63
3980	5.63
3971	2.59
3830	2.59
3969	3.68
3991	3.68
3979	2.22
3906	2.22
3949	2.87
3872	2.87
3906	0.00	237.88	2400
3998	0.00
3882	0.00
3999	0.00
3922	0.00
3997	0.00
4000	0.00
4000	0.00
3902	0.00
3998	0.00
3941	0.00
3996	0.00
3920	0.00
3999	0.00
3926	0.00
3999	0.00
3975	0.40
3994	0.40
3988	0.21
3963	0.21
3938	0.94
3972	0.94
3993	4.04
3957	4.04
3985	34.33
3974	34.33
3965	2.85
3947	2.85
3938	1.81
3998	1.81
3969	1.39
3992	1.39
3968	2.69
3999	2.69
3934	0.42
3998	0.42
3449	0.60
3970	0.60
3985	2.62
3980	2.62
3937	0.82
3928	0.82
3935	3.61
3980	3.61
3939	1.44
3924	1.44
3974	1.33
3939	1.33
3971	4.84
3961	4.84
4000	0.00
4000	0.00
3955	17.92
3905	17.92
3936	6.46
3888	6.46
3990	15.36
3889	15.36
3986	0.18
3832	0.18
4000	0.00
4000	0.00
3980	4.40
3963	4.40
3636	2.16
3956	2.16
3971	0.27
3896	0.27
3968	3.17
3920	3.17
3959	1.44
3906	1.44
3979	1.69
3953	1.69
3990	0.93
3963	0.93
3984	2.35
3874	2.35
3983	0.69
3983	0.69
3984	0.01
3961	0.01
3991	0.36
3978	0.36
4000	0.00
3999	0.00
3985	2.20
3975	2.20
3983	0.93
3985	0.93
4000	0.00
3999	0.00
3983	1.85
3977	1.85
3977	0.33
3600	0.33
3773	12.23
3980	12.23
3924	1.20
3877	1.20
3797	0.00
3752	0.00
3979	0.18
4000	0.18
3984	1.30
3984	1.30
3943	1.92
3979	1.92
3982	2.04
3960	2.04
3973	13.37
3817	13.37
Bzy_MHz	CPU%c1	PkgWatt	UncMHz
3983	1.59	501.07	2400
3881	0.00	262.79	2400
3882	0.00
3887	0.00
3920	0.00
3889	0.00
3987	0.00
3915	0.00
3996	0.00
3944	0.00
3998	0.00
3960	0.00
3999	0.00
3999	0.00
3999	0.00
3994	0.00
3999	0.00
3935	4.01
3886	4.01
3950	1.39
3891	1.39
3902	1.29
3982	1.29
3840	0.22
3979	0.22
3979	0.16
3807	0.16
3966	0.40
3910	0.40
3991	0.38
3876	0.38
3999	0.33
3977	0.33
3942	1.13
3861	1.13
3999	0.00
3956	0.00
3999	0.23
3771	0.23
3999	0.00
3883	0.00
3993	2.48
3456	2.48
3992	2.15
3836	2.15
3999	0.00
3506	0.00
3999	0.36
3774	0.36
3978	4.58
3974	4.58
3961	3.22
3968	3.22
3990	1.59
3969	1.59
3982	1.67
3932	1.67
3950	3.10
3956	3.10
3921	5.97
3973	5.97
3909	3.98
3868	3.98
3883	3.91
3753	3.91
3927	1.19
3634	1.19
4000	1.37
3989	1.37
3787	1.29
3932	1.29
3998	0.63
3877	0.63
3876	2.11
3946	2.11
3877	1.45
3911	1.45
3953	0.24
3991	0.24
3966	0.69
3927	0.69
3963	0.48
3868	0.48
3851	0.59
3963	0.59
3863	0.01
3789	0.01
3957	0.65
3962	0.65
3958	1.24
3924	1.24
3961	2.31
3955	2.31
3975	1.19
3788	1.19
3901	0.47
3948	0.47
3962	0.23
3827	0.23
3874	0.11
3943	0.11
3841	0.01
3890	0.01
3800	0.29
3739	0.29
3855	0.17
3961	0.17
3883	2.33
3878	2.33
3760	0.42
3838	0.42
3938	2.53
3910	2.53
3882	0.00	238.06	2400
3998	0.00
3877	0.00
3999	0.00
3949	0.00
3998	0.00
3995	0.00
4000	0.00
3915	0.00
3998	0.00
3941	0.00
3996	0.00
3951	0.00
3999	0.00
3936	0.00
3999	0.00
3955	4.79
3999	4.79
3984	0.11
3966	0.11
3954	0.31
3997	0.31
3989	2.30
3994	2.30
3986	32.26
3973	32.26
3943	1.76
3940	1.76
3956	0.19
3801	0.19
3961	1.59
3992	1.59
3966	1.17
3999	1.17
3946	0.64
3993	0.64
3978	0.75
3978	0.75
3970	1.87
3969	1.87
3995	3.12
3974	3.12
3961	2.80
3986	2.80
3939	3.29
3972	3.29
3981	1.00
3995	1.00
3936	1.08
3973	1.08
3999	0.00
4000	0.00
3978	0.58
3949	0.58
3928	2.84
3767	2.84
3960	0.20
3966	0.20
3873	0.15
3870	0.15
4000	0.00
4000	0.00
3986	1.75
3959	1.75
3945	0.21
3973	0.21
3983	0.24
3997	0.24
3941	1.16
3980	1.16
3979	0.72
3946	0.72
3968	2.25
3974	2.25
3976	1.90
3896	1.90
3989	1.73
3920	1.73
3981	1.66
3951	1.66
3975	0.87
3975	0.87
3975	1.72
3974	1.72
4000	0.00
4001	0.00
3970	1.01
3980	1.01
3974	1.00
3992	1.00
4000	0.00
3998	0.00
3973	1.35
3972	1.35
3975	1.65
3981	1.65
3775	11.57
3932	11.57
3797	0.19
3898	0.19
3569	0.00
4001	0.00
3979	0.03
3948	0.03
3982	1.75
3979	1.75
3972	1.83
3966	1.83
3978	1.43
3959	1.43
3978	14.33
3810	14.33
Bzy_MHz	CPU%c1	PkgWatt	UncMHz
3983	1.55	500.57	2400
3882	0.00	263.10	2400
3883	0.00
3885	0.00
3918	0.00
3896	0.00
3987	0.00
3884	0.00
3997	0.00
3964	0.00
3999	0.00
4000	0.00
3999	0.00
3945	0.00
3999	0.00
4000	0.00
3999	0.00
3890	1.99
3922	1.99
3956	0.61
3923	0.61
3900	0.63
3979	0.63
3932	0.03
3942	0.03
3966	0.23
3922	0.23
3964	0.25
3411	0.25
3920	0.36
3976	0.36
3999	0.33
3967	0.33
3939	0.80
3929	0.80
3999	0.00
3948	0.00
3962	0.19
3788	0.19
3999	0.00
3954	0.00
3995	0.33
3273	0.33
3951	3.02
3349	3.02
3999	0.00
3592	0.00
3999	0.00
3779	0.00
3973	6.05
3974	6.05
3975	1.95
3976	1.95
3967	2.56
3957	2.56
3980	3.47
3960	3.47
3993	3.98
3971	3.98
3914	8.45
3977	8.45
3984	4.14
3944	4.14
3894	5.84
3847	5.84
3954	2.48
3946	2.48
4000	2.02
3966	2.02
3759	1.15
3998	1.15
3982	0.02
3920	0.02
3979	0.04
3852	0.04
3976	0.77
3941	0.77
3963	0.39
3685	0.39
3971	0.63
3981	0.63
3994	1.07
3948	1.07
3799	0.42
3920	0.42
3915	0.20
3931	0.20
3965	0.76
3871	0.76
3958	0.70
3963	0.70
3957	1.63
3929	1.63
3991	2.29
3916	2.29
3963	0.45
3943	0.45
3690	0.02
3865	0.02
3897	0.39
3828	0.39
3920	0.10
3710	0.10
3749	0.68
3311	0.68
3970	0.21
3905	0.21
3803	2.77
3927	2.77
3760	0.12
3860	0.12
3929	2.72
3902	2.72
3917	0.00	237.30	2400
3998	0.00
3915	0.00
3999	0.00
3925	0.00
3998	0.00
4000	0.00
4000	0.00
3894	0.00
3998	0.00
3940	0.00
3997	0.00
3938	0.00
3999	0.00
3970	0.00
3999	0.00
3963	1.05
3994	1.05
3989	0.12
3972	0.12
3932	0.20
3999	0.20
3925	1.19
3793	1.19
3971	4.62
3998	4.62
3979	1.28
3961	1.28
3919	1.80
3882	1.80
3969	1.16
3998	1.16
3962	2.06
3994	2.06
3944	1.69
3990	1.69
3901	1.77
3975	1.77
3968	0.61
3951	0.61
3994	2.98
3858	2.98
3985	31.97
3952	31.97
3945	1.13
3813	1.13
3974	0.87
3587	0.87
3986	1.17
3941	1.17
4000	0.00
4000	0.00
3977	0.58
3844	0.58
3985	1.40
3883	1.40
3919	2.10
3743	2.10
3883	0.10
3572	0.10
4000	0.01
3999	0.01
3987	0.92
3915	0.92
3655	0.52
3772	0.52
3977	0.46
3829	0.46
3972	0.71
3571	0.71
3972	1.47
3714	1.47
3976	1.41
3969	1.41
3985	1.54
3964	1.54
3986	2.04
3783	2.04
3816	0.33
3764	0.33
3987	1.39
3982	1.39
3988	0.01
3891	0.01
4000	0.00
4002	0.00
3992	0.03
3988	0.03
3988	0.78
3994	0.78
4000	0.00
3998	0.00
3987	0.28
3983	0.28
3984	1.59
3928	1.59
3779	12.03
3990	12.03
3986	0.93
3808	0.93
3798	0.02
3740	0.02
3991	0.02
4000	0.02
3969	0.91
3982	0.91
3981	0.24
3704	0.24
3984	0.99
3945	0.99
3966	17.41
3801	17.41
Bzy_MHz	CPU%c1	PkgWatt	UncMHz
3983	1.55	500.12	2400
3880	0.00	263.13	2400
3881	0.00
3885	0.00
3918	0.00
3894	0.00
3988	0.00
3895	0.00
3998	0.00
3965	0.00
3998	0.00
3877	0.00
3999	0.00
3878	0.00
3999	0.00
4000	0.00
3999	0.00
3874	2.01
3926	2.01
3939	0.85
3925	0.85
3897	1.04
3980	1.04
3943	0.04
3975	0.04
3976	0.17
3922	0.17
3958	0.90
3719	0.90
3976	0.93
3978	0.93
3999	0.23
3948	0.23
3996	0.43
3908	0.43
3999	0.00
3931	0.00
3965	0.24
3888	0.24
3999	0.00
3934	0.00
3989	0.31
3365	0.31
3954	2.42
3501	2.42
3999	0.00
3977	0.00
3999	0.00
3956	0.00
3929	3.46
3943	3.46
3982	1.37
3975	1.37
3967	2.89
3892	2.89
3926	3.18
3977	3.18
3997	2.82
3973	2.82
3918	12.11
3951	12.11
3925	3.67
3922	3.67
3881	5.86
3970	5.86
3945	4.65
3968	4.65
3950	3.73
3937	3.73
3879	1.27
3998	1.27
3951	0.77
3995	0.77
3645	0.27
3782	0.27
3939	0.56
3942	0.56
3996	0.57
3991	0.57
3968	0.29
3972	0.29
3999	0.55
3919	0.55
3959	0.93
3932	0.93
3947	0.14
3959	0.14
3951	1.26
3951	1.26
3942	0.75
3947	0.75
3926	2.39
3956	2.39
3964	1.28
3948	1.28
3965	4.36
3905	4.36
3900	4.78
3801	4.78
3925	1.16
3995	1.16
3989	3.98
3842	3.98
3466	0.89
3877	0.89
3892	0.67
3631	0.67
3896	1.24
3890	1.24
3877	0.41
3844	0.41
3916	2.62
3820	2.62
3904	0.00	237.13	2400
3998	0.00
3959	0.00
4000	0.00
3914	0.00
3998	0.00
3995	0.00
4000	0.00
3919	0.00
3998	0.00
3924	0.00
3997	0.00
3932	0.00
3999	0.00
3938	0.00
3999	0.00
3996	0.72
3996	0.72
3988	0.01
3963	0.01
3930	0.15
3904	0.15
3907	2.95
3940	2.95
3974	0.46
3991	0.46
3979	0.31
3954	0.31
3948	2.47
3890	2.47
3965	1.09
3974	1.09
3958	0.27
3980	0.27
3952	1.08
3989	1.08
3955	1.09
3972	1.09
3961	1.42
3992	1.42
3992	3.61
3944	3.61
3986	30.70
3984	30.70
3941	0.74
3938	0.74
3974	2.16
3936	2.16
3919	0.35
3952	0.35
4000	0.00
3911	0.00
3971	0.58
3969	0.58
3978	1.11
3963	1.11
3968	4.25
3844	4.25
3954	0.25
3956	0.25
4000	0.00
3981	0.00
3956	0.69
3981	0.69
3768	0.45
3982	0.45
3980	1.03
3939	1.03
3974	2.60
3947	2.60
3968	0.41
3669	0.41
3972	0.52
3968	0.52
3970	1.12
3907	1.12
3990	1.54
3912	1.54
3940	0.03
3947	0.03
3960	0.94
3975	0.94
3964	1.16
3768	1.16
4000	0.00
3935	0.00
3981	0.82
3933	0.82
3972	1.72
3987	1.72
4000	0.00
3999	0.00
3943	1.53
3982	1.53
3980	0.28
3893	0.28
3771	12.55
3927	12.55
3775	0.83
3917	0.83
3749	0.02
3890	0.02
3943	0.04
3991	0.04
3836	0.29
3991	0.29
3967	0.59
3944	0.59
3971	0.99
3969	0.99
3921	3.72
3979	3.72
Bzy_MHz	CPU%c1	PkgWatt	UncMHz
3983	2.36	501.07	2400
3877	0.00	264.01	2400
3878	0.00
3886	0.00
3921	0.00
3889	0.00
3988	0.00
3880	0.00
3998	0.00
3934	0.00
3998	0.00
3799	0.00
3998	0.00
3882	0.00
3999	0.00
4000	0.00
3999	0.00
3999	2.21
3924	2.21
3938	3.86
3947	3.86
3898	1.46
3984	1.46
3987	0.54
3976	0.54
3968	0.07
3776	0.07
3950	16.47
3880	16.47
3988	4.51
3948	4.51
3993	8.61
3805	8.61
3982	3.95
3454	3.95
3998	1.28
3970	1.28
3960	0.66
3805	0.66
3999	0.00
3592	0.00
3974	0.34
3913	0.34
3935	2.23
3652	2.23
3999	0.00
3696	0.00
3999	0.00
3885	0.00
3908	7.45
3943	7.45
3984	5.66
3864	5.66
3961	2.39
3917	2.39
3941	3.88
3971	3.88
3989	3.98
3936	3.98
3889	8.29
3943	8.29
3918	3.40
3822	3.40
3885	5.71
3877	5.71
3916	11.25
3778	11.25
3959	2.15
3906	2.15
3998	0.56
3972	0.56
3964	0.94
3973	0.94
3998	7.07
3991	7.07
3974	2.87
3968	2.87
3960	0.49
3671	0.49
3960	0.32
3972	0.32
3999	0.27
3987	0.27
3998	0.52
3979	0.52
3995	1.54
3974	1.54
3962	1.09
3962	1.09
3963	0.80
3971	0.80
3971	1.40
3952	1.40
3980	1.38
3839	1.38
3970	1.76
3853	1.76
3976	1.75
3992	1.75
3953	1.79
3882	1.79
3976	14.74
3789	14.74
3764	0.81
3811	0.81
4000	0.91
3982	0.91
3852	1.61
3897	1.61
3957	0.91
3814	0.91
3999	5.05
3926	5.05
3912	0.00	237.17	2400
3999	0.00
3877	0.00
4000	0.00
3964	0.00
3999	0.00
4000	0.00
4000	0.00
3925	0.00
3999	0.00
3947	0.00
3999	0.00
3924	0.00
3998	0.00
3912	0.00
3999	0.00
3997	2.31
3996	2.31
3997	0.33
3978	0.33
3965	1.03
3975	1.03
3984	0.56
3990	0.56
3978	0.64
3995	0.64
3985	1.48
3938	1.48
3976	2.56
3906	2.56
3974	0.81
3945	0.81
3977	0.24
3999	0.24
3971	0.67
3999	0.67
3977	0.22
3960	0.22
3979	0.81
3996	0.81
3995	3.19
3978	3.19
3985	32.27
3958	32.27
3947	1.17
3988	1.17
3982	1.26
3728	1.26
3990	0.91
3984	0.91
4000	0.00
4000	0.00
3962	14.62
3888	14.62
3982	5.82
3899	5.82
3992	3.41
3910	3.41
3959	2.84
3986	2.84
4000	0.00
4001	0.00
3986	2.38
3983	2.38
3974	1.01
3981	1.01
3983	0.57
3944	0.57
3976	0.66
3997	0.66
3982	0.63
3970	0.63
3979	1.59
3986	1.59
3988	2.35
3975	2.35
3990	2.15
3911	2.15
3993	0.01
3996	0.01
3988	0.11
3994	0.11
3984	0.92
3882	0.92
4000	0.00
3999	0.00
3988	0.35
3995	0.35
3987	2.70
3988	2.70
4000	0.00
4000	0.00
3975	5.43
3982	5.43
3977	1.92
3986	1.92
3801	11.04
3980	11.04
3991	0.59
3957	0.59
3992	0.86
3991	0.86
3991	0.00
4001	0.00
3971	2.12
3980	2.12
3983	0.30
3977	0.30
3982	0.73
3967	0.73
3989	0.01
3983	0.01
Bzy_MHz	CPU%c1	PkgWatt	UncMHz
3982	2.75	503.39	2400
3877	0.00	265.36	2400
3878	0.00
3884	0.00
3920	0.00
3884	0.00
3985	0.00
3888	0.00
3997	0.00
3903	0.00
3997	0.00
3938	0.00
3998	0.00
3920	0.00
3998	0.00
4000	0.00
3998	0.00
3845	6.27
3896	6.27
3892	3.32
3864	3.32
3866	2.27
3962	2.27
3946	0.47
3966	0.47
3998	0.00
3936	0.00
3948	3.93
3993	3.93
3920	0.31
3993	0.31
3989	6.69
3993	6.69
3975	4.90
3963	4.90
3735	7.50
3992	7.50
3962	1.31
3920	1.31
3998	0.29
3683	0.29
3934	2.31
3978	2.31
3917	1.69
3816	1.69
3998	0.00
3821	0.00
3999	4.54
3989	4.54
3958	9.48
3724	9.48
3980	9.14
3819	9.14
3934	9.00
3742	9.00
3913	4.09
3956	4.09
3961	6.34
3942	6.34
3921	4.89
3907	4.89
3928	7.50
3837	7.50
3913	4.37
3551	4.37
3985	14.51
3744	14.51
3913	4.38
3822	4.38
3998	0.00
3944	0.00
3956	1.86
3918	1.86
3963	0.19
3758	0.19
3980	5.92
3992	5.92
3960	0.95
3914	0.95
3874	3.95
3920	3.95
3998	0.31
3904	0.31
3936	1.45
3966	1.45
3838	3.13
3983	3.13
3980	2.45
3948	2.45
3933	2.69
3987	2.69
3907	2.34
3935	2.34
3986	3.16
3769	3.16
3955	3.48
3933	3.48
3996	3.45
3995	3.45
3970	0.84
3899	0.84
3674	13.81
3796	13.81
3876	3.02
3921	3.02
3957	1.05
3744	1.05
3909	2.34
3587	2.34
3979	0.78
3782	0.78
3994	16.52
3894	16.52
3905	0.00	237.87	2400
3998	0.00
3933	0.00
3999	0.00
3952	0.00
3997	0.00
4000	0.00
3999	0.00
3858	0.00
3997	0.00
3960	0.00
3998	0.00
3937	0.00
3997	0.00
3942	0.00
3999	0.00
3925	0.64
3952	0.64
3986	0.59
3978	0.59
3874	0.61
3876	0.61
3917	0.28
3720	0.28
3970	32.74
3961	32.74
3965	2.34
3886	2.34
3945	1.93
3915	1.93
3962	1.44
3999	1.44
3906	0.56
4000	0.56
3965	0.71
3997	0.71
3941	1.03
3960	1.03
3914	0.26
3974	0.26
3990	1.70
3846	1.70
3953	7.08
3973	7.08
3941	1.32
3874	1.32
3943	0.93
3972	0.93
3951	0.97
3917	0.97
3999	0.00
4000	0.00
3963	18.84
3882	18.84
3919	10.11
3888	10.11
3924	4.46
3765	4.46
3958	0.41
3854	0.41
3999	0.00
4000	0.00
3973	1.38
3902	1.38
3879	2.61
3973	2.61
3975	1.29
3869	1.29
3921	0.38
3765	0.38
3972	0.57
3489	0.57
3979	1.31
3961	1.31
3990	1.27
3977	1.27
3987	1.38
3876	1.38
3975	0.00
3992	0.00
3924	0.01
3973	0.01
3913	0.23
3912	0.23
3999	0.00
4000	0.00
3967	0.13
3791	0.13
3958	1.14
3984	1.14
3999	0.00
3994	0.00
3944	1.43
3971	1.43
3913	0.97
3735	0.97
3953	9.39
3974	9.39
3987	0.62
3955	0.62
3605	0.03
3834	0.03
3958	0.01
3865	0.01
3974	0.07
3984	0.07
3934	0.20
3805	0.20
3987	1.08
3978	1.08
3929	0.24
3991	0.24
Bzy_MHz	CPU%c1	PkgWatt	UncMHz
3983	2.71	503.55	2400
3879	0.00	266.42	2400
3880	0.00
3884	0.00
3919	0.00
3890	0.00
3988	0.00
3904	0.00
3998	0.00
3936	0.00
3998	0.00
3872	0.00
3998	0.00
4000	0.00
3998	0.00
4000	0.00
3998	0.00
3854	2.35
3933	2.35
3932	4.65
3954	4.65
3886	1.03
3980	1.03
3988	1.96
3983	1.96
3999	0.00
3960	0.00
3959	0.27
3937	0.27
3968	0.69
3969	0.69
3999	0.00
3989	0.00
3943	1.96
3909	1.96
3972	0.94
3511	0.94
3931	3.21
3722	3.21
3704	11.01
3991	11.01
3969	2.22
3978	2.22
3923	1.59
3937	1.59
3999	0.00
3657	0.00
3990	7.22
3988	7.22
3988	5.98
3785	5.98
3997	12.71
3922	12.71
3979	7.12
3920	7.12
3938	3.71
3962	3.71
3953	5.63
3971	5.63
3953	4.57
3923	4.57
3924	11.93
3972	11.93
3933	3.41
3861	3.41
3898	12.63
3738	12.63
3869	6.90
3926	6.90
3999	0.00
3997	0.00
3973	2.38
3915	2.38
3971	1.53
3965	1.53
3992	6.82
3997	6.82
3983	2.71
3988	2.71
3965	1.83
3959	1.83
3999	2.25
3989	2.25
3998	1.51
3976	1.51
3992	5.06
3979	5.06
3951	4.07
3984	4.07
3885	1.94
3968	1.94
3871	1.75
3982	1.75
3989	4.11
3927	4.11
3986	2.80
3956	2.80
3992	1.79
3948	1.79
3870	0.24
3966	0.24
3894	11.18
3802	11.18
3880	3.09
3998	3.09
3912	0.56
3763	0.56
3917	4.77
3475	4.77
3957	2.98
3757	2.98
3997	21.23
3894	21.23
3905	0.00	237.54	2400
3998	0.00
3939	0.00
3999	0.00
3941	0.00
3998	0.00
4000	0.00
4000	0.00
3923	0.00
3999	0.00
3925	0.00
3997	0.00
3938	0.00
3997	0.00
3910	0.00
3998	0.00
3971	1.76
3986	1.76
3989	0.35
3974	0.35
3933	0.37
3966	0.37
3959	0.11
3803	0.11
3963	42.34
3982	42.34
3981	0.27
3926	0.27
3923	1.33
3921	1.33
3961	1.89
3997	1.89
3922	1.18
3981	1.18
3931	0.12
3997	0.12
3952	0.88
3940	0.88
3957	0.08
3953	0.08
3991	1.04
3916	1.04
3929	0.43
3841	0.43
3951	0.75
3997	0.75
3982	0.86
3930	0.86
3978	0.72
3890	0.72
4000	0.00
3999	0.00
3954	15.00
3893	15.00
3987	11.29
3895	11.29
3922	3.33
3828	3.33
3986	0.05
3876	0.05
4000	0.02
3999	0.02
3980	0.19
3786	0.19
3926	0.19
3606	0.19
3980	1.22
3884	1.22
3980	0.39
3925	0.39
3986	0.80
3980	0.80
3973	1.31
3986	1.31
3992	0.07
3974	0.07
3985	0.37
3983	0.37
3986	0.02
3995	0.02
3978	0.01
3919	0.01
3947	1.20
3923	1.20
4000	0.00
4000	0.00
3983	0.20
3993	0.20
3974	1.04
3987	1.04
4000	0.00
3997	0.00
3861	5.75
3977	5.75
3941	0.61
3897	0.61
3799	6.91
3977	6.91
3992	0.53
3930	0.53
3823	0.00
3739	0.00
3961	0.00
3993	0.00
3964	0.11
3970	0.11
3982	0.04
3851	0.04
3926	0.61
3854	0.61
3956	0.00
3976	0.00
Bzy_MHz	CPU%c1	PkgWatt	UncMHz
3983	2.74	504.15	2400
3878	0.00	265.82	2400
3879	0.00
3887	0.00
3920	0.00
3889	0.00
3988	0.00
3924	0.00
3999	0.00
3941	0.00
3998	0.00
3856	0.00
3999	0.00
3864	0.00
3999	0.00
4000	0.00
3999	0.00
3949	3.21
3942	3.21
3941	1.79
3954	1.79
3954	0.80
3974	0.80
3971	0.15
3990	0.15
3998	0.26
3876	0.26
3957	0.21
3735	0.21
3962	17.43
3916	17.43
3999	0.00
3988	0.00
3990	7.07
3991	7.07
3953	0.10
3375	0.10
3973	0.34
3741	0.34
3941	7.18
3994	7.18
3975	1.77
3970	1.77
3965	1.37
3961	1.37
3999	0.00
3912	0.00
3983	2.83
3989	2.83
3999	1.34
3979	1.34
3946	11.72
3933	11.72
3995	1.24
3974	1.24
3951	4.31
3972	4.31
3967	6.32
3973	6.32
3953	8.61
3972	8.61
3940	18.99
3934	18.99
3946	2.94
3973	2.94
3990	10.95
3931	10.95
3918	4.53
3975	4.53
3998	6.33
3907	6.33
3956	2.08
3932	2.08
3973	0.45
3964	0.45
3961	0.78
3849	0.78
3957	2.22
3955	2.22
3955	2.98
3907	2.98
3995	7.89
3996	7.89
3999	0.27
3995	0.27
3990	6.45
3986	6.45
3968	0.57
3994	0.57
3961	3.36
3969	3.36
3937	3.91
3982	3.91
3999	0.82
3909	0.82
3998	2.94
3964	2.94
3984	1.48
3985	1.48
3982	0.59
3937	0.59
3891	16.76
3781	16.76
3975	2.55
3962	2.55
3951	0.86
3954	0.86
3799	0.19
3807	0.19
3947	0.45
3871	0.45
3995	6.22
3922	6.22
3888	0.00	238.24	2400
3998	0.00
3982	0.00
4000	0.00
3916	0.00
3997	0.00
4000	0.00
4000	0.00
3898	0.00
3999	0.00
3925	0.00
3999	0.00
3944	0.00
3998	0.00
3910	0.00
3999	0.00
3970	0.79
3940	0.79
3981	0.82
3998	0.82
3966	0.27
3959	0.27
3981	0.01
3992	0.01
3951	43.70
3976	43.70
3970	0.69
3940	0.69
3962	2.41
3909	2.41
3964	1.06
3993	1.06
3960	1.48
3996	1.48
3955	0.35
4000	0.35
3655	0.01
3961	0.01
3976	0.05
3975	0.05
3996	1.70
3971	1.70
3971	0.60
3969	0.60
3988	0.73
3804	0.73
3960	0.82
3987	0.82
3927	1.39
3962	1.39
4000	0.00
3998	0.00
3953	14.73
3900	14.73
3900	6.92
3971	6.92
3958	13.36
3869	13.36
3945	0.01
3783	0.01
4000	0.00
4002	0.00
3981	0.40
3994	0.40
3989	0.57
3975	0.57
3979	1.15
3936	1.15
3954	0.12
3971	0.12
3962	2.14
3964	2.14
3960	2.77
3946	2.77
3988	0.51
3959	0.51
3982	1.12
3958	1.12
3985	0.68
3981	0.68
3983	0.01
3832	0.01
3971	0.65
3731	0.65
4000	0.00
4003	0.00
3953	0.05
3995	0.05
3961	1.24
3985	1.24
4000	0.00
3996	0.00
3882	5.09
3991	5.09
3842	8.60
3965	8.60
3869	2.05
3953	2.05
3712	1.03
3925	1.03
3891	0.19
3956	0.19
3902	0.01
3977	0.01
3973	0.21
3945	0.21
3982	0.13
3960	0.13
3958	0.58
3946	0.58
3966	0.00
3891	0.00
Bzy_MHz	CPU%c1	PkgWatt	UncMHz
3983	1.68	502.26	2400
3882	0.00	263.60	2400
3883	0.00
3886	0.00
3916	0.00
3891	0.00
3987	0.00
3904	0.00
3999	0.00
3971	0.00
3999	0.00
3991	0.00
3999	0.00
3883	0.00
3999	0.00
4000	0.00
3999	0.00
3884	0.76
3874	0.76
3935	1.43
3962	1.43
3999	0.03
3996	0.03
3961	0.55
3978	0.55
3997	0.10
3469	0.10
3942	0.04
3844	0.04
3951	1.29
3886	1.29
3998	0.25
3922	0.25
3922	0.04
3720	0.04
3999	0.00
3665	0.00
3913	0.44
3733	0.44
3949	0.04
3657	0.04
3997	1.76
3906	1.76
3999	0.42
3898	0.42
3999	0.00
3619	0.00
3955	1.53
3962	1.53
3935	0.32
3869	0.32
3933	0.44
3752	0.44
3969	0.02
3809	0.02
3940	2.74
3935	2.74
3968	2.04
3973	2.04
3948	5.33
3978	5.33
3925	4.33
3933	4.33
3928	1.60
3950	1.60
3995	0.87
3881	0.87
3927	3.75
3895	3.75
3999	1.37
3950	1.37
3892	5.28
3883	5.28
3993	1.18
3772	1.18
3962	0.97
3956	0.97
3959	0.71
3929	0.71
3962	2.68
3963	2.68
3959	0.02
3820	0.02
3997	0.34
3999	0.34
3991	1.39
3986	1.39
3953	0.21
3931	0.21
3998	0.21
3971	0.21
3945	0.69
3970	0.69
3996	1.01
3960	1.01
3996	2.42
3970	2.42
3959	2.10
3878	2.10
3974	1.36
3946	1.36
3954	16.68
3780	16.68
3818	1.83
3929	1.83
3923	0.24
3905	0.24
3837	0.39
3930	0.39
3931	0.88
3892	0.88
3995	2.76
3908	2.76
3951	0.00	238.59	2400
3998	0.00
3858	0.00
3999	0.00
3906	0.00
3997	0.00
4000	0.00
4000	0.00
3912	0.00
3998	0.00
3964	0.00
3999	0.00
3957	0.00
3998	0.00
3930	0.00
3999	0.00
3975	0.59
3992	0.59
3982	0.30
3989	0.30
3868	0.06
3957	0.06
3937	2.49
3937	2.49
3956	18.01
3998	18.01
3978	3.99
3885	3.99
3937	0.63
3999	0.63
3956	3.63
3994	3.63
3889	1.46
3988	1.46
3970	0.88
3996	0.88
3890	0.01
3959	0.01
3950	2.11
3979	2.11
3993	1.26
3867	1.26
3956	25.02
3791	25.02
3930	0.71
3761	0.71
3979	0.43
3493	0.43
3980	1.89
3892	1.89
4000	0.00
4000	0.00
3980	1.34
3893	1.34
3967	3.92
3957	3.92
3988	3.57
3886	3.57
3970	0.00
3815	0.00
4000	0.02
3998	0.02
3976	1.13
3941	1.13
3903	3.27
3948	3.27
3982	1.38
3920	1.38
3980	0.62
3980	0.62
3967	2.50
3932	2.50
3972	2.52
3982	2.52
3989	3.26
3982	3.26
3988	1.08
3978	1.08
3989	0.70
3980	0.70
3983	0.96
3963	0.96
3929	0.46
3968	0.46
4000	0.00
3998	0.00
3992	0.09
3994	0.09
3988	1.23
3991	1.23
4000	0.00
4000	0.00
3976	1.82
3978	1.82
3897	3.18
3795	3.18
3781	10.18
3970	10.18
3972	2.02
3968	2.02
3624	1.98
3917	1.98
3977	0.65
3985	0.65
3962	0.28
3968	0.28
3980	0.36
3857	0.36
3956	0.90
3810	0.90
3951	0.00
3975	0.00
turbostat: cpu56 jitter 2952 6220
Bzy_MHz	CPU%c1	PkgWatt	UncMHz
3983	1.61	502.11	2400
3880	0.00	263.68	2400
3881	0.00
3888	0.00
3921	0.00
3896	0.00
3987	0.00
3888	0.00
3999	0.00
3930	0.00
3998	0.00
3893	0.00
3999	0.00
3958	0.00
3999	0.00
3999	0.00
3999	0.00
3844	2.22
3882	2.22
3999	0.00
3990	0.00
3997	0.51
3938	0.51
3957	1.14
3982	1.14
3976	0.53
3960	0.53
3963	0.40
3865	0.40
3997	1.08
3987	1.08
3946	0.02
3955	0.02
3876	0.02
3742	0.02
3999	0.00
3491	0.00
3925	1.16
3839	1.16
3998	0.26
3845	0.26
3994	0.56
3355	0.56
3999	0.28
3962	0.28
3999	0.00
3870	0.00
3964	1.96
3972	1.96
3965	0.56
3859	0.56
3958	0.36
3957	0.36
3968	0.11
3746	0.11
3958	5.04
3961	5.04
3966	0.90
3963	0.90
3944	5.31
3969	5.31
3928	3.98
3957	3.98
3939	2.23
3824	2.23
3997	1.24
3946	1.24
3941	6.41
3923	6.41
3999	0.70
3997	0.70
3916	6.41
3864	6.41
3918	5.89
3952	5.89
3954	2.94
3925	2.94
3932	2.15
3972	2.15
3960	1.51
3989	1.51
3994	1.37
3997	1.37
3986	2.80
3926	2.80
3932	1.91
3968	1.91
3959	0.47
3968	0.47
3938	0.04
3903	0.04
3953	0.62
3991	0.62
3934	0.94
3942	0.94
3755	1.01
3910	1.01
3777	0.18
3712	0.18
3858	1.09
3887	1.09
3970	15.29
3783	15.29
3824	1.09
3829	1.09
3619	0.00
3617	0.00
3767	0.01
3587	0.01
3828	0.33
3724	0.33
3994	2.04
3840	2.04
3894	0.00	239.05	2400
3998	0.00
3859	0.00
3999	0.00
3942	0.00
3997	0.00
4000	0.00
4000	0.00
3914	0.00
3998	0.00
3944	0.00
3997	0.00
3951	0.00
3999	0.00
3934	0.00
3999	0.00
3936	0.62
3924	0.62
3996	0.55
3997	0.55
3924	0.20
3851	0.20
3973	1.07
3978	1.07
3977	0.22
3984	0.22
3970	1.09
3903	1.09
3955	0.72
3992	0.72
3959	2.77
3995	2.77
3934	1.58
3523	1.58
3995	0.04
3992	0.04
3959	0.02
3811	0.02
3976	0.51
3898	0.51
3973	0.86
3917	0.86
3950	38.55
3937	38.55
3922	0.89
3820	0.89
3954	1.85
3940	1.85
3928	1.11
3907	1.11
4000	0.00
4000	0.00
3979	0.61
3903	0.61
3942	0.41
3985	0.41
3930	3.87
3761	3.87
3940	1.04
3965	1.04
3999	0.00
4001	0.00
3951	1.15
3965	1.15
3958	1.51
3965	1.51
3974	1.20
3918	1.20
3953	1.83
3972	1.83
3931	1.16
3934	1.16
3972	4.01
3969	4.01
3986	2.26
3981	2.26
3987	0.53
3971	0.53
3982	0.96
3984	0.96
3980	1.56
3966	1.56
3947	1.29
3938	1.29
4000	0.00
4000	0.00
3980	0.14
3964	0.14
3986	1.37
3985	1.37
3999	0.00
4000	0.00
3990	0.74
3953	0.74
3941	1.43
3879	1.43
3802	12.15
3909	12.15
3818	0.76
3765	0.76
3771	0.93
3977	0.93
3991	0.05
3989	0.05
3967	0.00
3535	0.00
3981	0.40
3886	0.40
3847	0.74
3834	0.74
3959	0.00
3879	0.00
Bzy_MHz	CPU%c1	PkgWatt	UncMHz
3983	1.60	502.77	2400
3881	0.00	263.29	2400
3882	0.00
3887	0.00
3918	0.00
3890	0.00
3985	0.00
3891	0.00
3998	0.00
3950	0.00
3998	0.00
3894	0.00
3999	0.00
4002	0.00
3999	0.00
4000	0.00
3999	0.00
3888	2.06
3926	2.06
3999	0.00
3979	0.00
3888	0.25
3872	0.25
3968	0.30
3983	0.30
3979	0.18
3960	0.18
3968	0.19
3877	0.19
3938	0.15
3989	0.15
3949	0.03
3935	0.03
3900	0.02
3518	0.02
3999	0.00
3643	0.00
3976	0.13
3943	0.13
3941	0.03
3560	0.03
3955	0.78
3443	0.78
3999	0.29
3951	0.29
3999	0.00
3839	0.00
3956	0.69
3958	0.69
3985	0.68
3959	0.68
3956	0.90
3936	0.90
3933	0.02
3777	0.02
3955	2.18
3865	2.18
3971	1.61
3963	1.61
3927	4.81
3972	4.81
3927	3.09
3978	3.09
3945	3.49
3963	3.49
3984	1.74
3966	1.74
3992	3.30
3662	3.30
3999	0.00
3967	0.00
3936	3.78
3973	3.78
3885	5.85
3791	5.85
3960	1.00
3956	1.00
3962	0.14
3961	0.14
3969	0.21
3988	0.21
3993	2.77
3997	2.77
3998	0.27
3962	0.27
3998	1.98
3602	1.98
3958	0.51
3968	0.51
3964	1.49
3948	1.49
3971	1.13
3957	1.13
3986	1.21
3908	1.21
3961	0.16
3976	0.16
3907	0.02
3875	0.02
3937	0.02
3922	0.02
3985	14.56
3792	14.56
3792	2.29
3672	2.29
3824	0.02
3940	0.02
3635	0.02
3866	0.02
3949	0.62
3777	0.62
3963	2.21
3933	2.21
3902	0.00	238.66	2400
3998	0.00
3905	0.00
3999	0.00
3947	0.00
3998	0.00
4000	0.00
4000	0.00
3912	0.00
3999	0.00
3910	0.00
3996	0.00
3943	0.00
3999	0.00
3943	0.00
3999	0.00
3968	1.36
3870	1.36
3999	0.54
3990	0.54
3965	0.25
3937	0.25
3991	0.67
3994	0.67
3943	35.99
3994	35.99
3975	1.92
3886	1.92
3967	0.90
3997	0.90
3970	1.21
3997	1.21
3959	1.64
3940	1.64
3912	0.23
3996	0.23
3975	1.28
3995	1.28
3978	0.27
3985	0.27
3993	0.50
3983	0.50
3951	8.09
3960	8.09
3951	0.36
3941	0.36
3976	3.33
3980	3.33
3970	2.35
3975	2.35
4000	0.00
4000	0.00
3977	0.86
3993	0.86
3938	0.73
3984	0.73
3978	3.51
3843	3.51
3858	3.64
3975	3.64
4000	0.02
4000	0.02
3970	3.11
3982	3.11
3984	2.64
3984	2.64
3974	2.19
3961	2.19
3971	3.04
3982	3.04
3962	3.96
3977	3.96
3963	5.32
3975	5.32
3984	3.90
3979	3.90
3977	1.24
3974	1.24
3990	0.96
3978	0.96
3984	0.57
3951	0.57
3986	0.03
3908	0.03
4000	0.00
3999	0.00
3997	0.17
3971	0.17
3984	1.03
3986	1.03
4000	0.00
3999	0.00
3964	0.16
3905	0.16
3983	0.22
4000	0.22
3784	11.47
3982	11.47
3815	1.15
3914	1.15
3984	0.47
3991	0.47
3985	0.16
3976	0.16
3977	0.02
3977	0.02
3993	0.06
3991	0.06
3920	0.89
3945	0.89
3978	0.00
3902	0.00
Bzy_MHz	CPU%c1	PkgWatt	UncMHz
3982	2.35	504.40	2400
3881	0.00	264.31	2400
3881	0.00
3883	0.00
3918	0.00
3891	0.00
3984	0.00
3901	0.00
3998	0.00
3931	0.00
3998	0.00
3961	0.00
3998	0.00
3863	0.00
3998	0.00
4000	0.00
3998	0.00
3854	2.00
3904	2.00
3999	0.00
3972	0.00
3898	0.88
3949	0.88
3964	0.46
3982	0.46
3976	0.51
3908	0.51
3962	0.72
3844	0.72
3830	2.93
3860	2.93
3965	2.29
3937	2.29
3843	1.04
3715	1.04
3998	0.00
3559	0.00
3968	0.01
3736	0.01
3429	1.73
3924	1.73
3973	0.97
3429	0.97
3998	0.32
3929	0.32
3998	0.00
3799	0.00
3941	1.11
3693	1.11
3976	1.32
3817	1.32
3864	1.46
3938	1.46
3937	1.74
3892	1.74
3965	1.90
3319	1.90
3973	0.36
3342	0.36
3921	3.92
3978	3.92
3939	5.87
3894	5.87
3931	1.30
3757	1.30
3975	4.37
3867	4.37
3945	4.33
3804	4.33
3998	0.00
3990	0.00
3915	6.87
3902	6.87
3902	5.11
3833	5.11
3948	1.67
3781	1.67
3933	6.29
3935	6.29
3949	2.30
3922	2.30
3997	5.98
3994	5.98
3997	0.46
3979	0.46
3977	5.25
3946	5.25
3942	1.82
3905	1.82
3950	1.40
3948	1.40
3971	1.09
3966	1.09
3983	2.89
3835	2.89
3950	4.46
3835	4.46
3928	2.76
3773	2.76
3948	4.61
3944	4.61
3892	14.90
3800	14.90
3925	5.44
3699	5.44
3670	2.48
3943	2.48
3692	0.86
3994	0.86
3926	2.13
3859	2.13
3885	2.18
3891	2.18
3902	0.00	239.99	2400
3997	0.00
3893	0.00
3998	0.00
3935	0.00
3997	0.00
4000	0.00
3999	0.00
3890	0.00
3997	0.00
3933	0.00
3996	0.00
3883	0.00
3998	0.00
3900	0.00
3998	0.00
3960	1.03
3897	1.03
3989	1.67
3991	1.67
3933	37.98
3940	37.98
3876	0.78
3943	0.78
3951	8.14
3974	8.14
3969	2.15
3907	2.15
3926	1.63
3953	1.63
3967	2.81
3988	2.81
3928	6.03
3991	6.03
3819	0.25
3996	0.25
3959	0.51
3958	0.51
3974	0.57
3916	0.57
3704	1.32
3866	1.32
3860	3.14
3981	3.14
3848	3.62
3939	3.62
3894	4.19
3910	4.19
3888	4.52
3901	4.52
3999	0.00
4000	0.00
3967	4.21
3958	4.21
3856	3.74
3976	3.74
3853	4.16
3765	4.16
3668	0.67
3820	0.67
3999	0.02
4000	0.02
3855	2.14
3901	2.14
3845	1.80
3910	1.80
3952	1.31
3731	1.31
3884	2.31
3977	2.31
3891	1.87
3979	1.87
3966	5.06
3925	5.06
3976	3.27
3975	3.27
3962	4.13
3967	4.13
3972	0.94
3967	0.94
3967	0.01
3985	0.01
3933	0.10
3605	0.10
3999	0.00
4001	0.00
3969	1.20
3956	1.20
3974	1.26
3907	1.26
3999	0.00
3988	0.00
3854	0.94
3738	0.94
3846	4.87
3790	4.87
3944	8.00
3924	8.00
3797	1.50
3909	1.50
3685	0.49
3974	0.49
3982	0.62
3984	0.62
3963	1.65
3992	1.65
3991	1.93
3718	1.93
3922	1.88
3828	1.88
3931	0.31
3731	0.31
Bzy_MHz	CPU%c1	PkgWatt	UncMHz
3983	2.79	504.60	2400
3881	0.00	265.28	2400
3882	0.00
3883	0.00
3918	0.00
3894	0.00
3985	0.00
3900	0.00
3998	0.00
3940	0.00
3998	0.00
3903	0.00
3999	0.00
3951	0.00
3999	0.00
4000	0.00
3999	0.00
3849	1.91
3934	1.91
4000	10.35
3889	10.35
3974	5.19
3991	5.19
3975	0.79
3985	0.79
3978	0.54
3951	0.54
3994	0.35
3843	0.35
3999	0.38
3991	0.38
3926	4.50
3962	4.50
3999	0.01
3772	0.01
3999	5.78
3987	5.78
3971	1.78
3326	1.78
3956	0.04
3395	0.04
3997	0.43
3371	0.43
3999	0.32
3962	0.32
3999	0.00
3649	0.00
3951	1.37
3600	1.37
3979	1.29
3856	1.29
3924	0.22
3900	0.22
3954	4.53
3722	4.53
3965	1.78
3260	1.78
3997	3.69
3698	3.69
3937	2.60
3971	2.60
3948	0.72
3853	0.72
3946	0.73
3657	0.73
3986	0.61
3956	0.61
3931	5.55
3898	5.55
3999	0.00
3991	0.00
3940	5.39
3925	5.39
3999	0.58
3984	0.58
3925	5.44
3731	5.44
3934	4.54
3882	4.54
3939	2.26
3986	2.26
3966	0.10
3474	0.10
3977	0.33
3989	0.33
3976	3.39
3971	3.39
3951	0.60
3994	0.60
3976	1.44
3200	1.44
3957	0.49
3955	0.49
3993	0.59
3906	0.59
3968	9.24
3923	9.24
3992	4.37
3973	4.37
3985	2.72
3920	2.72
3986	9.37
3789	9.37
3979	4.18
3818	4.18
3959	0.64
3709	0.64
3922	3.42
3556	3.42
3923	0.78
3819	0.78
3904	3.29
3908	3.29
3896	0.00	239.43	2400
3998	0.00
3890	0.00
3999	0.00
3939	0.00
3998	0.00
4000	0.00
4000	0.00
3926	0.00
3999	0.00
3927	0.00
3996	0.00
3902	0.00
3998	0.00
3924	0.00
3999	0.00
3985	1.13
4000	1.13
3984	0.84
3997	0.84
3923	45.71
3974	45.71
3966	0.80
3978	0.80
3975	1.03
3999	1.03
3970	1.89
3936	1.89
3942	0.62
3995	0.62
3967	3.23
3997	3.23
3922	1.90
3949	1.90
3973	0.19
4000	0.19
3908	0.01
3958	0.01
3978	0.34
3898	0.34
3776	0.94
3827	0.94
3984	0.32
3816	0.32
3886	0.35
3533	0.35
3983	1.82
3923	1.82
3977	1.29
3747	1.29
4000	0.00
4000	0.00
3926	27.51
3878	27.51
3987	1.46
3930	1.46
3940	45.23
3862	45.23
3928	0.55
3921	0.55
4000	0.00
3999	0.00
3976	1.18
3842	1.18
3989	0.21
3994	0.21
3898	1.12
3962	1.12
3965	4.57
3969	4.57
3969	2.37
3985	2.37
3967	2.17
3976	2.17
3979	4.97
3980	4.97
3977	5.49
3971	5.49
3989	1.96
3981	1.96
3982	3.73
3973	3.73
3882	0.11
3950	0.11
4000	0.00
4001	0.00
3987	2.02
3914	2.02
3985	3.25
3978	3.25
4000	0.00
3994	0.00
3982	2.07
3920	2.07
3941	1.99
3894	1.99
3876	14.15
3580	14.15
3993	1.41
3865	1.41
3841	0.53
3980	0.53
3991	0.03
3984	0.03
3985	0.17
3977	0.17
3985	0.38
3886	0.38
3949	2.28
3941	2.28
3977	0.13
3991	0.13
turbostat: cpu56 jitter 1420 510
turbostat: cpu63 jitter 4744 604
Bzy_MHz	CPU%c1	PkgWatt	UncMHz
3982	2.56	506.27	2400
3878	0.00	266.47	2400
3879	0.00
3884	0.00
3918	0.00
3886	0.00
3986	0.00
3874	0.00
3998	0.00
3977	0.00
3999	0.00
3912	0.00
3999	0.00
3870	0.00
3999	0.00
4000	0.00
3999	0.00
3818	5.81
3921	5.81
3995	4.69
3977	4.69
3921	3.83
3984	3.83
3942	1.85
3840	1.85
3990	1.95
3965	1.95
3992	1.15
3926	1.15
3931	0.69
3978	0.69
3973	2.71
3949	2.71
3999	0.25
3875	0.25
3935	0.95
3911	0.95
3969	1.97
3988	1.97
3959	0.14
3852	0.14
3986	0.40
3231	0.40
3998	0.31
3901	0.31
3999	0.00
3668	0.00
3955	0.98
3963	0.98
3977	1.36
3748	1.36
3870	0.31
3848	0.31
3979	2.91
3601	2.91
3977	1.71
3239	1.71
3994	1.63
3366	1.63
3934	3.57
3973	3.57
3959	2.04
3746	2.04
3943	0.61
3850	0.61
3980	1.16
3963	1.16
3905	4.52
3676	4.52
3999	0.00
3985	0.00
3975	2.77
3819	2.77
3999	0.00
3967	0.00
3952	5.53
3543	5.53
3918	17.44
3905	17.44
3961	28.21
3986	28.21
3957	0.64
3824	0.64
3999	0.06
3985	0.06
3992	5.62
3879	5.62
3953	0.15
3828	0.15
3955	0.17
3705	0.17
3961	0.27
3953	0.27
3987	3.26
3998	3.26
3933	8.47
3910	8.47
3981	2.77
3512	2.77
3937	1.78
3962	1.78
3981	2.18
3982	2.18
3972	12.51
3858	12.51
3972	2.58
3919	2.58
3966	1.31
3327	1.31
3918	0.79
3686	0.79
3873	3.02
3811	3.02
3920	0.00	239.86	2400
3997	0.00
3956	0.00
3999	0.00
3949	0.00
3997	0.00
3998	0.00
3999	0.00
3961	0.00
3998	0.00
3920	0.00
3996	0.00
3935	0.00
3998	0.00
3937	0.00
3998	0.00
3964	0.75
3987	0.75
3967	3.22
3983	3.22
3924	4.97
3996	4.97
3951	0.61
3926	0.61
3939	0.70
3759	0.70
3957	2.24
3900	2.24
3950	0.35
3883	0.35
3969	2.65
3986	2.65
3940	3.77
3584	3.77
3933	2.71
3991	2.71
3941	1.10
3960	1.10
3969	1.09
3941	1.09
3886	9.84
3896	9.84
3906	0.10
3966	0.10
3907	0.25
3762	0.25
3925	3.40
3974	3.40
3980	1.89
3856	1.89
3999	0.00
3977	0.00
3921	0.90
3737	0.90
3818	0.04
3978	0.04
3882	6.67
3915	6.67
3746	5.58
3951	5.58
3999	0.01
4000	0.01
3930	17.93
3905	17.93
3899	7.36
3883	7.36
3955	1.18
3835	1.18
3942	1.91
3961	1.91
3909	1.67
3984	1.67
3969	2.61
3727	2.61
3967	13.92
3958	13.92
3964	5.43
3976	5.43
3977	4.55
3931	4.55
3973	2.73
3965	2.73
3940	4.70
3833	4.70
3999	0.00
3999	0.00
3951	0.63
3925	0.63
3970	0.70
3991	0.70
3999	0.00
3996	0.00
3945	0.38
3961	0.38
3924	4.53
3818	4.53
3789	11.21
3890	11.21
3973	2.12
3893	2.12
3834	0.17
3905	0.17
3957	0.50
3878	0.50
3980	1.60
3976	1.60
3492	0.03
3799	0.03
3934	0.71
3928	0.71
3963	0.74
3844	0.74
Bzy_MHz	CPU%c1	PkgWatt	UncMHz
3984	1.56	502.71	2400
3881	0.00	263.92	2400
3882	0.00
3888	0.00
3921	0.00
3896	0.00
3988	0.00
3899	0.00
3999	0.00
3958	0.00
3999	0.00
3902	0.00
4000	0.00
3855	0.00
3999	0.00
4000	0.00
4000	0.00
3923	2.64
3878	2.64
4000	0.00
3975	0.00
3933	0.35
3981	0.35
3971	0.30
3963	0.30
3984	0.22
3965	0.22
3992	0.63
3601	0.63
3951	0.85
3979	0.85
3962	0.27
3975	0.27
3929	0.32
3854	0.32
3997	0.25
3395	0.25
3962	0.03
3912	0.03
3968	0.06
3987	0.06
3975	0.44
3384	0.44
3999	0.37
3635	0.37
4000	0.00
3671	0.00
3956	0.51
3982	0.51
3983	1.76
3920	1.76
3959	0.13
3880	0.13
3959	0.01
3867	0.01
3973	2.19
3394	2.19
3982	0.46
3443	0.46
3943	3.47
3980	3.47
3996	0.80
3957	0.80
3925	2.47
3816	2.47
3989	0.92
3968	0.92
3901	5.62
3962	5.62
4000	0.00
3976	0.00
3977	0.38
3974	0.38
4000	0.00
3981	0.00
3951	4.08
3757	4.08
3940	19.76
3933	19.76
3937	23.43
3975	23.43
3962	1.57
3548	1.57
3979	0.05
3993	0.05
3998	2.37
3999	2.37
3964	0.15
3940	0.15
3965	0.03
3879	0.03
3975	0.62
3957	0.62
3997	0.79
3884	0.79
3974	0.10
3984	0.10
3939	0.66
3773	0.66
3949	0.06
3897	0.06
3760	0.01
3963	0.01
3773	0.37
3803	0.37
3978	0.13
3979	0.13
3846	1.57
3647	1.57
3895	0.87
3878	0.87
3883	2.91
3942	2.91
3923	0.00	238.66	2400
3999	0.00
3856	0.00
3999	0.00
3926	0.00
3997	0.00
4000	0.00
4000	0.00
3943	0.00
3999	0.00
3931	0.00
3996	0.00
3945	0.00
3999	0.00
3929	0.00
3999	0.00
3972	0.45
3997	0.45
3987	0.06
3996	0.06
3954	1.59
3933	1.59
3970	1.45
3993	1.45
3971	1.29
3996	1.29
3972	1.25
3961	1.25
3976	0.66
3993	0.66
3943	4.32
3994	4.32
3962	2.87
3978	2.87
3949	3.76
3996	3.76
3974	0.50
3944	0.50
3987	0.06
3993	0.06
3972	0.49
3995	0.49
3939	0.24
3727	0.24
3953	0.40
3947	0.40
3979	0.44
3985	0.44
3983	0.37
3818	0.37
4000	0.02
4000	0.02
3958	0.50
3638	0.50
3962	0.18
3973	0.18
3857	2.69
3762	2.69
3744	0.50
3987	0.50
4000	0.00
3998	0.00
3976	0.31
3844	0.31
3957	0.42
3983	0.42
3972	1.03
3868	1.03
3962	1.61
3966	1.61
3939	4.59
3983	4.59
3960	3.42
3935	3.42
3971	5.47
3978	5.47
3977	2.76
3990	2.76
3976	2.85
3979	2.85
3981	2.73
3981	2.73
3969	16.61
3799	16.61
4000	0.00
3998	0.00
3986	0.20
3998	0.20
3981	2.58
3977	2.58
4000	0.00
4000	0.00
3985	1.24
3987	1.24
3992	2.98
3983	2.98
3794	9.68
3971	9.68
3696	3.71
3965	3.71
3926	0.11
3984	0.11
3965	0.39
3936	0.39
3985	0.73
3988	0.73
3985	0.14
3947	0.14
3974	0.93
3945	0.93
3974	1.01
3887	1.01
Bzy_MHz	CPU%c1	PkgWatt	UncMHz
3983	1.61	502.93	2400
3878	0.00	264.16	2400
3879	0.00
3888	0.00
3923	0.00
3900	0.00
3988	0.00
3897	0.00
3998	0.00
3931	0.00
3998	0.00
3809	0.00
3998	0.00
3666	0.00
3998	0.00
3745	0.00
3999	0.00
3993	0.35
3886	0.35
3999	0.00
3880	0.00
3910	0.18
3955	0.18
3998	1.07
3735	1.07
3989	1.00
3859	1.00
3985	1.64
3786	1.64
3929	35.45
3883	35.45
3944	0.72
3842	0.72
3982	0.35
3893	0.35
3870	0.17
3441	0.17
3974	0.87
3934	0.87
3941	0.23
3960	0.23
3990	0.24
3364	0.24
3998	0.37
3778	0.37
3999	0.00
3680	0.00
3993	1.24
3861	1.24
3980	1.47
3801	1.47
3904	0.70
3896	0.70
3782	0.04
3726	0.04
3944	2.58
3363	2.58
3996	1.18
3288	1.18
3923	3.86
3996	3.86
3992	0.94
3766	0.94
3928	2.99
3738	2.99
3986	0.39
3828	0.39
3938	2.14
3503	2.14
3999	0.00
3972	0.00
3953	2.34
3870	2.34
3999	0.83
3990	0.83
3884	2.81
3520	2.81
3913	3.08
3881	3.08
3946	8.66
3983	8.66
3999	0.77
3964	0.77
3967	0.39
3980	0.39
3994	0.43
3990	0.43
3997	0.53
3876	0.53
3963	0.30
3922	0.30
3972	0.53
3922	0.53
3974	0.57
3856	0.57
3965	0.12
3927	0.12
3934	0.06
3768	0.06
3741	0.41
3912	0.41
3861	0.01
3906	0.01
3762	0.29
3732	0.29
3907	0.03
3705	0.03
3776	0.06
3406	0.06
3868	0.37
3749	0.37
3867	4.58
3813	4.58
3917	0.00	239.29	2400
3998	0.00
3860	0.00
3999	0.00
3927	0.00
3997	0.00
4000	0.00
3999	0.00
3962	0.00
3999	0.00
3925	0.00
3995	0.00
3962	0.00
3999	0.00
3881	0.00
3999	0.00
3972	0.19
3992	0.19
3963	0.33
3978	0.33
3992	0.22
3999	0.22
3963	1.34
3981	1.34
3917	0.61
3953	0.61
3876	2.12
3923	2.12
3916	0.63
3982	0.63
3953	2.55
3986	2.55
3960	2.48
3997	2.48
3961	3.64
3991	3.64
3931	2.11
3960	2.11
3974	1.01
3995	1.01
3864	3.83
3917	3.83
3942	0.42
4000	0.42
3880	0.93
3961	0.93
3972	0.41
3893	0.41
3967	0.26
3787	0.26
3999	0.00
4000	0.00
3904	1.29
3733	1.29
3974	0.17
3791	0.17
3893	3.70
3723	3.70
3906	0.85
3929	0.85
3999	0.02
4002	0.02
3968	2.09
3959	2.09
3960	0.27
3974	0.27
3965	0.88
3860	0.88
3963	1.22
3964	1.22
3962	2.40
3911	2.40
3964	2.20
3887	2.20
3988	4.30
3981	4.30
3975	1.35
3971	1.35
3986	5.18
3913	5.18
3980	2.78
3982	2.78
3883	16.75
3829	16.75
3999	0.00
3974	0.00
3954	1.28
3925	1.28
3979	2.88
3980	2.88
3999	0.00
3996	0.00
3976	1.58
3976	1.58
3922	1.90
3920	1.90
3788	12.96
3904	12.96
3870	1.22
3918	1.22
3758	0.53
3974	0.53
3972	0.04
3818	0.04
3983	0.26
3967	0.26
3975	0.20
3984	0.20
3982	0.94
3945	0.94
3973	0.16
3920	0.16
turbostat: cpu60 jitter 3610 1792
Bzy_MHz	CPU%c1	PkgWatt	UncMHz
3984	1.57	503.31	2400
3881	0.00	263.82	2400
3882	0.00
3887	0.00
3922	0.00
3895	0.00
3985	0.00
3908	0.00
3999	0.00
3940	0.00
3998	0.00
3913	0.00
3999	0.00
3999	0.00
3999	0.00
3999	0.00
3999	0.00
3952	0.01
3898	0.01
4000	0.00
3988	0.00
3997	0.28
3957	0.28
3999	0.51
3898	0.51
3966	0.62
3952	0.62
3991	0.66
3570	0.66
3941	19.94
3971	19.94
3958	0.15
3969	0.15
3903	0.86
3970	0.86
3997	0.22
3976	0.22
3981	0.51
3979	0.51
3942	1.00
3980	1.00
3999	0.83
3975	0.83
3037	0.10
3945	0.10
3999	0.00
3890	0.00
3998	0.51
3979	0.51
3973	0.86
3944	0.86
3952	0.44
3958	0.44
3917	0.10
3907	0.10
3970	3.44
3382	3.44
3996	0.61
3477	0.61
3942	0.75
3737	0.75
3941	1.41
3973	1.41
3944	1.26
3735	1.26
3987	0.32
3941	0.32
3964	2.48
3719	2.48
3999	0.00
3992	0.00
3958	4.56
3932	4.56
3973	0.39
3999	0.39
3925	2.14
3788	2.14
3969	1.40
3985	1.40
3942	26.92
3945	26.92
4000	0.16
3988	0.16
3977	0.17
3992	0.17
3959	0.36
3618	0.36
3805	1.10
3998	1.10
3971	0.25
3956	0.25
3967	0.33
3988	0.33
3994	0.60
3932	0.60
3989	0.20
3982	0.20
3937	0.73
3943	0.73
3899	0.82
3981	0.82
3988	0.29
3960	0.29
3761	0.28
3809	0.28
3969	0.03
3996	0.03
3872	1.94
3734	1.94
3983	0.68
3811	0.68
3863	8.35
3940	8.35
3892	0.00	239.11	2400
3998	0.00
3885	0.00
3999	0.00
3973	0.00
3999	0.00
4000	0.00
4000	0.00
3970	0.00
3999	0.00
3936	0.00
3996	0.00
3956	0.00
3999	0.00
3978	0.00
4000	0.00
3980	0.88
3996	0.88
3999	0.14
3991	0.14
3960	0.14
3993	0.14
3986	1.29
3987	1.29
3970	1.52
3956	1.52
3975	3.11
3915	3.11
3972	1.58
3997	1.58
3973	1.11
3997	1.11
3967	1.15
3856	1.15
3957	4.01
3996	4.01
3966	2.06
3958	2.06
3980	0.89
4000	0.89
3977	3.63
3982	3.63
3973	0.66
3974	0.66
3950	0.88
3973	0.88
3982	0.56
3934	0.56
3985	0.82
3991	0.82
4000	0.02
4000	0.02
3977	0.87
3991	0.87
3989	0.05
3957	0.05
3965	3.05
3819	3.05
3983	0.87
3995	0.87
4000	0.00
4000	0.00
3986	1.71
3995	1.71
3989	0.11
4001	0.11
3976	0.93
3935	0.93
3981	1.93
3960	1.93
3981	0.56
3991	0.56
3975	2.41
3974	2.41
3986	2.32
3987	2.32
3986	0.54
4000	0.54
3991	6.60
3852	6.60
3987	2.92
3973	2.92
3983	12.74
3864	12.74
4000	0.00
4002	0.00
3991	0.46
3984	0.46
3987	0.71
3989	0.71
4000	0.00
4000	0.00
3987	1.16
3983	1.16
3987	1.99
3978	1.99
3803	10.79
3977	10.79
3971	0.79
3964	0.79
3975	0.77
3994	0.77
3990	0.54
3996	0.54
3979	0.40
3989	0.40
3978	2.34
3968	2.34
3980	2.34
3990	2.34
3978	1.72
3982	1.72
turbostat: cpu56 jitter 1440 4632
Bzy_MHz	CPU%c1	PkgWatt	UncMHz
3983	1.61	504.52	2400
3879	0.00	265.07	2400
3881	0.00
3885	0.00
3918	0.00
3899	0.00
3989	0.00
3912	0.00
3999	0.00
3971	0.00
3999	0.00
3873	0.00
3999	0.00
3998	0.00
3999	0.00
4000	0.00
3999	0.00
3790	0.50
3841	0.50
3999	0.00
3989	0.00
3999	0.45
3969	0.45
3977	0.86
3783	0.86
3974	0.22
3956	0.22
3993	0.16
3824	0.16
3949	1.43
3986	1.43
3959	0.56
3855	0.56
3911	0.12
3848	0.12
3997	0.42
3976	0.42
3981	0.06
3286	0.06
3895	0.34
3880	0.34
3999	0.01
3643	0.01
3809	0.21
3914	0.21
3999	0.00
3732	0.00
3950	1.26
3972	1.26
3983	1.58
3901	1.58
3905	0.44
3969	0.44
3941	0.51
3906	0.51
3965	5.79
3954	5.79
3999	2.12
3998	2.12
3996	0.67
3956	0.67
3890	1.83
3791	1.83
3937	3.09
3612	3.09
3993	0.15
3903	0.15
3947	2.54
3402	2.54
3999	0.00
3990	0.00
3977	1.31
3867	1.31
3976	0.31
3791	0.31
3863	2.70
3777	2.70
3948	2.32
3948	2.32
3937	41.41
3995	41.41
3958	1.47
3996	1.47
3975	0.29
3980	0.29
3959	0.18
3748	0.18
3929	0.02
3912	0.02
3968	0.03
3964	0.03
3960	0.41
3932	0.41
3983	0.82
3841	0.82
3924	0.46
3831	0.46
3968	0.26
3756	0.26
3693	0.17
3976	0.17
3773	0.26
3975	0.26
3967	0.50
3814	0.50
3980	0.13
3922	0.13
3721	0.55
3692	0.55
3907	0.45
3878	0.45
3858	7.14
3852	7.14
3886	0.00	239.46	2400
3998	0.00
3894	0.00
3999	0.00
3950	0.00
3997	0.00
4000	0.00
3999	0.00
3861	0.00
3998	0.00
3946	0.00
3995	0.00
3915	0.00
3998	0.00
3932	0.00
3998	0.00
3965	0.44
3963	0.44
3961	2.62
3971	2.62
3904	0.31
3987	0.31
3963	1.31
3973	1.31
3907	0.72
3974	0.72
3936	2.56
3875	2.56
3915	1.00
3983	1.00
3924	0.30
3995	0.30
3966	2.46
3899	2.46
3963	2.69
3991	2.69
3943	0.89
3983	0.89
3972	1.55
3994	1.55
3969	3.33
3916	3.33
3946	3.09
3844	3.09
3937	1.26
3918	1.26
3965	0.53
3988	0.53
3976	1.62
3826	1.62
3999	0.00
4000	0.00
3932	2.12
3925	2.12
3959	1.63
3848	1.63
3921	1.45
3814	1.45
3960	1.25
3956	1.25
3999	0.02
4000	0.02
3929	2.41
3890	2.41
3944	0.75
3964	0.75
3932	1.14
3897	1.14
3936	1.27
3962	1.27
3902	0.16
3864	0.16
3985	0.20
3984	0.20
3979	0.69
3954	0.69
3974	2.15
3956	2.15
3974	18.19
3790	18.19
3976	0.95
3946	0.95
3950	1.15
3934	1.15
3999	0.01
3686	0.01
3968	0.77
3836	0.77
3974	2.20
3979	2.20
3999	0.00
3998	0.00
3971	1.21
3982	1.21
3959	5.87
3915	5.87
3807	9.27
3936	9.27
3991	4.23
3959	4.23
3734	2.39
3971	2.39
3983	0.27
3871	0.27
3984	1.18
3978	1.18
3995	1.99
3967	1.99
3965	1.87
3982	1.87
3981	0.48
3926	0.48
