{
  "workload": "code",
  "model": "Qwen/Qwen2.5-0.5B-Instruct",
  "num_prompts": 50,
  "num_speculative_tokens": 7,
  "output_tps": 7793.912510228589,
  "generate_wall_s": 3.2846147511154413,
  "init_wall_s": 18.645843747071922,
  "total_in_tokens": 16082,
  "total_out_tokens": 25600
}