{
  "mix": "balanced",
  "mix_counts": {
    "sonnet": 170,
    "chat": 165,
    "code": 165
  },
  "num_prompts": 500,
  "max_tokens": 32,
  "concurrency": 32,
  "scenarios": [
    {
      "scenario": "vanilla-only",
      "n_prompts": 500,
      "wall_s": 9.855958606814966,
      "total_out_tokens": 16000,
      "tps": 1623.3834412551914,
      "latency_p50_s": 0.6083480899687856,
      "latency_p99_s": 0.7262091950979084,
      "backend_counts": {
        "direct": 500
      },
      "concurrency": 32
    },
    {
      "scenario": "trident-only",
      "n_prompts": 500,
      "wall_s": 9.852372016990557,
      "total_out_tokens": 16000,
      "tps": 1623.9744066106894,
      "latency_p50_s": 0.5689565769862384,
      "latency_p99_s": 1.373725804965943,
      "backend_counts": {
        "direct": 500
      },
      "concurrency": 32
    },
    {
      "scenario": "agsd-gated",
      "n_prompts": 500,
      "wall_s": 3.965308689046651,
      "total_out_tokens": 16000,
      "tps": 4034.99481495519,
      "latency_p50_s": 0.177664611954242,
      "latency_p99_s": 0.47332346299663186,
      "backend_counts": {
        "trident": 335,
        "vanilla": 165
      },
      "concurrency": 32
    }
  ],
  "gating_stats": {
    "total": 501,
    "by_backend": {
      "vanilla": 165,
      "trident": 336
    },
    "by_workload": {
      "sonnet": 164,
      "chat": 165,
      "code": 172
    },
    "classify_time_total_s": 0.6503953833598644,
    "forward_time_total_s": 116.10819564876147,
    "classify_ms_avg": 1.298194377963801,
    "forward_ms_avg": 231.75288552647
  }
}