{"total":501,"by_backend":{"vanilla":165,"trident":336},"by_workload":{"sonnet":164,"chat":165,"code":172},"classify_time_total_s":0.6503953833598644,"forward_time_total_s":116.10819564876147,"classify_ms_avg":1.298194377963801,"forward_ms_avg":231.75288552647}