{
  "output_tps": 10796.595266337428,
  "prompt_tps": 2353.9658414190217,
  "generate_wall_s": 372.26198638114147,
  "total_in_tokens": 876292,
  "total_out_tokens": 4019162,
  "num_prompts_done": 500,
  "init_wall_s": 87.94305782206357,
  "spec_decode": {
    "method": "ngram",
    "num_speculative_tokens": 7,
    "prompt_lookup_max": 5,
    "prompt_lookup_min": 2
  }
}