{
  "mix": "code-heavy",
  "mix_counts": {
    "sonnet": 50,
    "chat": 100,
    "code": 350
  },
  "num_prompts": 500,
  "max_tokens": 32,
  "concurrency": 32,
  "scenarios": [
    {
      "scenario": "agsd-gated",
      "n_prompts": 500,
      "wall_s": 3.4224422709085047,
      "total_out_tokens": 16000,
      "tps": 4675.024071553651,
      "latency_p50_s": 0.16097891610115767,
      "latency_p99_s": 0.3959327470511198,
      "backend_counts": {
        "trident": 400,
        "vanilla": 100
      },
      "concurrency": 32
    }
  ],
  "gating_stats": {
    "total": 501,
    "by_backend": {
      "vanilla": 100,
      "trident": 401
    },
    "by_workload": {
      "sonnet": 48,
      "chat": 100,
      "code": 353
    },
    "classify_time_total_s": 0.7642383130732924,
    "forward_time_total_s": 99.41541983583011,
    "classify_ms_avg": 1.5254257745973898,
    "forward_ms_avg": 198.43397172820383
  },
  "agsd_only": true
}