{"total":501,"by_backend":{"vanilla":100,"trident":401},"by_workload":{"sonnet":48,"chat":100,"code":353},"classify_time_total_s":0.7642383130732924,"forward_time_total_s":99.41541983583011,"classify_ms_avg":1.5254257745973898,"forward_ms_avg":198.43397172820383}