{
  "output_tps": 10770.225089735768,
  "prompt_tps": 2348.2163904651607,
  "generate_wall_s": 373.1734449849464,
  "total_in_tokens": 876292,
  "total_out_tokens": 4019162,
  "num_prompts_done": 500,
  "init_wall_s": 95.19344497914426,
  "spec_decode": {
    "method": "ngram",
    "num_speculative_tokens": 7,
    "prompt_lookup_max": 5,
    "prompt_lookup_min": 2
  }
}