{
  "mix": "balanced",
  "mix_counts": {
    "sonnet": 170,
    "chat": 165,
    "code": 165
  },
  "num_prompts": 500,
  "max_tokens": 256,
  "concurrency": 32,
  "scenarios": [
    {
      "scenario": "vanilla-only",
      "n_prompts": 500,
      "wall_s": 44.85637647099793,
      "total_out_tokens": 124232,
      "tps": 2769.5505025985035,
      "latency_p50_s": 2.854792753001675,
      "latency_p99_s": 2.896957874065265,
      "backend_counts": {
        "direct": 500
      },
      "concurrency": 32
    },
    {
      "scenario": "trident-only",
      "n_prompts": 500,
      "wall_s": 13.915017782943323,
      "total_out_tokens": 124202,
      "tps": 8925.752157661176,
      "latency_p50_s": 0.8002650791313499,
      "latency_p99_s": 2.2079114930238575,
      "backend_counts": {
        "direct": 500
      },
      "concurrency": 32
    },
    {
      "scenario": "agsd-gated",
      "n_prompts": 500,
      "wall_s": 22.414767276961356,
      "total_out_tokens": 124668,
      "tps": 5561.869033016368,
      "latency_p50_s": 0.6352612271439284,
      "latency_p99_s": 2.9514002702198923,
      "backend_counts": {
        "trident": 335,
        "vanilla": 165
      },
      "concurrency": 32
    }
  ],
  "gating_stats": {
    "total": 501,
    "by_backend": {
      "vanilla": 165,
      "trident": 336
    },
    "by_workload": {
      "sonnet": 164,
      "chat": 165,
      "code": 172
    },
    "classify_time_total_s": 0.4032697002403438,
    "forward_time_total_s": 662.3290030332282,
    "classify_ms_avg": 0.8049295413978919,
    "forward_ms_avg": 1322.013978110236
  }
}