{
  "workload": "chat",
  "num_prompts": 500,
  "num_speculative_tokens": 32,
  "output_tps": 3582.44900415103,
  "generate_wall_s": 103.1048870680388,
  "init_wall_s": 84.13686809502542,
  "total_in_tokens": 883269,
  "total_out_tokens": 369368
}