{
  "workload": "chat",
  "num_prompts": 200,
  "num_speculative_tokens": 0,
  "output_tps": 4999.774909243789,
  "generate_wall_s": 17.898005735129118,
  "init_wall_s": 87.42217526398599,
  "total_in_tokens": 88682,
  "total_out_tokens": 89486
}