{
  "model": "BAAI/bge-large-en-v1.5",
  "batch_size": 32,
  "num_threads": 20,
  "load_wall_s": 0.31505584716796875,
  "duration_s": 601.1720929145813,
  "total_sentences": 15264,
  "total_batches": 477,
  "avg_sps": 25.390400153136873
}