{
  "model": "Qwen/Qwen2.5-1.5B-Instruct",
  "num_threads": 16,
  "batch_size": 8,
  "max_tokens": 128,
  "duration_target_s": 600,
  "elapsed_s": 605.7413160800934,
  "num_gens": 49,
  "total_out_tokens": 50176,
  "tps": 82.83403933002573
}