{
  "model": "BAAI/bge-reranker-large",
  "batch_size": 16,
  "num_threads": 20,
  "load_wall_s": 1.343623161315918,
  "duration_s": 600.2834289073944,
  "total_pairs": 14576,
  "total_batches": 911,
  "avg_pps": 24.281863030153104
}