{
  "output_tps": 9635.449496655401,
  "prompt_tps": 2100.8029311391665,
  "generate_wall_s": 417.12241877196357,
  "total_in_tokens": 876292,
  "total_out_tokens": 4019162,
  "num_prompts_done": 500,
  "init_wall_s": 132.96975083486177,
  "spec_decode": {
    "method": "ngram",
    "num_speculative_tokens": 7,
    "prompt_lookup_max": 5,
    "prompt_lookup_min": 2
  }
}