{
  "model": "meta-llama/Llama-3.3-70B-Instruct",
  "tensor_parallel_size": 8,
  "max_model_len": 16384,
  "max_num_seqs": 64,
  "num_prompts": 100,
  "target_input_len": 8192,
  "max_tokens": 4096,
  "enable_neo_asymmetric": true,
  "init_s": 76.23814552184194,
  "generate_wall_s": 745.8519896008074,
  "total_input_tokens": 541810,
  "total_output_tokens": 409600,
  "prompt_tps": 726.4309910736926,
  "output_tps": 549.1706205935374,
  "req_per_s": 0.13407485854334408,
  "log_metrics": {
    "preempt_count": null,
    "kv_cache_size_tokens": 236992,
    "max_concurrency": 14.46
  }
}