{
  "output_tps": 10546.67628601668,
  "prompt_tps": 2287.045226346033,
  "generate_wall_s": 383.1546442131512,
  "total_in_tokens": 876292,
  "total_out_tokens": 4041008,
  "num_prompts_done": 500,
  "init_wall_s": 89.43638273095712,
  "spec_decode": {
    "method": "ngram",
    "num_speculative_tokens": 8,
    "prompt_lookup_max": 5,
    "prompt_lookup_min": 2
  }
}