{
  "model": "meta-llama/Llama-3.3-70B-Instruct",
  "tensor_parallel_size": 8,
  "max_model_len": 16384,
  "max_num_seqs": 256,
  "num_prompts": 500,
  "target_input_len": 8192,
  "max_tokens": 8192,
  "init_s": 54.35866397572681,
  "generate_wall_s": 1869.6110536432825,
  "total_input_tokens": 2709037,
  "total_output_tokens": 4096000,
  "prompt_tps": 1448.9842658562277,
  "output_tps": 2190.830008208492,
  "req_per_s": 0.2674353037363882,
  "log_metrics": {
    "preempt_count": null,
    "kv_cache_size_tokens": 1274800,
    "max_concurrency": 77.81
  }
}