{
  "model": "meta-llama/Llama-3.3-70B-Instruct",
  "tensor_parallel_size": 8,
  "max_model_len": 16384,
  "max_num_seqs": 256,
  "num_prompts": 100,
  "target_input_len": 15360,
  "max_tokens": 1024,
  "init_s": 53.13213378190994,
  "generate_wall_s": 70.18306592293084,
  "total_input_tokens": 541810,
  "total_output_tokens": 102400,
  "prompt_tps": 7719.953422880818,
  "output_tps": 1459.0414176611648,
  "req_per_s": 1.4248451344347313,
  "log_metrics": {
    "preempt_count": null,
    "kv_cache_size_tokens": 1274800,
    "max_concurrency": 77.81
  }
}