{
  "model": "meta-llama/Llama-3.3-70B-Instruct",
  "tensor_parallel_size": 8,
  "max_model_len": 16384,
  "max_num_seqs": 256,
  "num_prompts": 1000,
  "target_input_len": 2048,
  "max_tokens": 16,
  "init_s": 54.31406168313697,
  "generate_wall_s": 88.74890955490991,
  "total_input_tokens": 2132771,
  "total_output_tokens": 16000,
  "prompt_tps": 24031.517803386996,
  "output_tps": 180.2839052360483,
  "req_per_s": 11.267744077253019,
  "log_metrics": {
    "preempt_count": null,
    "kv_cache_size_tokens": 1274800,
    "max_concurrency": 77.81
  }
}