{
  "model": "meta-llama/Llama-3.3-70B-Instruct",
  "tensor_parallel_size": 8,
  "max_model_len": 16384,
  "max_num_seqs": 256,
  "num_prompts": 5000,
  "target_input_len": 8192,
  "max_tokens": 8192,
  "init_s": 53.96901931986213,
  "generate_wall_s": 16839.021371609066,
  "total_input_tokens": 27090421,
  "total_output_tokens": 40960000,
  "prompt_tps": 1608.7883257678504,
  "output_tps": 2432.4453954942655,
  "req_per_s": 0.2969293695671711,
  "log_metrics": {
    "preempt_count": null,
    "kv_cache_size_tokens": 1274800,
    "max_concurrency": 77.81
  }
}