{
  "model": "meta-llama/Llama-3.3-70B-Instruct",
  "tensor_parallel_size": 8,
  "max_model_len": 16384,
  "max_num_seqs": 256,
  "num_prompts": 100,
  "target_input_len": 2048,
  "max_tokens": 16,
  "init_s": 53.810036465059966,
  "generate_wall_s": 9.902548460755497,
  "total_input_tokens": 213247,
  "total_output_tokens": 1600,
  "prompt_tps": 21534.557578295426,
  "output_tps": 161.57456904562636,
  "req_per_s": 10.098410565351648,
  "log_metrics": {
    "preempt_count": null,
    "kv_cache_size_tokens": 1274800,
    "max_concurrency": 77.81
  }
}