{
  "model": "meta-llama/Llama-3.3-70B-Instruct",
  "tensor_parallel_size": 8,
  "max_model_len": 16384,
  "max_num_seqs": 256,
  "num_prompts": 1000,
  "target_input_len": 8192,
  "max_tokens": 8192,
  "init_s": 55.05064107757062,
  "generate_wall_s": 3502.0329863307998,
  "total_input_tokens": 5418079,
  "total_output_tokens": 8192000,
  "prompt_tps": 1547.1239194913203,
  "output_tps": 2339.212689307944,
  "req_per_s": 0.2855484239877861,
  "log_metrics": {
    "preempt_count": null,
    "kv_cache_size_tokens": 1274800,
    "max_concurrency": 77.81
  }
}