{"total":501,"by_backend":{"vanilla":100,"trident":401},"by_workload":{"sonnet":292,"chat":100,"code":109},"classify_time_total_s":0.6288895888719708,"forward_time_total_s":105.42962078633718,"classify_ms_avg":1.2552686404630153,"forward_ms_avg":210.4383648429884}