{
  "mix": "sonnet-heavy",
  "mix_counts": {
    "sonnet": 300,
    "chat": 100,
    "code": 100
  },
  "num_prompts": 500,
  "max_tokens": 256,
  "concurrency": 32,
  "scenarios": [
    {
      "scenario": "vanilla-only",
      "n_prompts": 500,
      "wall_s": 47.00761951506138,
      "total_out_tokens": 125777,
      "tps": 2675.6726100478386,
      "latency_p50_s": 2.938419775106013,
      "latency_p99_s": 3.054754222976044,
      "backend_counts": {
        "direct": 500
      },
      "concurrency": 32
    },
    {
      "scenario": "trident-only",
      "n_prompts": 500,
      "wall_s": 21.339041678933427,
      "total_out_tokens": 125766,
      "tps": 5893.704220286525,
      "latency_p50_s": 0.8815838110167533,
      "latency_p99_s": 3.8802212639711797,
      "backend_counts": {
        "direct": 500
      },
      "concurrency": 32
    },
    {
      "scenario": "agsd-gated",
      "n_prompts": 500,
      "wall_s": 20.795622279169038,
      "total_out_tokens": 125541,
      "tps": 6036.895569398485,
      "latency_p50_s": 0.6612778648268431,
      "latency_p99_s": 3.5454251379705966,
      "backend_counts": {
        "trident": 400,
        "vanilla": 100
      },
      "concurrency": 32
    }
  ],
  "gating_stats": {
    "total": 501,
    "by_backend": {
      "vanilla": 100,
      "trident": 401
    },
    "by_workload": {
      "sonnet": 292,
      "chat": 100,
      "code": 109
    },
    "classify_time_total_s": 0.36788237909786403,
    "forward_time_total_s": 598.1295409298036,
    "classify_ms_avg": 0.7342961658640001,
    "forward_ms_avg": 1193.8713391812448
  }
}