{
  "mix": "sonnet-heavy",
  "mix_counts": {
    "sonnet": 300,
    "chat": 100,
    "code": 100
  },
  "num_prompts": 500,
  "max_tokens": 32,
  "concurrency": 32,
  "scenarios": [
    {
      "scenario": "vanilla-only",
      "n_prompts": 500,
      "wall_s": 7.662361349910498,
      "total_out_tokens": 16000,
      "tps": 2088.129137917372,
      "latency_p50_s": 0.4778151239734143,
      "latency_p99_s": 0.5376172240357846,
      "backend_counts": {
        "direct": 500
      },
      "concurrency": 32
    },
    {
      "scenario": "trident-only",
      "n_prompts": 500,
      "wall_s": 4.764788216911256,
      "total_out_tokens": 16000,
      "tps": 3357.9666653834825,
      "latency_p50_s": 0.24252109695225954,
      "latency_p99_s": 0.7826953658368438,
      "backend_counts": {
        "direct": 500
      },
      "concurrency": 32
    },
    {
      "scenario": "agsd-gated",
      "n_prompts": 500,
      "wall_s": 3.596750893164426,
      "total_out_tokens": 16000,
      "tps": 4448.459310987529,
      "latency_p50_s": 0.16603068308904767,
      "latency_p99_s": 0.4287362990435213,
      "backend_counts": {
        "trident": 400,
        "vanilla": 100
      },
      "concurrency": 32
    }
  ],
  "gating_stats": {
    "total": 501,
    "by_backend": {
      "vanilla": 100,
      "trident": 401
    },
    "by_workload": {
      "sonnet": 292,
      "chat": 100,
      "code": 109
    },
    "classify_time_total_s": 0.49972742493264377,
    "forward_time_total_s": 104.73737818025984,
    "classify_ms_avg": 0.997459930005277,
    "forward_ms_avg": 209.05664307437095
  }
}