{"total":501,"by_backend":{"vanilla":100,"trident":401},"by_workload":{"sonnet":292,"chat":100,"code":109},"classify_time_total_s":0.49972742493264377,"forward_time_total_s":104.73737818025984,"classify_ms_avg":0.997459930005277,"forward_ms_avg":209.05664307437095}