{
  "model": "meta-llama/Llama-3.3-70B-Instruct",
  "tensor_parallel_size": 8,
  "max_model_len": 16384,
  "max_num_seqs": 256,
  "num_prompts": 500,
  "target_input_len": 8192,
  "max_tokens": 8192,
  "enable_neo_asymmetric": true,
  "init_s": 50.009498997125775,
  "generate_wall_s": 1394.6439395048656,
  "total_input_tokens": 2709037,
  "total_output_tokens": 2469378,
  "prompt_tps": 1942.4578010655378,
  "output_tps": 1770.6153736104807,
  "req_per_s": 0.35851444647406766,
  "log_metrics": {
    "preempt_count": null,
    "kv_cache_size_tokens": 1274800,
    "max_concurrency": 77.81
  }
}