{
  "mix": "balanced",
  "mix_counts": {
    "sonnet": 68,
    "chat": 66,
    "code": 66
  },
  "num_prompts": 200,
  "max_tokens": 256,
  "concurrency": 32,
  "scenarios": [
    {
      "scenario": "vanilla-only",
      "n_prompts": 200,
      "wall_s": 21.108221057103947,
      "total_out_tokens": 49928,
      "tps": 2365.334334188091,
      "latency_p50_s": 3.0990446389187127,
      "latency_p99_s": 3.2237501959316432,
      "backend_counts": {
        "direct": 200
      },
      "concurrency": 32
    },
    {
      "scenario": "trident-only",
      "n_prompts": 200,
      "wall_s": 14.136496614897624,
      "total_out_tokens": 49166,
      "tps": 3477.947990889542,
      "latency_p50_s": 1.7930149750318378,
      "latency_p99_s": 4.737098196987063,
      "backend_counts": {
        "direct": 200
      },
      "concurrency": 32
    },
    {
      "scenario": "agsd-gated",
      "n_prompts": 200,
      "wall_s": 10.1654973779805,
      "total_out_tokens": 50001,
      "tps": 4918.696856713302,
      "latency_p50_s": 0.7396666901186109,
      "latency_p99_s": 3.143668320029974,
      "backend_counts": {
        "vanilla": 66,
        "trident": 134
      },
      "concurrency": 32
    }
  ],
  "gating_stats": {
    "total": 201,
    "by_backend": {
      "vanilla": 66,
      "trident": 135
    },
    "by_workload": {
      "sonnet": 65,
      "chat": 66,
      "code": 70
    },
    "classify_time_total_s": 0.37188694323413074,
    "forward_time_total_s": 278.6209466578439,
    "classify_ms_avg": 1.8501837971847301,
    "forward_ms_avg": 1386.1738639693726
  }
}