{
  "mix": "code-heavy",
  "mix_counts": {
    "sonnet": 20,
    "chat": 40,
    "code": 140
  },
  "num_prompts": 200,
  "max_tokens": 256,
  "concurrency": 32,
  "scenarios": [
    {
      "scenario": "vanilla-only",
      "n_prompts": 200,
      "wall_s": 19.10355554195121,
      "total_out_tokens": 48867,
      "tps": 2558.005492364423,
      "latency_p50_s": 2.993655402911827,
      "latency_p99_s": 3.1402829999569803,
      "backend_counts": {
        "direct": 200
      },
      "concurrency": 32
    },
    {
      "scenario": "trident-only",
      "n_prompts": 200,
      "wall_s": 7.793332207947969,
      "total_out_tokens": 49275,
      "tps": 6322.712632440752,
      "latency_p50_s": 0.927023344906047,
      "latency_p99_s": 4.104757216060534,
      "backend_counts": {
        "direct": 200
      },
      "concurrency": 32
    },
    {
      "scenario": "agsd-gated",
      "n_prompts": 200,
      "wall_s": 7.866722289007157,
      "total_out_tokens": 49341,
      "tps": 6272.116669092081,
      "latency_p50_s": 0.6215229730587453,
      "latency_p99_s": 2.7447857288643718,
      "backend_counts": {
        "trident": 160,
        "vanilla": 40
      },
      "concurrency": 32
    }
  ],
  "gating_stats": {
    "total": 201,
    "by_backend": {
      "vanilla": 40,
      "trident": 161
    },
    "by_workload": {
      "sonnet": 18,
      "chat": 40,
      "code": 143
    },
    "classify_time_total_s": 0.3849256366956979,
    "forward_time_total_s": 201.4008148657158,
    "classify_ms_avg": 1.915052918884069,
    "forward_ms_avg": 1001.9941038095312
  }
}