{
  "model": "meta-llama/Llama-3.3-70B-Instruct",
  "tensor_parallel_size": 8,
  "max_model_len": 8192,
  "max_num_seqs": 256,
  "num_prompts": 100,
  "target_input_len": 4096,
  "max_tokens": 2048,
  "enable_neo_asymmetric": true,
  "init_s": 75.819795882795,
  "generate_wall_s": 312.45215136324987,
  "total_input_tokens": 427721,
  "total_output_tokens": 204800,
  "prompt_tps": 1368.9168025690474,
  "output_tps": 655.4603612311317,
  "req_per_s": 0.32004900450738855,
  "log_metrics": {
    "preempt_count": null,
    "kv_cache_size_tokens": 1274800,
    "max_concurrency": 155.62
  }
}