{
  "model": "meta-llama/Llama-3.3-70B-Instruct",
  "tensor_parallel_size": 8,
  "max_model_len": 8192,
  "max_num_seqs": 256,
  "num_prompts": 100,
  "target_input_len": 4096,
  "max_tokens": 2048,
  "enable_neo_asymmetric": false,
  "init_s": 54.50285971676931,
  "generate_wall_s": 117.9122445830144,
  "total_input_tokens": 427721,
  "total_output_tokens": 204800,
  "prompt_tps": 3627.4519369264426,
  "output_tps": 1736.884924243924,
  "req_per_s": 0.8480883419159785,
  "log_metrics": {
    "preempt_count": null,
    "kv_cache_size_tokens": 1274800,
    "max_concurrency": 155.62
  }
}