{
  "model": "meta-llama/Llama-3.3-70B-Instruct",
  "tensor_parallel_size": 8,
  "max_model_len": 16384,
  "max_num_seqs": 256,
  "num_prompts": 5000,
  "target_input_len": 8192,
  "max_tokens": 8192,
  "enable_neo_asymmetric": true,
  "init_s": 52.748068063054234,
  "generate_wall_s": 17428.134922030382,
  "total_input_tokens": 27090421,
  "total_output_tokens": 40960000,
  "prompt_tps": 1554.4073488756283,
  "output_tps": 2350.22279683087,
  "req_per_s": 0.2868924312537683,
  "log_metrics": {
    "preempt_count": null,
    "kv_cache_size_tokens": 1274800,
    "max_concurrency": 77.81
  }
}