{
  "output_tps": 10956.250605426438,
  "prompt_tps": 2388.77526099479,
  "generate_wall_s": 366.8373556560837,
  "total_in_tokens": 876292,
  "total_out_tokens": 4019162,
  "num_prompts_done": 500,
  "init_wall_s": 89.76513798697852,
  "spec_decode": {
    "method": "ngram",
    "num_speculative_tokens": 7,
    "prompt_lookup_max": 5,
    "prompt_lookup_min": 2
  }
}