{"total":501,"by_backend":{"vanilla":1,"trident":335,"cpu_jacobi":165},"by_workload":{"sonnet":164,"chat":165,"code":172},"classify_time_total_s":0.5337085812352598,"forward_time_total_s":102.82599271181971,"jacobi_draft_time_total_ms":301308.27670008875,"jacobi_calls":165,"classify_ms_avg":1.0652865892919356,"forward_ms_avg":205.24150241880182,"jacobi_ms_avg":1826.1107678793257,"use_jacobi":true,"jacobi_healthy":true}