{"total":501,"by_backend":{"vanilla":165,"trident":336},"by_workload":{"sonnet":164,"chat":165,"code":172},"classify_time_total_s":0.5598325496539474,"forward_time_total_s":104.38333786977455,"classify_ms_avg":1.1174302388302342,"forward_ms_avg":208.34997578797316}