{"total":501,"by_backend":{"vanilla":100,"trident":401},"by_workload":{"sonnet":292,"chat":100,"code":109},"classify_time_total_s":0.6213301767129451,"forward_time_total_s":104.04720010096207,"classify_ms_avg":1.240179993439012,"forward_ms_avg":207.67904211768877}