{"total":501,"by_backend":{"vanilla":165,"trident":336},"by_workload":{"sonnet":164,"chat":165,"code":172},"classify_time_total_s":0.5579561754129827,"forward_time_total_s":225.7601480060257,"classify_ms_avg":1.1136849808642368,"forward_ms_avg":450.6190578962589}