{
  "workload": "chat",
  "model": "Qwen/Qwen2.5-1.5B-Instruct",
  "num_prompts": 50,
  "num_speculative_tokens": 5,
  "output_tps": 4539.573536385827,
  "generate_wall_s": 4.7306205809582025,
  "init_wall_s": 20.632786435075104,
  "total_in_tokens": 11462,
  "total_out_tokens": 21475
}