{"total":501,"by_backend":{"vanilla":100,"trident":401},"by_workload":{"sonnet":48,"chat":100,"code":353},"classify_time_total_s":0.7073836801573634,"forward_time_total_s":160.1699758612085,"classify_ms_avg":1.4119434733679908,"forward_ms_avg":319.70055062117467}