{"total":501,"by_backend":{"vanilla":100,"trident":401},"by_workload":{"sonnet":48,"chat":100,"code":353},"classify_time_total_s":0.7205215343274176,"forward_time_total_s":153.6955966402311,"classify_ms_avg":1.4381667351844662,"forward_ms_avg":306.7776380044533}