{
  "workload": "code",
  "model": "Qwen/Qwen2.5-1.5B-Instruct",
  "num_prompts": 50,
  "num_speculative_tokens": 0,
  "output_tps": 11015.501464529194,
  "generate_wall_s": 2.3239976938348264,
  "init_wall_s": 41.478052500169724,
  "total_in_tokens": 16082,
  "total_out_tokens": 25600
}