{
  "output_tps": 10982.17112004994,
  "prompt_tps": 2394.4266728066204,
  "generate_wall_s": 365.9715329569299,
  "total_in_tokens": 876292,
  "total_out_tokens": 4019162,
  "num_prompts_done": 500,
  "init_wall_s": 88.00111661991104,
  "spec_decode": {
    "method": "ngram",
    "num_speculative_tokens": 7,
    "prompt_lookup_max": 5,
    "prompt_lookup_min": 2
  }
}