{"total":501,"by_backend":{"vanilla":100,"trident":401},"by_workload":{"sonnet":292,"chat":100,"code":109},"classify_time_total_s":0.5896185976453125,"forward_time_total_s":105.03589522652328,"classify_ms_avg":1.1768834284337575,"forward_ms_avg":209.6524854820824}