{
  "workload": "chat",
  "num_prompts": 500,
  "num_speculative_tokens": 32,
  "output_tps": 3565.863844032925,
  "generate_wall_s": 103.58443736378103,
  "init_wall_s": 82.41811402817257,
  "total_in_tokens": 883269,
  "total_out_tokens": 369368
}