{"total":501,"by_backend":{"vanilla":165,"trident":336},"by_workload":{"sonnet":164,"chat":165,"code":172},"classify_time_total_s":0.5623455983586609,"forward_time_total_s":120.67934058234096,"classify_ms_avg":1.1224463041091035,"forward_ms_avg":240.8769273100618}