{
  "output_tps": 10975.32212439807,
  "prompt_tps": 2392.933396323172,
  "generate_wall_s": 366.1999123529531,
  "total_in_tokens": 876292,
  "total_out_tokens": 4019162,
  "num_prompts_done": 500,
  "init_wall_s": 87.1086354770232,
  "spec_decode": {
    "method": "ngram",
    "num_speculative_tokens": 7,
    "prompt_lookup_max": 5,
    "prompt_lookup_min": 2
  }
}