{
  "workload": "chat",
  "num_prompts": 500,
  "num_speculative_tokens": 0,
  "output_tps": 2185.9919461492805,
  "generate_wall_s": 151.0581960659474,
  "init_wall_s": 85.13158663990907,
  "total_in_tokens": 883269,
  "total_out_tokens": 330212
}