{
  "mix": "balanced",
  "mix_counts": {
    "sonnet": 170,
    "chat": 165,
    "code": 165
  },
  "num_prompts": 500,
  "max_tokens": 256,
  "concurrency": 32,
  "scenarios": [
    {
      "scenario": "vanilla-only",
      "n_prompts": 500,
      "wall_s": 45.347031322075054,
      "total_out_tokens": 124613,
      "tps": 2747.985840901961,
      "latency_p50_s": 2.859932824037969,
      "latency_p99_s": 2.9181576159317046,
      "backend_counts": {
        "direct": 500
      },
      "concurrency": 32
    },
    {
      "scenario": "trident-only",
      "n_prompts": 500,
      "wall_s": 14.385324131930247,
      "total_out_tokens": 124323,
      "tps": 8642.349582102752,
      "latency_p50_s": 0.7554621659219265,
      "latency_p99_s": 2.8699037730693817,
      "backend_counts": {
        "direct": 500
      },
      "concurrency": 32
    },
    {
      "scenario": "agsd-gated",
      "n_prompts": 500,
      "wall_s": 21.7094469119329,
      "total_out_tokens": 124547,
      "tps": 5736.995534950317,
      "latency_p50_s": 0.5921613390091807,
      "latency_p99_s": 2.9471077451016754,
      "backend_counts": {
        "trident": 335,
        "vanilla": 165
      },
      "concurrency": 32
    }
  ],
  "gating_stats": {
    "total": 501,
    "by_backend": {
      "vanilla": 165,
      "trident": 336
    },
    "by_workload": {
      "sonnet": 164,
      "chat": 165,
      "code": 172
    },
    "classify_time_total_s": 0.4051744092721492,
    "forward_time_total_s": 641.3514665227849,
    "classify_ms_avg": 0.8087313558326331,
    "forward_ms_avg": 1280.1426477500697
  }
}