{
  "mix": "sonnet-heavy",
  "mix_counts": {
    "sonnet": 120,
    "chat": 40,
    "code": 40
  },
  "num_prompts": 200,
  "max_tokens": 256,
  "concurrency": 32,
  "scenarios": [
    {
      "scenario": "vanilla-only",
      "n_prompts": 200,
      "wall_s": 9.313004154944792,
      "total_out_tokens": 39079,
      "tps": 4196.175514347944,
      "latency_p50_s": 1.8116926888469607,
      "latency_p99_s": 1.9850168710108846,
      "backend_counts": {
        "direct": 200
      },
      "concurrency": 32
    },
    {
      "scenario": "trident-only",
      "n_prompts": 200,
      "wall_s": 6.229808927047998,
      "total_out_tokens": 38668,
      "tps": 6206.931938492515,
      "latency_p50_s": 0.821388412034139,
      "latency_p99_s": 2.33312569395639,
      "backend_counts": {
        "direct": 200
      },
      "concurrency": 32
    },
    {
      "scenario": "agsd-gated",
      "n_prompts": 200,
      "wall_s": 5.66066240798682,
      "total_out_tokens": 38819,
      "tps": 6857.677989280718,
      "latency_p50_s": 0.6245722009334713,
      "latency_p99_s": 1.9510631011798978,
      "backend_counts": {
        "vanilla": 40,
        "trident": 160
      },
      "concurrency": 32
    }
  ],
  "gating_stats": {
    "total": 201,
    "by_backend": {
      "vanilla": 40,
      "trident": 161
    },
    "by_workload": {
      "sonnet": 115,
      "chat": 40,
      "code": 46
    },
    "classify_time_total_s": 0.24633647757582366,
    "forward_time_total_s": 156.48745487304404,
    "classify_ms_avg": 1.2255546148050929,
    "forward_ms_avg": 778.5445516071843
  }
}