{
  "output_tps": 10832.087665740524,
  "prompt_tps": 2361.704197239896,
  "generate_wall_s": 371.04223341098987,
  "total_in_tokens": 876292,
  "total_out_tokens": 4019162,
  "num_prompts_done": 500,
  "init_wall_s": 88.01441531209275,
  "spec_decode": {
    "method": "ngram",
    "num_speculative_tokens": 7,
    "prompt_lookup_max": 5,
    "prompt_lookup_min": 2
  }
}