{
  "mix": "sonnet-heavy",
  "mix_counts": {
    "sonnet": 300,
    "chat": 100,
    "code": 100
  },
  "num_prompts": 500,
  "max_tokens": 32,
  "concurrency": 32,
  "scenarios": [
    {
      "scenario": "vanilla-only",
      "n_prompts": 500,
      "wall_s": 7.823599427007139,
      "total_out_tokens": 16000,
      "tps": 2045.0944797567024,
      "latency_p50_s": 0.4873771881684661,
      "latency_p99_s": 0.556000238051638,
      "backend_counts": {
        "direct": 500
      },
      "concurrency": 32
    },
    {
      "scenario": "trident-only",
      "n_prompts": 500,
      "wall_s": 4.801935523049906,
      "total_out_tokens": 16000,
      "tps": 3331.9897618778823,
      "latency_p50_s": 0.2384390828665346,
      "latency_p99_s": 0.8085510518867522,
      "backend_counts": {
        "direct": 500
      },
      "concurrency": 32
    },
    {
      "scenario": "agsd-gated",
      "n_prompts": 500,
      "wall_s": 3.6042690710164607,
      "total_out_tokens": 16000,
      "tps": 4439.180228985442,
      "latency_p50_s": 0.16874338616617024,
      "latency_p99_s": 0.44654969801194966,
      "backend_counts": {
        "trident": 400,
        "vanilla": 100
      },
      "concurrency": 32
    }
  ],
  "gating_stats": {
    "total": 501,
    "by_backend": {
      "vanilla": 100,
      "trident": 401
    },
    "by_workload": {
      "sonnet": 292,
      "chat": 100,
      "code": 109
    },
    "classify_time_total_s": 0.5694116645026952,
    "forward_time_total_s": 104.75448093633167,
    "classify_ms_avg": 1.1365502285482938,
    "forward_ms_avg": 209.09078031203927
  }
}