{"total":501,"by_backend":{"vanilla":100,"trident":401},"by_workload":{"sonnet":292,"chat":100,"code":109},"classify_time_total_s":0.5694116645026952,"forward_time_total_s":104.75448093633167,"classify_ms_avg":1.1365502285482938,"forward_ms_avg":209.09078031203927}