{
  "mix": "code-heavy",
  "mix_counts": {
    "sonnet": 50,
    "chat": 100,
    "code": 350
  },
  "num_prompts": 500,
  "max_tokens": 32,
  "concurrency": 32,
  "scenarios": [
    {
      "scenario": "vanilla-only",
      "n_prompts": 500,
      "wall_s": 8.742960841860622,
      "total_out_tokens": 16000,
      "tps": 1830.0436533346042,
      "latency_p50_s": 0.539232773007825,
      "latency_p99_s": 0.6127126880455762,
      "backend_counts": {
        "direct": 500
      },
      "concurrency": 32
    },
    {
      "scenario": "trident-only",
      "n_prompts": 500,
      "wall_s": 5.311406978871673,
      "total_out_tokens": 16000,
      "tps": 3012.3844893917267,
      "latency_p50_s": 0.31267780694179237,
      "latency_p99_s": 0.5993494330905378,
      "backend_counts": {
        "direct": 500
      },
      "concurrency": 32
    },
    {
      "scenario": "agsd-gated",
      "n_prompts": 500,
      "wall_s": 3.6278703548014164,
      "total_out_tokens": 16000,
      "tps": 4410.300930082661,
      "latency_p50_s": 0.16381005011498928,
      "latency_p99_s": 0.4923932009842247,
      "backend_counts": {
        "trident": 400,
        "vanilla": 100
      },
      "concurrency": 32
    }
  ],
  "gating_stats": {
    "total": 501,
    "by_backend": {
      "vanilla": 100,
      "trident": 401
    },
    "by_workload": {
      "sonnet": 48,
      "chat": 100,
      "code": 353
    },
    "classify_time_total_s": 0.6144833930302411,
    "forward_time_total_s": 105.17754035606049,
    "classify_ms_avg": 1.2265137585433954,
    "forward_ms_avg": 209.9352102915379
  }
}