{"total":501,"by_backend":{"vanilla":100,"trident":401},"by_workload":{"sonnet":48,"chat":100,"code":353},"classify_time_total_s":0.6144833930302411,"forward_time_total_s":105.17754035606049,"classify_ms_avg":1.2265137585433954,"forward_ms_avg":209.9352102915379}