{
  "generated_at": "2026-04-07T10:59:10.503492+09:00",
  "gpu_only": {
    "request_throughput": 19.53971872595801,
    "output_throughput": 9781.649233025384,
    "total_token_throughput": 12273.507219615176,
    "duration": 51.48487622104585,
    "mean_ttft_ms": 20247.755242934705,
    "median_ttft_ms": 15500.155047979206,
    "p99_ttft_ms": 41065.81594590098,
    "mean_tpot_ms": 25.687597297772562,
    "median_tpot_ms": 24.83179498966893,
    "p99_tpot_ms": 103.917155857198,
    "mean_itl_ms": 24.184464912837,
    "median_itl_ms": 21.28775045275688,
    "p99_itl_ms": 115.07135722786188
  },
  "hybrid": {
    "request_throughput": 15.847806690858945,
    "output_throughput": 7935.229958760216,
    "total_token_throughput": 9956.124624297143,
    "duration": 63.47881568875164,
    "mean_ttft_ms": 21683.301435061407,
    "median_ttft_ms": 16068.954371381551,
    "p99_ttft_ms": 45582.5621872209,
    "mean_tpot_ms": 28.95649639666737,
    "median_tpot_ms": 28.772295880953394,
    "p99_tpot_ms": 108.18546648417944,
    "mean_itl_ms": 27.723093468807974,
    "median_itl_ms": 24.92037368938327,
    "p99_itl_ms": 118.01975043490529
  },
  "comparison": {
    "request_throughput": {
      "diff_pct": -18.89,
      "direction": "higher_better"
    },
    "output_throughput": {
      "diff_pct": -18.88,
      "direction": "higher_better"
    },
    "total_token_throughput": {
      "diff_pct": -18.88,
      "direction": "higher_better"
    },
    "duration": {
      "diff_pct": 23.3,
      "direction": "lower_better"
    },
    "mean_ttft_ms": {
      "diff_pct": 7.09,
      "direction": "lower_better"
    },
    "median_ttft_ms": {
      "diff_pct": 3.67,
      "direction": "lower_better"
    },
    "p99_ttft_ms": {
      "diff_pct": 11.0,
      "direction": "lower_better"
    },
    "mean_tpot_ms": {
      "diff_pct": 12.73,
      "direction": "lower_better"
    },
    "median_tpot_ms": {
      "diff_pct": 15.87,
      "direction": "lower_better"
    },
    "p99_tpot_ms": {
      "diff_pct": 4.11,
      "direction": "lower_better"
    },
    "mean_itl_ms": {
      "diff_pct": 14.63,
      "direction": "lower_better"
    },
    "median_itl_ms": {
      "diff_pct": 17.06,
      "direction": "lower_better"
    },
    "p99_itl_ms": {
      "diff_pct": 2.56,
      "direction": "lower_better"
    },
    "request_throughput_speedup": 0.8111,
    "output_tok_speedup": 0.8112,
    "ttft_gain_pct": -7.09
  },
  "gpu_utilization": {
    "gpu_only": {
      "gpu0_util_pct": {
        "mean": 84.67,
        "max": 98.0,
        "min": 0.0
      },
      "gpu0_mem_util_pct": {
        "mean": 43.4,
        "max": 81.0,
        "min": 0.0
      },
      "gpu0_power_w": {
        "mean": 360.95,
        "max": 389.82,
        "min": 148.56
      },
      "gpu_avg_util_pct": {
        "mean": 84.67,
        "max": 98.0,
        "min": 0.0
      },
      "gpu_avg_mem_util_pct": {
        "mean": 43.4,
        "max": 81.0,
        "min": 0.0
      },
      "gpu_avg_power_w": {
        "mean": 360.95,
        "max": 389.82,
        "min": 148.56
      },
      "sample_count": 58,
      "duration_s": 58.1
    },
    "hybrid": {
      "gpu0_util_pct": {
        "mean": 73.07,
        "max": 100.0,
        "min": 0.0
      },
      "gpu0_mem_util_pct": {
        "mean": 36.65,
        "max": 81.0,
        "min": 0.0
      },
      "gpu0_power_w": {
        "mean": 333.45,
        "max": 388.77,
        "min": 49.55
      },
      "gpu_avg_util_pct": {
        "mean": 73.07,
        "max": 100.0,
        "min": 0.0
      },
      "gpu_avg_mem_util_pct": {
        "mean": 36.65,
        "max": 81.0,
        "min": 0.0
      },
      "gpu_avg_power_w": {
        "mean": 333.45,
        "max": 388.77,
        "min": 49.55
      },
      "sample_count": 69,
      "duration_s": 69.6
    }
  },
  "cpu_utilization": {
    "gpu_only": {
      "core0_util_pct": {
        "mean": 23.45,
        "max": 96.0,
        "min": 0.0
      },
      "core1_util_pct": {
        "mean": 38.78,
        "max": 100.0,
        "min": 0.0
      },
      "core2_util_pct": {
        "mean": 48.28,
        "max": 100.0,
        "min": 2.9
      },
      "core3_util_pct": {
        "mean": 0.73,
        "max": 11.9,
        "min": 0.0
      },
      "core4_util_pct": {
        "mean": 9.87,
        "max": 21.4,
        "min": 0.0
      },
      "core5_util_pct": {
        "mean": 0.29,
        "max": 8.8,
        "min": 0.0
      },
      "core6_util_pct": {
        "mean": 1.89,
        "max": 10.9,
        "min": 0.0
      },
      "core7_util_pct": {
        "mean": 0.34,
        "max": 8.8,
        "min": 0.0
      },
      "core8_util_pct": {
        "mean": 0.82,
        "max": 7.9,
        "min": 0.0
      },
      "core9_util_pct": {
        "mean": 0.19,
        "max": 7.9,
        "min": 0.0
      },
      "core10_util_pct": {
        "mean": 0.9,
        "max": 8.8,
        "min": 0.0
      },
      "core11_util_pct": {
        "mean": 0.2,
        "max": 7.8,
        "min": 0.0
      },
      "core12_util_pct": {
        "mean": 0.85,
        "max": 13.7,
        "min": 0.0
      },
      "core13_util_pct": {
        "mean": 0.2,
        "max": 8.8,
        "min": 0.0
      },
      "core14_util_pct": {
        "mean": 0.46,
        "max": 8.8,
        "min": 0.0
      },
      "core15_util_pct": {
        "mean": 0.3,
        "max": 8.8,
        "min": 0.0
      },
      "core16_util_pct": {
        "mean": 0.44,
        "max": 8.8,
        "min": 0.0
      },
      "core17_util_pct": {
        "mean": 0.43,
        "max": 7.9,
        "min": 0.0
      },
      "core18_util_pct": {
        "mean": 0.36,
        "max": 8.9,
        "min": 0.0
      },
      "core19_util_pct": {
        "mean": 0.27,
        "max": 7.9,
        "min": 0.0
      },
      "core20_util_pct": {
        "mean": 0.27,
        "max": 7.9,
        "min": 0.0
      },
      "core21_util_pct": {
        "mean": 0.29,
        "max": 8.8,
        "min": 0.0
      },
      "core22_util_pct": {
        "mean": 0.27,
        "max": 7.9,
        "min": 0.0
      },
      "core23_util_pct": {
        "mean": 0.26,
        "max": 7.9,
        "min": 0.0
      },
      "cpu_avg_util_pct": {
        "mean": 5.42,
        "max": 12.28,
        "min": 0.65
      },
      "sample_count": 58,
      "duration_s": 58.1
    },
    "hybrid": {
      "core0_util_pct": {
        "mean": 31.18,
        "max": 100.0,
        "min": 0.0
      },
      "core1_util_pct": {
        "mean": 70.2,
        "max": 100.0,
        "min": 2.0
      },
      "core2_util_pct": {
        "mean": 65.74,
        "max": 100.0,
        "min": 0.0
      },
      "core3_util_pct": {
        "mean": 65.1,
        "max": 100.0,
        "min": 0.0
      },
      "core4_util_pct": {
        "mean": 53.12,
        "max": 100.0,
        "min": 0.0
      },
      "core5_util_pct": {
        "mean": 66.62,
        "max": 100.0,
        "min": 0.0
      },
      "core6_util_pct": {
        "mean": 65.08,
        "max": 100.0,
        "min": 0.0
      },
      "core7_util_pct": {
        "mean": 62.34,
        "max": 100.0,
        "min": 0.0
      },
      "core8_util_pct": {
        "mean": 83.27,
        "max": 100.0,
        "min": 0.0
      },
      "core9_util_pct": {
        "mean": 54.28,
        "max": 100.0,
        "min": 0.0
      },
      "core10_util_pct": {
        "mean": 40.63,
        "max": 100.0,
        "min": 0.0
      },
      "core11_util_pct": {
        "mean": 76.26,
        "max": 100.0,
        "min": 0.0
      },
      "core12_util_pct": {
        "mean": 54.01,
        "max": 100.0,
        "min": 0.0
      },
      "core13_util_pct": {
        "mean": 57.43,
        "max": 100.0,
        "min": 0.0
      },
      "core14_util_pct": {
        "mean": 62.97,
        "max": 100.0,
        "min": 0.0
      },
      "core15_util_pct": {
        "mean": 41.75,
        "max": 100.0,
        "min": 0.0
      },