{
  "mix": "code-heavy",
  "mix_counts": {
    "sonnet": 50,
    "chat": 100,
    "code": 350
  },
  "num_prompts": 500,
  "max_tokens": 32,
  "concurrency": 32,
  "scenarios": [
    {
      "scenario": "vanilla-only",
      "n_prompts": 500,
      "wall_s": 8.523355500074103,
      "total_out_tokens": 16000,
      "tps": 1877.1949615220078,
      "latency_p50_s": 0.5249891399871558,
      "latency_p99_s": 0.6189892070833594,
      "backend_counts": {
        "direct": 500
      },
      "concurrency": 32
    },
    {
      "scenario": "trident-only",
      "n_prompts": 500,
      "wall_s": 6.218845824012533,
      "total_out_tokens": 16000,
      "tps": 2572.824677244765,
      "latency_p50_s": 0.3712141939904541,
      "latency_p99_s": 0.8098049880936742,
      "backend_counts": {
        "direct": 500
      },
      "concurrency": 32
    },
    {
      "scenario": "agsd-gated",
      "n_prompts": 500,
      "wall_s": 3.57230326696299,
      "total_out_tokens": 16000,
      "tps": 4478.903050580718,
      "latency_p50_s": 0.17007990810088813,
      "latency_p99_s": 0.40010207309387624,
      "backend_counts": {
        "trident": 400,
        "vanilla": 100
      },
      "concurrency": 32
    }
  ],
  "gating_stats": {
    "total": 501,
    "by_backend": {
      "vanilla": 100,
      "trident": 401
    },
    "by_workload": {
      "sonnet": 48,
      "chat": 100,
      "code": 353
    },
    "classify_time_total_s": 0.6096595746930689,
    "forward_time_total_s": 103.53334137191996,
    "classify_ms_avg": 1.21688537862888,
    "forward_ms_avg": 206.65337599185622
  }
}