{"total":501,"by_backend":{"vanilla":100,"trident":401},"by_workload":{"sonnet":48,"chat":100,"code":353},"classify_time_total_s":0.6096595746930689,"forward_time_total_s":103.53334137191996,"classify_ms_avg":1.21688537862888,"forward_ms_avg":206.65337599185622}