{
  "workload": "code",
  "model": "bigcode/starcoder2-3b",
  "num_prompts": 50,
  "num_speculative_tokens": 0,
  "output_tps": 9169.240913288828,
  "generate_wall_s": 2.7919432199560106,
  "init_wall_s": 162.05585439899005,
  "total_in_tokens": 15484,
  "total_out_tokens": 25600
}