{
  "mix": "sonnet-heavy",
  "mix_counts": {
    "sonnet": 300,
    "chat": 100,
    "code": 100
  },
  "num_prompts": 500,
  "max_tokens": 32,
  "concurrency": 32,
  "scenarios": [
    {
      "scenario": "agsd-gated",
      "n_prompts": 500,
      "wall_s": 3.6204307212028652,
      "total_out_tokens": 16000,
      "tps": 4419.363670266311,
      "latency_p50_s": 0.16683869902044535,
      "latency_p99_s": 0.5175984569359571,
      "backend_counts": {
        "trident": 400,
        "vanilla": 100
      },
      "concurrency": 32
    }
  ],
  "gating_stats": {
    "total": 501,
    "by_backend": {
      "vanilla": 100,
      "trident": 401
    },
    "by_workload": {
      "sonnet": 292,
      "chat": 100,
      "code": 109
    },
    "classify_time_total_s": 0.8447117889299989,
    "forward_time_total_s": 104.29444921389222,
    "classify_ms_avg": 1.6860514749101774,
    "forward_ms_avg": 208.17255332114215
  },
  "agsd_only": true
}