{"total":501,"by_backend":{"vanilla":100,"trident":401},"by_workload":{"sonnet":292,"chat":100,"code":109},"classify_time_total_s":0.8447117889299989,"forward_time_total_s":104.29444921389222,"classify_ms_avg":1.6860514749101774,"forward_ms_avg":208.17255332114215}