{
  "mix": "sonnet-heavy",
  "mix_counts": {
    "sonnet": 300,
    "chat": 100,
    "code": 100
  },
  "num_prompts": 500,
  "max_tokens": 32,
  "concurrency": 32,
  "scenarios": [
    {
      "scenario": "vanilla-only",
      "n_prompts": 500,
      "wall_s": 9.164236444979906,
      "total_out_tokens": 16000,
      "tps": 1745.917414512441,
      "latency_p50_s": 0.5739392200484872,
      "latency_p99_s": 0.6929741178173572,
      "backend_counts": {
        "direct": 500
      },
      "concurrency": 32
    },
    {
      "scenario": "trident-only",
      "n_prompts": 500,
      "wall_s": 4.762819543015212,
      "total_out_tokens": 16000,
      "tps": 3359.354654421955,
      "latency_p50_s": 0.23565379483625293,
      "latency_p99_s": 0.7797441710717976,
      "backend_counts": {
        "direct": 500
      },
      "concurrency": 32
    },
    {
      "scenario": "agsd-gated",
      "n_prompts": 500,
      "wall_s": 3.8251427761279047,
      "total_out_tokens": 16000,
      "tps": 4182.8504023048245,
      "latency_p50_s": 0.16313162981532514,
      "latency_p99_s": 0.4805780379101634,
      "backend_counts": {
        "trident": 400,
        "vanilla": 100
      },
      "concurrency": 32
    }
  ],
  "gating_stats": {
    "total": 501,
    "by_backend": {
      "vanilla": 100,
      "trident": 401
    },
    "by_workload": {
      "sonnet": 292,
      "chat": 100,
      "code": 109
    },
    "classify_time_total_s": 0.4593720701523125,
    "forward_time_total_s": 110.43197321915068,
    "classify_ms_avg": 0.9169103196652943,
    "forward_ms_avg": 220.4231002378257
  }
}