{"total":501,"by_backend":{"vanilla":100,"trident":401},"by_workload":{"sonnet":292,"chat":100,"code":109},"classify_time_total_s":0.4593720701523125,"forward_time_total_s":110.43197321915068,"classify_ms_avg":0.9169103196652943,"forward_ms_avg":220.4231002378257}