{
  "mix": "sonnet-heavy",
  "mix_counts": {
    "sonnet": 300,
    "chat": 100,
    "code": 100
  },
  "num_prompts": 500,
  "max_tokens": 256,
  "concurrency": 32,
  "scenarios": [
    {
      "scenario": "vanilla-only",
      "n_prompts": 500,
      "wall_s": 54.54741054587066,
      "total_out_tokens": 125885,
      "tps": 2307.8089086215978,
      "latency_p50_s": 3.416485550114885,
      "latency_p99_s": 3.4860077591147274,
      "backend_counts": {
        "direct": 500
      },
      "concurrency": 32
    },
    {
      "scenario": "trident-only",
      "n_prompts": 500,
      "wall_s": 17.61567600304261,
      "total_out_tokens": 125624,
      "tps": 7131.3754850113055,
      "latency_p50_s": 0.966131579130888,
      "latency_p99_s": 3.427401168970391,
      "backend_counts": {
        "direct": 500
      },
      "concurrency": 32
    },
    {
      "scenario": "agsd-gated",
      "n_prompts": 500,
      "wall_s": 23.031608639052138,
      "total_out_tokens": 126070,
      "tps": 5473.781791612989,
      "latency_p50_s": 0.6669429750181735,
      "latency_p99_s": 3.5032526219729334,
      "backend_counts": {
        "trident": 400,
        "vanilla": 100
      },
      "concurrency": 32
    }
  ],
  "gating_stats": {
    "total": 501,
    "by_backend": {
      "vanilla": 100,
      "trident": 401
    },
    "by_workload": {
      "sonnet": 292,
      "chat": 100,
      "code": 109
    },
    "classify_time_total_s": 0.3690581831615418,
    "forward_time_total_s": 656.0085577976424,
    "classify_ms_avg": 0.7366430801627581,
    "forward_ms_avg": 1309.39831895737
  }
}