{
  "mix": "balanced",
  "mix_counts": {
    "sonnet": 170,
    "chat": 165,
    "code": 165
  },
  "num_prompts": 500,
  "max_tokens": 256,
  "concurrency": 32,
  "scenarios": [
    {
      "scenario": "vanilla-only",
      "n_prompts": 500,
      "wall_s": 54.48149725305848,
      "total_out_tokens": 124912,
      "tps": 2292.741688426848,
      "latency_p50_s": 3.411861063912511,
      "latency_p99_s": 3.535574223846197,
      "backend_counts": {
        "direct": 500
      },
      "concurrency": 32
    },
    {
      "scenario": "trident-only",
      "n_prompts": 500,
      "wall_s": 27.9141914320644,
      "total_out_tokens": 124274,
      "tps": 4452.000707326571,
      "latency_p50_s": 1.3461808511056006,
      "latency_p99_s": 5.5583546871785074,
      "backend_counts": {
        "direct": 500
      },
      "concurrency": 32
    },
    {
      "scenario": "agsd-gated",
      "n_prompts": 500,
      "wall_s": 28.882001966936514,
      "total_out_tokens": 124464,
      "tps": 4309.396562692699,
      "latency_p50_s": 1.002929151058197,
      "latency_p99_s": 4.438192876055837,
      "backend_counts": {
        "trident": 335,
        "vanilla": 165
      },
      "concurrency": 32
    }
  ],
  "gating_stats": {
    "total": 501,
    "by_backend": {
      "vanilla": 165,
      "trident": 336
    },
    "by_workload": {
      "sonnet": 164,
      "chat": 165,
      "code": 172
    },
    "classify_time_total_s": 0.5256271797697991,
    "forward_time_total_s": 859.6408395806793,
    "classify_ms_avg": 1.0491560474447088,
    "forward_ms_avg": 1715.8499792029527
  }
}