{
  "mix": "code-heavy",
  "mix_counts": {
    "sonnet": 50,
    "chat": 100,
    "code": 350
  },
  "num_prompts": 500,
  "max_tokens": 256,
  "concurrency": 32,
  "scenarios": [
    {
      "scenario": "vanilla-only",
      "n_prompts": 500,
      "wall_s": 52.33601303398609,
      "total_out_tokens": 123447,
      "tps": 2358.7390946237283,
      "latency_p50_s": 3.3909925809130073,
      "latency_p99_s": 3.5796368659939617,
      "backend_counts": {
        "direct": 500
      },
      "concurrency": 32
    },
    {
      "scenario": "trident-only",
      "n_prompts": 500,
      "wall_s": 20.787574548041448,
      "total_out_tokens": 123451,
      "tps": 5938.69187166096,
      "latency_p50_s": 1.1690766310784966,
      "latency_p99_s": 3.2852535059209913,
      "backend_counts": {
        "direct": 500
      },
      "concurrency": 32
    },
    {
      "scenario": "agsd-gated",
      "n_prompts": 500,
      "wall_s": 20.26895652897656,
      "total_out_tokens": 123330,
      "tps": 6084.674355272659,
      "latency_p50_s": 0.6975604861509055,
      "latency_p99_s": 3.5048681190237403,
      "backend_counts": {
        "trident": 400,
        "vanilla": 100
      },
      "concurrency": 32
    }
  ],
  "gating_stats": {
    "total": 501,
    "by_backend": {
      "vanilla": 100,
      "trident": 401
    },
    "by_workload": {
      "sonnet": 48,
      "chat": 100,
      "code": 353
    },
    "classify_time_total_s": 0.4121149769052863,
    "forward_time_total_s": 591.8066620784812,
    "classify_ms_avg": 0.8225847842420885,
    "forward_ms_avg": 1181.2508225119384
  }
}