{"total":501,"by_backend":{"vanilla":165,"trident":336},"by_workload":{"sonnet":164,"chat":165,"code":172},"classify_time_total_s":0.6856499947607517,"forward_time_total_s":115.69078941689804,"classify_ms_avg":1.3685628637939156,"forward_ms_avg":230.9197393550859}