{
  "mix": "balanced",
  "mix_counts": {
    "sonnet": 170,
    "chat": 165,
    "code": 165
  },
  "num_prompts": 500,
  "max_tokens": 32,
  "concurrency": 32,
  "scenarios": [
    {
      "scenario": "vanilla-only",
      "n_prompts": 500,
      "wall_s": 10.359888300998136,
      "total_out_tokens": 16000,
      "tps": 1544.4181959431417,
      "latency_p50_s": 0.6408713129349053,
      "latency_p99_s": 0.7502446579746902,
      "backend_counts": {
        "direct": 500
      },
      "concurrency": 32
    },
    {
      "scenario": "trident-only",
      "n_prompts": 500,
      "wall_s": 9.677005443023518,
      "total_out_tokens": 16000,
      "tps": 1653.4040508921016,
      "latency_p50_s": 0.556385847972706,
      "latency_p99_s": 1.3214694920461625,
      "backend_counts": {
        "direct": 500
      },
      "concurrency": 32
    },
    {
      "scenario": "agsd-gated",
      "n_prompts": 500,
      "wall_s": 3.9792717618402094,
      "total_out_tokens": 16000,
      "tps": 4020.8362126543525,
      "latency_p50_s": 0.18466534605249763,
      "latency_p99_s": 0.4518387468997389,
      "backend_counts": {
        "trident": 335,
        "vanilla": 165
      },
      "concurrency": 32
    }
  ],
  "gating_stats": {
    "total": 501,
    "by_backend": {
      "vanilla": 165,
      "trident": 336
    },
    "by_workload": {
      "sonnet": 164,
      "chat": 165,
      "code": 172
    },
    "classify_time_total_s": 0.601035698549822,
    "forward_time_total_s": 116.64498170698062,
    "classify_ms_avg": 1.1996720529936566,
    "forward_ms_avg": 232.82431478439244
  }
}