{"total":501,"by_backend":{"vanilla":165,"trident":336},"by_workload":{"sonnet":164,"chat":165,"code":172},"classify_time_total_s":0.601035698549822,"forward_time_total_s":116.64498170698062,"classify_ms_avg":1.1996720529936566,"forward_ms_avg":232.82431478439244}