{
  "output_tps": 10949.831677893779,
  "prompt_tps": 2387.3757516330256,
  "generate_wall_s": 367.0524002769962,
  "total_in_tokens": 876292,
  "total_out_tokens": 4019162,
  "num_prompts_done": 500,
  "init_wall_s": 88.259117705049,
  "spec_decode": {
    "method": "ngram",
    "num_speculative_tokens": 7,
    "prompt_lookup_max": 5,
    "prompt_lookup_min": 2
  }
}