{
  "workload": "code",
  "num_prompts": 200,
  "num_speculative_tokens": 7,
  "output_tps": 5505.593696440787,
  "generate_wall_s": 147.2524208468385,
  "init_wall_s": 88.47288159583695,
  "total_in_tokens": 259691,
  "total_out_tokens": 810712
}