{
  "workload": "sonnet",
  "num_prompts": 200,
  "num_speculative_tokens": 0,
  "output_tps": 8395.195861487216,
  "generate_wall_s": 96.86647142213769,
  "init_wall_s": 86.02761010196991,
  "total_in_tokens": 174221,
  "total_out_tokens": 813213
}