{
  "output_tps": 10749.243130092624,
  "prompt_tps": 2343.6417245572893,
  "generate_wall_s": 373.9018600061536,
  "total_in_tokens": 876292,
  "total_out_tokens": 4019162,
  "num_prompts_done": 500,
  "init_wall_s": 90.1176754750777,
  "spec_decode": {
    "method": "ngram",
    "num_speculative_tokens": 7,
    "prompt_lookup_max": 5,
    "prompt_lookup_min": 2
  }
}