{
  "generated_at": "2026-04-07T13:56:23.257190+09:00",
  "gpu_only": {
    "request_throughput": 19.733882244387203,
    "output_throughput": 9825.499969480388,
    "total_token_throughput": 12339.557099650829,
    "duration": 25.337133049033582,
    "mean_ttft_ms": 7111.30756149441,
    "median_ttft_ms": 1849.3137727491558,
    "p99_ttft_ms": 14722.4709628243,
    "mean_tpot_ms": 25.59866741175095,
    "median_tpot_ms": 24.71861703441626,
    "p99_tpot_ms": 102.57888511754565,
    "mean_itl_ms": 23.65782567006955,
    "median_itl_ms": 21.299072541296482,
    "p99_itl_ms": 111.85242675244828
  },
  "hybrid": {
    "request_throughput": 8.767183135661854,
    "output_throughput": 4367.547622692667,
    "total_token_throughput": 5484.4692198097155,
    "duration": 57.030860683880746,
    "mean_ttft_ms": 7894.579946849495,
    "median_ttft_ms": 1867.3941222950816,
    "p99_ttft_ms": 16603.0023400113,
    "mean_tpot_ms": 29.62424906444367,
    "median_tpot_ms": 28.25505645770703,
    "p99_tpot_ms": 102.44410603750062,
    "mean_itl_ms": 27.89566349028728,
    "median_itl_ms": 25.25089681148529,
    "p99_itl_ms": 115.49646884202959
  },
  "comparison": {
    "request_throughput": {
      "diff_pct": -55.57,
      "direction": "higher_better"
    },
    "output_throughput": {
      "diff_pct": -55.55,
      "direction": "higher_better"
    },
    "total_token_throughput": {
      "diff_pct": -55.55,
      "direction": "higher_better"
    },
    "duration": {
      "diff_pct": 125.09,
      "direction": "lower_better"
    },
    "mean_ttft_ms": {
      "diff_pct": 11.01,
      "direction": "lower_better"
    },
    "median_ttft_ms": {
      "diff_pct": 0.98,
      "direction": "lower_better"
    },
    "p99_ttft_ms": {
      "diff_pct": 12.77,
      "direction": "lower_better"
    },
    "mean_tpot_ms": {
      "diff_pct": 15.73,
      "direction": "lower_better"
    },
    "median_tpot_ms": {
      "diff_pct": 14.31,
      "direction": "lower_better"
    },
    "p99_tpot_ms": {
      "diff_pct": -0.13,
      "direction": "lower_better"
    },
    "mean_itl_ms": {
      "diff_pct": 17.91,
      "direction": "lower_better"
    },
    "median_itl_ms": {
      "diff_pct": 18.55,
      "direction": "lower_better"
    },
    "p99_itl_ms": {
      "diff_pct": 3.26,
      "direction": "lower_better"
    },
    "request_throughput_speedup": 0.4443,
    "output_tok_speedup": 0.4445,
    "ttft_gain_pct": -11.01
  },
  "gpu_utilization": {
    "gpu_only": {
      "gpu0_util_pct": {
        "mean": 81.66,
        "max": 98.0,
        "min": 0.0
      },
      "gpu0_mem_util_pct": {
        "mean": 43.34,
        "max": 80.0,
        "min": 0.0
      },
      "gpu0_power_w": {
        "mean": 353.39,
        "max": 389.08,
        "min": 149.21
      },
      "gpu_avg_util_pct": {
        "mean": 81.66,
        "max": 98.0,
        "min": 0.0
      },
      "gpu_avg_mem_util_pct": {
        "mean": 43.34,
        "max": 80.0,
        "min": 0.0
      },
      "gpu_avg_power_w": {
        "mean": 353.39,
        "max": 389.08,
        "min": 149.21
      },
      "sample_count": 32,
      "duration_s": 31.6
    },
    "hybrid": {
      "gpu0_util_pct": {
        "mean": 21.08,
        "max": 97.0,
        "min": 0.0
      },
      "gpu0_mem_util_pct": {
        "mean": 10.22,
        "max": 51.0,
        "min": 0.0
      },
      "gpu0_power_w": {
        "mean": 149.58,
        "max": 385.58,
        "min": 46.78
      },
      "gpu_avg_util_pct": {
        "mean": 21.08,
        "max": 97.0,
        "min": 0.0
      },
      "gpu_avg_mem_util_pct": {
        "mean": 10.22,
        "max": 51.0,
        "min": 0.0
      },
      "gpu_avg_power_w": {
        "mean": 149.58,
        "max": 385.58,
        "min": 46.78
      },
      "sample_count": 106,
      "duration_s": 107.9
    }
  },
  "cpu_utilization": {
    "gpu_only": {
      "core0_util_pct": {
        "mean": 21.95,
        "max": 100.0,
        "min": 0.0
      },
      "core1_util_pct": {
        "mean": 41.08,
        "max": 100.0,
        "min": 0.0
      },
      "core2_util_pct": {
        "mean": 29.66,
        "max": 98.0,
        "min": 0.0
      },
      "core3_util_pct": {
        "mean": 21.56,
        "max": 100.0,
        "min": 0.0
      },
      "core4_util_pct": {
        "mean": 9.8,
        "max": 18.4,
        "min": 0.0
      },
      "core5_util_pct": {
        "mean": 0.31,
        "max": 7.9,
        "min": 0.0
      },
      "core6_util_pct": {
        "mean": 5.29,
        "max": 13.9,
        "min": 0.0
      },
      "core7_util_pct": {
        "mean": 0.35,
        "max": 7.9,
        "min": 0.0
      },
      "core8_util_pct": {
        "mean": 2.78,
        "max": 8.9,
        "min": 0.0
      },
      "core9_util_pct": {
        "mean": 0.31,
        "max": 8.8,
        "min": 0.0
      },
      "core10_util_pct": {
        "mean": 1.63,
        "max": 9.8,
        "min": 0.0
      },
      "core11_util_pct": {
        "mean": 0.46,
        "max": 8.8,
        "min": 0.0
      },
      "core12_util_pct": {
        "mean": 1.2,
        "max": 8.8,
        "min": 0.0
      },
      "core13_util_pct": {
        "mean": 0.53,
        "max": 7.8,
        "min": 0.0
      },
      "core14_util_pct": {
        "mean": 1.61,
        "max": 8.8,
        "min": 0.0
      },
      "core15_util_pct": {
        "mean": 0.31,
        "max": 8.8,
        "min": 0.0
      },
      "core16_util_pct": {
        "mean": 1.05,
        "max": 8.8,
        "min": 0.0
      },
      "core17_util_pct": {
        "mean": 1.02,
        "max": 9.9,
        "min": 0.0
      },
      "core18_util_pct": {
        "mean": 0.84,
        "max": 8.0,
        "min": 0.0
      },
      "core19_util_pct": {
        "mean": 0.86,
        "max": 8.7,
        "min": 0.0
      },
      "core20_util_pct": {
        "mean": 0.65,
        "max": 7.9,
        "min": 0.0
      },
      "core21_util_pct": {
        "mean": 0.72,
        "max": 7.9,
        "min": 0.0
      },
      "core22_util_pct": {
        "mean": 0.77,
        "max": 8.8,
        "min": 0.0
      },
      "core23_util_pct": {
        "mean": 0.64,
        "max": 8.7,
        "min": 0.0
      },
      "cpu_avg_util_pct": {
        "mean": 6.06,
        "max": 12.75,
        "min": 2.85
      },
      "sample_count": 32,
      "duration_s": 31.6
    },
    "hybrid": {
      "core0_util_pct": {
        "mean": 73.32,
        "max": 100.0,
        "min": 2.0
      },
      "core1_util_pct": {
        "mean": 76.94,
        "max": 100.0,
        "min": 0.0
      },
      "core2_util_pct": {
        "mean": 66.62,
        "max": 100.0,
        "min": 1.0
      },
      "core3_util_pct": {
        "mean": 54.18,
        "max": 100.0,
        "min": 0.0
      },
      "core4_util_pct": {
        "mean": 47.32,
        "max": 100.0,
        "min": 0.0
      },
      "core5_util_pct": {
        "mean": 56.52,
        "max": 100.0,
        "min": 0.0
      },
      "core6_util_pct": {
        "mean": 15.01,
        "max": 100.0,
        "min": 0.0
      },
      "core7_util_pct": {
        "mean": 92.03,
        "max": 100.0,
        "min": 0.0
      },
      "core8_util_pct": {
        "mean": 87.8,
        "max": 100.0,
        "min": 0.0
      },
      "core9_util_pct": {
        "mean": 19.53,
        "max": 100.0,
        "min": 0.0
      },
      "core10_util_pct": {
        "mean": 76.39,
        "max": 100.0,
        "min": 0.0
      },
      "core11_util_pct": {
        "mean": 37.89,
        "max": 100.0,
        "min": 0.0
      },
      "core12_util_pct": {
        "mean": 40.61,
        "max": 100.0,
        "min": 1.0
      },
      "core13_util_pct": {
        "mean": 67.18,
        "max": 100.0,
        "min": 0.0
      },
      "core14_util_pct": {
        "mean": 47.99,
        "max": 100.0,
        "min": 1.0
      },
      "core15_util_pct": {
        "mean": 87.79,
        "max": 100.0,
        "min": 0.0
      },