{"total":501,"by_backend":{"vanilla":165,"trident":336},"by_workload":{"sonnet":164,"chat":165,"code":172},"classify_time_total_s":0.548189858905971,"forward_time_total_s":118.55278494372033,"classify_ms_avg":1.0941913351416588,"forward_ms_avg":236.63230527688688}