{
  "workload": "code",
  "model": "Qwen/Qwen2.5-7B-Instruct",
  "num_prompts": 50,
  "num_speculative_tokens": 32,
  "output_tps": 3515.4962298966493,
  "generate_wall_s": 7.2820445040706545,
  "init_wall_s": 19.683107170043513,
  "total_in_tokens": 16082,
  "total_out_tokens": 25600
}