{
  "workload": "sonnet",
  "num_prompts": 500,
  "num_speculative_tokens": 32,
  "output_tps": 11694.739698407551,
  "generate_wall_s": 345.5252621441614,
  "init_wall_s": 85.44232790893875,
  "total_in_tokens": 876292,
  "total_out_tokens": 4040828
}