{
  "output_tps": 10562.30422475212,
  "prompt_tps": 2302.883709021056,
  "generate_wall_s": 380.51943160104565,
  "total_in_tokens": 876292,
  "total_out_tokens": 4019162,
  "num_prompts_done": 500,
  "init_wall_s": 108.93819566606544,
  "spec_decode": {
    "method": "ngram",
    "num_speculative_tokens": 7,
    "prompt_lookup_max": 5,
    "prompt_lookup_min": 2
  }
}