{
  "workload": "code",
  "num_prompts": 500,
  "num_speculative_tokens": 7,
  "output_tps": 5326.61207581665,
  "generate_wall_s": 727.865469611017,
  "init_wall_s": 85.80889938795008,
  "total_in_tokens": 1304836,
  "total_out_tokens": 3877057
}