{
  "workload": "code",
  "num_prompts": 500,
  "num_speculative_tokens": 32,
  "output_tps": 7093.542283929813,
  "generate_wall_s": 537.3690389688127,
  "init_wall_s": 52.18562955688685,
  "total_in_tokens": 1304836,
  "total_out_tokens": 3811850
}