{"total":501,"by_backend":{"vanilla":165,"trident":336},"by_workload":{"sonnet":164,"chat":165,"code":172},"classify_time_total_s":0.6511743029113859,"forward_time_total_s":119.85319227562286,"classify_ms_avg":1.2997491076075567,"forward_ms_avg":239.22792869385802}