{
  "output_tps": 10744.83173881045,
  "prompt_tps": 2342.679915381785,
  "generate_wall_s": 374.0553689158987,
  "total_in_tokens": 876292,
  "total_out_tokens": 4019162,
  "num_prompts_done": 500,
  "init_wall_s": 91.16488867090084,
  "spec_decode": {
    "method": "ngram",
    "num_speculative_tokens": 7,
    "prompt_lookup_max": 5,
    "prompt_lookup_min": 2
  }
}