{
  "workload": "sonnet",
  "num_prompts": 50,
  "num_speculative_tokens": 32,
  "output_tps": 1207.676459437792,
  "generate_wall_s": 21.197730401996523,
  "init_wall_s": 52.805237175896764,
  "total_in_tokens": 21440,
  "total_out_tokens": 25600
}