{
  "output_tps": 10967.880118336436,
  "prompt_tps": 2391.310826649255,
  "generate_wall_s": 366.4483889900148,
  "total_in_tokens": 876292,
  "total_out_tokens": 4019162,
  "num_prompts_done": 500,
  "init_wall_s": 92.88463340699673,
  "spec_decode": {
    "method": "ngram",
    "num_speculative_tokens": 7,
    "prompt_lookup_max": 5,
    "prompt_lookup_min": 2
  }
}