{
  "mix": "sonnet-heavy",
  "mix_counts": {
    "sonnet": 300,
    "chat": 100,
    "code": 100
  },
  "num_prompts": 500,
  "max_tokens": 32,
  "concurrency": 32,
  "scenarios": [
    {
      "scenario": "vanilla-only",
      "n_prompts": 500,
      "wall_s": 8.023285408969969,
      "total_out_tokens": 16000,
      "tps": 1994.1955426529048,
      "latency_p50_s": 0.4940519181545824,
      "latency_p99_s": 0.5796050361823291,
      "backend_counts": {
        "direct": 500
      },
      "concurrency": 32
    },
    {
      "scenario": "trident-only",
      "n_prompts": 500,
      "wall_s": 4.726639840053394,
      "total_out_tokens": 16000,
      "tps": 3385.068577558314,
      "latency_p50_s": 0.23585627600550652,
      "latency_p99_s": 0.7843070500530303,
      "backend_counts": {
        "direct": 500
      },
      "concurrency": 32
    },
    {
      "scenario": "agsd-gated",
      "n_prompts": 500,
      "wall_s": 3.698899236973375,
      "total_out_tokens": 16000,
      "tps": 4325.611208888189,
      "latency_p50_s": 0.16909734695218503,
      "latency_p99_s": 0.4543271369766444,
      "backend_counts": {
        "trident": 400,
        "vanilla": 100
      },
      "concurrency": 32
    }
  ],
  "gating_stats": {
    "total": 501,
    "by_backend": {
      "vanilla": 100,
      "trident": 401
    },
    "by_workload": {
      "sonnet": 292,
      "chat": 100,
      "code": 109
    },
    "classify_time_total_s": 0.5807496358174831,
    "forward_time_total_s": 107.87851457647048,
    "classify_ms_avg": 1.1591809098153354,
    "forward_ms_avg": 215.32637640014067
  }
}