{"total":501,"by_backend":{"vanilla":100,"trident":401},"by_workload":{"sonnet":292,"chat":100,"code":109},"classify_time_total_s":0.652435397496447,"forward_time_total_s":103.2804189347662,"classify_ms_avg":1.302266262467958,"forward_ms_avg":206.1485407879565}