{
  "generated_at": "2026-03-27T21:59:26.434466+09:00",
  "gpu_only": {
    "request_throughput": 19.427146756822584,
    "output_throughput": 9733.425373307926,
    "total_token_throughput": 12210.850055500781,
    "duration": 51.78320895973593,
    "mean_ttft_ms": 20479.739162204398,
    "median_ttft_ms": 15744.409165810794,
    "p99_ttft_ms": 41346.00328556262,
    "mean_tpot_ms": 25.531112969775435,
    "median_tpot_ms": 24.87922643735976,
    "p99_tpot_ms": 98.02826929371817,
    "mean_itl_ms": 24.210708110827444,
    "median_itl_ms": 21.259604953229427,
    "p99_itl_ms": 115.72411919012666
  },
  "hybrid": {
    "request_throughput": 15.960190329721835,
    "output_throughput": 7993.183790131316,
    "total_token_throughput": 10028.488817178715,
    "duration": 63.031829772517085,
    "mean_ttft_ms": 22002.891764254913,
    "median_ttft_ms": 16423.01130667329,
    "p99_ttft_ms": 45826.51984500699,
    "mean_tpot_ms": 29.23858095579296,
    "median_tpot_ms": 28.579449614622934,
    "p99_tpot_ms": 109.31255979834356,
    "mean_itl_ms": 27.8489637151812,
    "median_itl_ms": 25.14404710382223,
    "p99_itl_ms": 118.72983487322931
  },
  "comparison": {
    "request_throughput": {
      "diff_pct": -17.85,
      "direction": "higher_better"
    },
    "output_throughput": {
      "diff_pct": -17.88,
      "direction": "higher_better"
    },
    "total_token_throughput": {
      "diff_pct": -17.87,
      "direction": "higher_better"
    },
    "duration": {
      "diff_pct": 21.72,
      "direction": "lower_better"
    },
    "mean_ttft_ms": {
      "diff_pct": 7.44,
      "direction": "lower_better"
    },
    "median_ttft_ms": {
      "diff_pct": 4.31,
      "direction": "lower_better"
    },
    "p99_ttft_ms": {
      "diff_pct": 10.84,
      "direction": "lower_better"
    },
    "mean_tpot_ms": {
      "diff_pct": 14.52,
      "direction": "lower_better"
    },
    "median_tpot_ms": {
      "diff_pct": 14.87,
      "direction": "lower_better"
    },
    "p99_tpot_ms": {
      "diff_pct": 11.51,
      "direction": "lower_better"
    },
    "mean_itl_ms": {
      "diff_pct": 15.03,
      "direction": "lower_better"
    },
    "median_itl_ms": {
      "diff_pct": 18.27,
      "direction": "lower_better"
    },
    "p99_itl_ms": {
      "diff_pct": 2.6,
      "direction": "lower_better"
    },
    "request_throughput_speedup": 0.8215,
    "output_tok_speedup": 0.8212,
    "ttft_gain_pct": -7.44
  },
  "gpu_utilization": {
    "gpu_only": {
      "gpu0_util_pct": {
        "mean": 64.49,
        "max": 100.0,
        "min": 0.0
      },
      "gpu0_mem_util_pct": {
        "mean": 33.67,
        "max": 81.0,
        "min": 0.0
      },
      "gpu0_power_w": {
        "mean": 296.92,
        "max": 389.37,
        "min": 46.24
      },
      "gpu_avg_util_pct": {
        "mean": 64.49,
        "max": 100.0,
        "min": 0.0
      },
      "gpu_avg_mem_util_pct": {
        "mean": 33.67,
        "max": 81.0,
        "min": 0.0
      },
      "gpu_avg_power_w": {
        "mean": 296.92,
        "max": 389.37,
        "min": 46.24
      },
      "sample_count": 78,
      "duration_s": 78.6
    },
    "hybrid": {
      "gpu0_util_pct": {
        "mean": 50.87,
        "max": 97.0,
        "min": 0.0
      },
      "gpu0_mem_util_pct": {
        "mean": 25.64,
        "max": 81.0,
        "min": 0.0
      },
      "gpu0_power_w": {
        "mean": 274.11,
        "max": 387.89,
        "min": 49.75
      },
      "gpu_avg_util_pct": {
        "mean": 50.87,
        "max": 97.0,
        "min": 0.0
      },
      "gpu_avg_mem_util_pct": {
        "mean": 25.64,
        "max": 81.0,
        "min": 0.0
      },
      "gpu_avg_power_w": {
        "mean": 274.11,
        "max": 387.89,
        "min": 49.75
      },
      "sample_count": 101,
      "duration_s": 102.2
    }
  },
  "cpu_utilization": {
    "gpu_only": {
      "core0_util_pct": {
        "mean": 25.53,
        "max": 98.0,
        "min": 0.0
      },
      "core1_util_pct": {
        "mean": 34.57,
        "max": 100.0,
        "min": 0.0
      },
      "core2_util_pct": {
        "mean": 37.73,
        "max": 100.0,
        "min": 0.0
      },
      "core3_util_pct": {
        "mean": 12.31,
        "max": 100.0,
        "min": 0.0
      },
      "core4_util_pct": {
        "mean": 7.61,
        "max": 19.4,
        "min": 0.0
      },
      "core5_util_pct": {
        "mean": 1.1,
        "max": 8.8,
        "min": 0.0
      },
      "core6_util_pct": {
        "mean": 2.34,
        "max": 10.8,
        "min": 0.0
      },
      "core7_util_pct": {
        "mean": 0.96,
        "max": 9.8,
        "min": 0.0
      },
      "core8_util_pct": {
        "mean": 1.76,
        "max": 9.9,
        "min": 0.0
      },
      "core9_util_pct": {
        "mean": 1.09,
        "max": 8.8,
        "min": 0.0
      },
      "core10_util_pct": {
        "mean": 1.61,
        "max": 10.8,
        "min": 0.0
      },
      "core11_util_pct": {
        "mean": 0.94,
        "max": 9.7,
        "min": 0.0
      },
      "core12_util_pct": {
        "mean": 1.33,
        "max": 12.7,
        "min": 0.0
      },
      "core13_util_pct": {
        "mean": 0.93,
        "max": 9.7,
        "min": 0.0
      },
      "core14_util_pct": {
        "mean": 1.34,
        "max": 9.7,
        "min": 0.0
      },
      "core15_util_pct": {
        "mean": 0.9,
        "max": 8.7,
        "min": 0.0
      },
      "core16_util_pct": {
        "mean": 1.24,
        "max": 9.9,
        "min": 0.0
      },
      "core17_util_pct": {
        "mean": 1.22,
        "max": 10.8,
        "min": 0.0
      },
      "core18_util_pct": {
        "mean": 1.1,
        "max": 10.6,
        "min": 0.0
      },
      "core19_util_pct": {
        "mean": 1.14,
        "max": 9.7,
        "min": 0.0
      },
      "core20_util_pct": {
        "mean": 1.04,
        "max": 9.7,
        "min": 0.0
      },
      "core21_util_pct": {
        "mean": 0.99,
        "max": 10.9,
        "min": 0.0
      },
      "core22_util_pct": {
        "mean": 1.13,
        "max": 9.8,
        "min": 0.0
      },
      "core23_util_pct": {
        "mean": 1.09,
        "max": 11.7,
        "min": 0.0
      },
      "cpu_avg_util_pct": {
        "mean": 5.87,
        "max": 13.34,
        "min": 0.33
      },
      "sample_count": 78,
      "duration_s": 78.6
    },
    "hybrid": {
      "core0_util_pct": {
        "mean": 43.87,
        "max": 100.0,
        "min": 0.0
      },
      "core1_util_pct": {
        "mean": 68.12,
        "max": 100.0,
        "min": 0.0
      },
      "core2_util_pct": {
        "mean": 70.03,
        "max": 100.0,
        "min": 0.0
      },
      "core3_util_pct": {
        "mean": 44.93,
        "max": 100.0,
        "min": 0.0
      },
      "core4_util_pct": {
        "mean": 27.8,
        "max": 100.0,
        "min": 0.0
      },
      "core5_util_pct": {
        "mean": 66.36,
        "max": 100.0,
        "min": 0.0
      },
      "core6_util_pct": {
        "mean": 35.71,
        "max": 100.0,
        "min": 0.0
      },
      "core7_util_pct": {
        "mean": 48.06,
        "max": 100.0,
        "min": 0.0
      },
      "core8_util_pct": {
        "mean": 61.9,
        "max": 100.0,
        "min": 0.0
      },
      "core9_util_pct": {
        "mean": 46.82,
        "max": 100.0,
        "min": 0.0
      },
      "core10_util_pct": {
        "mean": 51.81,
        "max": 100.0,
        "min": 0.0
      },
      "core11_util_pct": {
        "mean": 34.85,
        "max": 100.0,
        "min": 0.0
      },
      "core12_util_pct": {
        "mean": 29.15,
        "max": 100.0,
        "min": 0.0
      },
      "core13_util_pct": {
        "mean": 55.22,
        "max": 100.0,
        "min": 0.0
      },
      "core14_util_pct": {
        "mean": 65.16,
        "max": 100.0,
        "min": 0.0
      },
      "core15_util_pct": {
        "mean": 70.7,
        "max": 100.0,
        "min": 0.0
      },