{
  "mix": "balanced",
  "mix_counts": {
    "sonnet": 68,
    "chat": 66,
    "code": 66
  },
  "num_prompts": 200,
  "max_tokens": 256,
  "concurrency": 32,
  "scenarios": [
    {
      "scenario": "vanilla-only",
      "n_prompts": 200,
      "wall_s": 20.64769943896681,
      "total_out_tokens": 49771,
      "tps": 2410.4864634977703,
      "latency_p50_s": 3.0899456669576466,
      "latency_p99_s": 3.1574783069081604,
      "backend_counts": {
        "direct": 200
      },
      "concurrency": 32
    },
    {
      "scenario": "trident-only",
      "n_prompts": 200,
      "wall_s": 14.100533708930016,
      "total_out_tokens": 49994,
      "tps": 3545.53955417576,
      "latency_p50_s": 1.7174698549788445,
      "latency_p99_s": 4.71262373495847,
      "backend_counts": {
        "direct": 200
      },
      "concurrency": 32
    },
    {
      "scenario": "agsd-gated",
      "n_prompts": 200,
      "wall_s": 9.935919597977772,
      "total_out_tokens": 49608,
      "tps": 4992.794024832545,
      "latency_p50_s": 0.8184710878413171,
      "latency_p99_s": 2.93956151092425,
      "backend_counts": {
        "vanilla": 66,
        "trident": 134
      },
      "concurrency": 32
    }
  ],
  "gating_stats": {
    "total": 201,
    "by_backend": {
      "vanilla": 66,
      "trident": 135
    },
    "by_workload": {
      "sonnet": 65,
      "chat": 66,
      "code": 70
    },
    "classify_time_total_s": 0.3773486658465117,
    "forward_time_total_s": 274.04192299139686,
    "classify_ms_avg": 1.8773565465000583,
    "forward_ms_avg": 1363.3926516984918
  }
}