{
  "mix": "code-heavy",
  "mix_counts": {
    "sonnet": 50,
    "chat": 100,
    "code": 350
  },
  "num_prompts": 500,
  "max_tokens": 256,
  "concurrency": 32,
  "scenarios": [
    {
      "scenario": "vanilla-only",
      "n_prompts": 500,
      "wall_s": 45.8234710439574,
      "total_out_tokens": 123805,
      "tps": 2701.781361809906,
      "latency_p50_s": 2.930516075110063,
      "latency_p99_s": 3.0017076630610973,
      "backend_counts": {
        "direct": 500
      },
      "concurrency": 32
    },
    {
      "scenario": "trident-only",
      "n_prompts": 500,
      "wall_s": 19.70004289597273,
      "total_out_tokens": 123353,
      "tps": 6261.5599697611315,
      "latency_p50_s": 1.0034785398747772,
      "latency_p99_s": 4.0731899498496205,
      "backend_counts": {
        "direct": 500
      },
      "concurrency": 32
    },
    {
      "scenario": "agsd-gated",
      "n_prompts": 500,
      "wall_s": 17.987723470898345,
      "total_out_tokens": 123176,
      "tps": 6847.781499381052,
      "latency_p50_s": 0.6565740529913455,
      "latency_p99_s": 2.915615536039695,
      "backend_counts": {
        "trident": 400,
        "vanilla": 100
      },
      "concurrency": 32
    }
  ],
  "gating_stats": {
    "total": 501,
    "by_backend": {
      "vanilla": 100,
      "trident": 401
    },
    "by_workload": {
      "sonnet": 48,
      "chat": 100,
      "code": 353
    },
    "classify_time_total_s": 0.4217451617587358,
    "forward_time_total_s": 528.4726351092104,
    "classify_ms_avg": 0.841806710097277,
    "forward_ms_avg": 1054.83559902038
  }
}