{
  "iters": 15727,
  "n_elems_per_call": 262144,
  "scale_group": 128,
  "target_hz": 100.0,
  "effective_hz": 99.99557000425224,
  "wall_s": 157.2769673629664,
  "effective_bw_GB_s_int8_in": 0.0262132387031947
}