{"total":501,"by_backend":{"vanilla":165,"trident":336},"by_workload":{"sonnet":164,"chat":165,"code":172},"classify_time_total_s":0.6189089948311448,"forward_time_total_s":118.07876887405291,"classify_ms_avg":1.2353472950721451,"forward_ms_avg":235.68616541727127}