{
  "workload": "code",
  "model": "Qwen/Qwen2.5-0.5B-Instruct",
  "num_prompts": 50,
  "num_speculative_tokens": 32,
  "output_tps": 5374.651133005667,
  "generate_wall_s": 4.76309984899126,
  "init_wall_s": 16.3846407039091,
  "total_in_tokens": 16082,
  "total_out_tokens": 25600
}