{
  "output_tps": 10991.483259526623,
  "prompt_tps": 2396.4569849279783,
  "generate_wall_s": 365.661476718029,
  "total_in_tokens": 876292,
  "total_out_tokens": 4019162,
  "num_prompts_done": 500,
  "init_wall_s": 87.19615636696108,
  "spec_decode": {
    "method": "ngram",
    "num_speculative_tokens": 7,
    "prompt_lookup_max": 5,
    "prompt_lookup_min": 2
  }
}