{
  "mix": "sonnet-heavy",
  "mix_counts": {
    "sonnet": 300,
    "chat": 100,
    "code": 100
  },
  "num_prompts": 500,
  "max_tokens": 32,
  "concurrency": 32,
  "scenarios": [
    {
      "scenario": "agsd-gated",
      "n_prompts": 500,
      "wall_s": 3.466465684119612,
      "total_out_tokens": 16000,
      "tps": 4615.652211212806,
      "latency_p50_s": 0.16393269808031619,
      "latency_p99_s": 0.4319376510102302,
      "backend_counts": {
        "trident": 400,
        "vanilla": 100
      },
      "concurrency": 32
    }
  ],
  "gating_stats": {
    "total": 501,
    "by_backend": {
      "vanilla": 100,
      "trident": 401
    },
    "by_workload": {
      "sonnet": 292,
      "chat": 100,
      "code": 109
    },
    "classify_time_total_s": 0.7611747903283685,
    "forward_time_total_s": 99.90194914559834,
    "classify_ms_avg": 1.5193109587392586,
    "forward_ms_avg": 199.40508811496673
  },
  "agsd_only": true
}