{"total":501,"by_backend":{"vanilla":100,"trident":401},"by_workload":{"sonnet":292,"chat":100,"code":109},"classify_time_total_s":0.7611747903283685,"forward_time_total_s":99.90194914559834,"classify_ms_avg":1.5193109587392586,"forward_ms_avg":199.40508811496673}