{
  "mix": "sonnet-heavy",
  "mix_counts": {
    "sonnet": 300,
    "chat": 100,
    "code": 100
  },
  "num_prompts": 500,
  "max_tokens": 32,
  "concurrency": 32,
  "scenarios": [
    {
      "scenario": "vanilla-only",
      "n_prompts": 500,
      "wall_s": 8.047703399090096,
      "total_out_tokens": 16000,
      "tps": 1988.144841646254,
      "latency_p50_s": 0.5032295011915267,
      "latency_p99_s": 0.586724994936958,
      "backend_counts": {
        "direct": 500
      },
      "concurrency": 32
    },
    {
      "scenario": "trident-only",
      "n_prompts": 500,
      "wall_s": 4.612358608981594,
      "total_out_tokens": 16000,
      "tps": 3468.9410248464587,
      "latency_p50_s": 0.22924476698972285,
      "latency_p99_s": 0.7878139950335026,
      "backend_counts": {
        "direct": 500
      },
      "concurrency": 32
    },
    {
      "scenario": "agsd-gated",
      "n_prompts": 500,
      "wall_s": 3.650678075151518,
      "total_out_tokens": 16000,
      "tps": 4382.747443250234,
      "latency_p50_s": 0.16964392783120275,
      "latency_p99_s": 0.4703151611611247,
      "backend_counts": {
        "trident": 400,
        "vanilla": 100
      },
      "concurrency": 32
    }
  ],
  "gating_stats": {
    "total": 501,
    "by_backend": {
      "vanilla": 100,
      "trident": 401
    },
    "by_workload": {
      "sonnet": 292,
      "chat": 100,
      "code": 109
    },
    "classify_time_total_s": 0.5655225445516407,
    "forward_time_total_s": 106.50081511517055,
    "classify_ms_avg": 1.1287875140751311,
    "forward_ms_avg": 212.57647727578953
  }
}