{"total":501,"by_backend":{"vanilla":100,"trident":401},"by_workload":{"sonnet":292,"chat":100,"code":109},"classify_time_total_s":0.5655225445516407,"forward_time_total_s":106.50081511517055,"classify_ms_avg":1.1287875140751311,"forward_ms_avg":212.57647727578953}