{
  "workload": "chat",
  "model": "Qwen/Qwen2.5-1.5B-Instruct",
  "num_prompts": 50,
  "num_speculative_tokens": 32,
  "output_tps": 4392.540362674128,
  "generate_wall_s": 4.960455272113904,
  "init_wall_s": 17.40546254394576,
  "total_in_tokens": 11462,
  "total_out_tokens": 21789
}