{
  "mix": "code-heavy",
  "mix_counts": {
    "sonnet": 50,
    "chat": 100,
    "code": 350
  },
  "num_prompts": 500,
  "max_tokens": 32,
  "concurrency": 32,
  "scenarios": [
    {
      "scenario": "vanilla-only",
      "n_prompts": 500,
      "wall_s": 8.256368248024955,
      "total_out_tokens": 16000,
      "tps": 1937.8980587290828,
      "latency_p50_s": 0.5129413299728185,
      "latency_p99_s": 0.5589441750198603,
      "backend_counts": {
        "direct": 500
      },
      "concurrency": 32
    },
    {
      "scenario": "trident-only",
      "n_prompts": 500,
      "wall_s": 5.290196730056778,
      "total_out_tokens": 16000,
      "tps": 3024.4621923215846,
      "latency_p50_s": 0.31291452096775174,
      "latency_p99_s": 0.5841701591853052,
      "backend_counts": {
        "direct": 500
      },
      "concurrency": 32
    },
    {
      "scenario": "agsd-gated",
      "n_prompts": 500,
      "wall_s": 3.427661346970126,
      "total_out_tokens": 16000,
      "tps": 4667.905717740513,
      "latency_p50_s": 0.1631353439297527,
      "latency_p99_s": 0.3904077219776809,
      "backend_counts": {
        "trident": 400,
        "vanilla": 100
      },
      "concurrency": 32
    }
  ],
  "gating_stats": {
    "total": 501,
    "by_backend": {
      "vanilla": 100,
      "trident": 401
    },
    "by_workload": {
      "sonnet": 48,
      "chat": 100,
      "code": 353
    },
    "classify_time_total_s": 0.5221322954166681,
    "forward_time_total_s": 99.79944833437912,
    "classify_ms_avg": 1.0421802303725909,
    "forward_ms_avg": 199.20049567740344
  }
}