{
  "mix": "balanced",
  "mix_counts": {
    "sonnet": 68,
    "chat": 66,
    "code": 66
  },
  "num_prompts": 200,
  "max_tokens": 256,
  "concurrency": 32,
  "scenarios": [
    {
      "scenario": "vanilla-only",
      "n_prompts": 200,
      "wall_s": 19.569656297098845,
      "total_out_tokens": 49527,
      "tps": 2530.8058173378477,
      "latency_p50_s": 2.9324239541310817,
      "latency_p99_s": 2.9650917630642653,
      "backend_counts": {
        "direct": 200
      },
      "concurrency": 32
    },
    {
      "scenario": "trident-only",
      "n_prompts": 200,
      "wall_s": 9.336396974045783,
      "total_out_tokens": 49053,
      "tps": 5253.953975646307,
      "latency_p50_s": 0.782271962845698,
      "latency_p99_s": 4.035296324873343,
      "backend_counts": {
        "direct": 200
      },
      "concurrency": 32
    },
    {
      "scenario": "agsd-gated",
      "n_prompts": 200,
      "wall_s": 10.07188772293739,
      "total_out_tokens": 49742,
      "tps": 4938.696833039469,
      "latency_p50_s": 0.6604921519756317,
      "latency_p99_s": 2.9190018381923437,
      "backend_counts": {
        "vanilla": 66,
        "trident": 134
      },
      "concurrency": 32
    }
  ],
  "gating_stats": {
    "total": 201,
    "by_backend": {
      "vanilla": 66,
      "trident": 135
    },
    "by_workload": {
      "sonnet": 65,
      "chat": 66,
      "code": 70
    },
    "classify_time_total_s": 0.2349705088417977,
    "forward_time_total_s": 272.3842187060509,
    "classify_ms_avg": 1.1690075066756105,
    "forward_ms_avg": 1355.1453666967705
  }
}