{
  "base": "/workspace/vllm_hybrid/shadow_assists/features/IDE_015_cpu_extreme_util/SUB_172_sub112_500p_repro",
  "N_list": [
    0,
    4,
    8,
    16,
    32
  ],
  "mixes": [
    "balanced",
    "sonnet-heavy",
    "code-heavy"
  ],
  "tps": {
    "0": {
      "balanced": {
        "vanilla-only": 2461.639172410537,
        "trident-only": 3887.533268064183,
        "agsd-gated": 5390.127541129375
      },
      "sonnet-heavy": {
        "vanilla-only": 2679.2611036903045,
        "trident-only": 5877.95336923748,
        "agsd-gated": 6067.151868394309
      },
      "code-heavy": {
        "vanilla-only": 2528.26295993059,
        "trident-only": 6189.3429895231575,
        "agsd-gated": 7051.310860213747
      }
    },
    "4": {
      "balanced": {
        "vanilla-only": 2673.7991810759377,
        "trident-only": 6315.40071015865,
        "agsd-gated": 5510.460563560106
      },
      "sonnet-heavy": {
        "vanilla-only": 2705.399292571286,
        "trident-only": 6860.368284114732,
        "agsd-gated": 6214.436300605158
      },
      "code-heavy": {
        "vanilla-only": 2701.781361809906,
        "trident-only": 6261.5599697611315,
        "agsd-gated": 6847.781499381052
      }
    },
    "8": {
      "balanced": {
        "vanilla-only": 2541.1664396480965,
        "trident-only": 7264.882751859378,
        "agsd-gated": 5346.782623000922
      },
      "sonnet-heavy": {
        "vanilla-only": 2530.816846242816,
        "trident-only": 6360.2501940042,
        "agsd-gated": 4867.747734249169
      },
      "code-heavy": {
        "vanilla-only": 2595.6430999856684,
        "trident-only": 6281.521504403452,
        "agsd-gated": 6628.15586927874
      }
    },
    "16": {
      "balanced": {
        "vanilla-only": 2416.2127389749344,
        "trident-only": 7385.034971637703,
        "agsd-gated": 5150.373412009845
      },
      "sonnet-heavy": {
        "vanilla-only": 2438.9302542612427,
        "trident-only": 6988.539968380833,
        "agsd-gated": 6061.55828955952
      },
      "code-heavy": {
        "vanilla-only": 2443.0997822780055,
        "trident-only": 6449.64565822477,
        "agsd-gated": 6362.82731415582
      }
    },
    "32": {
      "balanced": {
        "vanilla-only": 2292.741688426848,
        "trident-only": 4452.000707326571,
        "agsd-gated": 4309.396562692699
      },
      "sonnet-heavy": {
        "vanilla-only": 2307.8089086215978,
        "trident-only": 7131.3754850113055,
        "agsd-gated": 5473.781791612989
      },
      "code-heavy": {
        "vanilla-only": 2358.7390946237283,
        "trident-only": 5938.69187166096,
        "agsd-gated": 6084.674355272659
      }
    }
  }
}