{
  "0": {
    "cpu": 5.002770083102493,
    "gpu_vanilla": 67.3393351800554,
    "gpu_trident": 32.70706371191136
  },
  "4": {
    "cpu": 6.872121212121212,
    "gpu_vanilla": 68.53181818181818,
    "gpu_trident": 28.916666666666668
  },
  "8": {
    "cpu": 8.472753623188407,
    "gpu_vanilla": 70.0536231884058,
    "gpu_trident": 28.5231884057971
  },
  "16": {
    "cpu": 12.012,
    "gpu_vanilla": 69.72857142857143,
    "gpu_trident": 25.075
  },
  "32": {
    "cpu": 19.111023622047245,
    "gpu_vanilla": 67.7250656167979,
    "gpu_trident": 26.879265091863516
  }
}