{
  "generated_at": "2026-04-02T21:30:52.570152+09:00",
  "gpu_only": {
    "request_throughput": 49.851668330022115,
    "output_throughput": 12198.404130346431,
    "total_token_throughput": 24906.79082770899,
    "duration": 10.029754605000562,
    "mean_ttft_ms": 3760.0685593259805,
    "median_ttft_ms": 2335.5317045002266,
    "p99_ttft_ms": 6822.304549630508,
    "mean_tpot_ms": 16.472840550122243,
    "median_tpot_ms": 17.16773317059015,
    "p99_tpot_ms": 40.826288450443826,
    "mean_itl_ms": 16.20140722276465,
    "median_itl_ms": 12.80755199968553,
    "p99_itl_ms": 49.120954910322325
  },
  "hybrid": {
    "request_throughput": 6.724423487035394,
    "output_throughput": 1645.6143645942757,
    "total_token_throughput": 3359.831297603286,
    "duration": 74.35581666800044,
    "mean_ttft_ms": 4049.690684275996,
    "median_ttft_ms": 2201.3030574998993,
    "p99_ttft_ms": 7468.97175224979,
    "mean_tpot_ms": 20.957990581739228,
    "median_tpot_ms": 20.41032632745127,
    "p99_tpot_ms": 45.19695154445414,
    "mean_itl_ms": 20.61870163839225,
    "median_itl_ms": 16.39850599985948,
    "p99_itl_ms": 63.28915479985878
  },
  "comparison": {
    "request_throughput": {
      "diff_pct": -86.51,
      "direction": "higher_better"
    },
    "output_throughput": {
      "diff_pct": -86.51,
      "direction": "higher_better"
    },
    "total_token_throughput": {
      "diff_pct": -86.51,
      "direction": "higher_better"
    },
    "duration": {
      "diff_pct": 641.35,
      "direction": "lower_better"
    },
    "mean_ttft_ms": {
      "diff_pct": 7.7,
      "direction": "lower_better"
    },
    "median_ttft_ms": {
      "diff_pct": -5.75,
      "direction": "lower_better"
    },
    "p99_ttft_ms": {
      "diff_pct": 9.48,
      "direction": "lower_better"
    },
    "mean_tpot_ms": {
      "diff_pct": 27.23,
      "direction": "lower_better"
    },
    "median_tpot_ms": {
      "diff_pct": 18.89,
      "direction": "lower_better"
    },
    "p99_tpot_ms": {
      "diff_pct": 10.71,
      "direction": "lower_better"
    },
    "mean_itl_ms": {
      "diff_pct": 27.26,
      "direction": "lower_better"
    },
    "median_itl_ms": {
      "diff_pct": 28.04,
      "direction": "lower_better"
    },
    "p99_itl_ms": {
      "diff_pct": 28.84,
      "direction": "lower_better"
    },
    "request_throughput_speedup": 0.1349,
    "output_tok_speedup": 0.1349,
    "ttft_gain_pct": -7.7
  },
  "gpu_utilization": {
    "gpu_only": {
      "gpu0_util_pct": {
        "mean": 13.72,
        "max": 91.0,
        "min": 0.0
      },
      "gpu0_mem_util_pct": {
        "mean": 4.91,
        "max": 84.0,
        "min": 0.0
      },
      "gpu0_power_w": {
        "mean": 86.24,
        "max": 345.61,
        "min": 64.24
      },
      "gpu_avg_util_pct": {
        "mean": 13.72,
        "max": 91.0,
        "min": 0.0
      },
      "gpu_avg_mem_util_pct": {
        "mean": 4.91,
        "max": 84.0,
        "min": 0.0
      },
      "gpu_avg_power_w": {
        "mean": 86.24,
        "max": 345.61,
        "min": 64.24
      },
      "sample_count": 103,
      "duration_s": 123.5
    },
    "hybrid": {
      "gpu0_util_pct": {
        "mean": 8.77,
        "max": 86.0,
        "min": 0.0
      },
      "gpu0_mem_util_pct": {
        "mean": 2.7,
        "max": 40.0,
        "min": 0.0
      },
      "gpu0_power_w": {
        "mean": 81.73,
        "max": 364.61,
        "min": 65.11
      },
      "gpu_avg_util_pct": {
        "mean": 8.77,
        "max": 86.0,
        "min": 0.0
      },
      "gpu_avg_mem_util_pct": {
        "mean": 2.7,
        "max": 40.0,
        "min": 0.0
      },
      "gpu_avg_power_w": {
        "mean": 81.73,
        "max": 364.61,
        "min": 65.11
      },
      "sample_count": 141,
      "duration_s": 162.4
    }
  },
  "cpu_utilization": {
    "gpu_only": {
      "core0_util_pct": {
        "mean": 3.45,
        "max": 65.7,
        "min": 0.0
      },
      "core1_util_pct": {
        "mean": 3.54,
        "max": 85.8,
        "min": 0.0
      },
      "core2_util_pct": {
        "mean": 2.61,
        "max": 53.1,
        "min": 0.0
      },
      "core3_util_pct": {
        "mean": 1.56,
        "max": 43.4,
        "min": 0.0
      },
      "core4_util_pct": {
        "mean": 0.87,
        "max": 21.2,
        "min": 0.0
      },
      "core5_util_pct": {
        "mean": 4.81,
        "max": 85.1,
        "min": 0.0
      },
      "core6_util_pct": {
        "mean": 16.02,
        "max": 100.0,
        "min": 0.0
      },
      "core7_util_pct": {
        "mean": 5.43,
        "max": 100.0,
        "min": 0.0
      },
      "core8_util_pct": {
        "mean": 45.72,
        "max": 100.0,
        "min": 0.0
      },
      "core9_util_pct": {
        "mean": 2.27,
        "max": 79.2,
        "min": 0.0
      },
      "core10_util_pct": {
        "mean": 2.72,
        "max": 97.1,
        "min": 0.0
      },
      "core11_util_pct": {
        "mean": 5.36,
        "max": 44.3,
        "min": 0.0
      },
      "core12_util_pct": {
        "mean": 11.96,
        "max": 99.1,
        "min": 0.0
      },
      "core13_util_pct": {
        "mean": 1.71,
        "max": 64.5,
        "min": 0.0
      },
      "core14_util_pct": {
        "mean": 2.04,
        "max": 32.2,
        "min": 0.0
      },
      "core15_util_pct": {
        "mean": 8.97,
        "max": 100.0,
        "min": 0.0
      },
      "cpu_avg_util_pct": {
        "mean": 7.44,
        "max": 23.79,
        "min": 0.24
      },
      "sample_count": 103,
      "duration_s": 123.5
    },
    "hybrid": {
      "core0_util_pct": {
        "mean": 68.5,
        "max": 100.0,
        "min": 0.0
      },
      "core1_util_pct": {
        "mean": 61.67,
        "max": 100.0,
        "min": 0.0
      },
      "core2_util_pct": {
        "mean": 11.45,
        "max": 100.0,
        "min": 0.0
      },
      "core3_util_pct": {
        "mean": 57.59,
        "max": 100.0,
        "min": 0.0
      },
      "core4_util_pct": {
        "mean": 22.93,
        "max": 100.0,
        "min": 0.0
      },
      "core5_util_pct": {
        "mean": 60.75,
        "max": 100.0,
        "min": 0.0
      },
      "core6_util_pct": {
        "mean": 66.89,
        "max": 100.0,
        "min": 0.0
      },
      "core7_util_pct": {
        "mean": 67.68,
        "max": 100.0,
        "min": 0.0
      },
      "core8_util_pct": {
        "mean": 65.41,
        "max": 100.0,
        "min": 0.0
      },
      "core9_util_pct": {
        "mean": 61.02,
        "max": 100.0,
        "min": 0.0
      },
      "core10_util_pct": {
        "mean": 74.39,
        "max": 100.0,
        "min": 0.0
      },
      "core11_util_pct": {
        "mean": 65.43,
        "max": 100.0,
        "min": 0.0
      },
      "core12_util_pct": {
        "mean": 66.77,
        "max": 100.0,
        "min": 0.0
      },
      "core13_util_pct": {
        "mean": 67.28,
        "max": 100.0,
        "min": 0.0
      },
      "core14_util_pct": {
        "mean": 7.68,
        "max": 100.0,
        "min": 0.0
      },
      "core15_util_pct": {
        "mean": 78.21,
        "max": 100.0,
        "min": 0.0
      },
      "cpu_avg_util_pct": {
        "mean": 56.48,
        "max": 93.84,
        "min": 6.31
      },
      "sample_count": 141,
      "duration_s": 162.4
    }
  }
}