{
  "mix": "code-heavy",
  "mix_counts": {
    "sonnet": 50,
    "chat": 100,
    "code": 350
  },
  "num_prompts": 500,
  "max_tokens": 32,
  "concurrency": 32,
  "scenarios": [
    {
      "scenario": "vanilla-only",
      "n_prompts": 500,
      "wall_s": 9.575803437037393,
      "total_out_tokens": 16000,
      "tps": 1670.8780735948517,
      "latency_p50_s": 0.5992150749079883,
      "latency_p99_s": 0.668933633947745,
      "backend_counts": {
        "direct": 500
      },
      "concurrency": 32
    },
    {
      "scenario": "trident-only",
      "n_prompts": 500,
      "wall_s": 5.406225843122229,
      "total_out_tokens": 16000,
      "tps": 2959.5507964868157,
      "latency_p50_s": 0.31472346116788685,
      "latency_p99_s": 0.6554978860076517,
      "backend_counts": {
        "direct": 500
      },
      "concurrency": 32
    },
    {
      "scenario": "agsd-gated",
      "n_prompts": 500,
      "wall_s": 3.662662324961275,
      "total_out_tokens": 16000,
      "tps": 4368.40707126043,
      "latency_p50_s": 0.16673282789997756,
      "latency_p99_s": 0.5850641860160977,
      "backend_counts": {
        "trident": 400,
        "vanilla": 100
      },
      "concurrency": 32
    }
  ],
  "gating_stats": {
    "total": 501,
    "by_backend": {
      "vanilla": 100,
      "trident": 401
    },
    "by_workload": {
      "sonnet": 48,
      "chat": 100,
      "code": 353
    },
    "classify_time_total_s": 0.6589234820567071,
    "forward_time_total_s": 106.84679568419233,
    "classify_ms_avg": 1.3152165310513115,
    "forward_ms_avg": 213.2670572538769
  }
}