{"total":501,"by_backend":{"vanilla":100,"trident":401},"by_workload":{"sonnet":48,"chat":100,"code":353},"classify_time_total_s":0.6589234820567071,"forward_time_total_s":106.84679568419233,"classify_ms_avg":1.3152165310513115,"forward_ms_avg":213.2670572538769}