{
  "generated_at": "2026-04-01T19:04:14.740699+09:00",
  "gpu_only": {
    "request_throughput": 23.521474569071238,
    "output_throughput": 11629.846369777251,
    "total_token_throughput": 23642.10412341003,
    "duration": 42.68439876299999,
    "mean_ttft_ms": 9040.116560083667,
    "median_ttft_ms": 8904.628228500314,
    "p99_ttft_ms": 15836.930832779271,
    "mean_tpot_ms": 65.32037714137766,
    "median_tpot_ms": 64.96161636399181,
    "p99_tpot_ms": 99.39013799293468,
    "mean_itl_ms": 64.17808675397096,
    "median_itl_ms": 52.470050000010815,
    "p99_itl_ms": 216.10090896010658
  },
  "hybrid": {
    "request_throughput": 21.63737430017904,
    "output_throughput": 10692.138682070943,
    "total_token_throughput": 21742.19918921895,
    "duration": 46.40119388199946,
    "mean_ttft_ms": 9155.017705951215,
    "median_ttft_ms": 8946.705560499595,
    "p99_ttft_ms": 16115.11644736017,
    "mean_tpot_ms": 72.32729906372771,
    "median_tpot_ms": 72.20221531506806,
    "p99_tpot_ms": 100.69404969747957,
    "mean_itl_ms": 71.46076206066081,
    "median_itl_ms": 61.0443620003025,
    "p99_itl_ms": 220.12116606988457
  },
  "comparison": {
    "request_throughput": {
      "diff_pct": -8.01,
      "direction": "higher_better"
    },
    "output_throughput": {
      "diff_pct": -8.06,
      "direction": "higher_better"
    },
    "total_token_throughput": {
      "diff_pct": -8.04,
      "direction": "higher_better"
    },
    "duration": {
      "diff_pct": 8.71,
      "direction": "lower_better"
    },
    "mean_ttft_ms": {
      "diff_pct": 1.27,
      "direction": "lower_better"
    },
    "median_ttft_ms": {
      "diff_pct": 0.47,
      "direction": "lower_better"
    },
    "p99_ttft_ms": {
      "diff_pct": 1.76,
      "direction": "lower_better"
    },
    "mean_tpot_ms": {
      "diff_pct": 10.73,
      "direction": "lower_better"
    },
    "median_tpot_ms": {
      "diff_pct": 11.15,
      "direction": "lower_better"
    },
    "p99_tpot_ms": {
      "diff_pct": 1.31,
      "direction": "lower_better"
    },
    "mean_itl_ms": {
      "diff_pct": 11.35,
      "direction": "lower_better"
    },
    "median_itl_ms": {
      "diff_pct": 16.34,
      "direction": "lower_better"
    },
    "p99_itl_ms": {
      "diff_pct": 1.86,
      "direction": "lower_better"
    },
    "request_throughput_speedup": 0.9199,
    "output_tok_speedup": 0.9194,
    "ttft_gain_pct": -1.27
  },
  "gpu_utilization": {
    "gpu_only": {
      "gpu0_util_pct": {
        "mean": 18.47,
        "max": 100.0,
        "min": 0.0
      },
      "gpu0_mem_util_pct": {
        "mean": 12.16,
        "max": 85.0,
        "min": 0.0
      },
      "gpu0_power_w": {
        "mean": 241.25,
        "max": 696.2,
        "min": 90.76
      },
      "gpu_avg_util_pct": {
        "mean": 18.47,
        "max": 100.0,
        "min": 0.0
      },
      "gpu_avg_mem_util_pct": {
        "mean": 12.16,
        "max": 85.0,
        "min": 0.0
      },
      "gpu_avg_power_w": {
        "mean": 241.25,
        "max": 696.2,
        "min": 90.76
      },
      "sample_count": 205,
      "duration_s": 215.0
    },
    "hybrid": {
      "gpu0_util_pct": {
        "mean": 24.83,
        "max": 100.0,
        "min": 0.0
      },
      "gpu0_mem_util_pct": {
        "mean": 16.12,
        "max": 75.0,
        "min": 0.0
      },
      "gpu0_power_w": {
        "mean": 291.21,
        "max": 709.28,
        "min": 92.06
      },
      "gpu_avg_util_pct": {
        "mean": 24.83,
        "max": 100.0,
        "min": 0.0
      },
      "gpu_avg_mem_util_pct": {
        "mean": 16.12,
        "max": 75.0,
        "min": 0.0
      },
      "gpu_avg_power_w": {
        "mean": 291.21,
        "max": 709.28,
        "min": 92.06
      },
      "sample_count": 126,
      "duration_s": 128.7
    }
  },
  "cpu_utilization": {
    "gpu_only": {
      "core0_util_pct": {
        "mean": 12.37,
        "max": 100.0,
        "min": 0.0
      },
      "core1_util_pct": {
        "mean": 25.13,
        "max": 100.0,
        "min": 0.0
      },
      "core2_util_pct": {
        "mean": 4.26,
        "max": 100.0,
        "min": 0.0
      },
      "core3_util_pct": {
        "mean": 3.78,
        "max": 78.4,
        "min": 0.0
      },
      "core4_util_pct": {
        "mean": 2.21,
        "max": 37.5,
        "min": 0.0
      },
      "core5_util_pct": {
        "mean": 1.69,
        "max": 29.5,
        "min": 0.0
      },
      "core6_util_pct": {
        "mean": 1.93,
        "max": 51.0,
        "min": 0.0
      },
      "core7_util_pct": {
        "mean": 1.6,
        "max": 28.2,
        "min": 0.0
      },
      "core8_util_pct": {
        "mean": 1.77,
        "max": 46.6,
        "min": 0.0
      },
      "core9_util_pct": {
        "mean": 1.18,
        "max": 26.5,
        "min": 0.0
      },
      "core10_util_pct": {
        "mean": 2.01,
        "max": 77.7,
        "min": 0.0
      },
      "core11_util_pct": {
        "mean": 1.14,
        "max": 26.2,
        "min": 0.0
      },
      "core12_util_pct": {
        "mean": 14.19,
        "max": 100.0,
        "min": 0.0
      },
      "core13_util_pct": {
        "mean": 1.28,
        "max": 27.2,
        "min": 0.0
      },
      "core14_util_pct": {
        "mean": 1.26,
        "max": 27.9,
        "min": 0.0
      },
      "core15_util_pct": {
        "mean": 1.94,
        "max": 81.2,
        "min": 0.0
      },
      "core16_util_pct": {
        "mean": 1.64,
        "max": 61.5,
        "min": 0.0
      },
      "core17_util_pct": {
        "mean": 1.3,
        "max": 45.3,
        "min": 0.0
      },
      "core18_util_pct": {
        "mean": 1.28,
        "max": 34.0,
        "min": 0.0
      },
      "core19_util_pct": {
        "mean": 1.48,
        "max": 45.6,
        "min": 0.0
      },
      "core20_util_pct": {
        "mean": 1.32,
        "max": 26.5,
        "min": 0.0
      },
      "core21_util_pct": {
        "mean": 1.25,
        "max": 27.9,
        "min": 0.0
      },
      "core22_util_pct": {
        "mean": 1.41,
        "max": 29.5,
        "min": 0.0
      },
      "core23_util_pct": {
        "mean": 29.58,
        "max": 100.0,
        "min": 0.0
      },
      "cpu_avg_util_pct": {
        "mean": 4.88,
        "max": 32.68,
        "min": 0.16
      },
      "sample_count": 205,
      "duration_s": 215.0
    },
    "hybrid": {
      "core0_util_pct": {
        "mean": 13.96,
        "max": 100.0,
        "min": 0.0
      },
      "core1_util_pct": {
        "mean": 14.36,
        "max": 100.0,
        "min": 0.0
      },
      "core2_util_pct": {
        "mean": 53.75,
        "max": 100.0,
        "min": 0.0
      },
      "core3_util_pct": {
        "mean": 28.14,
        "max": 99.0,
        "min": 0.0
      },
      "core4_util_pct": {
        "mean": 12.63,
        "max": 100.0,
        "min": 0.0
      },
      "core5_util_pct": {
        "mean": 14.27,
        "max": 100.0,
        "min": 0.0
      },
      "core6_util_pct": {
        "mean": 13.43,
        "max": 100.0,
        "min": 0.0
      },
      "core7_util_pct": {
        "mean": 12.53,
        "max": 100.0,
        "min": 0.0
      },
      "core8_util_pct": {
        "mean": 26.1,
        "max": 100.0,
        "min": 0.0
      },
      "core9_util_pct": {
        "mean": 8.91,
        "max": 84.5,
        "min": 0.0
      },
      "core10_util_pct": {
        "mean": 17.38,
        "max": 100.0,
        "min": 0.0
      },
      "core11_util_pct": {
        "mean": 12.79,
        "max": 100.0,
        "min": 0.0
      },
      "core12_util_pct": {
        "mean": 10.88,
        "max": 100.0,
        "min": 0.0
      },
      "core13_util_pct": {
        "mean": 13.39,
        "max": 100.0,
        "min": 0.0
      },
      "core14_util_pct": {
        "mean": 71.73,
        "max": 100.0,
        "min": 0.0
      },
      "core15_util_pct": {
        "mean": 18.96,
        "max": 100.0,
        "min": 0.0
      },