{
  "mix": "sonnet-heavy",
  "mix_counts": {
    "sonnet": 300,
    "chat": 100,
    "code": 100
  },
  "num_prompts": 500,
  "max_tokens": 32,
  "concurrency": 32,
  "scenarios": [
    {
      "scenario": "vanilla-only",
      "n_prompts": 500,
      "wall_s": 7.947254553204402,
      "total_out_tokens": 16000,
      "tps": 2013.2738787822848,
      "latency_p50_s": 0.4977243389002979,
      "latency_p99_s": 0.5772450671065599,
      "backend_counts": {
        "direct": 500
      },
      "concurrency": 32
    },
    {
      "scenario": "trident-only",
      "n_prompts": 500,
      "wall_s": 4.873173787025735,
      "total_out_tokens": 16000,
      "tps": 3283.281224773506,
      "latency_p50_s": 0.2370917520020157,
      "latency_p99_s": 0.7956393531057984,
      "backend_counts": {
        "direct": 500
      },
      "concurrency": 32
    },
    {
      "scenario": "agsd-gated",
      "n_prompts": 500,
      "wall_s": 3.7273721899837255,
      "total_out_tokens": 16000,
      "tps": 4292.568379137329,
      "latency_p50_s": 0.16733557009138167,
      "latency_p99_s": 0.45782862696796656,
      "backend_counts": {
        "trident": 400,
        "vanilla": 100
      },
      "concurrency": 32
    }
  ],
  "gating_stats": {
    "total": 501,
    "by_backend": {
      "vanilla": 100,
      "trident": 401
    },
    "by_workload": {
      "sonnet": 292,
      "chat": 100,
      "code": 109
    },
    "classify_time_total_s": 0.5110930216033012,
    "forward_time_total_s": 107.41395302047022,
    "classify_ms_avg": 1.0201457517031958,
    "forward_ms_avg": 214.39910782528983
  }
}