{"total":501,"by_backend":{"vanilla":100,"trident":401},"by_workload":{"sonnet":292,"chat":100,"code":109},"classify_time_total_s":0.5110930216033012,"forward_time_total_s":107.41395302047022,"classify_ms_avg":1.0201457517031958,"forward_ms_avg":214.39910782528983}