{
  "output_tps": 10972.772318836052,
  "prompt_tps": 2392.377465953719,
  "generate_wall_s": 366.28500831103884,
  "total_in_tokens": 876292,
  "total_out_tokens": 4019162,
  "num_prompts_done": 500,
  "init_wall_s": 87.38681933796033,
  "spec_decode": {
    "method": "ngram",
    "num_speculative_tokens": 7,
    "prompt_lookup_max": 5,
    "prompt_lookup_min": 2
  }
}