{
  "generated_at": "2026-04-02T22:20:11.385201+09:00",
  "gpu_only": {
    "request_throughput": 50.70615475130141,
    "output_throughput": 12408.505953809974,
    "total_token_throughput": 25334.721747630734,
    "duration": 9.860735889998978,
    "mean_ttft_ms": 3621.9687292119997,
    "median_ttft_ms": 2231.0177435001606,
    "p99_ttft_ms": 6611.2237488588835,
    "mean_tpot_ms": 16.11566852731247,
    "median_tpot_ms": 16.852086219606623,
    "p99_tpot_ms": 33.63689924863126,
    "mean_itl_ms": 15.80353815453369,
    "median_itl_ms": 12.658040999667719,
    "p99_itl_ms": 49.563313360267784
  },
  "hybrid": {
    "request_throughput": 6.457073650995645,
    "output_throughput": 1578.4833105750934,
    "total_token_throughput": 3224.5463539815073,
    "duration": 77.43445824300034,
    "mean_ttft_ms": 4130.336003544016,
    "median_ttft_ms": 2247.6174650000758,
    "p99_ttft_ms": 7621.875213829917,
    "mean_tpot_ms": 21.286426168793163,
    "median_tpot_ms": 20.927821649021613,
    "p99_tpot_ms": 47.79976880035965,
    "mean_itl_ms": 21.066504755594064,
    "median_itl_ms": 16.608361000180594,
    "p99_itl_ms": 61.31715431984041
  },
  "comparison": {
    "request_throughput": {
      "diff_pct": -87.27,
      "direction": "higher_better"
    },
    "output_throughput": {
      "diff_pct": -87.28,
      "direction": "higher_better"
    },
    "total_token_throughput": {
      "diff_pct": -87.27,
      "direction": "higher_better"
    },
    "duration": {
      "diff_pct": 685.28,
      "direction": "lower_better"
    },
    "mean_ttft_ms": {
      "diff_pct": 14.04,
      "direction": "lower_better"
    },
    "median_ttft_ms": {
      "diff_pct": 0.74,
      "direction": "lower_better"
    },
    "p99_ttft_ms": {
      "diff_pct": 15.29,
      "direction": "lower_better"
    },
    "mean_tpot_ms": {
      "diff_pct": 32.09,
      "direction": "lower_better"
    },
    "median_tpot_ms": {
      "diff_pct": 24.19,
      "direction": "lower_better"
    },
    "p99_tpot_ms": {
      "diff_pct": 42.11,
      "direction": "lower_better"
    },
    "mean_itl_ms": {
      "diff_pct": 33.3,
      "direction": "lower_better"
    },
    "median_itl_ms": {
      "diff_pct": 31.21,
      "direction": "lower_better"
    },
    "p99_itl_ms": {
      "diff_pct": 23.71,
      "direction": "lower_better"
    },
    "request_throughput_speedup": 0.1273,
    "output_tok_speedup": 0.1272,
    "ttft_gain_pct": -14.04
  },
  "gpu_utilization": {
    "gpu_only": {
      "gpu0_util_pct": {
        "mean": 18.47,
        "max": 88.0,
        "min": 0.0
      },
      "gpu0_mem_util_pct": {
        "mean": 6.0,
        "max": 42.0,
        "min": 0.0
      },
      "gpu0_power_w": {
        "mean": 94.63,
        "max": 328.26,
        "min": 65.22
      },
      "gpu_avg_util_pct": {
        "mean": 18.47,
        "max": 88.0,
        "min": 0.0
      },
      "gpu_avg_mem_util_pct": {
        "mean": 6.0,
        "max": 42.0,
        "min": 0.0
      },
      "gpu_avg_power_w": {
        "mean": 94.63,
        "max": 328.26,
        "min": 65.22
      },
      "sample_count": 62,
      "duration_s": 78.9
    },
    "hybrid": {
      "gpu0_util_pct": {
        "mean": 8.88,
        "max": 85.0,
        "min": 0.0
      },
      "gpu0_mem_util_pct": {
        "mean": 2.67,
        "max": 46.0,
        "min": 0.0
      },
      "gpu0_power_w": {
        "mean": 79.92,
        "max": 327.59,
        "min": 64.43
      },
      "gpu_avg_util_pct": {
        "mean": 8.88,
        "max": 85.0,
        "min": 0.0
      },
      "gpu_avg_mem_util_pct": {
        "mean": 2.67,
        "max": 46.0,
        "min": 0.0
      },
      "gpu_avg_power_w": {
        "mean": 79.92,
        "max": 327.59,
        "min": 64.43
      },
      "sample_count": 138,
      "duration_s": 160.6
    }
  },
  "cpu_utilization": {
    "gpu_only": {
      "core0_util_pct": {
        "mean": 7.52,
        "max": 100.0,
        "min": 0.0
      },
      "core1_util_pct": {
        "mean": 6.46,
        "max": 84.9,
        "min": 0.0
      },
      "core2_util_pct": {
        "mean": 3.31,
        "max": 84.6,
        "min": 0.0
      },
      "core3_util_pct": {
        "mean": 9.72,
        "max": 69.8,
        "min": 0.0
      },
      "core4_util_pct": {
        "mean": 4.37,
        "max": 80.6,
        "min": 0.0
      },
      "core5_util_pct": {
        "mean": 1.26,
        "max": 15.2,
        "min": 0.0
      },
      "core6_util_pct": {
        "mean": 3.36,
        "max": 97.1,
        "min": 0.0
      },
      "core7_util_pct": {
        "mean": 8.72,
        "max": 71.0,
        "min": 0.0
      },
      "core8_util_pct": {
        "mean": 16.59,
        "max": 100.0,
        "min": 0.0
      },
      "core9_util_pct": {
        "mean": 39.49,
        "max": 100.0,
        "min": 0.0
      },
      "core10_util_pct": {
        "mean": 1.72,
        "max": 12.7,
        "min": 0.0
      },
      "core11_util_pct": {
        "mean": 4.5,
        "max": 54.5,
        "min": 0.0
      },
      "core12_util_pct": {
        "mean": 2.84,
        "max": 28.4,
        "min": 0.0
      },
      "core13_util_pct": {
        "mean": 6.6,
        "max": 59.3,
        "min": 0.0
      },
      "core14_util_pct": {
        "mean": 2.15,
        "max": 25.7,
        "min": 0.0
      },
      "core15_util_pct": {
        "mean": 22.2,
        "max": 100.0,
        "min": 0.0
      },
      "cpu_avg_util_pct": {
        "mean": 8.8,
        "max": 22.44,
        "min": 0.24
      },
      "sample_count": 62,
      "duration_s": 78.9
    },
    "hybrid": {
      "core0_util_pct": {
        "mean": 68.42,
        "max": 100.0,
        "min": 0.0
      },
      "core1_util_pct": {
        "mean": 70.85,
        "max": 100.0,
        "min": 0.0
      },
      "core2_util_pct": {
        "mean": 75.94,
        "max": 100.0,
        "min": 0.0
      },
      "core3_util_pct": {
        "mean": 64.41,
        "max": 100.0,
        "min": 0.0
      },
      "core4_util_pct": {
        "mean": 35.34,
        "max": 100.0,
        "min": 0.0
      },
      "core5_util_pct": {
        "mean": 24.16,
        "max": 100.0,
        "min": 0.0
      },
      "core6_util_pct": {
        "mean": 56.38,
        "max": 100.0,
        "min": 0.0
      },
      "core7_util_pct": {
        "mean": 64.76,
        "max": 100.0,
        "min": 0.0
      },
      "core8_util_pct": {
        "mean": 67.73,
        "max": 100.0,
        "min": 0.0
      },
      "core9_util_pct": {
        "mean": 71.72,
        "max": 100.0,
        "min": 0.0
      },
      "core10_util_pct": {
        "mean": 73.08,
        "max": 100.0,
        "min": 0.0
      },
      "core11_util_pct": {
        "mean": 55.96,
        "max": 100.0,
        "min": 0.0
      },
      "core12_util_pct": {
        "mean": 62.4,
        "max": 100.0,
        "min": 0.0
      },
      "core13_util_pct": {
        "mean": 61.05,
        "max": 100.0,
        "min": 0.0
      },
      "core14_util_pct": {
        "mean": 60.3,
        "max": 100.0,
        "min": 0.0
      },
      "core15_util_pct": {
        "mean": 35.85,
        "max": 100.0,
        "min": 0.0
      },
      "cpu_avg_util_pct": {
        "mean": 59.27,
        "max": 94.01,
        "min": 6.67
      },
      "sample_count": 138,
      "duration_s": 160.6
    }
  }
}