{"total":501,"by_backend":{"vanilla":165,"trident":336},"by_workload":{"sonnet":164,"chat":165,"code":172},"classify_time_total_s":0.6500243027694523,"forward_time_total_s":230.59641343774274,"classify_ms_avg":1.2974536981426195,"forward_ms_avg":460.2722823108638}