{
  "mix": "code-heavy",
  "mix_counts": {
    "sonnet": 50,
    "chat": 100,
    "code": 350
  },
  "num_prompts": 500,
  "max_tokens": 32,
  "concurrency": 32,
  "scenarios": [
    {
      "scenario": "vanilla-only",
      "n_prompts": 500,
      "wall_s": 8.705055891070515,
      "total_out_tokens": 16000,
      "tps": 1838.0123229780183,
      "latency_p50_s": 0.5370041960850358,
      "latency_p99_s": 0.606831488199532,
      "backend_counts": {
        "direct": 500
      },
      "concurrency": 32
    },
    {
      "scenario": "trident-only",
      "n_prompts": 500,
      "wall_s": 6.312347827013582,
      "total_out_tokens": 16000,
      "tps": 2534.714568726438,
      "latency_p50_s": 0.3750534290447831,
      "latency_p99_s": 0.7131392059382051,
      "backend_counts": {
        "direct": 500
      },
      "concurrency": 32
    },
    {
      "scenario": "agsd-gated",
      "n_prompts": 500,
      "wall_s": 3.612716797972098,
      "total_out_tokens": 16000,
      "tps": 4428.7999571350765,
      "latency_p50_s": 0.1752071490045637,
      "latency_p99_s": 0.41009114286862314,
      "backend_counts": {
        "trident": 400,
        "vanilla": 100
      },
      "concurrency": 32
    }
  ],
  "gating_stats": {
    "total": 501,
    "by_backend": {
      "vanilla": 100,
      "trident": 401
    },
    "by_workload": {
      "sonnet": 48,
      "chat": 100,
      "code": 353
    },
    "classify_time_total_s": 0.5761853002477437,
    "forward_time_total_s": 105.18783001927659,
    "classify_ms_avg": 1.150070459576335,
    "forward_ms_avg": 209.95574854147023
  }
}