{"total":501,"by_backend":{"vanilla":100,"trident":401},"by_workload":{"sonnet":48,"chat":100,"code":353},"classify_time_total_s":0.5761853002477437,"forward_time_total_s":105.18783001927659,"classify_ms_avg":1.150070459576335,"forward_ms_avg":209.95574854147023}