{"total":501,"by_backend":{"vanilla":165,"trident":336},"by_workload":{"sonnet":164,"chat":165,"code":172},"classify_time_total_s":0.6121123868506402,"forward_time_total_s":251.32002101908438,"classify_ms_avg":1.221781211278723,"forward_ms_avg":501.63676850116644}