{
  "mix": "sonnet-heavy",
  "mix_counts": {
    "sonnet": 300,
    "chat": 100,
    "code": 100
  },
  "num_prompts": 500,
  "max_tokens": 32,
  "concurrency": 32,
  "scenarios": [
    {
      "scenario": "vanilla-only",
      "n_prompts": 500,
      "wall_s": 7.634061539079994,
      "total_out_tokens": 16000,
      "tps": 2095.8699269181175,
      "latency_p50_s": 0.47395967110060155,
      "latency_p99_s": 0.5545110860839486,
      "backend_counts": {
        "direct": 500
      },
      "concurrency": 32
    },
    {
      "scenario": "trident-only",
      "n_prompts": 500,
      "wall_s": 5.2451497400179505,
      "total_out_tokens": 16000,
      "tps": 3050.4372216350193,
      "latency_p50_s": 0.26809549308381975,
      "latency_p99_s": 0.913242676993832,
      "backend_counts": {
        "direct": 500
      },
      "concurrency": 32
    },
    {
      "scenario": "agsd-gated",
      "n_prompts": 500,
      "wall_s": 3.882805557223037,
      "total_out_tokens": 16000,
      "tps": 4120.731714271863,
      "latency_p50_s": 0.1766879390925169,
      "latency_p99_s": 0.5279050301760435,
      "backend_counts": {
        "trident": 400,
        "vanilla": 100
      },
      "concurrency": 32
    }
  ],
  "gating_stats": {
    "total": 501,
    "by_backend": {
      "vanilla": 100,
      "trident": 401
    },
    "by_workload": {
      "sonnet": 292,
      "chat": 100,
      "code": 109
    },
    "classify_time_total_s": 0.5492913024500012,
    "forward_time_total_s": 113.31970582646318,
    "classify_ms_avg": 1.0963898252495035,
    "forward_ms_avg": 226.1870375777708
  }
}