{"total":501,"by_backend":{"vanilla":100,"trident":401},"by_workload":{"sonnet":292,"chat":100,"code":109},"classify_time_total_s":0.5492913024500012,"forward_time_total_s":113.31970582646318,"classify_ms_avg":1.0963898252495035,"forward_ms_avg":226.1870375777708}