{
  "mix": "code-heavy",
  "mix_counts": {
    "sonnet": 50,
    "chat": 100,
    "code": 350
  },
  "num_prompts": 500,
  "max_tokens": 32,
  "concurrency": 32,
  "scenarios": [
    {
      "scenario": "vanilla-only",
      "n_prompts": 500,
      "wall_s": 8.425650137942284,
      "total_out_tokens": 16000,
      "tps": 1898.9632536424692,
      "latency_p50_s": 0.5253362238872796,
      "latency_p99_s": 0.5714637108612806,
      "backend_counts": {
        "direct": 500
      },
      "concurrency": 32
    },
    {
      "scenario": "trident-only",
      "n_prompts": 500,
      "wall_s": 5.224930972093716,
      "total_out_tokens": 16000,
      "tps": 3062.2414124618635,
      "latency_p50_s": 0.3052358420100063,
      "latency_p99_s": 0.6549596830736846,
      "backend_counts": {
        "direct": 500
      },
      "concurrency": 32
    },
    {
      "scenario": "agsd-gated",
      "n_prompts": 500,
      "wall_s": 3.7466624709777534,
      "total_out_tokens": 16000,
      "tps": 4270.467415716937,
      "latency_p50_s": 0.17912261094897985,
      "latency_p99_s": 0.528481783112511,
      "backend_counts": {
        "trident": 400,
        "vanilla": 100
      },
      "concurrency": 32
    }
  ],
  "gating_stats": {
    "total": 501,
    "by_backend": {
      "vanilla": 100,
      "trident": 401
    },
    "by_workload": {
      "sonnet": 48,
      "chat": 100,
      "code": 353
    },
    "classify_time_total_s": 0.744057648582384,
    "forward_time_total_s": 108.70369597361423,
    "classify_ms_avg": 1.485145007150467,
    "forward_ms_avg": 216.97344505711425
  }
}