{"total":501,"by_backend":{"vanilla":100,"trident":401},"by_workload":{"sonnet":48,"chat":100,"code":353},"classify_time_total_s":0.744057648582384,"forward_time_total_s":108.70369597361423,"classify_ms_avg":1.485145007150467,"forward_ms_avg":216.97344505711425}