{
  "workload": "sonnet",
  "model": "Qwen/Qwen2.5-1.5B-Instruct",
  "num_prompts": 50,
  "num_speculative_tokens": 32,
  "output_tps": 3404.916439148636,
  "generate_wall_s": 6.317923034075648,
  "init_wall_s": 42.82307031797245,
  "total_in_tokens": 10642,
  "total_out_tokens": 21512
}