{
  "mix": "balanced",
  "mix_counts": {
    "sonnet": 68,
    "chat": 66,
    "code": 66
  },
  "num_prompts": 200,
  "max_tokens": 256,
  "concurrency": 32,
  "scenarios": [
    {
      "scenario": "vanilla-only",
      "n_prompts": 200,
      "wall_s": 21.236069750972092,
      "total_out_tokens": 49808,
      "tps": 2345.4434169825618,
      "latency_p50_s": 3.077920504147187,
      "latency_p99_s": 3.135303891962394,
      "backend_counts": {
        "direct": 200
      },
      "concurrency": 32
    },
    {
      "scenario": "trident-only",
      "n_prompts": 200,
      "wall_s": 7.719165029935539,
      "total_out_tokens": 49710,
      "tps": 6439.815680481069,
      "latency_p50_s": 0.7332494859583676,
      "latency_p99_s": 3.867305951891467,
      "backend_counts": {
        "direct": 200
      },
      "concurrency": 32
    },
    {
      "scenario": "agsd-gated",
      "n_prompts": 200,
      "wall_s": 10.356476286193356,
      "total_out_tokens": 50130,
      "tps": 4840.449455461059,
      "latency_p50_s": 0.6644171690568328,
      "latency_p99_s": 3.081841869978234,
      "backend_counts": {
        "vanilla": 66,
        "trident": 134
      },
      "concurrency": 32
    }
  ],
  "gating_stats": {
    "total": 201,
    "by_backend": {
      "vanilla": 66,
      "trident": 135
    },
    "by_workload": {
      "sonnet": 65,
      "chat": 66,
      "code": 70
    },
    "classify_time_total_s": 0.28491740371100605,
    "forward_time_total_s": 282.3786202187184,
    "classify_ms_avg": 1.4174995209502788,
    "forward_ms_avg": 1404.8687573070567
  }
}