{"total":501,"by_backend":{"vanilla":165,"trident":336},"by_workload":{"sonnet":164,"chat":165,"code":172},"classify_time_total_s":0.5176760768517852,"forward_time_total_s":113.66493649827316,"classify_ms_avg":1.0332855825384935,"forward_ms_avg":226.87612075503625}