{
  "mix": "balanced",
  "mix_counts": {
    "sonnet": 68,
    "chat": 66,
    "code": 66
  },
  "num_prompts": 200,
  "max_tokens": 256,
  "concurrency": 32,
  "scenarios": [
    {
      "scenario": "vanilla-only",
      "n_prompts": 200,
      "wall_s": 20.7743300460279,
      "total_out_tokens": 50476,
      "tps": 2429.7293769842236,
      "latency_p50_s": 3.0067228130064905,
      "latency_p99_s": 3.0673377530183643,
      "backend_counts": {
        "direct": 200
      },
      "concurrency": 32
    },
    {
      "scenario": "trident-only",
      "n_prompts": 200,
      "wall_s": 8.491729425033554,
      "total_out_tokens": 50166,
      "tps": 5907.630529549258,
      "latency_p50_s": 0.7449168080929667,
      "latency_p99_s": 4.186966904904693,
      "backend_counts": {
        "direct": 200
      },
      "concurrency": 32
    },
    {
      "scenario": "agsd-gated",
      "n_prompts": 200,
      "wall_s": 9.88087339210324,
      "total_out_tokens": 49710,
      "tps": 5030.931783796365,
      "latency_p50_s": 0.638207274954766,
      "latency_p99_s": 2.9732225071638823,
      "backend_counts": {
        "vanilla": 66,
        "trident": 134
      },
      "concurrency": 32
    }
  ],
  "gating_stats": {
    "total": 201,
    "by_backend": {
      "vanilla": 66,
      "trident": 135
    },
    "by_workload": {
      "sonnet": 65,
      "chat": 66,
      "code": 70
    },
    "classify_time_total_s": 0.254576830426231,
    "forward_time_total_s": 267.9074257679749,
    "classify_ms_avg": 1.2665513951553784,
    "forward_ms_avg": 1332.8727650148007
  }
}