{
  "output_tps": 10166.603353445977,
  "prompt_tps": 2208.36937408711,
  "generate_wall_s": 396.80499570514075,
  "total_in_tokens": 876292,
  "total_out_tokens": 4034159,
  "num_prompts_done": 500,
  "init_wall_s": 88.30203988985159,
  "spec_decode": {
    "method": "ngram",
    "num_speculative_tokens": 5,
    "prompt_lookup_max": 4,
    "prompt_lookup_min": 2
  }
}