{
  "generated_at": "2026-03-27T22:14:37.156411+09:00",
  "gpu_only": {
    "request_throughput": 19.44029410693752,
    "output_throughput": 9737.77085886193,
    "total_token_throughput": 12216.930114892972,
    "duration": 51.74818829726428,
    "mean_ttft_ms": 20374.826151561956,
    "median_ttft_ms": 15625.888538081199,
    "p99_ttft_ms": 41220.15539910644,
    "mean_tpot_ms": 25.626595343292742,
    "median_tpot_ms": 24.924532695328946,
    "p99_tpot_ms": 100.38853259757163,
    "mean_itl_ms": 24.28152076039732,
    "median_itl_ms": 21.37817721813917,
    "p99_itl_ms": 115.07473224774003
  },
  "hybrid": {
    "request_throughput": 16.859232133079313,
    "output_throughput": 8455.977470262653,
    "total_token_throughput": 10605.931775551533,
    "duration": 59.670570525340736,
    "mean_ttft_ms": 22162.711976169172,
    "median_ttft_ms": 16580.83632355556,
    "p99_ttft_ms": 45870.11238806881,
    "mean_tpot_ms": 29.04557804381105,
    "median_tpot_ms": 28.425977257337355,
    "p99_tpot_ms": 100.65757567709979,
    "mean_itl_ms": 27.96887567268882,
    "median_itl_ms": 25.290905497968197,
    "p99_itl_ms": 118.44386385753748
  },
  "comparison": {
    "request_throughput": {
      "diff_pct": -13.28,
      "direction": "higher_better"
    },
    "output_throughput": {
      "diff_pct": -13.16,
      "direction": "higher_better"
    },
    "total_token_throughput": {
      "diff_pct": -13.19,
      "direction": "higher_better"
    },
    "duration": {
      "diff_pct": 15.31,
      "direction": "lower_better"
    },
    "mean_ttft_ms": {
      "diff_pct": 8.77,
      "direction": "lower_better"
    },
    "median_ttft_ms": {
      "diff_pct": 6.11,
      "direction": "lower_better"
    },
    "p99_ttft_ms": {
      "diff_pct": 11.28,
      "direction": "lower_better"
    },
    "mean_tpot_ms": {
      "diff_pct": 13.34,
      "direction": "lower_better"
    },
    "median_tpot_ms": {
      "diff_pct": 14.05,
      "direction": "lower_better"
    },
    "p99_tpot_ms": {
      "diff_pct": 0.27,
      "direction": "lower_better"
    },
    "mean_itl_ms": {
      "diff_pct": 15.19,
      "direction": "lower_better"
    },
    "median_itl_ms": {
      "diff_pct": 18.3,
      "direction": "lower_better"
    },
    "p99_itl_ms": {
      "diff_pct": 2.93,
      "direction": "lower_better"
    },
    "request_throughput_speedup": 0.8672,
    "output_tok_speedup": 0.8684,
    "ttft_gain_pct": -8.77
  },
  "gpu_utilization": {
    "gpu_only": {
      "gpu0_util_pct": {
        "mean": 61.37,
        "max": 100.0,
        "min": 0.0
      },
      "gpu0_mem_util_pct": {
        "mean": 30.82,
        "max": 80.0,
        "min": 0.0
      },
      "gpu0_power_w": {
        "mean": 297.68,
        "max": 389.55,
        "min": 46.52
      },
      "gpu_avg_util_pct": {
        "mean": 61.37,
        "max": 100.0,
        "min": 0.0
      },
      "gpu_avg_mem_util_pct": {
        "mean": 30.82,
        "max": 80.0,
        "min": 0.0
      },
      "gpu_avg_power_w": {
        "mean": 297.68,
        "max": 389.55,
        "min": 46.52
      },
      "sample_count": 78,
      "duration_s": 78.6
    },
    "hybrid": {
      "gpu0_util_pct": {
        "mean": 53.04,
        "max": 100.0,
        "min": 0.0
      },
      "gpu0_mem_util_pct": {
        "mean": 26.04,
        "max": 81.0,
        "min": 0.0
      },
      "gpu0_power_w": {
        "mean": 276.92,
        "max": 388.23,
        "min": 50.04
      },
      "gpu_avg_util_pct": {
        "mean": 53.04,
        "max": 100.0,
        "min": 0.0
      },
      "gpu_avg_mem_util_pct": {
        "mean": 26.04,
        "max": 81.0,
        "min": 0.0
      },
      "gpu_avg_power_w": {
        "mean": 276.92,
        "max": 388.23,
        "min": 50.04
      },
      "sample_count": 98,
      "duration_s": 99.2
    }
  },
  "cpu_utilization": {
    "gpu_only": {
      "core0_util_pct": {
        "mean": 20.26,
        "max": 99.0,
        "min": 0.0
      },
      "core1_util_pct": {
        "mean": 36.51,
        "max": 100.0,
        "min": 0.0
      },
      "core2_util_pct": {
        "mean": 41.38,
        "max": 100.0,
        "min": 0.0
      },
      "core3_util_pct": {
        "mean": 13.37,
        "max": 100.0,
        "min": 0.0
      },
      "core4_util_pct": {
        "mean": 7.2,
        "max": 16.7,
        "min": 0.0
      },
      "core5_util_pct": {
        "mean": 0.93,
        "max": 8.8,
        "min": 0.0
      },
      "core6_util_pct": {
        "mean": 2.83,
        "max": 13.9,
        "min": 0.0
      },
      "core7_util_pct": {
        "mean": 1.15,
        "max": 9.8,
        "min": 0.0
      },
      "core8_util_pct": {
        "mean": 1.65,
        "max": 9.7,
        "min": 0.0
      },
      "core9_util_pct": {
        "mean": 1.0,
        "max": 8.8,
        "min": 0.0
      },
      "core10_util_pct": {
        "mean": 2.37,
        "max": 12.9,
        "min": 0.0
      },
      "core11_util_pct": {
        "mean": 0.95,
        "max": 9.8,
        "min": 0.0
      },
      "core12_util_pct": {
        "mean": 1.98,
        "max": 11.8,
        "min": 0.0
      },
      "core13_util_pct": {
        "mean": 0.9,
        "max": 8.8,
        "min": 0.0
      },
      "core14_util_pct": {
        "mean": 1.65,
        "max": 9.7,
        "min": 0.0
      },
      "core15_util_pct": {
        "mean": 1.02,
        "max": 9.7,
        "min": 0.0
      },
      "core16_util_pct": {
        "mean": 1.32,
        "max": 10.8,
        "min": 0.0
      },
      "core17_util_pct": {
        "mean": 1.22,
        "max": 9.9,
        "min": 0.0
      },
      "core18_util_pct": {
        "mean": 1.31,
        "max": 9.7,
        "min": 0.0
      },
      "core19_util_pct": {
        "mean": 1.23,
        "max": 9.7,
        "min": 0.0
      },
      "core20_util_pct": {
        "mean": 1.17,
        "max": 9.7,
        "min": 0.0
      },
      "core21_util_pct": {
        "mean": 1.1,
        "max": 8.8,
        "min": 0.0
      },
      "core22_util_pct": {
        "mean": 1.13,
        "max": 9.8,
        "min": 0.0
      },
      "core23_util_pct": {
        "mean": 1.09,
        "max": 10.9,
        "min": 0.0
      },
      "cpu_avg_util_pct": {
        "mean": 6.03,
        "max": 13.01,
        "min": 1.22
      },
      "sample_count": 78,
      "duration_s": 78.6
    },
    "hybrid": {
      "core0_util_pct": {
        "mean": 43.28,
        "max": 100.0,
        "min": 0.0
      },
      "core1_util_pct": {
        "mean": 70.78,
        "max": 100.0,
        "min": 0.0
      },
      "core2_util_pct": {
        "mean": 58.49,
        "max": 100.0,
        "min": 0.0
      },
      "core3_util_pct": {
        "mean": 41.42,
        "max": 100.0,
        "min": 0.0
      },
      "core4_util_pct": {
        "mean": 37.43,
        "max": 100.0,
        "min": 0.0
      },
      "core5_util_pct": {
        "mean": 47.58,
        "max": 100.0,
        "min": 0.0
      },
      "core6_util_pct": {
        "mean": 43.37,
        "max": 100.0,
        "min": 0.0
      },
      "core7_util_pct": {
        "mean": 44.66,
        "max": 100.0,
        "min": 0.0
      },
      "core8_util_pct": {
        "mean": 55.43,
        "max": 100.0,
        "min": 0.0
      },
      "core9_util_pct": {
        "mean": 38.81,
        "max": 100.0,
        "min": 0.0
      },
      "core10_util_pct": {
        "mean": 54.82,
        "max": 100.0,
        "min": 0.0
      },
      "core11_util_pct": {
        "mean": 61.73,
        "max": 100.0,
        "min": 0.0
      },
      "core12_util_pct": {
        "mean": 44.84,
        "max": 100.0,
        "min": 0.0
      },
      "core13_util_pct": {
        "mean": 42.99,
        "max": 100.0,
        "min": 0.0
      },
      "core14_util_pct": {
        "mean": 66.03,
        "max": 100.0,
        "min": 0.0
      },
      "core15_util_pct": {
        "mean": 69.11,
        "max": 100.0,
        "min": 0.0
      },