{"total":501,"by_backend":{"vanilla":165,"trident":336},"by_workload":{"sonnet":164,"chat":165,"code":172},"classify_time_total_s":0.5950343899894506,"forward_time_total_s":117.2386541326996,"classify_ms_avg":1.1876933931925162,"forward_ms_avg":234.00928968602713}