{
  "workload": "code",
  "model": "Qwen/Qwen2.5-7B-Instruct",
  "num_prompts": 50,
  "num_speculative_tokens": 0,
  "output_tps": 5556.17710217502,
  "generate_wall_s": 4.607484522042796,
  "init_wall_s": 46.92130374792032,
  "total_in_tokens": 16082,
  "total_out_tokens": 25600
}