{"total":501,"by_backend":{"vanilla":100,"trident":401},"by_workload":{"sonnet":292,"chat":100,"code":109},"classify_time_total_s":0.5166880076285452,"forward_time_total_s":111.49697515694425,"classify_ms_avg":1.03131338848013,"forward_ms_avg":222.54885260867115}