{
  "mix": "balanced",
  "mix_counts": {
    "sonnet": 170,
    "chat": 165,
    "code": 165
  },
  "num_prompts": 500,
  "max_tokens": 32,
  "concurrency": 32,
  "scenarios": [
    {
      "scenario": "vanilla-only",
      "n_prompts": 500,
      "wall_s": 9.931593467015773,
      "total_out_tokens": 16000,
      "tps": 1611.020432233585,
      "latency_p50_s": 0.6203054289799184,
      "latency_p99_s": 0.7221786840818822,
      "backend_counts": {
        "direct": 500
      },
      "concurrency": 32
    },
    {
      "scenario": "trident-only",
      "n_prompts": 500,
      "wall_s": 9.895560622913763,
      "total_out_tokens": 16000,
      "tps": 1616.8866635965064,
      "latency_p50_s": 0.5669656340032816,
      "latency_p99_s": 1.355061386944726,
      "backend_counts": {
        "direct": 500
      },
      "concurrency": 32
    },
    {
      "scenario": "agsd-gated",
      "n_prompts": 500,
      "wall_s": 3.975131737999618,
      "total_out_tokens": 16000,
      "tps": 4025.0238368330365,
      "latency_p50_s": 0.1907352909911424,
      "latency_p99_s": 0.46605360484682024,
      "backend_counts": {
        "trident": 335,
        "vanilla": 165
      },
      "concurrency": 32
    }
  ],
  "gating_stats": {
    "total": 501,
    "by_backend": {
      "vanilla": 165,
      "trident": 336
    },
    "by_workload": {
      "sonnet": 164,
      "chat": 165,
      "code": 172
    },
    "classify_time_total_s": 0.5762096857652068,
    "forward_time_total_s": 117.27772400854155,
    "classify_ms_avg": 1.1501191332638858,
    "forward_ms_avg": 234.08727347014283
  }
}