{"total":501,"by_backend":{"vanilla":165,"trident":336},"by_workload":{"sonnet":164,"chat":165,"code":172},"classify_time_total_s":0.5762096857652068,"forward_time_total_s":117.27772400854155,"classify_ms_avg":1.1501191332638858,"forward_ms_avg":234.08727347014283}