{
  "mix": "code-heavy",
  "mix_counts": {
    "sonnet": 50,
    "chat": 100,
    "code": 350
  },
  "num_prompts": 500,
  "max_tokens": 32,
  "concurrency": 32,
  "scenarios": [
    {
      "scenario": "agsd-gated",
      "n_prompts": 500,
      "wall_s": 3.3721765750087798,
      "total_out_tokens": 16000,
      "tps": 4744.710024550936,
      "latency_p50_s": 0.16103597497567534,
      "latency_p99_s": 0.3766738320700824,
      "backend_counts": {
        "trident": 400,
        "vanilla": 100
      },
      "concurrency": 32
    }
  ],
  "gating_stats": {
    "total": 501,
    "by_backend": {
      "vanilla": 100,
      "trident": 401
    },
    "by_workload": {
      "sonnet": 48,
      "chat": 100,
      "code": 353
    },
    "classify_time_total_s": 0.6155248945578933,
    "forward_time_total_s": 97.5753719243221,
    "classify_ms_avg": 1.2285926039079706,
    "forward_ms_avg": 194.76122140583252
  },
  "agsd_only": true
}