{"total":501,"by_backend":{"vanilla":100,"trident":401},"by_workload":{"sonnet":48,"chat":100,"code":353},"classify_time_total_s":0.6155248945578933,"forward_time_total_s":97.5753719243221,"classify_ms_avg":1.2285926039079706,"forward_ms_avg":194.76122140583252}