{
  "workload": "code",
  "model": "Qwen/Qwen2.5-7B-Instruct",
  "num_prompts": 50,
  "num_speculative_tokens": 7,
  "output_tps": 4593.464970061043,
  "generate_wall_s": 5.573134913807735,
  "init_wall_s": 47.987569686956704,
  "total_in_tokens": 16082,
  "total_out_tokens": 25600
}