{
  "mix": "code-heavy",
  "mix_counts": {
    "sonnet": 50,
    "chat": 100,
    "code": 350
  },
  "num_prompts": 500,
  "max_tokens": 32,
  "concurrency": 32,
  "scenarios": [
    {
      "scenario": "vanilla-only",
      "n_prompts": 500,
      "wall_s": 8.686152999987826,
      "total_out_tokens": 16000,
      "tps": 1842.0122233654445,
      "latency_p50_s": 0.5425813188776374,
      "latency_p99_s": 0.6366258431226015,
      "backend_counts": {
        "direct": 500
      },
      "concurrency": 32
    },
    {
      "scenario": "trident-only",
      "n_prompts": 500,
      "wall_s": 5.22325067804195,
      "total_out_tokens": 16000,
      "tps": 3063.2265204621485,
      "latency_p50_s": 0.3063197119627148,
      "latency_p99_s": 0.5848089549690485,
      "backend_counts": {
        "direct": 500
      },
      "concurrency": 32
    },
    {
      "scenario": "agsd-gated",
      "n_prompts": 500,
      "wall_s": 3.4777329629287124,
      "total_out_tokens": 16000,
      "tps": 4600.698262504283,
      "latency_p50_s": 0.16523969103582203,
      "latency_p99_s": 0.4056007079780102,
      "backend_counts": {
        "trident": 400,
        "vanilla": 100
      },
      "concurrency": 32
    }
  ],
  "gating_stats": {
    "total": 501,
    "by_backend": {
      "vanilla": 100,
      "trident": 401
    },
    "by_workload": {
      "sonnet": 48,
      "chat": 100,
      "code": 353
    },
    "classify_time_total_s": 0.5429140662308782,
    "forward_time_total_s": 101.14788955193944,
    "classify_ms_avg": 1.0836608108400763,
    "forward_ms_avg": 201.89199511365157
  }
}