{"total":501,"by_backend":{"vanilla":100,"trident":401},"by_workload":{"sonnet":48,"chat":100,"code":353},"classify_time_total_s":0.5429140662308782,"forward_time_total_s":101.14788955193944,"classify_ms_avg":1.0836608108400763,"forward_ms_avg":201.89199511365157}