{
  "mix": "code-heavy",
  "mix_counts": {
    "sonnet": 50,
    "chat": 100,
    "code": 350
  },
  "num_prompts": 500,
  "max_tokens": 32,
  "concurrency": 32,
  "scenarios": [
    {
      "scenario": "agsd-gated",
      "n_prompts": 500,
      "wall_s": 3.4228362708818167,
      "total_out_tokens": 16000,
      "tps": 4674.485933233949,
      "latency_p50_s": 0.16210400499403477,
      "latency_p99_s": 0.38018514798022807,
      "backend_counts": {
        "trident": 400,
        "vanilla": 100
      },
      "concurrency": 32
    }
  ],
  "gating_stats": {
    "total": 501,
    "by_backend": {
      "vanilla": 100,
      "trident": 401
    },
    "by_workload": {
      "sonnet": 48,
      "chat": 100,
      "code": 353
    },
    "classify_time_total_s": 0.6846862330567092,
    "forward_time_total_s": 98.966593231773,
    "classify_ms_avg": 1.3666391877379425,
    "forward_ms_avg": 197.5381102430599
  },
  "agsd_only": true
}