{"total":501,"by_backend":{"vanilla":100,"trident":401},"by_workload":{"sonnet":48,"chat":100,"code":353},"classify_time_total_s":0.6846862330567092,"forward_time_total_s":98.966593231773,"classify_ms_avg":1.3666391877379425,"forward_ms_avg":197.5381102430599}