{
  "workload": "code",
  "model": "bigcode/starcoder2-3b",
  "num_prompts": 50,
  "num_speculative_tokens": 5,
  "output_tps": 3979.225120931709,
  "generate_wall_s": 6.433413346065208,
  "init_wall_s": 50.31887045991607,
  "total_in_tokens": 15484,
  "total_out_tokens": 25600
}