{
  "output_tps": 10963.54717694065,
  "prompt_tps": 2390.366121787496,
  "generate_wall_s": 366.59321432514116,
  "total_in_tokens": 876292,
  "total_out_tokens": 4019162,
  "num_prompts_done": 500,
  "init_wall_s": 90.39604531414807,
  "spec_decode": {
    "method": "ngram",
    "num_speculative_tokens": 7,
    "prompt_lookup_max": 5,
    "prompt_lookup_min": 2
  }
}