{
  "mix": "code-heavy",
  "mix_counts": {
    "sonnet": 50,
    "chat": 100,
    "code": 350
  },
  "num_prompts": 500,
  "max_tokens": 32,
  "concurrency": 32,
  "scenarios": [
    {
      "scenario": "agsd-gated",
      "n_prompts": 500,
      "wall_s": 3.4948787421453744,
      "total_out_tokens": 16000,
      "tps": 4578.12736306216,
      "latency_p50_s": 0.16114555695094168,
      "latency_p99_s": 0.3923874800093472,
      "backend_counts": {
        "trident": 400,
        "vanilla": 100
      },
      "concurrency": 32
    }
  ],
  "gating_stats": {
    "total": 501,
    "by_backend": {
      "vanilla": 100,
      "trident": 401
    },
    "by_workload": {
      "sonnet": 48,
      "chat": 100,
      "code": 353
    },
    "classify_time_total_s": 0.6597930020652711,
    "forward_time_total_s": 100.70707620447502,
    "classify_ms_avg": 1.3169520999306807,
    "forward_ms_avg": 201.01212815264475
  },
  "agsd_only": true
}