{"total":501,"by_backend":{"vanilla":100,"trident":401},"by_workload":{"sonnet":48,"chat":100,"code":353},"classify_time_total_s":0.6597930020652711,"forward_time_total_s":100.70707620447502,"classify_ms_avg":1.3169520999306807,"forward_ms_avg":201.01212815264475}