{"total":501,"by_backend":{"vanilla":165,"trident":336},"by_workload":{"sonnet":164,"chat":165,"code":172},"classify_time_total_s":0.6810721945948899,"forward_time_total_s":116.20429635373875,"classify_ms_avg":1.3594255381135527,"forward_ms_avg":231.94470330087577}