{
  "generated_at": "2026-04-02T22:37:06.408607+09:00",
  "gpu_only": {
    "request_throughput": 8.883215017836779,
    "output_throughput": 4413.029038293277,
    "total_token_throughput": 8949.626782701203,
    "duration": 113.02214321999963,
    "mean_ttft_ms": 47335.276393950175,
    "median_ttft_ms": 40373.16008700054,
    "p99_ttft_ms": 97372.3393318201,
    "mean_tpot_ms": 52.82401325789782,
    "median_tpot_ms": 55.928425974560696,
    "p99_tpot_ms": 66.8965082748329,
    "mean_itl_ms": 51.978497503879254,
    "median_itl_ms": 32.05253750002157,
    "p99_itl_ms": 193.65966359928277
  },
  "hybrid": {
    "request_throughput": 3.386500080456668,
    "output_throughput": 1676.2905557616646,
    "total_token_throughput": 3405.7532103961566,
    "duration": 296.4712759920003,
    "mean_ttft_ms": 50960.197088552755,
    "median_ttft_ms": 43659.43465549935,
    "p99_ttft_ms": 104695.40534873895,
    "mean_tpot_ms": 58.05508048549348,
    "median_tpot_ms": 59.20449236986379,
    "p99_tpot_ms": 106.474720153622,
    "mean_itl_ms": 57.159405018188714,
    "median_itl_ms": 36.471225999775925,
    "p99_itl_ms": 208.33168534023574
  },
  "comparison": {
    "request_throughput": {
      "diff_pct": -61.88,
      "direction": "higher_better"
    },
    "output_throughput": {
      "diff_pct": -62.01,
      "direction": "higher_better"
    },
    "total_token_throughput": {
      "diff_pct": -61.95,
      "direction": "higher_better"
    },
    "duration": {
      "diff_pct": 162.31,
      "direction": "lower_better"
    },
    "mean_ttft_ms": {
      "diff_pct": 7.66,
      "direction": "lower_better"
    },
    "median_ttft_ms": {
      "diff_pct": 8.14,
      "direction": "lower_better"
    },
    "p99_ttft_ms": {
      "diff_pct": 7.52,
      "direction": "lower_better"
    },
    "mean_tpot_ms": {
      "diff_pct": 9.9,
      "direction": "lower_better"
    },
    "median_tpot_ms": {
      "diff_pct": 5.86,
      "direction": "lower_better"
    },
    "p99_tpot_ms": {
      "diff_pct": 59.16,
      "direction": "lower_better"
    },
    "mean_itl_ms": {
      "diff_pct": 9.97,
      "direction": "lower_better"
    },
    "median_itl_ms": {
      "diff_pct": 13.79,
      "direction": "lower_better"
    },
    "p99_itl_ms": {
      "diff_pct": 7.58,
      "direction": "lower_better"
    },
    "request_throughput_speedup": 0.3812,
    "output_tok_speedup": 0.3799,
    "ttft_gain_pct": -7.66
  },
  "gpu_utilization": {
    "gpu_only": {
      "gpu0_util_pct": {
        "mean": 62.87,
        "max": 99.0,
        "min": 0.0
      },
      "gpu0_mem_util_pct": {
        "mean": 35.82,
        "max": 80.0,
        "min": 0.0
      },
      "gpu0_power_w": {
        "mean": 210.82,
        "max": 335.24,
        "min": 62.95
      },
      "gpu_avg_util_pct": {
        "mean": 62.87,
        "max": 99.0,
        "min": 0.0
      },
      "gpu_avg_mem_util_pct": {
        "mean": 35.82,
        "max": 80.0,
        "min": 0.0
      },
      "gpu_avg_power_w": {
        "mean": 210.82,
        "max": 335.24,
        "min": 62.95
      },
      "sample_count": 171,
      "duration_s": 194.2
    },
    "hybrid": {
      "gpu0_util_pct": {
        "mean": 27.97,
        "max": 98.0,
        "min": 0.0
      },
      "gpu0_mem_util_pct": {
        "mean": 16.02,
        "max": 79.0,
        "min": 0.0
      },
      "gpu0_power_w": {
        "mean": 138.05,
        "max": 345.65,
        "min": 64.5
      },
      "gpu_avg_util_pct": {
        "mean": 27.97,
        "max": 98.0,
        "min": 0.0
      },
      "gpu_avg_mem_util_pct": {
        "mean": 16.02,
        "max": 79.0,
        "min": 0.0
      },
      "gpu_avg_power_w": {
        "mean": 138.05,
        "max": 345.65,
        "min": 64.5
      },
      "sample_count": 381,
      "duration_s": 413.4
    }
  },
  "cpu_utilization": {
    "gpu_only": {
      "core0_util_pct": {
        "mean": 41.94,
        "max": 100.0,
        "min": 0.0
      },
      "core1_util_pct": {
        "mean": 1.87,
        "max": 45.9,
        "min": 0.0
      },
      "core2_util_pct": {
        "mean": 24.91,
        "max": 60.2,
        "min": 0.0
      },
      "core3_util_pct": {
        "mean": 4.37,
        "max": 85.1,
        "min": 0.0
      },
      "core4_util_pct": {
        "mean": 17.07,
        "max": 62.8,
        "min": 0.0
      },
      "core5_util_pct": {
        "mean": 0.94,
        "max": 47.6,
        "min": 0.0
      },
      "core6_util_pct": {
        "mean": 4.75,
        "max": 69.4,
        "min": 0.0
      },
      "core7_util_pct": {
        "mean": 1.26,
        "max": 87.9,
        "min": 0.0
      },
      "core8_util_pct": {
        "mean": 0.92,
        "max": 43.7,
        "min": 0.0
      },
      "core9_util_pct": {
        "mean": 1.29,
        "max": 44.1,
        "min": 0.0
      },
      "core10_util_pct": {
        "mean": 0.94,
        "max": 44.7,
        "min": 0.0
      },
      "core11_util_pct": {
        "mean": 1.09,
        "max": 42.2,
        "min": 0.0
      },
      "core12_util_pct": {
        "mean": 24.99,
        "max": 100.0,
        "min": 0.0
      },
      "core13_util_pct": {
        "mean": 20.12,
        "max": 100.0,
        "min": 0.0
      },
      "core14_util_pct": {
        "mean": 4.01,
        "max": 99.6,
        "min": 0.0
      },
      "core15_util_pct": {
        "mean": 10.07,
        "max": 100.0,
        "min": 0.0
      },
      "cpu_avg_util_pct": {
        "mean": 10.03,
        "max": 47.65,
        "min": 0.18
      },
      "sample_count": 171,
      "duration_s": 194.2
    },
    "hybrid": {
      "core0_util_pct": {
        "mean": 85.19,
        "max": 100.0,
        "min": 0.0
      },
      "core1_util_pct": {
        "mean": 85.97,
        "max": 100.0,
        "min": 0.0
      },
      "core2_util_pct": {
        "mean": 81.36,
        "max": 100.0,
        "min": 0.0
      },
      "core3_util_pct": {
        "mean": 89.89,
        "max": 100.0,
        "min": 0.0
      },
      "core4_util_pct": {
        "mean": 75.46,
        "max": 100.0,
        "min": 0.0
      },
      "core5_util_pct": {
        "mean": 77.81,
        "max": 100.0,
        "min": 0.0
      },
      "core6_util_pct": {
        "mean": 36.36,
        "max": 100.0,
        "min": 0.0
      },
      "core7_util_pct": {
        "mean": 24.72,
        "max": 100.0,
        "min": 0.0
      },
      "core8_util_pct": {
        "mean": 87.77,
        "max": 100.0,
        "min": 0.0
      },
      "core9_util_pct": {
        "mean": 78.71,
        "max": 100.0,
        "min": 0.0
      },
      "core10_util_pct": {
        "mean": 82.97,
        "max": 100.0,
        "min": 0.0
      },
      "core11_util_pct": {
        "mean": 78.95,
        "max": 100.0,
        "min": 0.0
      },
      "core12_util_pct": {
        "mean": 86.26,
        "max": 100.0,
        "min": 0.0
      },
      "core13_util_pct": {
        "mean": 37.3,
        "max": 100.0,
        "min": 0.0
      },
      "core14_util_pct": {
        "mean": 79.46,
        "max": 100.0,
        "min": 0.0
      },
      "core15_util_pct": {
        "mean": 87.61,
        "max": 100.0,
        "min": 0.0
      },
      "cpu_avg_util_pct": {
        "mean": 73.49,
        "max": 95.42,
        "min": 7.09
      },
      "sample_count": 381,
      "duration_s": 413.4
    }
  }
}