{
  "model": "meta-llama/Llama-3.3-70B-Instruct",
  "tensor_parallel_size": 8,
  "max_model_len": 16384,
  "max_num_seqs": 64,
  "num_prompts": 100,
  "target_input_len": 8192,
  "max_tokens": 4096,
  "enable_neo_asymmetric": true,
  "init_s": 54.284620710182935,
  "generate_wall_s": 775.7564605739899,
  "total_input_tokens": 541810,
  "total_output_tokens": 358547,
  "prompt_tps": 698.4279571440622,
  "output_tps": 462.19015660495756,
  "req_per_s": 0.1289064353083299,
  "log_metrics": {
    "preempt_count": null,
    "kv_cache_size_tokens": 236992,
    "max_concurrency": 14.46
  }
}