{
  "mix": "code-heavy",
  "mix_counts": {
    "sonnet": 50,
    "chat": 100,
    "code": 350
  },
  "num_prompts": 500,
  "max_tokens": 32,
  "concurrency": 32,
  "scenarios": [
    {
      "scenario": "vanilla-only",
      "n_prompts": 500,
      "wall_s": 8.974366758950055,
      "total_out_tokens": 16000,
      "tps": 1782.8555963620881,
      "latency_p50_s": 0.5573067690711468,
      "latency_p99_s": 0.6435783200431615,
      "backend_counts": {
        "direct": 500
      },
      "concurrency": 32
    },
    {
      "scenario": "trident-only",
      "n_prompts": 500,
      "wall_s": 5.7827849390450865,
      "total_out_tokens": 16000,
      "tps": 2766.8329651979216,
      "latency_p50_s": 0.34459376195445657,
      "latency_p99_s": 0.67815653514117,
      "backend_counts": {
        "direct": 500
      },
      "concurrency": 32
    },
    {
      "scenario": "agsd-gated",
      "n_prompts": 500,
      "wall_s": 3.5525162320118397,
      "total_out_tokens": 16000,
      "tps": 4503.849934821825,
      "latency_p50_s": 0.16767351585440338,
      "latency_p99_s": 0.4912960228975862,
      "backend_counts": {
        "trident": 400,
        "vanilla": 100
      },
      "concurrency": 32
    }
  ],
  "gating_stats": {
    "total": 501,
    "by_backend": {
      "vanilla": 100,
      "trident": 401
    },
    "by_workload": {
      "sonnet": 48,
      "chat": 100,
      "code": 353
    },
    "classify_time_total_s": 0.6809846526011825,
    "forward_time_total_s": 103.48914721398614,
    "classify_ms_avg": 1.3592508035951745,
    "forward_ms_avg": 206.56516409977274
  }
}