{"total":501,"by_backend":{"vanilla":100,"trident":401},"by_workload":{"sonnet":48,"chat":100,"code":353},"classify_time_total_s":0.6809846526011825,"forward_time_total_s":103.48914721398614,"classify_ms_avg":1.3592508035951745,"forward_ms_avg":206.56516409977274}