{
  "workload": "sonnet",
  "num_prompts": 500,
  "num_speculative_tokens": 7,
  "output_tps": 10908.96248585331,
  "generate_wall_s": 368.4275205100421,
  "init_wall_s": 87.5543084400706,
  "total_in_tokens": 876292,
  "total_out_tokens": 4019162
}