{"total":501,"by_backend":{"vanilla":100,"trident":401},"by_workload":{"sonnet":48,"chat":100,"code":353},"classify_time_total_s":0.6777071992401034,"forward_time_total_s":101.79325211956166,"classify_ms_avg":1.3527089805191685,"forward_ms_avg":203.18014395122086}