{
  "mix": "code-heavy",
  "mix_counts": {
    "sonnet": 50,
    "chat": 100,
    "code": 350
  },
  "num_prompts": 500,
  "max_tokens": 32,
  "concurrency": 32,
  "scenarios": [
    {
      "scenario": "agsd-gated",
      "n_prompts": 500,
      "wall_s": 3.7746101019438356,
      "total_out_tokens": 16000,
      "tps": 4238.848402318527,
      "latency_p50_s": 0.16261239489540458,
      "latency_p99_s": 0.467664061114192,
      "backend_counts": {
        "trident": 400,
        "vanilla": 100
      },
      "concurrency": 32
    }
  ],
  "gating_stats": {
    "total": 501,
    "by_backend": {
      "vanilla": 100,
      "trident": 401
    },
    "by_workload": {
      "sonnet": 48,
      "chat": 100,
      "code": 353
    },
    "classify_time_total_s": 0.6262569015379995,
    "forward_time_total_s": 108.79073778074235,
    "classify_ms_avg": 1.250013775524949,
    "forward_ms_avg": 217.14718119908653
  },
  "agsd_only": true
}