{"total":501,"by_backend":{"vanilla":100,"trident":401},"by_workload":{"sonnet":48,"chat":100,"code":353},"classify_time_total_s":0.6262569015379995,"forward_time_total_s":108.79073778074235,"classify_ms_avg":1.250013775524949,"forward_ms_avg":217.14718119908653}