{
  "mix": "sonnet-heavy",
  "mix_counts": {
    "sonnet": 300,
    "chat": 100,
    "code": 100
  },
  "num_prompts": 500,
  "max_tokens": 32,
  "concurrency": 32,
  "scenarios": [
    {
      "scenario": "vanilla-only",
      "n_prompts": 500,
      "wall_s": 7.8239825300406665,
      "total_out_tokens": 16000,
      "tps": 2044.994341253576,
      "latency_p50_s": 0.48803755617700517,
      "latency_p99_s": 0.5736043909564614,
      "backend_counts": {
        "direct": 500
      },
      "concurrency": 32
    },
    {
      "scenario": "trident-only",
      "n_prompts": 500,
      "wall_s": 4.8987942731473595,
      "total_out_tokens": 16000,
      "tps": 3266.1098033252124,
      "latency_p50_s": 0.24490963597781956,
      "latency_p99_s": 0.8101351228542626,
      "backend_counts": {
        "direct": 500
      },
      "concurrency": 32
    },
    {
      "scenario": "agsd-gated",
      "n_prompts": 500,
      "wall_s": 3.612604883965105,
      "total_out_tokens": 16000,
      "tps": 4428.93715585049,
      "latency_p50_s": 0.16814287495799363,
      "latency_p99_s": 0.44799981196410954,
      "backend_counts": {
        "trident": 400,
        "vanilla": 100
      },
      "concurrency": 32
    }
  ],
  "gating_stats": {
    "total": 501,
    "by_backend": {
      "vanilla": 100,
      "trident": 401
    },
    "by_workload": {
      "sonnet": 292,
      "chat": 100,
      "code": 109
    },
    "classify_time_total_s": 0.47488920553587377,
    "forward_time_total_s": 104.44218139327131,
    "classify_ms_avg": 0.9478826457801872,
    "forward_ms_avg": 208.46742793068125
  }
}