{"total":501,"by_backend":{"vanilla":100,"trident":401},"by_workload":{"sonnet":292,"chat":100,"code":109},"classify_time_total_s":0.47488920553587377,"forward_time_total_s":104.44218139327131,"classify_ms_avg":0.9478826457801872,"forward_ms_avg":208.46742793068125}