{"total":501,"by_backend":{"vanilla":165,"trident":336},"by_workload":{"sonnet":164,"chat":165,"code":172},"classify_time_total_s":0.6192340031266212,"forward_time_total_s":114.58066298929043,"classify_ms_avg":1.2359960142247928,"forward_ms_avg":228.70391814229626}