{
  "mix": "sonnet-heavy",
  "mix_counts": {
    "sonnet": 300,
    "chat": 100,
    "code": 100
  },
  "num_prompts": 500,
  "max_tokens": 32,
  "concurrency": 32,
  "scenarios": [
    {
      "scenario": "vanilla-only",
      "n_prompts": 500,
      "wall_s": 7.565268911188468,
      "total_out_tokens": 16000,
      "tps": 2114.928125864395,
      "latency_p50_s": 0.47150480397976935,
      "latency_p99_s": 0.5412442358210683,
      "backend_counts": {
        "direct": 500
      },
      "concurrency": 32
    },
    {
      "scenario": "trident-only",
      "n_prompts": 500,
      "wall_s": 4.658687604125589,
      "total_out_tokens": 16000,
      "tps": 3434.44363726619,
      "latency_p50_s": 0.23592448607087135,
      "latency_p99_s": 0.7731200081761926,
      "backend_counts": {
        "direct": 500
      },
      "concurrency": 32
    },
    {
      "scenario": "agsd-gated",
      "n_prompts": 500,
      "wall_s": 3.4886234898585826,
      "total_out_tokens": 16000,
      "tps": 4586.336142754284,
      "latency_p50_s": 0.1639167359098792,
      "latency_p99_s": 0.41442356794141233,
      "backend_counts": {
        "trident": 400,
        "vanilla": 100
      },
      "concurrency": 32
    }
  ],
  "gating_stats": {
    "total": 501,
    "by_backend": {
      "vanilla": 100,
      "trident": 401
    },
    "by_workload": {
      "sonnet": 292,
      "chat": 100,
      "code": 109
    },
    "classify_time_total_s": 0.5051006621215492,
    "forward_time_total_s": 101.33393072918989,
    "classify_ms_avg": 1.0081849543344297,
    "forward_ms_avg": 202.26333478880218
  }
}