{"total":501,"by_backend":{"vanilla":100,"trident":401},"by_workload":{"sonnet":292,"chat":100,"code":109},"classify_time_total_s":0.5051006621215492,"forward_time_total_s":101.33393072918989,"classify_ms_avg":1.0081849543344297,"forward_ms_avg":202.26333478880218}