{"total":501,"by_backend":{"vanilla":100,"trident":401},"by_workload":{"sonnet":292,"chat":100,"code":109},"classify_time_total_s":0.5204589643981308,"forward_time_total_s":107.20129820355214,"classify_ms_avg":1.0388402482996622,"forward_ms_avg":213.97464711287853}