{
  "mix": "sonnet-heavy",
  "mix_counts": {
    "sonnet": 300,
    "chat": 100,
    "code": 100
  },
  "num_prompts": 500,
  "max_tokens": 32,
  "concurrency": 32,
  "scenarios": [
    {
      "scenario": "vanilla-only",
      "n_prompts": 500,
      "wall_s": 7.771697517018765,
      "total_out_tokens": 16000,
      "tps": 2058.7522822346828,
      "latency_p50_s": 0.48199708107858896,
      "latency_p99_s": 0.5626369901001453,
      "backend_counts": {
        "direct": 500
      },
      "concurrency": 32
    },
    {
      "scenario": "trident-only",
      "n_prompts": 500,
      "wall_s": 5.405327145010233,
      "total_out_tokens": 16000,
      "tps": 2960.042856012873,
      "latency_p50_s": 0.27209205203689635,
      "latency_p99_s": 0.892589403083548,
      "backend_counts": {
        "direct": 500
      },
      "concurrency": 32
    },
    {
      "scenario": "agsd-gated",
      "n_prompts": 500,
      "wall_s": 3.740607839077711,
      "total_out_tokens": 16000,
      "tps": 4277.379690233708,
      "latency_p50_s": 0.171688468195498,
      "latency_p99_s": 0.5600549879018217,
      "backend_counts": {
        "trident": 400,
        "vanilla": 100
      },
      "concurrency": 32
    }
  ],
  "gating_stats": {
    "total": 501,
    "by_backend": {
      "vanilla": 100,
      "trident": 401
    },
    "by_workload": {
      "sonnet": 292,
      "chat": 100,
      "code": 109
    },
    "classify_time_total_s": 0.529789166059345,
    "forward_time_total_s": 108.89556674775667,
    "classify_ms_avg": 1.0574634053080738,
    "forward_ms_avg": 217.35642065420492
  }
}