{"total":501,"by_backend":{"vanilla":100,"trident":401},"by_workload":{"sonnet":292,"chat":100,"code":109},"classify_time_total_s":0.529789166059345,"forward_time_total_s":108.89556674775667,"classify_ms_avg":1.0574634053080738,"forward_ms_avg":217.35642065420492}