{"total":501,"by_backend":{"vanilla":165,"trident":336},"by_workload":{"sonnet":164,"chat":165,"code":172},"classify_time_total_s":0.545601594960317,"forward_time_total_s":111.24940635543317,"classify_ms_avg":1.0890251396413515,"forward_ms_avg":222.0547033042578}