{
  "mix": "balanced",
  "mix_counts": {
    "sonnet": 170,
    "chat": 165,
    "code": 165
  },
  "num_prompts": 500,
  "max_tokens": 32,
  "concurrency": 32,
  "scenarios": [
    {
      "scenario": "agsd-gated",
      "n_prompts": 500,
      "wall_s": 3.719150383025408,
      "total_out_tokens": 16000,
      "tps": 4302.0578229441,
      "latency_p50_s": 0.15093209710903466,
      "latency_p99_s": 0.46221724478527904,
      "backend_counts": {
        "trident": 335,
        "vanilla": 165
      },
      "concurrency": 32
    }
  ],
  "gating_stats": {
    "total": 501,
    "by_backend": {
      "vanilla": 165,
      "trident": 336
    },
    "by_workload": {
      "sonnet": 164,
      "chat": 165,
      "code": 172
    },
    "classify_time_total_s": 0.5690676926169544,
    "forward_time_total_s": 108.64446307439357,
    "classify_ms_avg": 1.1358636579180728,
    "forward_ms_avg": 216.85521571735245
  },
  "agsd_only": true
}