{"total":501,"by_backend":{"vanilla":165,"trident":336},"by_workload":{"sonnet":164,"chat":165,"code":172},"classify_time_total_s":0.5690676926169544,"forward_time_total_s":108.64446307439357,"classify_ms_avg":1.1358636579180728,"forward_ms_avg":216.85521571735245}