{
  "mix": "code-heavy",
  "mix_counts": {
    "sonnet": 20,
    "chat": 40,
    "code": 140
  },
  "num_prompts": 200,
  "max_tokens": 256,
  "concurrency": 32,
  "scenarios": [
    {
      "scenario": "vanilla-only",
      "n_prompts": 200,
      "wall_s": 18.824239582987502,
      "total_out_tokens": 49630,
      "tps": 2636.4942807492394,
      "latency_p50_s": 2.817889885045588,
      "latency_p99_s": 2.8498241549823433,
      "backend_counts": {
        "direct": 200
      },
      "concurrency": 32
    },
    {
      "scenario": "trident-only",
      "n_prompts": 200,
      "wall_s": 6.755681025097147,
      "total_out_tokens": 49171,
      "tps": 7278.466792219948,
      "latency_p50_s": 0.7861971049569547,
      "latency_p99_s": 2.170917205978185,
      "backend_counts": {
        "direct": 200
      },
      "concurrency": 32
    },
    {
      "scenario": "agsd-gated",
      "n_prompts": 200,
      "wall_s": 8.218682796927169,
      "total_out_tokens": 49173,
      "tps": 5983.075538380065,
      "latency_p50_s": 0.6461421819403768,
      "latency_p99_s": 2.7969296930823475,
      "backend_counts": {
        "trident": 160,
        "vanilla": 40
      },
      "concurrency": 32
    }
  ],
  "gating_stats": {
    "total": 201,
    "by_backend": {
      "vanilla": 40,
      "trident": 161
    },
    "by_workload": {
      "sonnet": 18,
      "chat": 40,
      "code": 143
    },
    "classify_time_total_s": 0.24514082144014537,
    "forward_time_total_s": 211.54649666580372,
    "classify_ms_avg": 1.2196060768166437,
    "forward_ms_avg": 1052.4701326656902
  }
}