{
  "mix": "balanced",
  "mix_counts": {
    "sonnet": 68,
    "chat": 66,
    "code": 66
  },
  "num_prompts": 200,
  "max_tokens": 256,
  "concurrency": 32,
  "scenarios": [
    {
      "scenario": "vanilla-only",
      "n_prompts": 200,
      "wall_s": 19.27238043700345,
      "total_out_tokens": 49833,
      "tps": 2585.7210614377145,
      "latency_p50_s": 2.8372357280459255,
      "latency_p99_s": 2.940259230788797,
      "backend_counts": {
        "direct": 200
      },
      "concurrency": 32
    },
    {
      "scenario": "trident-only",
      "n_prompts": 200,
      "wall_s": 6.496203616028652,
      "total_out_tokens": 49839,
      "tps": 7672.019374058393,
      "latency_p50_s": 0.7576568340882659,
      "latency_p99_s": 2.6766238890122622,
      "backend_counts": {
        "direct": 200
      },
      "concurrency": 32
    },
    {
      "scenario": "agsd-gated",
      "n_prompts": 200,
      "wall_s": 9.718179433839396,
      "total_out_tokens": 49970,
      "tps": 5141.909587098267,
      "latency_p50_s": 0.6549471891485155,
      "latency_p99_s": 3.075371467974037,
      "backend_counts": {
        "vanilla": 66,
        "trident": 134
      },
      "concurrency": 32
    }
  ],
  "gating_stats": {
    "total": 201,
    "by_backend": {
      "vanilla": 66,
      "trident": 135
    },
    "by_workload": {
      "sonnet": 65,
      "chat": 66,
      "code": 70
    },
    "classify_time_total_s": 0.2226756706368178,
    "forward_time_total_s": 264.416880300967,
    "classify_ms_avg": 1.1078391573971036,
    "forward_ms_avg": 1315.5068671689903
  }
}