{
  "mix": "balanced",
  "mix_counts": {
    "sonnet": 68,
    "chat": 66,
    "code": 66
  },
  "num_prompts": 200,
  "max_tokens": 256,
  "concurrency": 32,
  "scenarios": [
    {
      "scenario": "vanilla-only",
      "n_prompts": 200,
      "wall_s": 21.474734580144286,
      "total_out_tokens": 49533,
      "tps": 2306.5709992894913,
      "latency_p50_s": 3.367477586027235,
      "latency_p99_s": 3.415726999985054,
      "backend_counts": {
        "direct": 200
      },
      "concurrency": 32
    },
    {
      "scenario": "trident-only",
      "n_prompts": 200,
      "wall_s": 7.330275007989258,
      "total_out_tokens": 49821,
      "tps": 6796.607214013138,
      "latency_p50_s": 0.7141343369148672,
      "latency_p99_s": 3.7036476149223745,
      "backend_counts": {
        "direct": 200
      },
      "concurrency": 32
    },
    {
      "scenario": "agsd-gated",
      "n_prompts": 200,
      "wall_s": 11.117039659060538,
      "total_out_tokens": 49658,
      "tps": 4466.836633035491,
      "latency_p50_s": 0.6608217859175056,
      "latency_p99_s": 3.344113731989637,
      "backend_counts": {
        "vanilla": 66,
        "trident": 134
      },
      "concurrency": 32
    }
  ],
  "gating_stats": {
    "total": 201,
    "by_backend": {
      "vanilla": 66,
      "trident": 135
    },
    "by_workload": {
      "sonnet": 65,
      "chat": 66,
      "code": 70
    },
    "classify_time_total_s": 0.2901010694913566,
    "forward_time_total_s": 299.5828721562866,
    "classify_ms_avg": 1.4432889029420728,
    "forward_ms_avg": 1490.4620505287892
  }
}