{"total":501,"by_backend":{"vanilla":100,"trident":401},"by_workload":{"sonnet":48,"chat":100,"code":353},"classify_time_total_s":0.7670350219123065,"forward_time_total_s":103.53319070511498,"classify_ms_avg":1.531008027769075,"forward_ms_avg":206.65307525971053}