{
  "output_tps": 10956.517235142388,
  "prompt_tps": 2388.8333938809615,
  "generate_wall_s": 366.8284285729751,
  "total_in_tokens": 876292,
  "total_out_tokens": 4019162,
  "num_prompts_done": 500,
  "init_wall_s": 88.76422419701703,
  "spec_decode": {
    "method": "ngram",
    "num_speculative_tokens": 7,
    "prompt_lookup_max": 5,
    "prompt_lookup_min": 2
  }
}