{
  "mix": "code-heavy",
  "mix_counts": {
    "sonnet": 50,
    "chat": 100,
    "code": 350
  },
  "num_prompts": 500,
  "max_tokens": 32,
  "concurrency": 32,
  "scenarios": [
    {
      "scenario": "vanilla-only",
      "n_prompts": 500,
      "wall_s": 8.623812414938584,
      "total_out_tokens": 16000,
      "tps": 1855.3279257656425,
      "latency_p50_s": 0.5399647129233927,
      "latency_p99_s": 0.6114345211535692,
      "backend_counts": {
        "direct": 500
      },
      "concurrency": 32
    },
    {
      "scenario": "trident-only",
      "n_prompts": 500,
      "wall_s": 5.39074022998102,
      "total_out_tokens": 16000,
      "tps": 2968.052496949261,
      "latency_p50_s": 0.3199306458700448,
      "latency_p99_s": 0.635977836092934,
      "backend_counts": {
        "direct": 500
      },
      "concurrency": 32
    },
    {
      "scenario": "agsd-gated",
      "n_prompts": 500,
      "wall_s": 3.585256783058867,
      "total_out_tokens": 16000,
      "tps": 4462.720794673215,
      "latency_p50_s": 0.16837297403253615,
      "latency_p99_s": 0.4286136389710009,
      "backend_counts": {
        "trident": 400,
        "vanilla": 100
      },
      "concurrency": 32
    }
  ],
  "gating_stats": {
    "total": 501,
    "by_backend": {
      "vanilla": 100,
      "trident": 401
    },
    "by_workload": {
      "sonnet": 48,
      "chat": 100,
      "code": 353
    },
    "classify_time_total_s": 0.5455401963554323,
    "forward_time_total_s": 104.61899948073551,
    "classify_ms_avg": 1.088902587535793,
    "forward_ms_avg": 208.82035824498104
  }
}