{"total":501,"by_backend":{"vanilla":100,"trident":401},"by_workload":{"sonnet":48,"chat":100,"code":353},"classify_time_total_s":0.5455401963554323,"forward_time_total_s":104.61899948073551,"classify_ms_avg":1.088902587535793,"forward_ms_avg":208.82035824498104}