{
  "config_name": "split_on",
  "model": "Qwen/Qwen2.5-7B-Instruct",
  "tensor_parallel_size": 1,
  "max_tokens": 32,
  "logprobs_k": 10,
  "extra_serve_args": {
    "kv_connector": "OffloadingConnector",
    "enable_cpu_partial_attention": true,
    "kv_connector_extra_config": {
      "cpu_bytes_to_use": 1073741824
    }
  },
  "prompts": [
    {
      "prompt_index": 0,
      "prompt": "Explain the difference between mutex and semaphore in three sentences.",
      "token_ids": [
        362,
        30863,
        320,
        6984,
        928,
        41208,
        8,
        374,
        264,
        57912,
        27594,
        429,
        6147,
        1172,
        825,
        4516,
        311,
        2615,
        264,
        5101,
        518,
        264,
        882,
        11,
        1393,
        264,
        55918,
        374,
        264,
        57912,
        27594,
        429
      ],
      "chosen_logprobs": [
        -0.21758882701396942,
        -0.00031144535751082003,
        -0.291827529668808,
        -0.0810571238398552,
        -0.0007819455349817872,
        -0.005319606978446245,
        -0.32475006580352783,
        -0.0846792683005333,
        -0.10148704051971436,
        -0.12059327214956284,
        -0.4860544800758362,
        -0.3563487231731415,
        -0.5548492074012756,
        -0.13100628554821014,
        -0.0002613918040879071,
        -0.013770341873168945,
        -0.014710296876728535,
        -0.05347811430692673,
        -0.00010322991875000298,
        -0.2726428210735321,
        -0.006098353303968906,
        -0.0052398014813661575,
        -0.00020382710499688983,
        -0.018472658470273018,
        -1.1651246547698975,
        -3.4570634852570947e-06,
        -9.65590606938349e-06,
        -0.0566345751285553,
        -0.001479603466577828,
        -0.5478764176368713,
        -0.028473149985074997,
        -0.011112703010439873
      ],
      "generation_seconds": 1.11014717631042
    },
    {
      "prompt_index": 1,
      "prompt": "Translate to Korean: 'The early bird catches the worm.'",
      "token_ids": [
        198,
        785,
        14468,
        315,
        330,
        785,
        4124,
        11958,
        37834,
        279,
        34211,
        1,
        304,
        16134,
        374,
        1447,
        1,
        92817,
        47153,
        137769,
        83556,
        31079,
        60315,
        32290,
        47665,
        234,
        126673,
        18411,
        16235,
        94,
        16560,
        13146
      ],
      "chosen_logprobs": [
        -1.295552134513855,
        -0.3889645040035248,
        -1.234194040298462,
        -0.010471283458173275,
        -0.5185356736183167,
        -1.2993727978027891e-05,
        -1.7881377516459906e-06,
        -1.5497195136049413e-06,
        -1.8000440832111053e-05,
        0.0,
        -2.2053474822314456e-05,
        -0.6932015419006348,
        -0.5376449823379517,
        -1.1920922133867862e-06,
        -0.00226205843500793,
        -0.47512996196746826,
        -0.47111785411834717,
        -0.8034496307373047,
        -1.481581211090088,
        -0.6435160636901855,
        -0.8515278697013855,
        -0.01779600977897644,
        -0.5257042050361633,
        -0.28034642338752747,
        -2.384333610534668,
        -0.20215260982513428,
        -0.5940849781036377,
        -0.22691203653812408,
        -0.8339571952819824,
        -0.0011088658357039094,
        -0.10400760173797607,
        -8.260862523457035e-05
      ],
      "generation_seconds": 0.6200321586802602
    },
    {
      "prompt_index": 2,
      "prompt": "Write a Python function that takes a list of integers and returns the longest strictly increasing subsequence. Include type hints and a short docstring.",
      "token_ids": [
        54275,
        12669,
        198,
        1499,
        19496,
        1159,
        1759,
        271,
        750,
        22032,
        1243,
        75462,
        5228,
        15512,
        21096,
        25,
        1759,
        18640,
        2467,
        1464,
        1759,
        18640,
        10343,
        262,
        3190,
        262,
        50630,
        323,
        4675,
        825,
        315,
        279
      ],
      "chosen_logprobs": [
        -1.4040576219558716,
        -1.728519782773219e-05,
        -0.0033137667924165726,
        -0.22699488699436188,
        -2.0861407392658293e-05,
        -3.576278118089249e-07,
        -0.000573351513594389,
        -0.005087288096547127,
        -0.0001722425949992612,
        -0.14299090206623077,
        -0.005801742896437645,
        -5.245195097813848e-06,
        -0.00040141629870049655,
        -0.001712642959319055,
        -0.16918878257274628,
        -1.1920928244535389e-07,
        -1.4305104514278355e-06,
        0.0,
        -7.152555099310121e-07,
        -1.549708758830093e-05,
        -5.364403477869928e-06,
        0.0,
        -4.529942543740617e-06,
        -3.576278118089249e-07,
        -5.304672595229931e-05,
        -1.1920928244535389e-07,
        -0.141876220703125,
        -0.39542192220687866,
        -1.4066597032069694e-05,
        -0.5759650468826294,
        -7.748303323751315e-05,
        -1.1920928244535389e-07
      ],
      "generation_seconds": 0.6186863658949733
    },
    {
      "prompt_index": 3,