{
  "output_tps": 10616.922776058847,
  "prompt_tps": 2314.7921117084006,
  "generate_wall_s": 378.5618568370119,
  "total_in_tokens": 876292,
  "total_out_tokens": 4019162,
  "num_prompts_done": 500,
  "init_wall_s": 93.52755798306316,
  "spec_decode": {
    "method": "ngram",
    "num_speculative_tokens": 7,
    "prompt_lookup_max": 5,
    "prompt_lookup_min": 2
  }
}