{"total":501,"by_backend":{"vanilla":100,"trident":401},"by_workload":{"sonnet":292,"chat":100,"code":109},"classify_time_total_s":0.6659970122855157,"forward_time_total_s":107.476504443679,"classify_ms_avg":1.3293353538633048,"forward_ms_avg":214.52396096542716}