{
  "workload": "code",
  "model": "Qwen/Qwen2.5-1.5B-Instruct",
  "num_prompts": 50,
  "num_speculative_tokens": 7,
  "output_tps": 5855.019029720628,
  "generate_wall_s": 4.37231712997891,
  "init_wall_s": 19.77229323494248,
  "total_in_tokens": 16082,
  "total_out_tokens": 25600
}