{"total":501,"by_backend":{"vanilla":165,"trident":336},"by_workload":{"sonnet":164,"chat":165,"code":172},"classify_time_total_s":0.5465646446682513,"forward_time_total_s":112.039152411744,"classify_ms_avg":1.0909473945474077,"forward_ms_avg":223.63104273801198}