{
  "workload": "sonnet",
  "num_prompts": 500,
  "num_speculative_tokens": 0,
  "output_tps": 7709.7921038318755,
  "generate_wall_s": 521.592923108954,
  "init_wall_s": 88.76063226093538,
  "total_in_tokens": 876292,
  "total_out_tokens": 4021373
}