{
  "output_tps": 10778.578342059129,
  "prompt_tps": 2350.0376378259143,
  "generate_wall_s": 372.88424061611295,
  "total_in_tokens": 876292,
  "total_out_tokens": 4019162,
  "num_prompts_done": 500,
  "init_wall_s": 86.96835684613325,
  "spec_decode": {
    "method": "ngram",
    "num_speculative_tokens": 7,
    "prompt_lookup_max": 5,
    "prompt_lookup_min": 2
  }
}