{"total":501,"by_backend":{"vanilla":100,"trident":401},"by_workload":{"sonnet":292,"chat":100,"code":109},"classify_time_total_s":0.6531894996296614,"forward_time_total_s":146.98065771115944,"classify_ms_avg":1.3037714563466296,"forward_ms_avg":293.3745662897394}