{"total":501,"by_backend":{"vanilla":100,"trident":401},"by_workload":{"sonnet":48,"chat":100,"code":353},"classify_time_total_s":0.6281254116911441,"forward_time_total_s":101.09535799454898,"classify_ms_avg":1.2537433367088706,"forward_ms_avg":201.78714170568657}