{
  "workload": "code",
  "num_prompts": 500,
  "num_speculative_tokens": 0,
  "output_tps": 6964.473994190255,
  "generate_wall_s": 562.1013163758907,
  "init_wall_s": 88.12647348502651,
  "total_in_tokens": 1304836,
  "total_out_tokens": 3914740
}