{
  "workload": "chat",
  "num_prompts": 500,
  "num_speculative_tokens": 7,
  "output_tps": 2846.4057282084177,
  "generate_wall_s": 116.8213641170878,
  "init_wall_s": 84.89692635997199,
  "total_in_tokens": 883269,
  "total_out_tokens": 332521
}