{
  "workload": "sonnet",
  "model": "Qwen/Qwen2.5-1.5B-Instruct",
  "num_prompts": 50,
  "num_speculative_tokens": 0,
  "output_tps": 12594.780347476628,
  "generate_wall_s": 1.6782349050045013,
  "init_wall_s": 17.151210981886834,
  "total_in_tokens": 10642,
  "total_out_tokens": 21137
}