{
  "generated_at": "2026-03-27T22:09:33.966783+09:00",
  "gpu_only": {
    "request_throughput": 36.59186107097766,
    "output_throughput": 9123.741455715426,
    "total_token_throughput": 13785.471372435839,
    "duration": 13.66424077283591,
    "mean_ttft_ms": 4332.38509003073,
    "median_ttft_ms": 1896.4386181905866,
    "p99_ttft_ms": 8700.708709238097,
    "mean_tpot_ms": 26.113420488771652,
    "median_tpot_ms": 26.09332454409085,
    "p99_tpot_ms": 99.33193859644231,
    "mean_itl_ms": 24.387913916762024,
    "median_itl_ms": 19.957201555371284,
    "p99_itl_ms": 108.65704253315924
  },
  "hybrid": {
    "request_throughput": 14.649411074588125,
    "output_throughput": 3653.0650420257425,
    "total_token_throughput": 5519.37071410612,
    "duration": 34.13106489088386,
    "mean_ttft_ms": 4281.758182439953,
    "median_ttft_ms": 1833.8518082164228,
    "p99_ttft_ms": 8794.082577135414,
    "mean_tpot_ms": 28.635165301344998,
    "median_tpot_ms": 26.939227870282007,
    "p99_tpot_ms": 104.17243062666448,
    "mean_itl_ms": 27.175939658916995,
    "median_itl_ms": 21.94391470402479,
    "p99_itl_ms": 111.17782441899179
  },
  "comparison": {
    "request_throughput": {
      "diff_pct": -59.97,
      "direction": "higher_better"
    },
    "output_throughput": {
      "diff_pct": -59.96,
      "direction": "higher_better"
    },
    "total_token_throughput": {
      "diff_pct": -59.96,
      "direction": "higher_better"
    },
    "duration": {
      "diff_pct": 149.78,
      "direction": "lower_better"
    },
    "mean_ttft_ms": {
      "diff_pct": -1.17,
      "direction": "lower_better"
    },
    "median_ttft_ms": {
      "diff_pct": -3.3,
      "direction": "lower_better"
    },
    "p99_ttft_ms": {
      "diff_pct": 1.07,
      "direction": "lower_better"
    },
    "mean_tpot_ms": {
      "diff_pct": 9.66,
      "direction": "lower_better"
    },
    "median_tpot_ms": {
      "diff_pct": 3.24,
      "direction": "lower_better"
    },
    "p99_tpot_ms": {
      "diff_pct": 4.87,
      "direction": "lower_better"
    },
    "mean_itl_ms": {
      "diff_pct": 11.43,
      "direction": "lower_better"
    },
    "median_itl_ms": {
      "diff_pct": 9.95,
      "direction": "lower_better"
    },
    "p99_itl_ms": {
      "diff_pct": 2.32,
      "direction": "lower_better"
    },
    "request_throughput_speedup": 0.4003,
    "output_tok_speedup": 0.4004,
    "ttft_gain_pct": 1.17
  },
  "gpu_utilization": {
    "gpu_only": {
      "gpu0_util_pct": {
        "mean": 40.28,
        "max": 100.0,
        "min": 0.0
      },
      "gpu0_mem_util_pct": {
        "mean": 18.87,
        "max": 81.0,
        "min": 0.0
      },
      "gpu0_power_w": {
        "mean": 217.09,
        "max": 389.38,
        "min": 46.8
      },
      "gpu_avg_util_pct": {
        "mean": 40.28,
        "max": 100.0,
        "min": 0.0
      },
      "gpu_avg_mem_util_pct": {
        "mean": 18.87,
        "max": 81.0,
        "min": 0.0
      },
      "gpu_avg_power_w": {
        "mean": 217.09,
        "max": 389.38,
        "min": 46.8
      },
      "sample_count": 39,
      "duration_s": 38.8
    },
    "hybrid": {
      "gpu0_util_pct": {
        "mean": 19.59,
        "max": 98.0,
        "min": 0.0
      },
      "gpu0_mem_util_pct": {
        "mean": 9.17,
        "max": 81.0,
        "min": 0.0
      },
      "gpu0_power_w": {
        "mean": 186.27,
        "max": 389.76,
        "min": 48.69
      },
      "gpu_avg_util_pct": {
        "mean": 19.59,
        "max": 98.0,
        "min": 0.0
      },
      "gpu_avg_mem_util_pct": {
        "mean": 9.17,
        "max": 81.0,
        "min": 0.0
      },
      "gpu_avg_power_w": {
        "mean": 186.27,
        "max": 389.76,
        "min": 48.69
      },
      "sample_count": 71,
      "duration_s": 71.5
    }
  },
  "cpu_utilization": {
    "gpu_only": {
      "core0_util_pct": {
        "mean": 24.16,
        "max": 100.0,
        "min": 0.0
      },
      "core1_util_pct": {
        "mean": 11.65,
        "max": 100.0,
        "min": 0.0
      },
      "core2_util_pct": {
        "mean": 52.39,
        "max": 100.0,
        "min": 0.0
      },
      "core3_util_pct": {
        "mean": 16.11,
        "max": 100.0,
        "min": 0.0
      },
      "core4_util_pct": {
        "mean": 4.93,
        "max": 12.7,
        "min": 0.0
      },
      "core5_util_pct": {
        "mean": 1.87,
        "max": 9.7,
        "min": 0.0
      },
      "core6_util_pct": {
        "mean": 2.71,
        "max": 9.7,
        "min": 0.0
      },
      "core7_util_pct": {
        "mean": 1.9,
        "max": 8.8,
        "min": 0.0
      },
      "core8_util_pct": {
        "mean": 2.44,
        "max": 9.8,
        "min": 0.0
      },
      "core9_util_pct": {
        "mean": 1.72,
        "max": 8.7,
        "min": 0.0
      },
      "core10_util_pct": {
        "mean": 2.51,
        "max": 9.8,
        "min": 0.0
      },
      "core11_util_pct": {
        "mean": 1.75,
        "max": 8.8,
        "min": 0.0
      },
      "core12_util_pct": {
        "mean": 2.13,
        "max": 9.8,
        "min": 0.0
      },
      "core13_util_pct": {
        "mean": 1.74,
        "max": 8.8,
        "min": 0.0
      },
      "core14_util_pct": {
        "mean": 2.48,
        "max": 9.6,
        "min": 0.0
      },
      "core15_util_pct": {
        "mean": 1.79,
        "max": 9.7,
        "min": 0.0
      },
      "core16_util_pct": {
        "mean": 2.08,
        "max": 9.7,
        "min": 0.0
      },
      "core17_util_pct": {
        "mean": 2.08,
        "max": 9.7,
        "min": 0.0
      },
      "core18_util_pct": {
        "mean": 2.08,
        "max": 9.7,
        "min": 0.0
      },
      "core19_util_pct": {
        "mean": 2.11,
        "max": 9.7,
        "min": 0.0
      },
      "core20_util_pct": {
        "mean": 2.02,
        "max": 9.8,
        "min": 0.0
      },
      "core21_util_pct": {
        "mean": 1.87,
        "max": 9.7,
        "min": 0.0
      },
      "core22_util_pct": {
        "mean": 2.07,
        "max": 11.3,
        "min": 0.0
      },
      "core23_util_pct": {
        "mean": 1.89,
        "max": 10.8,
        "min": 0.0
      },
      "cpu_avg_util_pct": {
        "mean": 6.19,
        "max": 13.09,
        "min": 0.33
      },
      "sample_count": 39,
      "duration_s": 38.8
    },
    "hybrid": {
      "core0_util_pct": {
        "mean": 40.81,
        "max": 100.0,
        "min": 1.0
      },
      "core1_util_pct": {
        "mean": 54.32,
        "max": 100.0,
        "min": 0.0
      },
      "core2_util_pct": {
        "mean": 61.96,
        "max": 100.0,
        "min": 0.0
      },
      "core3_util_pct": {
        "mean": 39.23,
        "max": 100.0,
        "min": 0.0
      },
      "core4_util_pct": {
        "mean": 20.47,
        "max": 94.1,
        "min": 0.0
      },
      "core5_util_pct": {
        "mean": 55.46,
        "max": 100.0,
        "min": 0.0
      },
      "core6_util_pct": {
        "mean": 25.26,
        "max": 100.0,
        "min": 0.0
      },
      "core7_util_pct": {
        "mean": 53.15,
        "max": 100.0,
        "min": 0.0
      },
      "core8_util_pct": {
        "mean": 37.17,
        "max": 100.0,
        "min": 0.0
      },
      "core9_util_pct": {
        "mean": 41.28,
        "max": 100.0,
        "min": 0.0
      },
      "core10_util_pct": {
        "mean": 52.77,
        "max": 100.0,
        "min": 0.0
      },
      "core11_util_pct": {
        "mean": 57.64,
        "max": 100.0,
        "min": 0.0
      },
      "core12_util_pct": {
        "mean": 40.47,
        "max": 100.0,
        "min": 0.0
      },
      "core13_util_pct": {
        "mean": 44.19,
        "max": 100.0,
        "min": 0.0
      },
      "core14_util_pct": {
        "mean": 38.8,
        "max": 100.0,
        "min": 0.0
      },
      "core15_util_pct": {
        "mean": 42.21,
        "max": 100.0,
        "min": 0.0
      },