{
  "output_tps": 10580.44654905029,
  "prompt_tps": 2306.8392533966976,
  "generate_wall_s": 379.86695375922136,
  "total_in_tokens": 876292,
  "total_out_tokens": 4019162,
  "num_prompts_done": 500,
  "init_wall_s": 111.76988824014552,
  "spec_decode": {
    "method": "ngram",
    "num_speculative_tokens": 7,
    "prompt_lookup_max": 5,
    "prompt_lookup_min": 2
  }
}