{
  "model": "meta-llama/Llama-3.3-70B-Instruct",
  "tensor_parallel_size": 8,
  "max_model_len": 16384,
  "max_num_seqs": 256,
  "num_prompts": 300,
  "target_input_len": 8192,
  "max_tokens": 8192,
  "enable_neo_asymmetric": true,
  "init_s": 54.49337574467063,
  "generate_wall_s": 1255.5720333629288,
  "total_input_tokens": 1625421,
  "total_output_tokens": 2391682,
  "prompt_tps": 1294.5661075664982,
  "output_tps": 1904.854469873871,
  "req_per_s": 0.23893491733523156,
  "log_metrics": {
    "preempt_count": null,
    "kv_cache_size_tokens": 1274800,
    "max_concurrency": 77.81
  }
}