{
  "workload": "code",
  "model": "Qwen/Qwen2.5-1.5B-Instruct",
  "num_prompts": 50,
  "num_speculative_tokens": 0,
  "output_tps": 10388.514607152398,
  "generate_wall_s": 2.4642599031794816,
  "init_wall_s": 40.44584678206593,
  "total_in_tokens": 16082,
  "total_out_tokens": 25600
}