{
  "mix": "code-heavy",
  "mix_counts": {
    "sonnet": 50,
    "chat": 100,
    "code": 350
  },
  "num_prompts": 500,
  "max_tokens": 32,
  "concurrency": 32,
  "scenarios": [
    {
      "scenario": "agsd-gated",
      "n_prompts": 500,
      "wall_s": 5.504431036068127,
      "total_out_tokens": 16000,
      "tps": 2906.7491072481434,
      "latency_p50_s": 0.3138660548720509,
      "latency_p99_s": 0.5982192188967019,
      "backend_counts": {
        "trident": 400,
        "vanilla": 100
      },
      "concurrency": 32
    }
  ],
  "gating_stats": {
    "total": 501,
    "by_backend": {
      "vanilla": 100,
      "trident": 401
    },
    "by_workload": {
      "sonnet": 48,
      "chat": 100,
      "code": 353
    },
    "classify_time_total_s": 0.6490337082650512,
    "forward_time_total_s": 164.26585948467255,
    "classify_ms_avg": 1.2954764636028968,
    "forward_ms_avg": 327.8759670352745
  },
  "agsd_only": true
}