{"total":501,"by_backend":{"vanilla":100,"trident":401},"by_workload":{"sonnet":48,"chat":100,"code":353},"classify_time_total_s":0.6490337082650512,"forward_time_total_s":164.26585948467255,"classify_ms_avg":1.2954764636028968,"forward_ms_avg":327.8759670352745}