{
  "mix": "balanced",
  "mix_counts": {
    "sonnet": 170,
    "chat": 165,
    "code": 165
  },
  "num_prompts": 500,
  "max_tokens": 32,
  "concurrency": 32,
  "scenarios": [
    {
      "scenario": "agsd-gated",
      "n_prompts": 500,
      "wall_s": 3.7981116550508887,
      "total_out_tokens": 16000,
      "tps": 4212.619705037509,
      "latency_p50_s": 0.15534355607815087,
      "latency_p99_s": 0.45793969510123134,
      "backend_counts": {
        "trident": 335,
        "vanilla": 165
      },
      "concurrency": 32
    }
  ],
  "gating_stats": {
    "total": 501,
    "by_backend": {
      "vanilla": 165,
      "trident": 336
    },
    "by_workload": {
      "sonnet": 164,
      "chat": 165,
      "code": 172
    },
    "classify_time_total_s": 0.5449893465265632,
    "forward_time_total_s": 111.45303709153086,
    "classify_ms_avg": 1.0878030868793678,
    "forward_ms_avg": 222.46115187930312
  },
  "agsd_only": true
}