{"total":501,"by_backend":{"vanilla":165,"trident":336},"by_workload":{"sonnet":164,"chat":165,"code":172},"classify_time_total_s":0.5449893465265632,"forward_time_total_s":111.45303709153086,"classify_ms_avg":1.0878030868793678,"forward_ms_avg":222.46115187930312}