{
  "workload": "code",
  "num_prompts": 200,
  "num_speculative_tokens": 0,
  "output_tps": 8504.524705228827,
  "generate_wall_s": 24.081298731965944,
  "init_wall_s": 87.23501962912269,
  "total_in_tokens": 128604,
  "total_out_tokens": 204800
}