{
  "generated_at": "2026-04-03T15:08:05.563443+09:00",
  "gpu_only": {
    "request_throughput": 141.8534098726754,
    "output_throughput": 2721.947510792132,
    "total_token_throughput": 75171.18147488088,
    "duration": 6.471469391000028,
    "mean_ttft_ms": 3791.767403518528,
    "median_ttft_ms": 3676.9038980000914,
    "p99_ttft_ms": 6168.802882009732,
    "mean_tpot_ms": 82.81759934869616,
    "median_tpot_ms": 83.13260449999689,
    "p99_tpot_ms": 132.31500363350884,
    "mean_itl_ms": 80.98668026511959,
    "median_itl_ms": 81.48272100061149,
    "p99_itl_ms": 237.49044739986857
  },
  "hybrid": {
    "request_throughput": 142.61892636656216,
    "output_throughput": 2575.236945527225,
    "total_token_throughput": 75417.5421922131,
    "duration": 6.422709968000163,
    "mean_ttft_ms": 3760.79951429367,
    "median_ttft_ms": 3640.544614999726,
    "p99_ttft_ms": 6127.368931399633,
    "mean_tpot_ms": 82.88347191801535,
    "median_tpot_ms": 83.2230709167258,
    "p99_tpot_ms": 113.14222254663036,
    "mean_itl_ms": 84.00703666952255,
    "median_itl_ms": 81.61960200050089,
    "p99_itl_ms": 237.91441768020377
  },
  "comparison": {
    "request_throughput": {
      "diff_pct": 0.54,
      "direction": "higher_better"
    },
    "output_throughput": {
      "diff_pct": -5.39,
      "direction": "higher_better"
    },
    "total_token_throughput": {
      "diff_pct": 0.33,
      "direction": "higher_better"
    },
    "duration": {
      "diff_pct": -0.75,
      "direction": "lower_better"
    },
    "mean_ttft_ms": {
      "diff_pct": -0.82,
      "direction": "lower_better"
    },
    "median_ttft_ms": {
      "diff_pct": -0.99,
      "direction": "lower_better"
    },
    "p99_ttft_ms": {
      "diff_pct": -0.67,
      "direction": "lower_better"
    },
    "mean_tpot_ms": {
      "diff_pct": 0.08,
      "direction": "lower_better"
    },
    "median_tpot_ms": {
      "diff_pct": 0.11,
      "direction": "lower_better"
    },
    "p99_tpot_ms": {
      "diff_pct": -14.49,
      "direction": "lower_better"
    },
    "mean_itl_ms": {
      "diff_pct": 3.73,
      "direction": "lower_better"
    },
    "median_itl_ms": {
      "diff_pct": 0.17,
      "direction": "lower_better"
    },
    "p99_itl_ms": {
      "diff_pct": 0.18,
      "direction": "lower_better"
    },
    "request_throughput_speedup": 1.0054,
    "output_tok_speedup": 0.9461,
    "ttft_gain_pct": 0.82
  },
  "gpu_utilization": {
    "gpu_only": {
      "gpu0_util_pct": {
        "mean": 10.09,
        "max": 95.0,
        "min": 0.0
      },
      "gpu0_mem_util_pct": {
        "mean": 5.62,
        "max": 82.0,
        "min": 0.0
      },
      "gpu0_power_w": {
        "mean": 141.11,
        "max": 647.59,
        "min": 69.19
      },
      "gpu1_util_pct": {
        "mean": 10.28,
        "max": 95.0,
        "min": 0.0
      },
      "gpu1_mem_util_pct": {
        "mean": 5.77,
        "max": 82.0,
        "min": 0.0
      },
      "gpu1_power_w": {
        "mean": 144.26,
        "max": 655.73,
        "min": 69.28
      },
      "gpu2_util_pct": {
        "mean": 9.94,
        "max": 94.0,
        "min": 0.0
      },
      "gpu2_mem_util_pct": {
        "mean": 5.59,
        "max": 81.0,
        "min": 0.0
      },
      "gpu2_power_w": {
        "mean": 145.67,
        "max": 656.08,
        "min": 71.07
      },
      "gpu3_util_pct": {
        "mean": 10.07,
        "max": 95.0,
        "min": 0.0
      },
      "gpu3_mem_util_pct": {
        "mean": 5.63,
        "max": 81.0,
        "min": 0.0
      },
      "gpu3_power_w": {
        "mean": 146.85,
        "max": 666.56,
        "min": 71.32
      },
      "gpu_avg_util_pct": {
        "mean": 10.1,
        "max": 93.75,
        "min": 0.0
      },
      "gpu_avg_mem_util_pct": {
        "mean": 5.65,
        "max": 81.0,
        "min": 0.0
      },
      "gpu_avg_power_w": {
        "mean": 577.89,
        "max": 2620.22,
        "min": 280.97
      },
      "sample_count": 81,
      "duration_s": 85.1
    },
    "hybrid": {
      "gpu0_util_pct": {
        "mean": 3.94,
        "max": 95.0,
        "min": 0.0
      },
      "gpu0_mem_util_pct": {
        "mean": 1.83,
        "max": 44.0,
        "min": 0.0
      },
      "gpu0_power_w": {
        "mean": 126.48,
        "max": 641.95,
        "min": 69.68
      },
      "gpu1_util_pct": {
        "mean": 4.41,
        "max": 92.0,
        "min": 0.0
      },
      "gpu1_mem_util_pct": {
        "mean": 2.06,
        "max": 44.0,
        "min": 0.0
      },
      "gpu1_power_w": {
        "mean": 130.03,
        "max": 659.96,
        "min": 69.68
      },
      "gpu2_util_pct": {
        "mean": 4.12,
        "max": 95.0,
        "min": 0.0
      },
      "gpu2_mem_util_pct": {
        "mean": 1.91,
        "max": 44.0,
        "min": 0.0
      },
      "gpu2_power_w": {
        "mean": 131.56,
        "max": 655.03,
        "min": 71.78
      },
      "gpu3_util_pct": {
        "mean": 4.93,
        "max": 100.0,
        "min": 0.0
      },
      "gpu3_mem_util_pct": {
        "mean": 1.96,
        "max": 45.0,
        "min": 0.0
      },
      "gpu3_power_w": {
        "mean": 131.55,
        "max": 673.69,
        "min": 71.7
      },
      "gpu_avg_util_pct": {
        "mean": 4.35,
        "max": 93.75,
        "min": 0.0
      },
      "gpu_avg_mem_util_pct": {
        "mean": 1.94,
        "max": 44.0,
        "min": 0.0
      },
      "gpu_avg_power_w": {
        "mean": 519.63,
        "max": 2624.79,
        "min": 283.1
      },
      "sample_count": 137,
      "duration_s": 144.8
    }
  },
  "cpu_utilization": {
    "gpu_only": {
      "core0_util_pct": {
        "mean": 12.59,
        "max": 57.65,
        "min": 0.0
      },
      "core1_util_pct": {
        "mean": 6.39,
        "max": 50.0,
        "min": 0.0
      },
      "core2_util_pct": {
        "mean": 0.83,
        "max": 11.25,
        "min": 0.0
      },
      "core3_util_pct": {
        "mean": 1.65,
        "max": 50.0,
        "min": 0.0
      },
      "core4_util_pct": {
        "mean": 0.8,
        "max": 11.3,
        "min": 0.0
      },
      "core5_util_pct": {
        "mean": 1.02,
        "max": 16.65,
        "min": 0.0
      },
      "core6_util_pct": {
        "mean": 0.91,
        "max": 16.5,
        "min": 0.0
      },
      "core7_util_pct": {
        "mean": 7.21,
        "max": 50.0,
        "min": 0.0
      },
      "core8_util_pct": {
        "mean": 1.02,
        "max": 16.65,
        "min": 0.0
      },
      "core9_util_pct": {
        "mean": 14.09,
        "max": 50.45,
        "min": 0.0
      },
      "core10_util_pct": {
        "mean": 1.87,
        "max": 47.15,
        "min": 0.0
      },
      "core11_util_pct": {
        "mean": 0.88,
        "max": 12.75,
        "min": 0.0
      },
      "core12_util_pct": {
        "mean": 1.11,
        "max": 13.3,
        "min": 0.0
      },
      "core13_util_pct": {
        "mean": 0.86,
        "max": 12.8,
        "min": 0.0
      },
      "core14_util_pct": {
        "mean": 0.8,
        "max": 12.8,
        "min": 0.0
      },
      "core15_util_pct": {
        "mean": 0.85,
        "max": 12.75,
        "min": 0.0
      },
      "core16_util_pct": {
        "mean": 0.74,
        "max": 12.8,
        "min": 0.0
      },
      "core17_util_pct": {
        "mean": 0.92,
        "max": 12.35,
        "min": 0.0
      },
      "core18_util_pct": {
        "mean": 0.77,
        "max": 6.75,
        "min": 0.0
      },
      "core19_util_pct": {
        "mean": 0.71,
        "max": 7.3,
        "min": 0.0
      },
      "core20_util_pct": {
        "mean": 33.66,
        "max": 50.7,
        "min": 0.0
      },
      "core21_util_pct": {
        "mean": 0.94,
        "max": 10.4,
        "min": 0.0
      },
      "core22_util_pct": {
        "mean": 1.05,
        "max": 12.8,
        "min": 0.0
      },
      "core23_util_pct": {
        "mean": 1.92,
        "max": 37.7,
        "min": 0.0
      },