{
  "mix": "code-heavy",
  "mix_counts": {
    "sonnet": 50,
    "chat": 100,
    "code": 350
  },
  "num_prompts": 500,
  "max_tokens": 32,
  "concurrency": 32,
  "scenarios": [
    {
      "scenario": "vanilla-only",
      "n_prompts": 500,
      "wall_s": 8.677960168104619,
      "total_out_tokens": 16000,
      "tps": 1843.7512606715054,
      "latency_p50_s": 0.5379696630407125,
      "latency_p99_s": 0.6184328701347113,
      "backend_counts": {
        "direct": 500
      },
      "concurrency": 32
    },
    {
      "scenario": "trident-only",
      "n_prompts": 500,
      "wall_s": 5.321788071189076,
      "total_out_tokens": 16000,
      "tps": 3006.5082987089027,
      "latency_p50_s": 0.3168751678895205,
      "latency_p99_s": 0.6302421260625124,
      "backend_counts": {
        "direct": 500
      },
      "concurrency": 32
    },
    {
      "scenario": "agsd-gated",
      "n_prompts": 500,
      "wall_s": 3.482931859092787,
      "total_out_tokens": 16000,
      "tps": 4593.830900891522,
      "latency_p50_s": 0.1617176418658346,
      "latency_p99_s": 0.39283218001946807,
      "backend_counts": {
        "trident": 400,
        "vanilla": 100
      },
      "concurrency": 32
    }
  ],
  "gating_stats": {
    "total": 501,
    "by_backend": {
      "vanilla": 100,
      "trident": 401
    },
    "by_workload": {
      "sonnet": 48,
      "chat": 100,
      "code": 353
    },
    "classify_time_total_s": 0.5534735815599561,
    "forward_time_total_s": 101.12570933625102,
    "classify_ms_avg": 1.1047376877444233,
    "forward_ms_avg": 201.84772322604994
  }
}