{
  "mix": "sonnet-heavy",
  "mix_counts": {
    "sonnet": 300,
    "chat": 100,
    "code": 100
  },
  "num_prompts": 500,
  "max_tokens": 32,
  "concurrency": 32,
  "scenarios": [
    {
      "scenario": "vanilla-only",
      "n_prompts": 500,
      "wall_s": 7.78001297917217,
      "total_out_tokens": 16000,
      "tps": 2056.5518390307975,
      "latency_p50_s": 0.4896838180720806,
      "latency_p99_s": 0.5388035580981523,
      "backend_counts": {
        "direct": 500
      },
      "concurrency": 32
    },
    {
      "scenario": "trident-only",
      "n_prompts": 500,
      "wall_s": 4.783531647874042,
      "total_out_tokens": 16000,
      "tps": 3344.809061127655,
      "latency_p50_s": 0.24458352592773736,
      "latency_p99_s": 0.7850473381113261,
      "backend_counts": {
        "direct": 500
      },
      "concurrency": 32
    },
    {
      "scenario": "agsd-gated",
      "n_prompts": 500,
      "wall_s": 3.587660730117932,
      "total_out_tokens": 16000,
      "tps": 4459.730505084313,
      "latency_p50_s": 0.16434526909142733,
      "latency_p99_s": 0.46328821987845004,
      "backend_counts": {
        "trident": 400,
        "vanilla": 100
      },
      "concurrency": 32
    }
  ],
  "gating_stats": {
    "total": 501,
    "by_backend": {
      "vanilla": 100,
      "trident": 401
    },
    "by_workload": {
      "sonnet": 292,
      "chat": 100,
      "code": 109
    },
    "classify_time_total_s": 0.5019076496828347,
    "forward_time_total_s": 104.58732179040089,
    "classify_ms_avg": 1.0018116760136422,
    "forward_ms_avg": 208.75712932215748
  }
}