{"total":501,"by_backend":{"vanilla":100,"trident":401},"by_workload":{"sonnet":292,"chat":100,"code":109},"classify_time_total_s":0.5019076496828347,"forward_time_total_s":104.58732179040089,"classify_ms_avg":1.0018116760136422,"forward_ms_avg":208.75712932215748}