{
  "mix": "sonnet-heavy",
  "mix_counts": {
    "sonnet": 300,
    "chat": 100,
    "code": 100
  },
  "num_prompts": 500,
  "max_tokens": 32,
  "concurrency": 32,
  "scenarios": [
    {
      "scenario": "vanilla-only",
      "n_prompts": 500,
      "wall_s": 7.835873767035082,
      "total_out_tokens": 16000,
      "tps": 2041.8909844248344,
      "latency_p50_s": 0.48980250488966703,
      "latency_p99_s": 0.5606886891182512,
      "backend_counts": {
        "direct": 500
      },
      "concurrency": 32
    },
    {
      "scenario": "trident-only",
      "n_prompts": 500,
      "wall_s": 5.071335218148306,
      "total_out_tokens": 16000,
      "tps": 3154.987653496523,
      "latency_p50_s": 0.24928189581260085,
      "latency_p99_s": 0.8109149059746414,
      "backend_counts": {
        "direct": 500
      },
      "concurrency": 32
    },
    {
      "scenario": "agsd-gated",
      "n_prompts": 500,
      "wall_s": 3.712965111946687,
      "total_out_tokens": 16000,
      "tps": 4309.224438581188,
      "latency_p50_s": 0.17065041395835578,
      "latency_p99_s": 0.5562913450412452,
      "backend_counts": {
        "trident": 400,
        "vanilla": 100
      },
      "concurrency": 32
    }
  ],
  "gating_stats": {
    "total": 501,
    "by_backend": {
      "vanilla": 100,
      "trident": 401
    },
    "by_workload": {
      "sonnet": 292,
      "chat": 100,
      "code": 109
    },
    "classify_time_total_s": 0.6540740567725152,
    "forward_time_total_s": 108.17366674658842,
    "classify_ms_avg": 1.3055370394660981,
    "forward_ms_avg": 215.91550248820045
  }
}