{"total":501,"by_backend":{"vanilla":100,"trident":401},"by_workload":{"sonnet":292,"chat":100,"code":109},"classify_time_total_s":0.6540740567725152,"forward_time_total_s":108.17366674658842,"classify_ms_avg":1.3055370394660981,"forward_ms_avg":215.91550248820045}