{
  "mix": "code-heavy",
  "mix_counts": {
    "sonnet": 50,
    "chat": 100,
    "code": 350
  },
  "num_prompts": 500,
  "max_tokens": 32,
  "concurrency": 32,
  "scenarios": [
    {
      "scenario": "agsd-gated",
      "n_prompts": 500,
      "wall_s": 3.4869717790279537,
      "total_out_tokens": 16000,
      "tps": 4588.508601139365,
      "latency_p50_s": 0.16037654783576727,
      "latency_p99_s": 0.40437208698131144,
      "backend_counts": {
        "trident": 400,
        "vanilla": 100
      },
      "concurrency": 32
    }
  ],
  "gating_stats": {
    "total": 501,
    "by_backend": {
      "vanilla": 100,
      "trident": 401
    },
    "by_workload": {
      "sonnet": 48,
      "chat": 100,
      "code": 353
    },
    "classify_time_total_s": 0.6368927250150591,
    "forward_time_total_s": 100.66778885549866,
    "classify_ms_avg": 1.2712429641019143,
    "forward_ms_avg": 200.93371029041649
  },
  "agsd_only": true
}