{"total":501,"by_backend":{"vanilla":100,"trident":401},"by_workload":{"sonnet":48,"chat":100,"code":353},"classify_time_total_s":0.6368927250150591,"forward_time_total_s":100.66778885549866,"classify_ms_avg":1.2712429641019143,"forward_ms_avg":200.93371029041649}