{
  "workload": "code",
  "model": "facebook/opt-125m",
  "num_prompts": 50,
  "num_speculative_tokens": 5,
  "output_tps": 5350.294484541695,
  "generate_wall_s": 4.784783356124535,
  "init_wall_s": 34.09188293898478,
  "total_in_tokens": 17710,
  "total_out_tokens": 25600
}