{
  "mix": "balanced",
  "mix_counts": {
    "sonnet": 170,
    "chat": 165,
    "code": 165
  },
  "num_prompts": 500,
  "max_tokens": 32,
  "concurrency": 32,
  "scenarios": [
    {
      "scenario": "vanilla-only",
      "n_prompts": 500,
      "wall_s": 9.952570519875735,
      "total_out_tokens": 16000,
      "tps": 1607.6248812351819,
      "latency_p50_s": 0.6132121281698346,
      "latency_p99_s": 0.7320290650241077,
      "backend_counts": {
        "direct": 500
      },
      "concurrency": 32
    },
    {
      "scenario": "trident-only",
      "n_prompts": 500,
      "wall_s": 10.17236010916531,
      "total_out_tokens": 16000,
      "tps": 1572.8896567065078,
      "latency_p50_s": 0.5900162139441818,
      "latency_p99_s": 1.3616428419481963,
      "backend_counts": {
        "direct": 500
      },
      "concurrency": 32
    },
    {
      "scenario": "agsd-gated",
      "n_prompts": 500,
      "wall_s": 3.9702529730275273,
      "total_out_tokens": 16000,
      "tps": 4029.969905872057,
      "latency_p50_s": 0.18706520297564566,
      "latency_p99_s": 0.48734702612273395,
      "backend_counts": {
        "trident": 335,
        "vanilla": 165
      },
      "concurrency": 32
    }
  ],
  "gating_stats": {
    "total": 501,
    "by_backend": {
      "vanilla": 165,
      "trident": 336
    },
    "by_workload": {
      "sonnet": 164,
      "chat": 165,
      "code": 172
    },
    "classify_time_total_s": 0.6471518951002508,
    "forward_time_total_s": 116.71233062585816,
    "classify_ms_avg": 1.2917203495014986,
    "forward_ms_avg": 232.95874376418794
  }
}