{"total":501,"by_backend":{"vanilla":165,"trident":336},"by_workload":{"sonnet":164,"chat":165,"code":172},"classify_time_total_s":0.6471518951002508,"forward_time_total_s":116.71233062585816,"classify_ms_avg":1.2917203495014986,"forward_ms_avg":232.95874376418794}