{"total":501,"by_backend":{"vanilla":165,"trident":336},"by_workload":{"sonnet":164,"chat":165,"code":172},"classify_time_total_s":0.6869008194189519,"forward_time_total_s":107.16308681294322,"classify_ms_avg":1.371059519798307,"forward_ms_avg":213.89837687214217}