{
  "mix": "sonnet-heavy",
  "mix_counts": {
    "sonnet": 300,
    "chat": 100,
    "code": 100
  },
  "num_prompts": 500,
  "max_tokens": 32,
  "concurrency": 32,
  "scenarios": [
    {
      "scenario": "vanilla-only",
      "n_prompts": 500,
      "wall_s": 7.974039868917316,
      "total_out_tokens": 16000,
      "tps": 2006.5111615967398,
      "latency_p50_s": 0.4945697409566492,
      "latency_p99_s": 0.5815980641636997,
      "backend_counts": {
        "direct": 500
      },
      "concurrency": 32
    },
    {
      "scenario": "trident-only",
      "n_prompts": 500,
      "wall_s": 5.385773689951748,
      "total_out_tokens": 16000,
      "tps": 2970.789513464192,
      "latency_p50_s": 0.2777917389757931,
      "latency_p99_s": 0.8673657099716365,
      "backend_counts": {
        "direct": 500
      },
      "concurrency": 32
    },
    {
      "scenario": "agsd-gated",
      "n_prompts": 500,
      "wall_s": 3.6883641239255667,
      "total_out_tokens": 16000,
      "tps": 4337.966497453896,
      "latency_p50_s": 0.1725696548819542,
      "latency_p99_s": 0.4437074791640043,
      "backend_counts": {
        "trident": 400,
        "vanilla": 100
      },
      "concurrency": 32
    }
  ],
  "gating_stats": {
    "total": 501,
    "by_backend": {
      "vanilla": 100,
      "trident": 401
    },
    "by_workload": {
      "sonnet": 292,
      "chat": 100,
      "code": 109
    },
    "classify_time_total_s": 0.536997984861955,
    "forward_time_total_s": 107.63972196821123,
    "classify_ms_avg": 1.071852265193523,
    "forward_ms_avg": 214.8497444475274
  }
}