{"total":501,"by_backend":{"vanilla":100,"trident":401},"by_workload":{"sonnet":292,"chat":100,"code":109},"classify_time_total_s":0.536997984861955,"forward_time_total_s":107.63972196821123,"classify_ms_avg":1.071852265193523,"forward_ms_avg":214.8497444475274}