{
  "workload": "sonnet",
  "model": "Qwen/Qwen2.5-1.5B-Instruct",
  "num_prompts": 50,
  "num_speculative_tokens": 5,
  "output_tps": 5015.531595557305,
  "generate_wall_s": 4.215704675996676,
  "init_wall_s": 19.638859869912267,
  "total_in_tokens": 10642,
  "total_out_tokens": 21144
}