{
  "generated_at": "2026-03-28T16:26:32.685706+09:00",
  "gpu_only": {
    "request_throughput": 50.4815055382355,
    "output_throughput": 12339.699213766286,
    "total_token_throughput": 25208.646531595434,
    "duration": 9.904617436999615,
    "mean_ttft_ms": 3653.677777684001,
    "median_ttft_ms": 2251.9276415000604,
    "p99_ttft_ms": 6696.9218487802345,
    "mean_tpot_ms": 16.413630865744828,
    "median_tpot_ms": 17.252836252940625,
    "p99_tpot_ms": 39.9403340998787,
    "mean_itl_ms": 15.967966073849823,
    "median_itl_ms": 12.781600499920387,
    "p99_itl_ms": 50.462055310062915
  },
  "hybrid": {
    "request_throughput": 7.212029583520514,
    "output_throughput": 1768.5483185300675,
    "total_token_throughput": 3607.067748079451,
    "duration": 69.32861189899995,
    "mean_ttft_ms": 4110.0370837920145,
    "median_ttft_ms": 2294.498400500288,
    "p99_ttft_ms": 7505.092342659864,
    "mean_tpot_ms": 20.456636274525902,
    "median_tpot_ms": 20.25628635097996,
    "p99_tpot_ms": 55.59425299998067,
    "mean_itl_ms": 20.083495952215674,
    "median_itl_ms": 15.287301000171283,
    "p99_itl_ms": 61.467721599819804
  },
  "comparison": {
    "request_throughput": {
      "diff_pct": -85.71,
      "direction": "higher_better"
    },
    "output_throughput": {
      "diff_pct": -85.67,
      "direction": "higher_better"
    },
    "total_token_throughput": {
      "diff_pct": -85.69,
      "direction": "higher_better"
    },
    "duration": {
      "diff_pct": 599.96,
      "direction": "lower_better"
    },
    "mean_ttft_ms": {
      "diff_pct": 12.49,
      "direction": "lower_better"
    },
    "median_ttft_ms": {
      "diff_pct": 1.89,
      "direction": "lower_better"
    },
    "p99_ttft_ms": {
      "diff_pct": 12.07,
      "direction": "lower_better"
    },
    "mean_tpot_ms": {
      "diff_pct": 24.63,
      "direction": "lower_better"
    },
    "median_tpot_ms": {
      "diff_pct": 17.41,
      "direction": "lower_better"
    },
    "p99_tpot_ms": {
      "diff_pct": 39.19,
      "direction": "lower_better"
    },
    "mean_itl_ms": {
      "diff_pct": 25.77,
      "direction": "lower_better"
    },
    "median_itl_ms": {
      "diff_pct": 19.6,
      "direction": "lower_better"
    },
    "p99_itl_ms": {
      "diff_pct": 21.81,
      "direction": "lower_better"
    },
    "request_throughput_speedup": 0.1429,
    "output_tok_speedup": 0.1433,
    "ttft_gain_pct": -12.49
  },
  "gpu_utilization": {
    "gpu_only": {
      "gpu0_util_pct": {
        "mean": 15.88,
        "max": 90.0,
        "min": 0.0
      },
      "gpu0_mem_util_pct": {
        "mean": 6.04,
        "max": 84.0,
        "min": 0.0
      },
      "gpu0_power_w": {
        "mean": 94.15,
        "max": 333.71,
        "min": 68.4
      },
      "gpu_avg_util_pct": {
        "mean": 15.88,
        "max": 90.0,
        "min": 0.0
      },
      "gpu_avg_mem_util_pct": {
        "mean": 6.04,
        "max": 84.0,
        "min": 0.0
      },
      "gpu_avg_power_w": {
        "mean": 94.15,
        "max": 333.71,
        "min": 68.4
      },
      "sample_count": 89,
      "duration_s": 108.1
    },
    "hybrid": {
      "gpu0_util_pct": {
        "mean": 9.3,
        "max": 87.0,
        "min": 0.0
      },
      "gpu0_mem_util_pct": {
        "mean": 2.9,
        "max": 43.0,
        "min": 0.0
      },
      "gpu0_power_w": {
        "mean": 84.94,
        "max": 328.67,
        "min": 69.49
      },
      "gpu_avg_util_pct": {
        "mean": 9.3,
        "max": 87.0,
        "min": 0.0
      },
      "gpu_avg_mem_util_pct": {
        "mean": 2.9,
        "max": 43.0,
        "min": 0.0
      },
      "gpu_avg_power_w": {
        "mean": 84.94,
        "max": 328.67,
        "min": 69.49
      },
      "sample_count": 130,
      "duration_s": 151.4
    }
  },
  "cpu_utilization": {
    "gpu_only": {
      "core0_util_pct": {
        "mean": 8.31,
        "max": 66.3,
        "min": 0.0
      },
      "core1_util_pct": {
        "mean": 6.72,
        "max": 93.1,
        "min": 0.0
      },
      "core2_util_pct": {
        "mean": 11.73,
        "max": 100.0,
        "min": 0.0
      },
      "core3_util_pct": {
        "mean": 4.24,
        "max": 46.2,
        "min": 0.0
      },
      "core4_util_pct": {
        "mean": 8.19,
        "max": 100.0,
        "min": 0.0
      },
      "core5_util_pct": {
        "mean": 12.68,
        "max": 100.0,
        "min": 0.0
      },
      "core6_util_pct": {
        "mean": 4.91,
        "max": 75.7,
        "min": 0.0
      },
      "core7_util_pct": {
        "mean": 39.54,
        "max": 100.0,
        "min": 0.0
      },
      "core8_util_pct": {
        "mean": 3.24,
        "max": 52.5,
        "min": 0.0
      },
      "core9_util_pct": {
        "mean": 3.69,
        "max": 65.2,
        "min": 0.0
      },
      "core10_util_pct": {
        "mean": 2.35,
        "max": 26.9,
        "min": 0.0
      },
      "core11_util_pct": {
        "mean": 1.61,
        "max": 27.1,
        "min": 0.0
      },
      "core12_util_pct": {
        "mean": 3.01,
        "max": 49.5,
        "min": 0.0
      },
      "core13_util_pct": {
        "mean": 2.09,
        "max": 35.7,
        "min": 0.0
      },
      "core14_util_pct": {
        "mean": 8.65,
        "max": 100.0,
        "min": 0.0
      },
      "core15_util_pct": {
        "mean": 12.06,
        "max": 100.0,
        "min": 0.0
      },
      "cpu_avg_util_pct": {
        "mean": 8.31,
        "max": 22.79,
        "min": 0.24
      },
      "sample_count": 89,
      "duration_s": 108.1
    },
    "hybrid": {
      "core0_util_pct": {
        "mean": 77.37,
        "max": 100.0,
        "min": 0.0
      },
      "core1_util_pct": {
        "mean": 68.54,
        "max": 100.0,
        "min": 0.0
      },
      "core2_util_pct": {
        "mean": 68.1,
        "max": 100.0,
        "min": 0.0
      },
      "core3_util_pct": {
        "mean": 67.98,
        "max": 100.0,
        "min": 0.0
      },
      "core4_util_pct": {
        "mean": 66.77,
        "max": 100.0,
        "min": 0.0
      },
      "core5_util_pct": {
        "mean": 62.31,
        "max": 100.0,
        "min": 0.0
      },
      "core6_util_pct": {
        "mean": 65.72,
        "max": 100.0,
        "min": 0.0
      },
      "core7_util_pct": {
        "mean": 86.82,
        "max": 100.0,
        "min": 0.8
      },
      "core8_util_pct": {
        "mean": 56.53,
        "max": 100.0,
        "min": 0.0
      },
      "core9_util_pct": {
        "mean": 11.58,
        "max": 95.2,
        "min": 0.0
      },
      "core10_util_pct": {
        "mean": 23.82,
        "max": 100.0,
        "min": 0.0
      },
      "core11_util_pct": {
        "mean": 63.07,
        "max": 100.0,
        "min": 0.0
      },
      "core12_util_pct": {
        "mean": 55.25,
        "max": 100.0,
        "min": 0.0
      },
      "core13_util_pct": {
        "mean": 10.51,
        "max": 100.0,
        "min": 0.0
      },
      "core14_util_pct": {
        "mean": 61.87,
        "max": 100.0,
        "min": 0.0
      },
      "core15_util_pct": {
        "mean": 81.3,
        "max": 100.0,
        "min": 0.0
      },
      "cpu_avg_util_pct": {
        "mean": 57.97,
        "max": 94.64,
        "min": 6.61
      },
      "sample_count": 130,
      "duration_s": 151.4
    }
  }
}