{"total":501,"by_backend":{"vanilla":100,"trident":401},"by_workload":{"sonnet":48,"chat":100,"code":353},"classify_time_total_s":0.8093094148207456,"forward_time_total_s":158.66204541525804,"classify_ms_avg":1.6153880535344223,"forward_ms_avg":316.6907094116927}