{"total":501,"by_backend":{"vanilla":165,"trident":336},"by_workload":{"sonnet":164,"chat":165,"code":172},"classify_time_total_s":0.5555567054543644,"forward_time_total_s":121.58878279360943,"classify_ms_avg":1.10889561966939,"forward_ms_avg":242.6921812247693}