{
  "mix": "sonnet-heavy",
  "mix_counts": {
    "sonnet": 300,
    "chat": 100,
    "code": 100
  },
  "num_prompts": 500,
  "max_tokens": 32,
  "concurrency": 32,
  "scenarios": [
    {
      "scenario": "agsd-gated",
      "n_prompts": 500,
      "wall_s": 3.4337227211799473,
      "total_out_tokens": 16000,
      "tps": 4659.665703729811,
      "latency_p50_s": 0.1612183500546962,
      "latency_p99_s": 0.42290255101397634,
      "backend_counts": {
        "trident": 400,
        "vanilla": 100
      },
      "concurrency": 32
    }
  ],
  "gating_stats": {
    "total": 501,
    "by_backend": {
      "vanilla": 100,
      "trident": 401
    },
    "by_workload": {
      "sonnet": 292,
      "chat": 100,
      "code": 109
    },
    "classify_time_total_s": 0.6656037394423038,
    "forward_time_total_s": 98.86102665681392,
    "classify_ms_avg": 1.3285503781283508,
    "forward_ms_avg": 197.32739851659466
  },
  "agsd_only": true
}