{"total":501,"by_backend":{"vanilla":100,"trident":401},"by_workload":{"sonnet":292,"chat":100,"code":109},"classify_time_total_s":0.6656037394423038,"forward_time_total_s":98.86102665681392,"classify_ms_avg":1.3285503781283508,"forward_ms_avg":197.32739851659466}