{
  "generated_at": "2026-04-03T14:56:18.408826+09:00",
  "gpu_only": {
    "request_throughput": 46.077474750328754,
    "output_throughput": 22759.123513312636,
    "total_token_throughput": 46290.07946045816,
    "duration": 21.594065329999466,
    "mean_ttft_ms": 3906.508474873362,
    "median_ttft_ms": 3811.331851000432,
    "p99_ttft_ms": 6499.614378680399,
    "mean_tpot_ms": 34.14912283410856,
    "median_tpot_ms": 34.17540057436404,
    "p99_tpot_ms": 47.28339144998244,
    "mean_itl_ms": 33.821309912424724,
    "median_itl_ms": 29.538079000303696,
    "p99_itl_ms": 81.47413460014832
  },
  "hybrid": {
    "request_throughput": 45.983439986068745,
    "output_throughput": 22595.060831827912,
    "total_token_throughput": 46077.948664231066,
    "duration": 21.638224549999904,
    "mean_ttft_ms": 3781.7921218834103,
    "median_ttft_ms": 3683.096234000004,
    "p99_ttft_ms": 6381.632985479628,
    "mean_tpot_ms": 34.490440196429354,
    "median_tpot_ms": 34.42114507240741,
    "p99_tpot_ms": 51.88460886735621,
    "mean_itl_ms": 34.13147527891649,
    "median_itl_ms": 29.935479500181827,
    "p99_itl_ms": 81.22353409964491
  },
  "comparison": {
    "request_throughput": {
      "diff_pct": -0.2,
      "direction": "higher_better"
    },
    "output_throughput": {
      "diff_pct": -0.72,
      "direction": "higher_better"
    },
    "total_token_throughput": {
      "diff_pct": -0.46,
      "direction": "higher_better"
    },
    "duration": {
      "diff_pct": 0.2,
      "direction": "lower_better"
    },
    "mean_ttft_ms": {
      "diff_pct": -3.19,
      "direction": "lower_better"
    },
    "median_ttft_ms": {
      "diff_pct": -3.36,
      "direction": "lower_better"
    },
    "p99_ttft_ms": {
      "diff_pct": -1.82,
      "direction": "lower_better"
    },
    "mean_tpot_ms": {
      "diff_pct": 1.0,
      "direction": "lower_better"
    },
    "median_tpot_ms": {
      "diff_pct": 0.72,
      "direction": "lower_better"
    },
    "p99_tpot_ms": {
      "diff_pct": 9.73,
      "direction": "lower_better"
    },
    "mean_itl_ms": {
      "diff_pct": 0.92,
      "direction": "lower_better"
    },
    "median_itl_ms": {
      "diff_pct": 1.35,
      "direction": "lower_better"
    },
    "p99_itl_ms": {
      "diff_pct": -0.31,
      "direction": "lower_better"
    },
    "request_throughput_speedup": 0.998,
    "output_tok_speedup": 0.9928,
    "ttft_gain_pct": 3.19
  },
  "gpu_utilization": {
    "gpu_only": {
      "gpu0_util_pct": {
        "mean": 17.99,
        "max": 92.0,
        "min": 0.0
      },
      "gpu0_mem_util_pct": {
        "mean": 8.72,
        "max": 43.0,
        "min": 0.0
      },
      "gpu0_power_w": {
        "mean": 186.11,
        "max": 642.72,
        "min": 69.34
      },
      "gpu1_util_pct": {
        "mean": 16.76,
        "max": 92.0,
        "min": 0.0
      },
      "gpu1_mem_util_pct": {
        "mean": 8.14,
        "max": 43.0,
        "min": 0.0
      },
      "gpu1_power_w": {
        "mean": 190.25,
        "max": 653.9,
        "min": 69.49
      },
      "gpu2_util_pct": {
        "mean": 16.65,
        "max": 94.0,
        "min": 0.0
      },
      "gpu2_mem_util_pct": {
        "mean": 8.17,
        "max": 46.0,
        "min": 0.0
      },
      "gpu2_power_w": {
        "mean": 191.69,
        "max": 654.17,
        "min": 71.36
      },
      "gpu3_util_pct": {
        "mean": 18.21,
        "max": 92.0,
        "min": 0.0
      },
      "gpu3_mem_util_pct": {
        "mean": 8.91,
        "max": 45.0,
        "min": 0.0
      },
      "gpu3_power_w": {
        "mean": 194.35,
        "max": 673.0,
        "min": 71.46
      },
      "gpu_avg_util_pct": {
        "mean": 17.4,
        "max": 90.25,
        "min": 0.0
      },
      "gpu_avg_mem_util_pct": {
        "mean": 8.48,
        "max": 43.0,
        "min": 0.0
      },
      "gpu_avg_power_w": {
        "mean": 762.4,
        "max": 2607.32,
        "min": 281.73
      },
      "sample_count": 78,
      "duration_s": 81.8
    },
    "hybrid": {
      "gpu0_util_pct": {
        "mean": 12.05,
        "max": 100.0,
        "min": 0.0
      },
      "gpu0_mem_util_pct": {
        "mean": 5.65,
        "max": 44.0,
        "min": 0.0
      },
      "gpu0_power_w": {
        "mean": 159.62,
        "max": 650.9,
        "min": 69.88
      },
      "gpu1_util_pct": {
        "mean": 11.09,
        "max": 100.0,
        "min": 0.0
      },
      "gpu1_mem_util_pct": {
        "mean": 5.08,
        "max": 42.0,
        "min": 0.0
      },
      "gpu1_power_w": {
        "mean": 163.91,
        "max": 653.72,
        "min": 69.96
      },
      "gpu2_util_pct": {
        "mean": 10.84,
        "max": 92.0,
        "min": 0.0
      },
      "gpu2_mem_util_pct": {
        "mean": 5.44,
        "max": 45.0,
        "min": 0.0
      },
      "gpu2_power_w": {
        "mean": 165.88,
        "max": 651.24,
        "min": 72.08
      },
      "gpu3_util_pct": {
        "mean": 11.59,
        "max": 89.0,
        "min": 0.0
      },
      "gpu3_mem_util_pct": {
        "mean": 5.69,
        "max": 43.0,
        "min": 0.0
      },
      "gpu3_power_w": {
        "mean": 167.69,
        "max": 667.92,
        "min": 72.04
      },
      "gpu_avg_util_pct": {
        "mean": 11.39,
        "max": 89.25,
        "min": 0.0
      },
      "gpu_avg_mem_util_pct": {
        "mean": 5.46,
        "max": 42.25,
        "min": 0.0
      },
      "gpu_avg_power_w": {
        "mean": 657.09,
        "max": 2623.78,
        "min": 283.97
      },
      "sample_count": 124,
      "duration_s": 131.4
    }
  },
  "cpu_utilization": {
    "gpu_only": {
      "core0_util_pct": {
        "mean": 4.43,
        "max": 50.0,
        "min": 0.0
      },
      "core1_util_pct": {
        "mean": 40.7,
        "max": 53.35,
        "min": 0.0
      },
      "core2_util_pct": {
        "mean": 12.79,
        "max": 50.45,
        "min": 0.0
      },
      "core3_util_pct": {
        "mean": 8.76,
        "max": 50.0,
        "min": 0.0
      },
      "core4_util_pct": {
        "mean": 1.1,
        "max": 18.95,
        "min": 0.0
      },
      "core5_util_pct": {
        "mean": 11.08,
        "max": 50.0,
        "min": 0.0
      },
      "core6_util_pct": {
        "mean": 1.44,
        "max": 18.4,
        "min": 0.0
      },
      "core7_util_pct": {
        "mean": 1.2,
        "max": 18.75,
        "min": 0.0
      },
      "core8_util_pct": {
        "mean": 0.98,
        "max": 18.1,
        "min": 0.0
      },
      "core9_util_pct": {
        "mean": 0.92,
        "max": 13.1,
        "min": 0.0
      },
      "core10_util_pct": {
        "mean": 2.15,
        "max": 12.3,
        "min": 0.0
      },
      "core11_util_pct": {
        "mean": 0.89,
        "max": 13.1,
        "min": 0.0
      },
      "core12_util_pct": {
        "mean": 1.56,
        "max": 34.4,
        "min": 0.0
      },
      "core13_util_pct": {
        "mean": 0.84,
        "max": 12.35,
        "min": 0.0
      },
      "core14_util_pct": {
        "mean": 0.83,
        "max": 12.3,
        "min": 0.0
      },
      "core15_util_pct": {
        "mean": 0.81,
        "max": 12.3,
        "min": 0.0
      },
      "core16_util_pct": {
        "mean": 0.83,
        "max": 12.7,
        "min": 0.0
      },
      "core17_util_pct": {
        "mean": 0.99,
        "max": 12.8,
        "min": 0.0
      },
      "core18_util_pct": {
        "mean": 0.87,
        "max": 13.15,
        "min": 0.0
      },
      "core19_util_pct": {
        "mean": 0.88,
        "max": 12.7,
        "min": 0.0
      },
      "core20_util_pct": {
        "mean": 0.85,
        "max": 12.75,
        "min": 0.0
      },
      "core21_util_pct": {
        "mean": 0.78,
        "max": 12.3,
        "min": 0.0
      },
      "core22_util_pct": {
        "mean": 36.63,
        "max": 50.4,
        "min": 0.0
      },
      "core23_util_pct": {
        "mean": 0.93,
        "max": 12.65,