{"total":501,"by_backend":{"vanilla":165,"trident":336},"by_workload":{"sonnet":164,"chat":165,"code":172},"classify_time_total_s":0.6862152183894068,"forward_time_total_s":114.33671575807966,"classify_ms_avg":1.3696910546694745,"forward_ms_avg":228.2169975211171}