{"total":501,"by_backend":{"vanilla":100,"trident":401},"by_workload":{"sonnet":48,"chat":100,"code":353},"classify_time_total_s":0.6617603760678321,"forward_time_total_s":99.24546360899694,"classify_ms_avg":1.3208789941473693,"forward_ms_avg":198.09473774250887}