{
  "mix": "balanced",
  "mix_counts": {
    "sonnet": 170,
    "chat": 165,
    "code": 165
  },
  "num_prompts": 500,
  "max_tokens": 256,
  "concurrency": 32,
  "scenarios": [
    {
      "scenario": "vanilla-only",
      "n_prompts": 500,
      "wall_s": 54.3515195150394,
      "total_out_tokens": 124433,
      "tps": 2289.4116137004894,
      "latency_p50_s": 3.4097466110251844,
      "latency_p99_s": 3.503649424063042,
      "backend_counts": {
        "direct": 500
      },
      "concurrency": 32
    },
    {
      "scenario": "trident-only",
      "n_prompts": 500,
      "wall_s": 16.372505695791915,
      "total_out_tokens": 124102,
      "tps": 7579.902692102704,
      "latency_p50_s": 0.7668228619731963,
      "latency_p99_s": 3.3534710451494902,
      "backend_counts": {
        "direct": 500
      },
      "concurrency": 32
    },
    {
      "scenario": "agsd-gated",
      "n_prompts": 500,
      "wall_s": 23.487555039813742,
      "total_out_tokens": 124944,
      "tps": 5319.5830638058105,
      "latency_p50_s": 0.7063770219683647,
      "latency_p99_s": 3.623797834152356,
      "backend_counts": {
        "trident": 335,
        "vanilla": 165
      },
      "concurrency": 32
    }
  ],
  "gating_stats": {
    "total": 501,
    "by_backend": {
      "vanilla": 165,
      "trident": 336
    },
    "by_workload": {
      "sonnet": 164,
      "chat": 165,
      "code": 172
    },
    "classify_time_total_s": 0.44549484038725495,
    "forward_time_total_s": 699.5324058283586,
    "classify_ms_avg": 0.8892112582579939,
    "forward_ms_avg": 1396.2722671224724
  }
}