{
  "mix": "sonnet-heavy",
  "mix_counts": {
    "sonnet": 300,
    "chat": 100,
    "code": 100
  },
  "num_prompts": 500,
  "max_tokens": 32,
  "concurrency": 32,
  "scenarios": [
    {
      "scenario": "vanilla-only",
      "n_prompts": 500,
      "wall_s": 8.098469751887023,
      "total_out_tokens": 16000,
      "tps": 1975.681886849283,
      "latency_p50_s": 0.5081459518987685,
      "latency_p99_s": 0.5921809282153845,
      "backend_counts": {
        "direct": 500
      },
      "concurrency": 32
    },
    {
      "scenario": "trident-only",
      "n_prompts": 500,
      "wall_s": 4.795287152053788,
      "total_out_tokens": 16000,
      "tps": 3336.609360952933,
      "latency_p50_s": 0.23820016882382333,
      "latency_p99_s": 0.802292468957603,
      "backend_counts": {
        "direct": 500
      },
      "concurrency": 32
    },
    {
      "scenario": "agsd-gated",
      "n_prompts": 500,
      "wall_s": 3.6884710940066725,
      "total_out_tokens": 16000,
      "tps": 4337.8406912278915,
      "latency_p50_s": 0.16904249507933855,
      "latency_p99_s": 0.4355942520778626,
      "backend_counts": {
        "trident": 400,
        "vanilla": 100
      },
      "concurrency": 32
    }
  ],
  "gating_stats": {
    "total": 501,
    "by_backend": {
      "vanilla": 100,
      "trident": 401
    },
    "by_workload": {
      "sonnet": 292,
      "chat": 100,
      "code": 109
    },
    "classify_time_total_s": 0.5392217037733644,
    "forward_time_total_s": 106.84140509739518,
    "classify_ms_avg": 1.0762908258949389,
    "forward_ms_avg": 213.2562975995912
  }
}