{"total":501,"by_backend":{"vanilla":100,"trident":401},"by_workload":{"sonnet":292,"chat":100,"code":109},"classify_time_total_s":0.5392217037733644,"forward_time_total_s":106.84140509739518,"classify_ms_avg":1.0762908258949389,"forward_ms_avg":213.2562975995912}