{
  "output_tps": 10983.773223870758,
  "prompt_tps": 2394.7759771544797,
  "generate_wall_s": 365.918151994003,
  "total_in_tokens": 876292,
  "total_out_tokens": 4019162,
  "num_prompts_done": 500,
  "init_wall_s": 88.2623798600398,
  "spec_decode": {
    "method": "ngram",
    "num_speculative_tokens": 7,
    "prompt_lookup_max": 5,
    "prompt_lookup_min": 2
  }
}