{
  "mix": "code-heavy",
  "mix_counts": {
    "sonnet": 50,
    "chat": 100,
    "code": 350
  },
  "num_prompts": 500,
  "max_tokens": 32,
  "concurrency": 32,
  "scenarios": [
    {
      "scenario": "vanilla-only",
      "n_prompts": 500,
      "wall_s": 8.540887980954722,
      "total_out_tokens": 16000,
      "tps": 1873.3415115241307,
      "latency_p50_s": 0.5285891338717192,
      "latency_p99_s": 0.6110628189053386,
      "backend_counts": {
        "direct": 500
      },
      "concurrency": 32
    },
    {
      "scenario": "trident-only",
      "n_prompts": 500,
      "wall_s": 5.446351176826283,
      "total_out_tokens": 16000,
      "tps": 2937.746663872596,
      "latency_p50_s": 0.3276791041716933,
      "latency_p99_s": 0.6457752380520105,
      "backend_counts": {
        "direct": 500
      },
      "concurrency": 32
    },
    {
      "scenario": "agsd-gated",
      "n_prompts": 500,
      "wall_s": 3.4702315439935774,
      "total_out_tokens": 16000,
      "tps": 4610.643352514467,
      "latency_p50_s": 0.16459968499839306,
      "latency_p99_s": 0.4010841951239854,
      "backend_counts": {
        "trident": 400,
        "vanilla": 100
      },
      "concurrency": 32
    }
  ],
  "gating_stats": {
    "total": 501,
    "by_backend": {
      "vanilla": 100,
      "trident": 401
    },
    "by_workload": {
      "sonnet": 48,
      "chat": 100,
      "code": 353
    },
    "classify_time_total_s": 0.6745690719690174,
    "forward_time_total_s": 100.86692035594024,
    "classify_ms_avg": 1.3464452534311724,
    "forward_ms_avg": 201.33117835517015
  }
}