{"total":501,"by_backend":{"vanilla":100,"trident":401},"by_workload":{"sonnet":48,"chat":100,"code":353},"classify_time_total_s":0.6745690719690174,"forward_time_total_s":100.86692035594024,"classify_ms_avg":1.3464452534311724,"forward_ms_avg":201.33117835517015}