{
  "mix": "code-heavy",
  "mix_counts": {
    "sonnet": 50,
    "chat": 100,
    "code": 350
  },
  "num_prompts": 500,
  "max_tokens": 32,
  "concurrency": 32,
  "scenarios": [
    {
      "scenario": "vanilla-only",
      "n_prompts": 500,
      "wall_s": 8.587391406064853,
      "total_out_tokens": 16000,
      "tps": 1863.1967780925866,
      "latency_p50_s": 0.5296320370398462,
      "latency_p99_s": 0.6290034549310803,
      "backend_counts": {
        "direct": 500
      },
      "concurrency": 32
    },
    {
      "scenario": "trident-only",
      "n_prompts": 500,
      "wall_s": 5.309782705968246,
      "total_out_tokens": 16000,
      "tps": 3013.3059836922985,
      "latency_p50_s": 0.30975049501284957,
      "latency_p99_s": 0.6687574340030551,
      "backend_counts": {
        "direct": 500
      },
      "concurrency": 32
    },
    {
      "scenario": "agsd-gated",
      "n_prompts": 500,
      "wall_s": 3.5226038401015103,
      "total_out_tokens": 16000,
      "tps": 4542.094634047447,
      "latency_p50_s": 0.16375601710751653,
      "latency_p99_s": 0.4000317750032991,
      "backend_counts": {
        "trident": 400,
        "vanilla": 100
      },
      "concurrency": 32
    }
  ],
  "gating_stats": {
    "total": 501,
    "by_backend": {
      "vanilla": 100,
      "trident": 401
    },
    "by_workload": {
      "sonnet": 48,
      "chat": 100,
      "code": 353
    },
    "classify_time_total_s": 0.5388708165846765,
    "forward_time_total_s": 101.95028803893365,
    "classify_ms_avg": 1.0755904522648234,
    "forward_ms_avg": 203.49358890006715
  }
}