{"total":501,"by_backend":{"vanilla":100,"trident":401},"by_workload":{"sonnet":48,"chat":100,"code":353},"classify_time_total_s":0.5388708165846765,"forward_time_total_s":101.95028803893365,"classify_ms_avg":1.0755904522648234,"forward_ms_avg":203.49358890006715}