{
  "workload": "sonnet",
  "num_prompts": 200,
  "num_speculative_tokens": 0,
  "output_tps": 8802.055342552147,
  "generate_wall_s": 23.0744970459491,
  "init_wall_s": 151.62525173882023,
  "total_in_tokens": 85925,
  "total_out_tokens": 203103
}