{
  "model": "meta-llama/Llama-3.3-70B-Instruct",
  "tensor_parallel_size": 8,
  "max_model_len": 16384,
  "max_num_seqs": 64,
  "num_prompts": 100,
  "target_input_len": 8192,
  "max_tokens": 4096,
  "enable_neo_asymmetric": false,
  "init_s": 53.579625740181655,
  "generate_wall_s": 745.1020023501478,
  "total_input_tokens": 541810,
  "total_output_tokens": 409600,
  "prompt_tps": 727.1621848969153,
  "output_tps": 549.7233918417462,
  "req_per_s": 0.13420981246136382,
  "log_metrics": {
    "preempt_count": null,
    "kv_cache_size_tokens": 236992,
    "max_concurrency": 14.46
  }
}