{
  "generated_at": "2026-04-02T21:24:47.324823+09:00",
  "gpu_only": {
    "request_throughput": 9.197201558005178,
    "output_throughput": 4505.525099235577,
    "total_token_throughput": 9199.206547944823,
    "duration": 54.36436255599983,
    "mean_ttft_ms": 18667.808772446002,
    "median_ttft_ms": 11307.929423000132,
    "p99_ttft_ms": 38672.687667579834,
    "mean_tpot_ms": 48.32791612614339,
    "median_tpot_ms": 51.61047630430485,
    "p99_tpot_ms": 73.80641055791419,
    "mean_itl_ms": 47.363364273347244,
    "median_itl_ms": 31.54308800048966,
    "p99_itl_ms": 195.04736386997138
  },
  "hybrid": {
    "request_throughput": 1.7228919025726068,
    "output_throughput": 844.2928395042906,
    "total_token_throughput": 1723.5500472793894,
    "duration": 290.20973356099967,
    "mean_ttft_ms": 19624.196930168,
    "median_ttft_ms": 11573.177730499992,
    "p99_ttft_ms": 40384.162042279844,
    "mean_tpot_ms": 52.422062608982586,
    "median_tpot_ms": 54.006748156555595,
    "p99_tpot_ms": 133.8534200136436,
    "mean_itl_ms": 51.29485765072934,
    "median_itl_ms": 34.393242999612994,
    "p99_itl_ms": 209.06111040021625
  },
  "comparison": {
    "request_throughput": {
      "diff_pct": -81.27,
      "direction": "higher_better"
    },
    "output_throughput": {
      "diff_pct": -81.26,
      "direction": "higher_better"
    },
    "total_token_throughput": {
      "diff_pct": -81.26,
      "direction": "higher_better"
    },
    "duration": {
      "diff_pct": 433.82,
      "direction": "lower_better"
    },
    "mean_ttft_ms": {
      "diff_pct": 5.12,
      "direction": "lower_better"
    },
    "median_ttft_ms": {
      "diff_pct": 2.35,
      "direction": "lower_better"
    },
    "p99_ttft_ms": {
      "diff_pct": 4.43,
      "direction": "lower_better"
    },
    "mean_tpot_ms": {
      "diff_pct": 8.47,
      "direction": "lower_better"
    },
    "median_tpot_ms": {
      "diff_pct": 4.64,
      "direction": "lower_better"
    },
    "p99_tpot_ms": {
      "diff_pct": 81.36,
      "direction": "lower_better"
    },
    "mean_itl_ms": {
      "diff_pct": 8.3,
      "direction": "lower_better"
    },
    "median_itl_ms": {
      "diff_pct": 9.04,
      "direction": "lower_better"
    },
    "p99_itl_ms": {
      "diff_pct": 7.18,
      "direction": "lower_better"
    },
    "request_throughput_speedup": 0.1873,
    "output_tok_speedup": 0.1874,
    "ttft_gain_pct": -5.12
  },
  "gpu_utilization": {
    "gpu_only": {
      "gpu0_util_pct": {
        "mean": 44.15,
        "max": 99.0,
        "min": 0.0
      },
      "gpu0_mem_util_pct": {
        "mean": 24.36,
        "max": 86.0,
        "min": 0.0
      },
      "gpu0_power_w": {
        "mean": 164.25,
        "max": 341.57,
        "min": 64.82
      },
      "gpu_avg_util_pct": {
        "mean": 44.15,
        "max": 99.0,
        "min": 0.0
      },
      "gpu_avg_mem_util_pct": {
        "mean": 24.36,
        "max": 86.0,
        "min": 0.0
      },
      "gpu_avg_power_w": {
        "mean": 164.25,
        "max": 341.57,
        "min": 64.82
      },
      "sample_count": 137,
      "duration_s": 157.6
    },
    "hybrid": {
      "gpu0_util_pct": {
        "mean": 15.53,
        "max": 98.0,
        "min": 0.0
      },
      "gpu0_mem_util_pct": {
        "mean": 8.24,
        "max": 80.0,
        "min": 0.0
      },
      "gpu0_power_w": {
        "mean": 105.49,
        "max": 344.67,
        "min": 64.59
      },
      "gpu_avg_util_pct": {
        "mean": 15.53,
        "max": 98.0,
        "min": 0.0
      },
      "gpu_avg_mem_util_pct": {
        "mean": 8.24,
        "max": 80.0,
        "min": 0.0
      },
      "gpu_avg_power_w": {
        "mean": 105.49,
        "max": 344.67,
        "min": 64.59
      },
      "sample_count": 374,
      "duration_s": 408.3
    }
  },
  "cpu_utilization": {
    "gpu_only": {
      "core0_util_pct": {
        "mean": 1.99,
        "max": 23.8,
        "min": 0.0
      },
      "core1_util_pct": {
        "mean": 3.65,
        "max": 100.0,
        "min": 0.0
      },
      "core2_util_pct": {
        "mean": 3.17,
        "max": 78.7,
        "min": 0.0
      },
      "core3_util_pct": {
        "mean": 1.8,
        "max": 84.9,
        "min": 0.0
      },
      "core4_util_pct": {
        "mean": 6.71,
        "max": 41.6,
        "min": 0.0
      },
      "core5_util_pct": {
        "mean": 37.16,
        "max": 100.0,
        "min": 0.0
      },
      "core6_util_pct": {
        "mean": 0.76,
        "max": 28.0,
        "min": 0.0
      },
      "core7_util_pct": {
        "mean": 1.05,
        "max": 30.6,
        "min": 0.0
      },
      "core8_util_pct": {
        "mean": 18.08,
        "max": 100.0,
        "min": 0.0
      },
      "core9_util_pct": {
        "mean": 25.7,
        "max": 100.0,
        "min": 0.0
      },
      "core10_util_pct": {
        "mean": 5.73,
        "max": 97.1,
        "min": 0.0
      },
      "core11_util_pct": {
        "mean": 3.65,
        "max": 64.6,
        "min": 0.0
      },
      "core12_util_pct": {
        "mean": 2.39,
        "max": 63.5,
        "min": 0.0
      },
      "core13_util_pct": {
        "mean": 2.37,
        "max": 46.1,
        "min": 0.0
      },
      "core14_util_pct": {
        "mean": 1.04,
        "max": 25.5,
        "min": 0.0
      },
      "core15_util_pct": {
        "mean": 24.08,
        "max": 100.0,
        "min": 0.0
      },
      "cpu_avg_util_pct": {
        "mean": 8.71,
        "max": 31.74,
        "min": 2.11
      },
      "sample_count": 137,
      "duration_s": 157.6
    },
    "hybrid": {
      "core0_util_pct": {
        "mean": 82.31,
        "max": 100.0,
        "min": 0.0
      },
      "core1_util_pct": {
        "mean": 85.18,
        "max": 100.0,
        "min": 0.0
      },
      "core2_util_pct": {
        "mean": 82.34,
        "max": 100.0,
        "min": 0.0
      },
      "core3_util_pct": {
        "mean": 74.59,
        "max": 100.0,
        "min": 0.0
      },
      "core4_util_pct": {
        "mean": 27.8,
        "max": 100.0,
        "min": 0.0
      },
      "core5_util_pct": {
        "mean": 36.31,
        "max": 100.0,
        "min": 0.0
      },
      "core6_util_pct": {
        "mean": 79.52,
        "max": 100.0,
        "min": 0.0
      },
      "core7_util_pct": {
        "mean": 71.1,
        "max": 100.0,
        "min": 0.0
      },
      "core8_util_pct": {
        "mean": 69.85,
        "max": 100.0,
        "min": 0.0
      },
      "core9_util_pct": {
        "mean": 22.6,
        "max": 100.0,
        "min": 0.0
      },
      "core10_util_pct": {
        "mean": 85.65,
        "max": 100.0,
        "min": 0.0
      },
      "core11_util_pct": {
        "mean": 85.87,
        "max": 100.0,
        "min": 0.0
      },
      "core12_util_pct": {
        "mean": 84.84,
        "max": 100.0,
        "min": 0.0
      },
      "core13_util_pct": {
        "mean": 83.49,
        "max": 100.0,
        "min": 0.0
      },
      "core14_util_pct": {
        "mean": 85.99,
        "max": 100.0,
        "min": 0.0
      },
      "core15_util_pct": {
        "mean": 86.87,
        "max": 100.0,
        "min": 0.0
      },
      "cpu_avg_util_pct": {
        "mean": 71.52,
        "max": 91.11,
        "min": 6.61
      },
      "sample_count": 374,
      "duration_s": 408.3
    }
  }
}