{
  "mix": "sonnet-heavy",
  "mix_counts": {
    "sonnet": 300,
    "chat": 100,
    "code": 100
  },
  "num_prompts": 500,
  "max_tokens": 32,
  "concurrency": 32,
  "scenarios": [
    {
      "scenario": "agsd-gated",
      "n_prompts": 500,
      "wall_s": 3.919613578123972,
      "total_out_tokens": 16000,
      "tps": 4082.0350478676555,
      "latency_p50_s": 0.1658276990056038,
      "latency_p99_s": 0.5159272172022611,
      "backend_counts": {
        "trident": 400,
        "vanilla": 100
      },
      "concurrency": 32
    }
  ],
  "gating_stats": {
    "total": 501,
    "by_backend": {
      "vanilla": 100,
      "trident": 401
    },
    "by_workload": {
      "sonnet": 292,
      "chat": 100,
      "code": 109
    },
    "classify_time_total_s": 0.6163840438239276,
    "forward_time_total_s": 112.65000367141329,
    "classify_ms_avg": 1.2303074727024506,
    "forward_ms_avg": 224.85030672936784
  },
  "agsd_only": true
}