{"total":501,"by_backend":{"vanilla":100,"trident":401},"by_workload":{"sonnet":292,"chat":100,"code":109},"classify_time_total_s":0.6163840438239276,"forward_time_total_s":112.65000367141329,"classify_ms_avg":1.2303074727024506,"forward_ms_avg":224.85030672936784}