{
  "model": "meta-llama/Llama-3.3-70B-Instruct",
  "tensor_parallel_size": 8,
  "max_model_len": 16384,
  "max_num_seqs": 256,
  "num_prompts": 1000,
  "target_input_len": 8192,
  "max_tokens": 8192,
  "enable_neo_asymmetric": true,
  "init_s": 54.208710631821305,
  "generate_wall_s": 4152.078598706052,
  "total_input_tokens": 5418079,
  "total_output_tokens": 7006983,
  "prompt_tps": 1304.907619448361,
  "output_tps": 1687.5843829602954,
  "req_per_s": 0.24084322496005703,
  "log_metrics": {
    "preempt_count": null,
    "kv_cache_size_tokens": 1274800,
    "max_concurrency": 77.81
  }
}