{"total":501,"by_backend":{"vanilla":165,"trident":336},"by_workload":{"sonnet":164,"chat":165,"code":172},"classify_time_total_s":0.6432688841596246,"forward_time_total_s":122.18713998189196,"classify_ms_avg":1.2839698286619254,"forward_ms_avg":243.88650694988414}