{
  "workload": "code",
  "model": "Qwen/Qwen2.5-0.5B-Instruct",
  "num_prompts": 50,
  "num_speculative_tokens": 32,
  "output_tps": 5376.198814660349,
  "generate_wall_s": 4.761728664161637,
  "init_wall_s": 16.112938598031178,
  "total_in_tokens": 16082,
  "total_out_tokens": 25600
}