{
  "model": "meta-llama/Llama-3.3-70B-Instruct",
  "tensor_parallel_size": 8,
  "max_model_len": 8192,
  "max_num_seqs": 256,
  "num_prompts": 200,
  "target_input_len": 4096,
  "max_tokens": 2048,
  "enable_neo_asymmetric": true,
  "init_s": 54.715520427096635,
  "generate_wall_s": 637.0901961852796,
  "total_input_tokens": 855523,
  "total_output_tokens": 402433,
  "prompt_tps": 1342.860092844994,
  "output_tps": 631.673509354967,
  "req_per_s": 0.31392729192435365,
  "log_metrics": {
    "preempt_count": null,
    "kv_cache_size_tokens": 1274800,
    "max_concurrency": 155.62
  }
}