campaign_id,population,block,variant_id,boot_id,session_id,order_index,binary_sha256,a1,a2,hotmap,budget,client,workload_id,mode,sent,completed,failed,input_tokens,output_tokens,duration_s,output_tps,ttft_p50_ms,ttft_p95_ms,ttft_p99_ms,tpot_p50_ms,tpot_p95_ms,tpot_p99_ms,itl_p95_ms,e2el_p95_ms,execution_valid,invalid_reason,t_start,raw_metrics_path
IDE_076_20260917,post_fix,,A12B,A12B_CONFIRM_131501,M1_MAIN_OFF,0,a4add14d4708940d,1,1,/models/kt/ide076/placements/HB_MIX1/hotmap.json,/models/kt/ide076/placements/HB_MIX1/layer_budget.json,vllm,M073_QWEN_MAIN_SHORT,OFF,256,256,0,131786,32768,46.45805628504604,705.3243854833288,2335.1494520320557,3192.1729585446883,11259.893766982708,66.81483439728984,77.44502616559492,82.43456014796843,73.80049448111092,11335.478931752732,False,server_died_in_boot,2026-09-18T13:17:56.137902+09:00,eval/results/IDE_076_20260917/qwen/OPT4/A12B_CONFIRM_131501/M1_MAIN_OFF
IDE_076_20260917,post_fix,,A12B,A12B_CONFIRM_131501,M2_MAIN_OFF,1,a4add14d4708940d,1,1,/models/kt/ide076/placements/HB_MIX1/hotmap.json,/models/kt/ide076/placements/HB_MIX1/layer_budget.json,vllm,M073_QWEN_MAIN_SHORT,OFF,256,127,129,65372,16256,313.6607594349189,51.82669336542539,2251.891021966003,3200.8332843892276,3205.198028839659,65.16694940083961,75.99070630270958,76.05555256570167,74.56929902546102,11194.40638194792,False,server_died_in_boot,2026-09-18T13:19:02.519453+09:00,eval/results/IDE_076_20260917/qwen/OPT4/A12B_CONFIRM_131501/M2_MAIN_OFF
IDE_076_20260917,post_fix,,A12B,A12B_CONFIRM_135200,M1_MAIN_OFF,0,a4add14d4708940d,1,1,/models/kt/ide076/placements/HB_MIX1/hotmap.json,/models/kt/ide076/placements/HB_MIX1/layer_budget.json,vllm,M073_QWEN_MAIN_SHORT,OFF,256,63,193,32409,8064,291.0161354729207,27.70980374299679,2228.807399980724,3249.113447673153,3250.1945454790257,69.84069399209326,75.60769203751474,77.81644666396947,72.08663097117096,11107.6377891819,False,server_died_in_boot,2026-09-18T13:54:55.682864+09:00,eval/results/IDE_076_20260917/qwen/OPT4/A12B_CONFIRM_135200/M1_MAIN_OFF
IDE_076_20260917,post_fix,,A12B,A12B_CONFIRM_142846,M1_MAIN_OFF,0,a4add14d4708940d,1,1,/models/kt/ide076/placements/HB_MIX1/hotmap.json,/models/kt/ide076/placements/HB_MIX1/layer_budget.json,vllm,M073_QWEN_MAIN_SHORT,OFF,256,189,67,97303,24192,325.3124712469289,74.36542444029767,2430.932585033588,3226.3610234251246,4235.728276632764,67.51643833850957,77.2624571369521,82.03502279225971,71.91539489431307,11252.299781981856,False,server_died_in_boot,2026-09-18T14:31:35.261179+09:00,eval/results/IDE_076_20260917/qwen/OPT4/A12B_CONFIRM_142846/M1_MAIN_OFF
IDE_076_20260917,post_fix,p1,A12,A12_MAIN3_C1_LONG_073716,C1_OFF,0,a4add14d4708940d,1,1,/models/kt/ide070/hotmap_v2.json,/models/kt/ide070/layer_budget_5952.json,vllm,M073_QWEN_LOW_CONCURRENCY,OFF,16,16,0,8234,2048,32.369049881002866,63.27031554923565,239.27076504332945,311.53513299068436,321.88802015734836,13.913556255535847,13.94649185047771,13.954370558962196,14.238598564406857,2079.3640064657666,True,,2026-09-18T07:43:01.888674+09:00,eval/results/IDE_076_20260917/qwen/OPT4/A12_MAIN3_C1_LONG_073716/C1_OFF
IDE_076_20260917,post_fix,p1,A12,A12_MAIN3_C1_LONG_073716,LONG_OFF,1,a4add14d4708940d,1,1,/models/kt/ide070/hotmap_v2.json,/models/kt/ide070/layer_budget_5952.json,vllm,M073_QWEN_LONGER_PREFILL,OFF,32,32,0,131147,4096,24.449246431002393,167.53072580618053,2332.981855957769,3118.407171376748,3120.7656844204757,29.805770338655957,41.55703120810845,41.66521109405018,25.22656446089968,6123.990109044826,True,,2026-09-18T07:43:53.784311+09:00,eval/results/IDE_076_20260917/qwen/OPT4/A12_MAIN3_C1_LONG_073716/LONG_OFF
IDE_076_20260917,post_fix,p1,A12,A12_MAIN3_C1_LONG_073716,M1_MAIN_OFF,2,a4add14d4708940d,1,1,/models/kt/ide070/hotmap_v2.json,/models/kt/ide070/layer_budget_5952.json,vllm,M073_QWEN_MAIN_SHORT,OFF,256,256,0,131786,32768,39.99541664600838,819.2938778466334,2269.457958987914,3101.6747445391957,6130.5204038973125,53.3395554406539,64.43748072222402,67.63225195060419,59.17595216888002,9495.376398263033,True,,2026-09-18T07:40:01.210152+09:00,eval/results/IDE_076_20260917/qwen/OPT4/A12_MAIN3_C1_LONG_073716/M1_MAIN_OFF
IDE_076_20260917,post_fix,p1,A12,A12_MAIN3_C1_LONG_073716,M2_MAIN_OFF,3,a4add14d4708940d,1,1,/models/kt/ide070/hotmap_v2.json,/models/kt/ide070/layer_budget_5952.json,vllm,M073_QWEN_MAIN_SHORT,OFF,256,256,0,131786,32768,40.178075214033015,815.5691835768953,2123.3913085306995,3066.1661722697318,6048.247652349452,54.00435658635601,65.91801751908244,70.05646114341185,60.95143128186464,9816.07238954166,True,,2026-09-18T07:41:01.410166+09:00,eval/results/IDE_076_20260917/qwen/OPT4/A12_MAIN3_C1_LONG_073716/M2_MAIN_OFF
IDE_076_20260917,post_fix,p1,A12,A12_MAIN3_C1_LONG_073716,M3_MAIN_OFF,4,a4add14d4708940d,1,1,/models/kt/ide070/hotmap_v2.json,/models/kt/ide070/layer_budget_5952.json,vllm,M073_QWEN_MAIN_SHORT,OFF,256,256,0,131786,32768,39.81919856299646,822.9196262742198,2142.671840498224,3018.1537024327554,6019.001155439689,53.301154787094866,63.61083255088008,69.04360592708095,58.78985311137512,9512.292119266931,True,,2026-09-18T07:42:02.054167+09:00,eval/results/IDE_076_20260917/qwen/OPT4/A12_MAIN3_C1_LONG_073716/M3_MAIN_OFF
IDE_076_20260917,post_fix,p2,A12,A12_MAIN3_C1_LONG_080805,M1_MAIN_OFF,0,a4add14d4708940d,1,1,/models/kt/ide070/hotmap_v2.json,/models/kt/ide070/layer_budget_5952.json,vllm,M073_QWEN_MAIN_SHORT,OFF,256,63,193,32409,8064,300.62829960207455,26.82382201101454,2125.576474936679,3119.0929351374507,3119.5472526806407,64.02640319686002,69.48218955337548,71.69154316152074,68.17726592998952,10271.520349569619,False,server_died_in_boot,2026-09-18T08:10:49.092467+09:00,eval/results/IDE_076_20260917/qwen/OPT4/A12_MAIN3_C1_LONG_080805/M1_MAIN_OFF
IDE_076_20260917,post_fix,p3,A12,A12_MAIN3_C1_LONG_100442,C1_OFF,0,a4add14d4708940d,1,1,/models/kt/ide070/hotmap_v2.json,/models/kt/ide070/layer_budget_5952.json,vllm,M073_QWEN_LOW_CONCURRENCY,OFF,16,16,0,8234,2048,32.48003648791928,63.05411635734274,250.51393755711615,280.78025177819654,300.25672878837213,13.91605342148004,14.125489218684837,14.574671626791329,14.219287637388334,2080.5698373005725,True,,2026-09-18T10:10:32.213064+09:00,eval/results/IDE_076_20260917/qwen/OPT4/A12_MAIN3_C1_LONG_100442/C1_OFF
IDE_076_20260917,post_fix,p3,A12,A12_MAIN3_C1_LONG_100442,LONG_OFF,1,a4add14d4708940d,1,1,/models/kt/ide070/hotmap_v2.json,/models/kt/ide070/layer_budget_5952.json,vllm,M073_QWEN_LONGER_PREFILL,OFF,32,32,0,131147,4096,24.38918946601916,167.94326050510423,2317.832107481081,3099.3421336635947,3102.7479922038037,29.762520834319588,41.56510430474318,41.67185989487183,25.175897008739412,6116.160041192779,True,,2026-09-18T10:11:24.154780+09:00,eval/results/IDE_076_20260917/qwen/OPT4/A12_MAIN3_C1_LONG_100442/LONG_OFF
IDE_076_20260917,post_fix,p3,A12,A12_MAIN3_C1_LONG_100442,M1_MAIN_OFF,2,a4add14d4708940d,1,1,/models/kt/ide070/hotmap_v2.json,/models/kt/ide070/layer_budget_5952.json,vllm,M073_QWEN_MAIN_SHORT,OFF,256,256,0,131786,32768,42.421641489025205,772.4359277440343,2215.5485585099086,3190.849695703946,10321.738283173172,60.0872252559964,69.37682715347258,73.40791180673033,65.18995967926458,10296.437744429568,True,,2026-09-18T10:07:27.028026+09:00,eval/results/IDE_076_20260917/qwen/OPT4/A12_MAIN3_C1_LONG_100442/M1_MAIN_OFF
IDE_076_20260917,post_fix,p3,A12,A12_MAIN3_C1_LONG_100442,M2_MAIN_OFF,3,a4add14d4708940d,1,1,/models/kt/ide070/hotmap_v2.json,/models/kt/ide070/layer_budget_5952.json,vllm,M073_QWEN_MAIN_SHORT,OFF,256,256,0,131786,32768,41.42546847392805,791.0109699935729,2116.48793250788,2979.4356502534356,10175.598719000114,59.562503413377904,70.68014125441435,70.97021851222962,62.977943767327794,9767.413656256394,True,,2026-09-18T10:08:29.728547+09:00,eval/results/IDE_076_20260917/qwen/OPT4/A12_MAIN3_C1_LONG_100442/M2_MAIN_OFF
IDE_076_20260917,post_fix,p3,A12,A12_MAIN3_C1_LONG_100442,M3_MAIN_OFF,4,a4add14d4708940d,1,1,/models/kt/ide070/hotmap_v2.json,/models/kt/ide070/layer_budget_5952.json,vllm,M073_QWEN_MAIN_SHORT,OFF,256,256,0,131786,32768,41.28656232904177,793.6722786181292,2126.812729460653,3001.2406581954565,10043.03990096086,58.93862550009379,69.57036132056186,71.71293877461177,64.28136760368942,9905.112576525426,True,,2026-09-18T10:09:31.048798+09:00,eval/results/IDE_076_20260917/qwen/OPT4/A12_MAIN3_C1_LONG_100442/M3_MAIN_OFF
IDE_076_20260917,post_fix,p4,A12,A12_MAIN3_C1_LONG_103813,C1_OFF,0,a4add14d4708940d,1,1,/models/kt/ide070/hotmap_v2.json,/models/kt/ide070/layer_budget_5952.json,vllm,M073_QWEN_LOW_CONCURRENCY,OFF,16,16,0,8234,2048,32.364616692997515,63.278982087963676,238.48245647968724,329.7531279968098,329.8796391347423,13.914235472481142,13.976529461293167,13.998839757212723,14.276585826883093,2096.8128299864475,True,,2026-09-18T10:44:00.095378+09:00,eval/results/IDE_076_20260917/qwen/OPT4/A12_MAIN3_C1_LONG_103813/C1_OFF
IDE_076_20260917,post_fix,p4,A12,A12_MAIN3_C1_LONG_103813,LONG_OFF,1,a4add14d4708940d,1,1,/models/kt/ide070/hotmap_v2.json,/models/kt/ide070/layer_budget_5952.json,vllm,M073_QWEN_LONGER_PREFILL,OFF,32,32,0,131147,4096,24.480044955969788,167.31995416540832,2310.840303543955,3118.6742191086523,3141.970546164084,29.819701354140342,41.55101606358341,41.88037912845318,25.27652441058308,6158.757039293414,True,,2026-09-18T10:44:52.236358+09:00,eval/results/IDE_076_20260917/qwen/OPT4/A12_MAIN3_C1_LONG_103813/LONG_OFF
IDE_076_20260917,post_fix,p4,A12,A12_MAIN3_C1_LONG_103813,M1_MAIN_OFF,2,a4add14d4708940d,1,1,/models/kt/ide070/hotmap_v2.json,/models/kt/ide070/layer_budget_5952.json,vllm,M073_QWEN_MAIN_SHORT,OFF,256,256,0,131786,32768,42.399183780071326,772.8450663100213,2225.773467507679,3249.545498547377,10456.620756024491,60.613585535645875,67.98597387547832,71.47301376263765,64.45864510023966,10175.727428024402,True,,2026-09-18T10:40:53.745335+09:00,eval/results/IDE_076_20260917/qwen/OPT4/A12_MAIN3_C1_LONG_103813/M1_MAIN_OFF
IDE_076_20260917,post_fix,p4,A12,A12_MAIN3_C1_LONG_103813,M2_MAIN_OFF,3,a4add14d4708940d,1,1,/models/kt/ide070/hotmap_v2.json,/models/kt/ide070/layer_budget_5952.json,vllm,M073_QWEN_MAIN_SHORT,OFF,256,256,0,131786,32768,41.95434777904302,781.0394329707166,2234.514368523378,3023.1052034941968,10267.877268203296,58.67305448861778,69.40291644698266,73.24220372605005,65.0378537888173,10075.34957973985,True,,2026-09-18T10:41:56.532105+09:00,eval/results/IDE_076_20260917/qwen/OPT4/A12_MAIN3_C1_LONG_103813/M2_MAIN_OFF
IDE_076_20260917,post_fix,p4,A12,A12_MAIN3_C1_LONG_103813,M3_MAIN_OFF,4,a4add14d4708940d,1,1,/models/kt/ide070/hotmap_v2.json,/models/kt/ide070/layer_budget_5952.json,vllm,M073_QWEN_MAIN_SHORT,OFF,256,256,0,131786,32768,41.40330069698393,791.4344858594093,2146.942561492324,3076.3569721893873,10211.880277475571,59.13168154739386,69.58470608297493,71.11584543219335,63.708396325819194,9812.023197504459,True,,2026-09-18T10:42:58.490918+09:00,eval/results/IDE_076_20260917/qwen/OPT4/A12_MAIN3_C1_LONG_103813/M3_MAIN_OFF
IDE_076_20260917,post_fix,p5,A12,A12_MAIN3_C1_LONG_120750,C1_OFF,0,a4add14d4708940d,1,1,/models/kt/ide070/hotmap_v2.json,/models/kt/ide070/layer_budget_5952.json,vllm,M073_QWEN_LOW_CONCURRENCY,OFF,16,16,0,8234,2048,32.216437308932655,63.570033531676415,247.37339455168694,259.7468332387507,273.8873003050685,13.898896917381773,13.949658231961902,13.955454033658304,14.184838702203706,2024.373765772907,True,,2026-09-18T12:13:41.761086+09:00,eval/results/IDE_076_20260917/qwen/OPT4/A12_MAIN3_C1_LONG_120750/C1_OFF
IDE_076_20260917,post_fix,p5,A12,A12_MAIN3_C1_LONG_120750,LONG_OFF,1,a4add14d4708940d,1,1,/models/kt/ide070/hotmap_v2.json,/models/kt/ide070/layer_budget_5952.json,vllm,M073_QWEN_LONGER_PREFILL,OFF,32,32,0,131147,4096,25.51499783503823,160.53303341359515,2494.543510489166,3830.4463157546706,3972.527930591023,29.876992496016516,41.70607234540168,41.8635713509064,25.36576499696821,7030.380806850735,True,,2026-09-18T12:14:33.561743+09:00,eval/results/IDE_076_20260917/qwen/OPT4/A12_MAIN3_C1_LONG_120750/LONG_OFF
IDE_076_20260917,post_fix,p5,A12,A12_MAIN3_C1_LONG_120750,M1_MAIN_OFF,2,a4add14d4708940d,1,1,/models/kt/ide070/hotmap_v2.json,/models/kt/ide070/layer_budget_5952.json,vllm,M073_QWEN_MAIN_SHORT,OFF,256,256,0,131786,32768,42.50964246201329,770.8368761106743,2215.905877528712,3295.871111768065,10337.75701336562,60.25580188954308,68.55126732101436,72.61320207062667,64.37014832627028,10241.196886025136,True,,2026-09-18T12:10:34.923555+09:00,eval/results/IDE_076_20260917/qwen/OPT4/A12_MAIN3_C1_LONG_120750/M1_MAIN_OFF
IDE_076_20260917,post_fix,p5,A12,A12_MAIN3_C1_LONG_120750,M2_MAIN_OFF,3,a4add14d4708940d,1,1,/models/kt/ide070/hotmap_v2.json,/models/kt/ide070/layer_budget_5952.json,vllm,M073_QWEN_MAIN_SHORT,OFF,256,256,0,131786,32768,42.63855357898865,768.5063692251362,2168.404369498603,3019.033313554246,10238.93903808784,60.19960828336308,70.59607550219494,75.00489075314326,69.07853365992194,10394.807878998108,True,,2026-09-18T12:11:37.568768+09:00,eval/results/IDE_076_20260917/qwen/OPT4/A12_MAIN3_C1_LONG_120750/M2_MAIN_OFF
IDE_076_20260917,post_fix,p5,A12,A12_MAIN3_C1_LONG_120750,M3_MAIN_OFF,4,a4add14d4708940d,1,1,/models/kt/ide070/hotmap_v2.json,/models/kt/ide070/layer_budget_5952.json,vllm,M073_QWEN_MAIN_SHORT,OFF,256,256,0,131786,32768,41.67016007809434,786.3660695948674,2163.8835364719853,3099.4127652666066,10257.626392558448,59.23767388187803,66.79047402347379,71.41764980083602,65.12691036914474,9944.944513990777,True,,2026-09-18T12:12:40.312769+09:00,eval/results/IDE_076_20260917/qwen/OPT4/A12_MAIN3_C1_LONG_120750/M3_MAIN_OFF
IDE_076_20260917,post_fix,p6,A12,A12_MAIN3_C1_LONG_123842,C1_OFF,0,a4add14d4708940d,1,1,/models/kt/ide070/hotmap_v2.json,/models/kt/ide070/layer_budget_5952.json,vllm,M073_QWEN_LOW_CONCURRENCY,OFF,16,16,0,8234,2048,32.33371044904925,63.33946743375442,247.20744806108996,306.48393198498525,308.39685921673663,13.921480181289647,13.94322499386255,13.945605610011468,14.24598775920458,2072.1596314397175,True,,2026-09-18T12:44:34.248458+09:00,eval/results/IDE_076_20260917/qwen/OPT4/A12_MAIN3_C1_LONG_123842/C1_OFF
IDE_076_20260917,post_fix,p6,A12,A12_MAIN3_C1_LONG_123842,LONG_OFF,1,a4add14d4708940d,1,1,/models/kt/ide070/hotmap_v2.json,/models/kt/ide070/layer_budget_5952.json,vllm,M073_QWEN_LONGER_PREFILL,OFF,32,32,0,131147,4096,24.472046390059404,167.37464185519866,2332.0302034844644,3113.842644979013,3173.0642412323505,29.713847984259168,41.406142239653185,42.12379716411893,25.02551829675212,6223.915467876941,True,,2026-09-18T12:45:26.143797+09:00,eval/results/IDE_076_20260917/qwen/OPT4/A12_MAIN3_C1_LONG_123842/LONG_OFF
IDE_076_20260917,post_fix,p6,A12,A12_MAIN3_C1_LONG_123842,M1_MAIN_OFF,2,a4add14d4708940d,1,1,/models/kt/ide070/hotmap_v2.json,/models/kt/ide070/layer_budget_5952.json,vllm,M073_QWEN_MAIN_SHORT,OFF,256,256,0,131786,32768,42.52420181001071,770.572958580166,2236.3920269999653,3126.4900202222634,10461.548341589507,61.246980649444794,70.9805447797522,72.32900970371615,65.8562044671271,10077.601198543562,True,,2026-09-18T12:41:27.313289+09:00,eval/results/IDE_076_20260917/qwen/OPT4/A12_MAIN3_C1_LONG_123842/M1_MAIN_OFF
IDE_076_20260917,post_fix,p6,A12,A12_MAIN3_C1_LONG_123842,M2_MAIN_OFF,3,a4add14d4708940d,1,1,/models/kt/ide070/hotmap_v2.json,/models/kt/ide070/layer_budget_5952.json,vllm,M073_QWEN_MAIN_SHORT,OFF,256,256,0,131786,32768,41.578850405989215,788.0929770795188,2133.384394517634,3007.635819260031,10247.483331803229,59.95632089375643,70.79061723816552,72.19743699749279,65.91885327361523,9898.625366971828,True,,2026-09-18T12:42:29.993915+09:00,eval/results/IDE_076_20260917/qwen/OPT4/A12_MAIN3_C1_LONG_123842/M2_MAIN_OFF
IDE_076_20260917,post_fix,p6,A12,A12_MAIN3_C1_LONG_123842,M3_MAIN_OFF,4,a4add14d4708940d,1,1,/models/kt/ide070/hotmap_v2.json,/models/kt/ide070/layer_budget_5952.json,vllm,M073_QWEN_MAIN_SHORT,OFF,256,256,0,131786,32768,42.690721935010515,767.567249152727,2173.8283509621397,3002.8481342305895,10412.828782328868,61.641555318909546,70.91441086042438,74.34585387231851,68.82484318921342,10394.550538039766,True,,2026-09-18T12:43:31.404773+09:00,eval/results/IDE_076_20260917/qwen/OPT4/A12_MAIN3_C1_LONG_123842/M3_MAIN_OFF
IDE_076_20260917,post_fix,p1,A12e,A12e_MAIN3_C1_LONG_074455,C1_OFF,0,a4add14d4708940d,1,1,/models/kt/ide070/hotmap_v2.json,/models/kt/ide070/layer_budget_5952.json,vllm,M073_QWEN_LOW_CONCURRENCY,OFF,16,16,0,8234,2048,32.479291675961576,63.055562308206255,242.22923448542133,334.85112176276743,349.98833877034485,13.916133776010112,13.957270586773326,13.970260982957164,14.291565970052032,2105.4730972100515,True,,2026-09-18T07:50:44.006408+09:00,eval/results/IDE_076_20260917/qwen/OPT4/A12e_MAIN3_C1_LONG_074455/C1_OFF
IDE_076_20260917,post_fix,p1,A12e,A12e_MAIN3_C1_LONG_074455,LONG_OFF,1,a4add14d4708940d,1,1,/models/kt/ide070/hotmap_v2.json,/models/kt/ide070/layer_budget_5952.json,vllm,M073_QWEN_LONGER_PREFILL,OFF,32,32,0,131147,4096,24.626516591059044,166.32478186082975,2328.748864470981,3108.2393193792086,3212.903862633975,29.80044384268809,41.75358469887659,41.87902664500802,25.00529793323949,6244.068086269544,True,,2026-09-18T07:51:36.365205+09:00,eval/results/IDE_076_20260917/qwen/OPT4/A12e_MAIN3_C1_LONG_074455/LONG_OFF
IDE_076_20260917,post_fix,p1,A12e,A12e_MAIN3_C1_LONG_074455,M1_MAIN_OFF,2,a4add14d4708940d,1,1,/models/kt/ide070/hotmap_v2.json,/models/kt/ide070/layer_budget_5952.json,vllm,M073_QWEN_MAIN_SHORT,OFF,256,256,0,131786,32768,41.57979200500995,788.0751302472072,2209.261460462585,3209.3028435192537,10133.601090742734,58.62494659890589,67.11975597239311,72.54795691486096,64.19137819320895,10060.926478297915,True,,2026-09-18T07:47:40.123334+09:00,eval/results/IDE_076_20260917/qwen/OPT4/A12e_MAIN3_C1_LONG_074455/M1_MAIN_OFF
IDE_076_20260917,post_fix,p1,A12e,A12e_MAIN3_C1_LONG_074455,M2_MAIN_OFF,3,a4add14d4708940d,1,1,/models/kt/ide070/hotmap_v2.json,/models/kt/ide070/layer_budget_5952.json,vllm,M073_QWEN_MAIN_SHORT,OFF,256,256,0,131786,32768,41.32989596494008,792.8401278289429,2166.6267415857874,3080.675738514401,10154.084740148388,59.60499712194529,65.62522708050592,70.9656233451967,62.65412206412294,9817.265346006025,True,,2026-09-18T07:48:41.598770+09:00,eval/results/IDE_076_20260917/qwen/OPT4/A12e_MAIN3_C1_LONG_074455/M2_MAIN_OFF
IDE_076_20260917,post_fix,p1,A12e,A12e_MAIN3_C1_LONG_074455,M3_MAIN_OFF,4,a4add14d4708940d,1,1,/models/kt/ide070/hotmap_v2.json,/models/kt/ide070/layer_budget_5952.json,vllm,M073_QWEN_MAIN_SHORT,OFF,256,256,0,131786,32768,41.358438517083414,792.2929678900941,2172.4867714801803,3023.769326740876,10105.208105512424,59.21039661377903,66.08622108025139,70.19221394297145,63.497546315193176,9796.61516728811,True,,2026-09-18T07:49:42.678844+09:00,eval/results/IDE_076_20260917/qwen/OPT4/A12e_MAIN3_C1_LONG_074455/M3_MAIN_OFF
IDE_076_20260917,post_fix,p2,A12e,A12e_MAIN3_C1_LONG_080026,C1_OFF,0,a4add14d4708940d,1,1,/models/kt/ide070/hotmap_v2.json,/models/kt/ide070/layer_budget_5952.json,vllm,M073_QWEN_LOW_CONCURRENCY,OFF,16,16,0,8234,2048,32.44370166200679,63.1247328475564,237.99469944788143,326.65807209559716,328.48567686160095,13.926553299309553,13.951027979680125,13.973778326616173,14.245582488365471,2090.7280457904562,True,,2026-09-18T08:06:14.285629+09:00,eval/results/IDE_076_20260917/qwen/OPT4/A12e_MAIN3_C1_LONG_080026/C1_OFF
IDE_076_20260917,post_fix,p2,A12e,A12e_MAIN3_C1_LONG_080026,LONG_OFF,1,a4add14d4708940d,1,1,/models/kt/ide070/hotmap_v2.json,/models/kt/ide070/layer_budget_5952.json,vllm,M073_QWEN_LONGER_PREFILL,OFF,32,32,0,131147,4096,24.94697572104633,164.18823851840446,2456.755240506027,3371.4217008557166,3481.9566437543835,29.876254916953762,41.66277691609167,43.43014897995878,24.922466895077378,6454.848697828129,True,,2026-09-18T08:07:06.338709+09:00,eval/results/IDE_076_20260917/qwen/OPT4/A12e_MAIN3_C1_LONG_080026/LONG_OFF
IDE_076_20260917,post_fix,p2,A12e,A12e_MAIN3_C1_LONG_080026,M1_MAIN_OFF,2,a4add14d4708940d,1,1,/models/kt/ide070/hotmap_v2.json,/models/kt/ide070/layer_budget_5952.json,vllm,M073_QWEN_MAIN_SHORT,OFF,256,256,0,131786,32768,40.509159129927866,808.9034851328535,2159.1762655298226,3138.895515759941,9931.181125680447,56.9928360435613,64.7302700906046,68.84020450717485,59.80225057573988,9692.020256770775,True,,2026-09-18T08:03:12.006100+09:00,eval/results/IDE_076_20260917/qwen/OPT4/A12e_MAIN3_C1_LONG_080026/M1_MAIN_OFF
IDE_076_20260917,post_fix,p2,A12e,A12e_MAIN3_C1_LONG_080026,M2_MAIN_OFF,3,a4add14d4708940d,1,1,/models/kt/ide070/hotmap_v2.json,/models/kt/ide070/layer_budget_5952.json,vllm,M073_QWEN_MAIN_SHORT,OFF,256,256,0,131786,32768,40.874574924004264,801.671945480134,2154.3800585204735,3077.2249125293456,9994.940544443665,58.130126574359046,65.24142339013473,70.6163282551084,61.27799039823003,9746.301968232729,True,,2026-09-18T08:04:12.340055+09:00,eval/results/IDE_076_20260917/qwen/OPT4/A12e_MAIN3_C1_LONG_080026/M2_MAIN_OFF
IDE_076_20260917,post_fix,p2,A12e,A12e_MAIN3_C1_LONG_080026,M3_MAIN_OFF,4,a4add14d4708940d,1,1,/models/kt/ide070/hotmap_v2.json,/models/kt/ide070/layer_budget_5952.json,vllm,M073_QWEN_MAIN_SHORT,OFF,256,256,0,131786,32768,40.926559682935476,800.6536648537984,2150.84876853507,3080.2529599750414,10059.865141357292,57.629442350264256,65.08543748820134,70.43209999591647,62.35413537360728,9659.94923125254,True,,2026-09-18T08:05:13.149728+09:00,eval/results/IDE_076_20260917/qwen/OPT4/A12e_MAIN3_C1_LONG_080026/M3_MAIN_OFF
IDE_076_20260917,post_fix,p3,A12e,A12e_MAIN3_C1_LONG_101225,M1_MAIN_OFF,0,a4add14d4708940d,1,1,/models/kt/ide070/hotmap_v2.json,/models/kt/ide070/layer_budget_5952.json,vllm,M073_QWEN_MAIN_SHORT,OFF,256,256,0,131786,32768,40.61147985095158,806.8654508592649,2135.584853531327,3097.27923644823,10017.256998043737,58.18707368512616,64.1004045745523,69.53009146230853,61.53078937204554,9600.716775021283,False,server_died_in_boot,2026-09-18T10:15:10.184299+09:00,eval/results/IDE_076_20260917/qwen/OPT4/A12e_MAIN3_C1_LONG_101225/M1_MAIN_OFF
IDE_076_20260917,post_fix,p3,A12e,A12e_MAIN3_C1_LONG_101225,M2_MAIN_OFF,1,a4add14d4708940d,1,1,/models/kt/ide070/hotmap_v2.json,/models/kt/ide070/layer_budget_5952.json,vllm,M073_QWEN_MAIN_SHORT,OFF,256,256,0,131786,32768,40.477334105060436,809.5394799210202,2126.1848175199702,3059.8664420540445,9852.641147398383,57.450646185316145,64.2794827404927,68.70333557709222,60.40302418405189,9579.005548206624,False,server_died_in_boot,2026-09-18T10:16:10.792544+09:00,eval/results/IDE_076_20260917/qwen/OPT4/A12e_MAIN3_C1_LONG_101225/M2_MAIN_OFF
IDE_076_20260917,post_fix,p3,A12e,A12e_MAIN3_C1_LONG_101225,M3_MAIN_OFF,2,a4add14d4708940d,1,1,/models/kt/ide070/hotmap_v2.json,/models/kt/ide070/layer_budget_5952.json,vllm,M073_QWEN_MAIN_SHORT,OFF,256,189,67,97309,24192,313.8145517599769,77.09011537012283,2177.23884107545,3107.7783552231267,3956.6914774896895,58.70865096840421,66.30080863925093,69.55963069246715,62.712357868440456,9811.213791253977,False,server_died_in_boot,2026-09-18T10:17:11.424271+09:00,eval/results/IDE_076_20260917/qwen/OPT4/A12e_MAIN3_C1_LONG_101225/M3_MAIN_OFF
IDE_076_20260917,post_fix,p4,A12e,A12e_MAIN3_C1_LONG_103040,C1_OFF,0,a4add14d4708940d,1,1,/models/kt/ide070/hotmap_v2.json,/models/kt/ide070/layer_budget_5952.json,vllm,M073_QWEN_LOW_CONCURRENCY,OFF,16,16,0,8234,2048,32.23013345291838,63.54301954696242,237.4877500697039,282.73839148459956,315.7996142632328,13.908263102474468,13.943622630102356,13.977857534067823,14.222648588474838,2047.118187212618,True,,2026-09-18T10:36:22.654461+09:00,eval/results/IDE_076_20260917/qwen/OPT4/A12e_MAIN3_C1_LONG_103040/C1_OFF
IDE_076_20260917,post_fix,p4,A12e,A12e_MAIN3_C1_LONG_103040,LONG_OFF,1,a4add14d4708940d,1,1,/models/kt/ide070/hotmap_v2.json,/models/kt/ide070/layer_budget_5952.json,vllm,M073_QWEN_LONGER_PREFILL,OFF,32,32,0,131147,4096,24.986804205924273,163.92652562702895,2341.8564449530095,3416.297766333446,3557.3572623112705,29.803667921026594,41.548491739640454,44.0064612118707,25.19072411232628,6665.42506160331,True,,2026-09-18T10:37:14.475430+09:00,eval/results/IDE_076_20260917/qwen/OPT4/A12e_MAIN3_C1_LONG_103040/LONG_OFF
IDE_076_20260917,post_fix,p4,A12e,A12e_MAIN3_C1_LONG_103040,M1_MAIN_OFF,2,a4add14d4708940d,1,1,/models/kt/ide070/hotmap_v2.json,/models/kt/ide070/layer_budget_5952.json,vllm,M073_QWEN_MAIN_SHORT,OFF,256,256,0,131786,32768,40.738566434942186,804.3483820749841,2174.0030404762365,3171.979398728581,9936.916217429094,57.55168273650828,64.75591832083488,70.14276467535944,61.20762475184165,9705.678933562012,True,,2026-09-18T10:33:21.132068+09:00,eval/results/IDE_076_20260917/qwen/OPT4/A12e_MAIN3_C1_LONG_103040/M1_MAIN_OFF
IDE_076_20260917,post_fix,p4,A12e,A12e_MAIN3_C1_LONG_103040,M2_MAIN_OFF,3,a4add14d4708940d,1,1,/models/kt/ide070/hotmap_v2.json,/models/kt/ide070/layer_budget_5952.json,vllm,M073_QWEN_MAIN_SHORT,OFF,256,256,0,131786,32768,39.98436462809332,819.520337631599,2233.3711525425315,2968.716919014696,9805.78287162352,56.42676848082209,63.485577659210286,67.35389887787929,60.2820764936041,9463.914118503453,True,,2026-09-18T10:34:21.893146+09:00,eval/results/IDE_076_20260917/qwen/OPT4/A12e_MAIN3_C1_LONG_103040/M2_MAIN_OFF
IDE_076_20260917,post_fix,p4,A12e,A12e_MAIN3_C1_LONG_103040,M3_MAIN_OFF,4,a4add14d4708940d,1,1,/models/kt/ide070/hotmap_v2.json,/models/kt/ide070/layer_budget_5952.json,vllm,M073_QWEN_MAIN_SHORT,OFF,256,256,0,131786,32768,40.80738637002651,802.9918824712693,2193.0962660117075,3009.745321585797,9999.087815277742,58.30172752717686,64.96231504541815,70.30130776518949,62.05443372018635,9636.18620779016,True,,2026-09-18T10:35:21.783800+09:00,eval/results/IDE_076_20260917/qwen/OPT4/A12e_MAIN3_C1_LONG_103040/M3_MAIN_OFF
IDE_076_20260917,post_fix,p5,A12e,A12e_MAIN3_C1_LONG_121536,C1_OFF,0,a4add14d4708940d,1,1,/models/kt/ide070/hotmap_v2.json,/models/kt/ide070/layer_budget_5952.json,vllm,M073_QWEN_LOW_CONCURRENCY,OFF,16,16,0,8234,2048,32.31254259508569,63.380960937177186,251.622014970053,274.48505151551217,278.403453505598,13.898011480318749,13.931674328650987,13.935485845120022,14.204616664210334,2040.129573782906,True,,2026-09-18T12:21:24.068243+09:00,eval/results/IDE_076_20260917/qwen/OPT4/A12e_MAIN3_C1_LONG_121536/C1_OFF
IDE_076_20260917,post_fix,p5,A12e,A12e_MAIN3_C1_LONG_121536,LONG_OFF,1,a4add14d4708940d,1,1,/models/kt/ide070/hotmap_v2.json,/models/kt/ide070/layer_budget_5952.json,vllm,M073_QWEN_LONGER_PREFILL,OFF,32,32,0,131147,4096,24.685248906025663,165.92905405139211,2340.4715234646574,3111.5825339918956,3161.1104757653084,29.91152030285668,41.595270711695775,42.15428534263606,25.16863979981281,6300.299366354011,True,,2026-09-18T12:22:16.172361+09:00,eval/results/IDE_076_20260917/qwen/OPT4/A12e_MAIN3_C1_LONG_121536/LONG_OFF
IDE_076_20260917,post_fix,p5,A12e,A12e_MAIN3_C1_LONG_121536,M1_MAIN_OFF,2,a4add14d4708940d,1,1,/models/kt/ide070/hotmap_v2.json,/models/kt/ide070/layer_budget_5952.json,vllm,M073_QWEN_MAIN_SHORT,OFF,256,256,0,131786,32768,40.83879734191578,802.3742649827707,2235.1824050419964,3183.6497095937375,10022.293875482861,58.26710663024541,65.74612061032937,70.06163576583003,62.102643307298415,9640.54524502717,True,,2026-09-18T12:18:20.458394+09:00,eval/results/IDE_076_20260917/qwen/OPT4/A12e_MAIN3_C1_LONG_121536/M1_MAIN_OFF
IDE_076_20260917,post_fix,p5,A12e,A12e_MAIN3_C1_LONG_121536,M2_MAIN_OFF,3,a4add14d4708940d,1,1,/models/kt/ide070/hotmap_v2.json,/models/kt/ide070/layer_budget_5952.json,vllm,M073_QWEN_MAIN_SHORT,OFF,256,256,0,131786,32768,41.336976151913404,792.7043303694394,2150.4106104257517,2982.40413152962,10041.107990231827,58.57281810622369,68.64136548192188,69.75790888220475,64.70000904519111,10117.183353751898,True,,2026-09-18T12:19:21.473594+09:00,eval/results/IDE_076_20260917/qwen/OPT4/A12e_MAIN3_C1_LONG_121536/M2_MAIN_OFF
IDE_076_20260917,post_fix,p5,A12e,A12e_MAIN3_C1_LONG_121536,M3_MAIN_OFF,4,a4add14d4708940d,1,1,/models/kt/ide070/hotmap_v2.json,/models/kt/ide070/layer_budget_5952.json,vllm,M073_QWEN_MAIN_SHORT,OFF,256,256,0,131786,32768,41.2944786750013,793.5201279060334,2086.294672510121,3008.8794307375792,10168.432008271337,58.76948557451264,66.67045601157795,70.76975882445701,63.515369419474155,9851.3124967576,True,,2026-09-18T12:20:22.815508+09:00,eval/results/IDE_076_20260917/qwen/OPT4/A12e_MAIN3_C1_LONG_121536/M3_MAIN_OFF
IDE_076_20260917,post_fix,p6,A12e,A12e_MAIN3_C1_LONG_123103,C1_OFF,0,a4add14d4708940d,1,1,/models/kt/ide070/hotmap_v2.json,/models/kt/ide070/layer_budget_5952.json,vllm,M073_QWEN_LOW_CONCURRENCY,OFF,16,16,0,8234,2048,32.31573952094186,63.37469079650231,246.15943897515535,308.18058471777476,321.56936333631165,13.905045838557243,13.930345873768244,13.935661930306706,14.208508329465985,2069.958730688086,True,,2026-09-18T12:36:48.462124+09:00,eval/results/IDE_076_20260917/qwen/OPT4/A12e_MAIN3_C1_LONG_123103/C1_OFF
IDE_076_20260917,post_fix,p6,A12e,A12e_MAIN3_C1_LONG_123103,LONG_OFF,1,a4add14d4708940d,1,1,/models/kt/ide070/hotmap_v2.json,/models/kt/ide070/layer_budget_5952.json,vllm,M073_QWEN_LONGER_PREFILL,OFF,32,32,0,131147,4096,24.807475783047266,165.1115186333908,2561.2036930397153,3371.411330573028,3397.2450803837273,29.237910641786296,41.73823041501308,42.259567379071484,25.06364369764924,6331.548361352179,True,,2026-09-18T12:37:40.422879+09:00,eval/results/IDE_076_20260917/qwen/OPT4/A12e_MAIN3_C1_LONG_123103/LONG_OFF
IDE_076_20260917,post_fix,p6,A12e,A12e_MAIN3_C1_LONG_123103,M1_MAIN_OFF,2,a4add14d4708940d,1,1,/models/kt/ide070/hotmap_v2.json,/models/kt/ide070/layer_budget_5952.json,vllm,M073_QWEN_MAIN_SHORT,OFF,256,256,0,131786,32768,41.18527953303419,795.6240766489688,2169.512147491332,3214.7149844968226,10186.099042731801,58.75940803542924,65.04987410772004,69.8466908496504,61.87667222111485,9728.551067732042,True,,2026-09-18T12:33:44.501160+09:00,eval/results/IDE_076_20260917/qwen/OPT4/A12e_MAIN3_C1_LONG_123103/M1_MAIN_OFF
IDE_076_20260917,post_fix,p6,A12e,A12e_MAIN3_C1_LONG_123103,M2_MAIN_OFF,3,a4add14d4708940d,1,1,/models/kt/ide070/hotmap_v2.json,/models/kt/ide070/layer_budget_5952.json,vllm,M073_QWEN_MAIN_SHORT,OFF,256,256,0,131786,32768,41.37196081597358,792.0340093561236,2173.65802655695,3111.9928495318163,10105.004613264464,57.731131142129996,66.54388382279234,70.42051333687488,62.274447752861306,9950.876408984186,True,,2026-09-18T12:34:46.023957+09:00,eval/results/IDE_076_20260917/qwen/OPT4/A12e_MAIN3_C1_LONG_123103/M2_MAIN_OFF
IDE_076_20260917,post_fix,p6,A12e,A12e_MAIN3_C1_LONG_123103,M3_MAIN_OFF,4,a4add14d4708940d,1,1,/models/kt/ide070/hotmap_v2.json,/models/kt/ide070/layer_budget_5952.json,vllm,M073_QWEN_MAIN_SHORT,OFF,256,256,0,131786,32768,40.51431462704204,808.8005511545389,2109.565399994608,3012.785893981345,9927.366241707925,57.57885732629343,64.41576975946843,69.22074289026297,60.35606571822427,9584.812707762467,True,,2026-09-18T12:35:47.411246+09:00,eval/results/IDE_076_20260917/qwen/OPT4/A12e_MAIN3_C1_LONG_123103/M3_MAIN_OFF
IDE_076_20260917,post_fix,p1,A1,A1_MAIN3_C1_LONG_072142,C1_OFF,0,a4add14d4708940d,1,0,/models/kt/ide070/hotmap_v2.json,/models/kt/ide070/layer_budget_5952.json,vllm,M073_QWEN_LOW_CONCURRENCY,OFF,16,16,0,8234,2048,32.140418822993524,63.720389310385826,235.30846601352096,271.55430873972364,279.4720928708557,13.919338980399981,13.95145193311591,13.959517454092325,14.250461506890131,2039.2356042575557,True,,2026-09-18T07:27:38.258766+09:00,eval/results/IDE_076_20260917/qwen/OPT4/A1_MAIN3_C1_LONG_072142/C1_OFF
IDE_076_20260917,post_fix,p1,A1,A1_MAIN3_C1_LONG_072142,LONG_OFF,1,a4add14d4708940d,1,0,/models/kt/ide070/hotmap_v2.json,/models/kt/ide070/layer_budget_5952.json,vllm,M073_QWEN_LONGER_PREFILL,OFF,32,32,0,131147,4096,24.78461420093663,165.26381919010097,2407.7171295066364,3205.8738091785926,3283.1615168671124,29.696038122541882,41.66619444479543,42.93332715230943,25.11553771328181,6359.621341392631,True,,2026-09-18T07:28:30.204658+09:00,eval/results/IDE_076_20260917/qwen/OPT4/A1_MAIN3_C1_LONG_072142/LONG_OFF
IDE_076_20260917,post_fix,p1,A1,A1_MAIN3_C1_LONG_072142,M1_MAIN_OFF,2,a4add14d4708940d,1,0,/models/kt/ide070/hotmap_v2.json,/models/kt/ide070/layer_budget_5952.json,vllm,M073_QWEN_MAIN_SHORT,OFF,256,256,0,131786,32768,43.585430730949156,751.8108562991001,2327.917886490468,3201.42762226169,10738.511243998068,61.628659129762426,72.53688584791321,74.63478149848947,67.20286341151223,10373.440279014176,True,,2026-09-18T07:24:26.708356+09:00,eval/results/IDE_076_20260917/qwen/OPT4/A1_MAIN3_C1_LONG_072142/M1_MAIN_OFF
IDE_076_20260917,post_fix,p1,A1,A1_MAIN3_C1_LONG_072142,M2_MAIN_OFF,3,a4add14d4708940d,1,0,/models/kt/ide070/hotmap_v2.json,/models/kt/ide070/layer_budget_5952.json,vllm,M073_QWEN_MAIN_SHORT,OFF,256,256,0,131786,32768,43.57993221201468,751.905712945696,2272.8709760122,3040.4035364917945,10739.990225352807,62.62954008650021,73.47080898200763,73.65930011064202,68.15231444197705,10479.287194786593,True,,2026-09-18T07:25:32.871349+09:00,eval/results/IDE_076_20260917/qwen/OPT4/A1_MAIN3_C1_LONG_072142/M2_MAIN_OFF
IDE_076_20260917,post_fix,p1,A1,A1_MAIN3_C1_LONG_072142,M3_MAIN_OFF,4,a4add14d4708940d,1,0,/models/kt/ide070/hotmap_v2.json,/models/kt/ide070/layer_budget_5952.json,vllm,M073_QWEN_MAIN_SHORT,OFF,256,256,0,131786,32768,42.05527768097818,779.1649896731305,2204.4229750172235,3182.0946367806755,6273.750833218141,57.640384637483024,68.0439617969719,73.33860133296085,67.72936331690288,10067.370117205428,True,,2026-09-18T07:26:36.348351+09:00,eval/results/IDE_076_20260917/qwen/OPT4/A1_MAIN3_C1_LONG_072142/M3_MAIN_OFF
IDE_076_20260917,post_fix,p2,A1,A1_MAIN3_C1_LONG_082356,C1_OFF,0,a4add14d4708940d,1,0,/models/kt/ide070/hotmap_v2.json,/models/kt/ide070/layer_budget_5952.json,vllm,M073_QWEN_LOW_CONCURRENCY,OFF,16,16,0,8234,2048,32.20184148498811,63.598847319173935,245.71996298618615,257.106002245564,261.4852612488903,13.911176933521975,13.948242250631937,13.954855493035197,14.206730393925682,2024.7213040711358,True,,2026-09-18T08:29:53.159545+09:00,eval/results/IDE_076_20260917/qwen/OPT4/A1_MAIN3_C1_LONG_082356/C1_OFF
IDE_076_20260917,post_fix,p2,A1,A1_MAIN3_C1_LONG_082356,LONG_OFF,1,a4add14d4708940d,1,0,/models/kt/ide070/hotmap_v2.json,/models/kt/ide070/layer_budget_5952.json,vllm,M073_QWEN_LONGER_PREFILL,OFF,32,32,0,131147,4096,24.92963425896596,164.30245054745922,2377.6846184628084,3244.9540245579556,3310.9362814819906,30.101491216713136,42.17531409024767,42.82863027361171,25.900853640632704,6349.297153641237,True,,2026-09-18T08:30:44.826367+09:00,eval/results/IDE_076_20260917/qwen/OPT4/A1_MAIN3_C1_LONG_082356/LONG_OFF
IDE_076_20260917,post_fix,p2,A1,A1_MAIN3_C1_LONG_082356,M1_MAIN_OFF,2,a4add14d4708940d,1,0,/models/kt/ide070/hotmap_v2.json,/models/kt/ide070/layer_budget_5952.json,vllm,M073_QWEN_MAIN_SHORT,OFF,256,256,0,131786,32768,43.867893127026036,746.9699970571954,2341.672104492318,3277.5247607496567,10852.866063406687,62.59813635815375,73.35643015190497,74.6245023348519,68.01829523756169,10604.46573299123,True,,2026-09-18T08:26:42.010771+09:00,eval/results/IDE_076_20260917/qwen/OPT4/A1_MAIN3_C1_LONG_082356/M1_MAIN_OFF
IDE_076_20260917,post_fix,p2,A1,A1_MAIN3_C1_LONG_082356,M2_MAIN_OFF,3,a4add14d4708940d,1,0,/models/kt/ide070/hotmap_v2.json,/models/kt/ide070/layer_budget_5952.json,vllm,M073_QWEN_MAIN_SHORT,OFF,256,256,0,131786,32768,43.851638127001934,747.2468851699041,2243.7639060080983,3136.076401802711,10685.391314333534,63.260216605996234,72.5398907519503,75.32857271336664,68.54811347438954,10595.078747777734,True,,2026-09-18T08:27:45.783747+09:00,eval/results/IDE_076_20260917/qwen/OPT4/A1_MAIN3_C1_LONG_082356/M2_MAIN_OFF
IDE_076_20260917,post_fix,p2,A1,A1_MAIN3_C1_LONG_082356,M3_MAIN_OFF,4,a4add14d4708940d,1,0,/models/kt/ide070/hotmap_v2.json,/models/kt/ide070/layer_budget_5952.json,vllm,M073_QWEN_MAIN_SHORT,OFF,256,256,0,131786,32768,43.84358428302221,747.3841506313372,2167.639804945793,3080.9906907961704,10737.095454236258,62.79290263040549,73.71693007637909,76.39013916656455,69.18244151747786,10490.026410028804,True,,2026-09-18T08:28:49.475499+09:00,eval/results/IDE_076_20260917/qwen/OPT4/A1_MAIN3_C1_LONG_082356/M3_MAIN_OFF
IDE_076_20260917,post_fix,p3,A1,A1_MAIN3_C1_LONG_094916,C1_OFF,0,a4add14d4708940d,1,0,/models/kt/ide070/hotmap_v2.json,/models/kt/ide070/layer_budget_5952.json,vllm,M073_QWEN_LOW_CONCURRENCY,OFF,16,16,0,8234,2048,32.33575243700761,63.335467575392045,245.61247299425304,302.244940539822,306.9426033180207,13.899074563037926,13.975568212647593,13.975916760671137,14.296963723609222,2069.468338508159,True,,2026-09-18T09:55:11.220973+09:00,eval/results/IDE_076_20260917/qwen/OPT4/A1_MAIN3_C1_LONG_094916/C1_OFF
IDE_076_20260917,post_fix,p3,A1,A1_MAIN3_C1_LONG_094916,LONG_OFF,1,a4add14d4708940d,1,0,/models/kt/ide070/hotmap_v2.json,/models/kt/ide070/layer_budget_5952.json,vllm,M073_QWEN_LONGER_PREFILL,OFF,32,32,0,131147,4096,25.11587503203191,163.0841049645336,2608.771191968117,3451.3717655849177,3594.8495730932336,29.83312921252058,41.75021357895755,43.73257145813601,25.3753200173378,6696.910127199953,True,,2026-09-18T09:56:03.099684+09:00,eval/results/IDE_076_20260917/qwen/OPT4/A1_MAIN3_C1_LONG_094916/LONG_OFF
IDE_076_20260917,post_fix,p3,A1,A1_MAIN3_C1_LONG_094916,M1_MAIN_OFF,2,a4add14d4708940d,1,0,/models/kt/ide070/hotmap_v2.json,/models/kt/ide070/layer_budget_5952.json,vllm,M073_QWEN_MAIN_SHORT,OFF,256,256,0,131786,32768,43.95961919601541,745.4113706919954,2238.7159544741735,3116.5443162608426,10925.774543674195,63.01140607065175,73.71674680703788,77.32698716897899,68.86976704117842,10587.121652788483,True,,2026-09-18T09:52:03.600610+09:00,eval/results/IDE_076_20260917/qwen/OPT4/A1_MAIN3_C1_LONG_094916/M1_MAIN_OFF
IDE_076_20260917,post_fix,p3,A1,A1_MAIN3_C1_LONG_094916,M2_MAIN_OFF,3,a4add14d4708940d,1,0,/models/kt/ide070/hotmap_v2.json,/models/kt/ide070/layer_budget_5952.json,vllm,M073_QWEN_MAIN_SHORT,OFF,256,256,0,131786,32768,41.742630784981884,785.000834489551,2153.993538522627,3045.4349253268447,6331.918280274757,56.35997729914951,67.23224018896586,72.28127937983008,62.78559366473928,10022.78596625547,True,,2026-09-18T09:53:07.706245+09:00,eval/results/IDE_076_20260917/qwen/OPT4/A1_MAIN3_C1_LONG_094916/M2_MAIN_OFF
IDE_076_20260917,post_fix,p3,A1,A1_MAIN3_C1_LONG_094916,M3_MAIN_OFF,4,a4add14d4708940d,1,0,/models/kt/ide070/hotmap_v2.json,/models/kt/ide070/layer_budget_5952.json,vllm,M073_QWEN_MAIN_SHORT,OFF,256,256,0,131786,32768,42.219160709995776,776.1404880851143,2171.2349975132383,3040.6576670357026,10338.068669853958,60.139908212398396,68.33297751434183,72.79703654055521,63.661578163737424,10041.7444180639,True,,2026-09-18T09:54:09.381957+09:00,eval/results/IDE_076_20260917/qwen/OPT4/A1_MAIN3_C1_LONG_094916/M3_MAIN_OFF
IDE_076_20260917,post_fix,p4,A1,A1_MAIN3_C1_LONG_105333,C1_OFF,0,a4add14d4708940d,1,0,/models/kt/ide070/hotmap_v2.json,/models/kt/ide070/layer_budget_5952.json,vllm,M073_QWEN_LOW_CONCURRENCY,OFF,16,16,0,8234,2048,32.410562211996876,63.18927720550081,244.68673602677882,327.7975970413536,328.97405051626265,13.906512826985468,13.952218269513128,13.96425049426584,14.216684078564867,2091.199731483357,True,,2026-09-18T10:59:33.209446+09:00,eval/results/IDE_076_20260917/qwen/OPT4/A1_MAIN3_C1_LONG_105333/C1_OFF
IDE_076_20260917,post_fix,p4,A1,A1_MAIN3_C1_LONG_105333,LONG_OFF,1,a4add14d4708940d,1,0,/models/kt/ide070/hotmap_v2.json,/models/kt/ide070/layer_budget_5952.json,vllm,M073_QWEN_LONGER_PREFILL,OFF,32,32,0,131147,4096,24.915590680087917,164.3950590051011,2475.6841434864327,3311.298899783287,3362.2446878661867,29.823978928808767,42.22769256210042,43.25491072253441,25.219007692066953,6377.204195316881,True,,2026-09-18T11:00:25.420664+09:00,eval/results/IDE_076_20260917/qwen/OPT4/A1_MAIN3_C1_LONG_105333/LONG_OFF
IDE_076_20260917,post_fix,p4,A1,A1_MAIN3_C1_LONG_105333,M1_MAIN_OFF,2,a4add14d4708940d,1,0,/models/kt/ide070/hotmap_v2.json,/models/kt/ide070/layer_budget_5952.json,vllm,M073_QWEN_MAIN_SHORT,OFF,256,256,0,131786,32768,44.26648066600319,740.2440742294189,2322.4290495272726,3145.0033964938484,10878.46631774446,62.63723299246443,72.16330697461157,75.34937688436423,68.06413016165607,10597.314385289792,True,,2026-09-18T10:56:19.168102+09:00,eval/results/IDE_076_20260917/qwen/OPT4/A1_MAIN3_C1_LONG_105333/M1_MAIN_OFF
IDE_076_20260917,post_fix,p4,A1,A1_MAIN3_C1_LONG_105333,M2_MAIN_OFF,3,a4add14d4708940d,1,0,/models/kt/ide070/hotmap_v2.json,/models/kt/ide070/layer_budget_5952.json,vllm,M073_QWEN_MAIN_SHORT,OFF,256,256,0,131786,32768,43.46302408108022,753.928211227809,2185.9498434350826,2995.4652164888103,10735.494750173528,63.20498864153606,74.00265412417049,75.61219648997057,67.97677261056378,10368.660298758186,True,,2026-09-18T10:57:23.349577+09:00,eval/results/IDE_076_20260917/qwen/OPT4/A1_MAIN3_C1_LONG_105333/M2_MAIN_OFF
IDE_076_20260917,post_fix,p4,A1,A1_MAIN3_C1_LONG_105333,M3_MAIN_OFF,4,a4add14d4708940d,1,0,/models/kt/ide070/hotmap_v2.json,/models/kt/ide070/layer_budget_5952.json,vllm,M073_QWEN_MAIN_SHORT,OFF,256,256,0,131786,32768,44.09014699596446,743.2045985920445,2245.7126594963484,3039.093744766433,10881.738749105712,63.638627913223196,74.42829612432612,75.70268903871793,68.75460925512016,10484.500582300825,True,,2026-09-18T10:58:26.905306+09:00,eval/results/IDE_076_20260917/qwen/OPT4/A1_MAIN3_C1_LONG_105333/M3_MAIN_OFF
IDE_076_20260917,post_fix,p5,A1,A1_MAIN3_C1_LONG_114955,M1_MAIN_OFF,0,a4add14d4708940d,1,0,/models/kt/ide070/hotmap_v2.json,/models/kt/ide070/layer_budget_5952.json,vllm,M073_QWEN_MAIN_SHORT,OFF,256,63,193,32409,8064,301.0185769170057,26.789044326069412,2142.114719026722,3200.168323260732,3201.048450898379,64.72605975586775,70.16435310209728,72.33295918521144,64.98788902536035,10371.881463425234,False,server_died_in_boot,2026-09-18T11:52:41.668104+09:00,eval/results/IDE_076_20260917/qwen/OPT4/A1_MAIN3_C1_LONG_114955/M1_MAIN_OFF
IDE_076_20260917,pre_fix,,A1,A1_MAIN3_C1_LONG_232400,C1_OFF,0,194f30648c708d2f,1,0,/models/kt/ide070/hotmap_v2.json,/models/kt/ide070/layer_budget_5952.json,vllm,M073_QWEN_LOW_CONCURRENCY,OFF,16,16,0,8234,2048,32.24579077900853,63.512165480314835,243.29807894537225,276.36894170427695,297.0960947801359,13.910799996293054,13.96608653713905,13.980494800443564,14.256121742073447,2039.6771834639367,True,,2026-09-17T23:29:54.651718+09:00,eval/results/IDE_076_20260917/qwen/OPT4/A1_MAIN3_C1_LONG_232400/C1_OFF
IDE_076_20260917,pre_fix,,A1,A1_MAIN3_C1_LONG_232400,LONG_OFF,1,194f30648c708d2f,1,0,/models/kt/ide070/hotmap_v2.json,/models/kt/ide070/layer_budget_5952.json,vllm,M073_QWEN_LONGER_PREFILL,OFF,32,32,0,131147,4096,24.675826861988753,165.9924112334237,2353.5080534638837,3156.3553933636285,3168.135906525422,29.821716542777377,41.8079134222582,42.337589706642575,25.492097553797066,6239.169525832403,True,,2026-09-17T23:30:46.434390+09:00,eval/results/IDE_076_20260917/qwen/OPT4/A1_MAIN3_C1_LONG_232400/LONG_OFF
IDE_076_20260917,pre_fix,,A1,A1_MAIN3_C1_LONG_232400,M1_MAIN_OFF,2,194f30648c708d2f,1,0,/models/kt/ide070/hotmap_v2.json,/models/kt/ide070/layer_budget_5952.json,vllm,M073_QWEN_MAIN_SHORT,OFF,256,256,0,131786,32768,44.33909754094202,739.0317308497889,2176.317563513294,3215.8975524944253,10885.444042691954,64.37737656313574,72.65815453894443,76.87732114009266,69.53636435209773,10521.788273472339,True,,2026-09-17T23:26:42.413980+09:00,eval/results/IDE_076_20260917/qwen/OPT4/A1_MAIN3_C1_LONG_232400/M1_MAIN_OFF
IDE_076_20260917,pre_fix,,A1,A1_MAIN3_C1_LONG_232400,M2_MAIN_OFF,3,194f30648c708d2f,1,0,/models/kt/ide070/hotmap_v2.json,/models/kt/ide070/layer_budget_5952.json,vllm,M073_QWEN_MAIN_SHORT,OFF,256,256,0,131786,32768,43.37576856801752,755.4448274182512,2218.607969523873,3084.3528019613586,10695.307674672216,61.821835826418734,72.622453590844,73.68776416140203,66.96280151372775,10380.968230048893,True,,2026-09-17T23:27:46.836368+09:00,eval/results/IDE_076_20260917/qwen/OPT4/A1_MAIN3_C1_LONG_232400/M2_MAIN_OFF
IDE_076_20260917,pre_fix,,A1,A1_MAIN3_C1_LONG_232400,M3_MAIN_OFF,4,194f30648c708d2f,1,0,/models/kt/ide070/hotmap_v2.json,/models/kt/ide070/layer_budget_5952.json,vllm,M073_QWEN_MAIN_SHORT,OFF,256,256,0,131786,32768,44.02292984398082,744.3393730524347,2184.1757909278385,3072.040619532345,10800.615616264979,63.57339199991735,74.31295784268214,77.21315390525724,69.77599292295054,10578.066515765386,True,,2026-09-17T23:28:50.343341+09:00,eval/results/IDE_076_20260917/qwen/OPT4/A1_MAIN3_C1_LONG_232400/M3_MAIN_OFF
IDE_076_20260917,post_fix,p1,A1ae,A1ae_MAIN3_C1_LONG_070438,C1_OFF,0,a4add14d4708940d,1,0,/models/kt/ide070/hotmap_v2.json,/models/kt/ide070/layer_budget_5952.json,vllm,M073_QWEN_LOW_CONCURRENCY,OFF,16,16,0,8234,2048,32.47623049898539,63.061505862387044,248.81639797240496,282.17792755458504,299.0123327123001,13.901269984592897,14.127689511350201,14.608292403084585,14.260085002752021,2081.8647017586045,True,,2026-09-18T07:10:32.747268+09:00,eval/results/IDE_076_20260917/qwen/OPT4/A1ae_MAIN3_C1_LONG_070438/C1_OFF
IDE_076_20260917,post_fix,p1,A1ae,A1ae_MAIN3_C1_LONG_070438,LONG_OFF,1,a4add14d4708940d,1,0,/models/kt/ide070/hotmap_v2.json,/models/kt/ide070/layer_budget_5952.json,vllm,M073_QWEN_LONGER_PREFILL,OFF,32,32,0,131147,4096,24.731683830963448,165.61751427825996,2375.6176235619932,3165.6665322952904,3238.0400546523742,29.88219995640116,41.77191355999002,42.02244255620268,25.536846893373877,6244.4818278134335,True,,2026-09-18T07:11:24.647632+09:00,eval/results/IDE_076_20260917/qwen/OPT4/A1ae_MAIN3_C1_LONG_070438/LONG_OFF
IDE_076_20260917,post_fix,p1,A1ae,A1ae_MAIN3_C1_LONG_070438,M1_MAIN_OFF,2,a4add14d4708940d,1,0,/models/kt/ide070/hotmap_v2.json,/models/kt/ide070/layer_budget_5952.json,vllm,M073_QWEN_MAIN_SHORT,OFF,256,256,0,131786,32768,42.57205315108877,769.70682817918,2304.8512295354158,3237.3220230510924,10473.203680629373,61.032436708791366,68.25402635653818,73.17544450317912,64.46676311898045,10145.715559599921,True,,2026-09-18T07:07:22.451671+09:00,eval/results/IDE_076_20260917/qwen/OPT4/A1ae_MAIN3_C1_LONG_070438/M1_MAIN_OFF
IDE_076_20260917,post_fix,p1,A1ae,A1ae_MAIN3_C1_LONG_070438,M2_MAIN_OFF,3,a4add14d4708940d,1,0,/models/kt/ide070/hotmap_v2.json,/models/kt/ide070/layer_budget_5952.json,vllm,M073_QWEN_MAIN_SHORT,OFF,256,256,0,131786,32768,42.42135685798712,772.4411104929195,2199.7982129687443,3137.5556270650122,10289.557057834461,59.19196593665012,69.89396012188338,71.84545190094632,64.92370169144124,10185.93229027465,True,,2026-09-18T07:08:25.226820+09:00,eval/results/IDE_076_20260917/qwen/OPT4/A1ae_MAIN3_C1_LONG_070438/M2_MAIN_OFF
IDE_076_20260917,post_fix,p1,A1ae,A1ae_MAIN3_C1_LONG_070438,M3_MAIN_OFF,4,a4add14d4708940d,1,0,/models/kt/ide070/hotmap_v2.json,/models/kt/ide070/layer_budget_5952.json,vllm,M073_QWEN_MAIN_SHORT,OFF,256,256,0,131786,32768,42.66992842697073,767.9412928025458,2155.6334770284593,3055.5541299981996,10456.768088036913,60.1519674019646,69.59557587209369,75.11214367833583,66.15637642680667,10316.505377471913,True,,2026-09-18T07:09:27.469881+09:00,eval/results/IDE_076_20260917/qwen/OPT4/A1ae_MAIN3_C1_LONG_070438/M3_MAIN_OFF
IDE_076_20260917,post_fix,p2,A1ae,A1ae_MAIN3_C1_LONG_083930,M1_MAIN_OFF,0,a4add14d4708940d,1,0,/models/kt/ide070/hotmap_v2.json,/models/kt/ide070/layer_budget_5952.json,vllm,M073_QWEN_MAIN_SHORT,OFF,256,189,67,97303,24192,315.632080274052,76.64620142222222,2262.7523310948163,3423.2489970279858,4300.294093196314,62.8015632909818,68.88469374375637,73.86714888274611,64.68877478037028,10325.628143176436,False,server_died_in_boot,2026-09-18T08:42:15.507414+09:00,eval/results/IDE_076_20260917/qwen/OPT4/A1ae_MAIN3_C1_LONG_083930/M1_MAIN_OFF
IDE_076_20260917,post_fix,p3,A1ae,A1ae_MAIN3_C1_LONG_093058,M1_MAIN_OFF,0,a4add14d4708940d,1,0,/models/kt/ide070/hotmap_v2.json,/models/kt/ide070/layer_budget_5952.json,vllm,M073_QWEN_MAIN_SHORT,OFF,256,256,0,131786,32768,42.730561387958005,766.8516147610086,2259.7859920351766,3312.1616678254213,10429.866571642917,60.33227164949122,71.23784250996853,71.53813744556913,65.30128775630146,10459.531513013644,False,server_died_in_boot,2026-09-18T09:33:38.597443+09:00,eval/results/IDE_076_20260917/qwen/OPT4/A1ae_MAIN3_C1_LONG_093058/M1_MAIN_OFF
IDE_076_20260917,post_fix,p3,A1ae,A1ae_MAIN3_C1_LONG_093058,M2_MAIN_OFF,1,a4add14d4708940d,1,0,/models/kt/ide070/hotmap_v2.json,/models/kt/ide070/layer_budget_5952.json,vllm,M073_QWEN_MAIN_SHORT,OFF,256,256,0,131786,32768,40.37740601005498,811.5429701412703,2144.1210079938173,3062.69285097369,6031.1166279366425,55.05200300418853,65.54584603781416,67.72916859687732,61.359316104790196,9718.036309583113,False,server_died_in_boot,2026-09-18T09:34:41.205931+09:00,eval/results/IDE_076_20260917/qwen/OPT4/A1ae_MAIN3_C1_LONG_093058/M2_MAIN_OFF
IDE_076_20260917,post_fix,p3,A1ae,A1ae_MAIN3_C1_LONG_093058,M3_MAIN_OFF,2,a4add14d4708940d,1,0,/models/kt/ide070/hotmap_v2.json,/models/kt/ide070/layer_budget_5952.json,vllm,M073_QWEN_MAIN_SHORT,OFF,256,189,67,97303,24192,321.4160039409762,75.26694285093077,2160.492369090207,3067.2810521908104,3948.1879675574937,59.67591801661939,66.38868586765236,70.68103189404144,62.876893067732446,9877.295029186644,False,server_died_in_boot,2026-09-18T09:35:41.759079+09:00,eval/results/IDE_076_20260917/qwen/OPT4/A1ae_MAIN3_C1_LONG_093058/M3_MAIN_OFF
IDE_076_20260917,post_fix,p4,A1ae,A1ae_MAIN3_C1_LONG_110916,M1_MAIN_OFF,0,a4add14d4708940d,1,0,/models/kt/ide070/hotmap_v2.json,/models/kt/ide070/layer_budget_5952.json,vllm,M073_QWEN_MAIN_SHORT,OFF,256,256,0,131786,32768,43.011968508013524,761.8344646071016,2245.0689704855904,3286.7185865470674,10479.061742313204,61.23848218841141,71.54388176909772,72.77541101197932,67.72418814944102,10638.165536045562,False,server_died_in_boot,2026-09-18T11:12:02.300005+09:00,eval/results/IDE_076_20260917/qwen/OPT4/A1ae_MAIN3_C1_LONG_110916/M1_MAIN_OFF
IDE_076_20260917,post_fix,p4,A1ae,A1ae_MAIN3_C1_LONG_110916,M2_MAIN_OFF,1,a4add14d4708940d,1,0,/models/kt/ide070/hotmap_v2.json,/models/kt/ide070/layer_budget_5952.json,vllm,M073_QWEN_MAIN_SHORT,OFF,256,63,193,32405,8064,301.62414974404965,26.735259782225327,2100.4910490009934,3032.2808572323993,3033.0964455823414,62.37315283501594,67.70497464554707,69.81997336301309,65.7573890639469,10036.441927298438,False,server_died_in_boot,2026-09-18T11:13:05.453215+09:00,eval/results/IDE_076_20260917/qwen/OPT4/A1ae_MAIN3_C1_LONG_110916/M2_MAIN_OFF
IDE_076_20260917,post_fix,p5,A1ae,A1ae_MAIN3_C1_LONG_113424,C1_OFF,0,a4add14d4708940d,1,0,/models/kt/ide070/hotmap_v2.json,/models/kt/ide070/layer_budget_5952.json,vllm,M073_QWEN_LOW_CONCURRENCY,OFF,16,16,0,8234,2048,32.24844395602122,63.50694014238199,234.86529890215024,269.8366209806409,299.5555834088008,13.912374015776514,14.14327877165757,14.617944403329687,14.268437359714879,2082.3436022910755,True,,2026-09-18T11:40:17.004496+09:00,eval/results/IDE_076_20260917/qwen/OPT4/A1ae_MAIN3_C1_LONG_113424/C1_OFF
IDE_076_20260917,post_fix,p5,A1ae,A1ae_MAIN3_C1_LONG_113424,LONG_OFF,1,a4add14d4708940d,1,0,/models/kt/ide070/hotmap_v2.json,/models/kt/ide070/layer_budget_5952.json,vllm,M073_QWEN_LONGER_PREFILL,OFF,32,32,0,131147,4096,24.94057384401094,164.23038321484273,2465.7681165263057,3326.0821916162968,3391.8176858488005,29.664534212394408,41.779497729781205,43.138984435762275,25.035992776975036,6393.761896417709,True,,2026-09-18T11:41:09.174231+09:00,eval/results/IDE_076_20260917/qwen/OPT4/A1ae_MAIN3_C1_LONG_113424/LONG_OFF
IDE_076_20260917,post_fix,p5,A1ae,A1ae_MAIN3_C1_LONG_113424,M1_MAIN_OFF,2,a4add14d4708940d,1,0,/models/kt/ide070/hotmap_v2.json,/models/kt/ide070/layer_budget_5952.json,vllm,M073_QWEN_MAIN_SHORT,OFF,256,256,0,131786,32768,42.4394547570264,772.1117103790037,2228.734129050281,3099.4174417864997,10345.12562226154,60.833390901602186,72.1799279505838,73.05135808272772,65.46365431859158,10098.731506499462,True,,2026-09-18T11:37:09.681865+09:00,eval/results/IDE_076_20260917/qwen/OPT4/A1ae_MAIN3_C1_LONG_113424/M1_MAIN_OFF
IDE_076_20260917,post_fix,p5,A1ae,A1ae_MAIN3_C1_LONG_113424,M2_MAIN_OFF,3,a4add14d4708940d,1,0,/models/kt/ide070/hotmap_v2.json,/models/kt/ide070/layer_budget_5952.json,vllm,M073_QWEN_MAIN_SHORT,OFF,256,256,0,131786,32768,42.26591580500826,775.2819115803279,2123.081687488593,3055.4956028354354,10396.301962592403,61.011893090363,68.08418971229725,73.28507918433661,65.53491358063184,10026.612122514052,True,,2026-09-18T11:38:12.333985+09:00,eval/results/IDE_076_20260917/qwen/OPT4/A1ae_MAIN3_C1_LONG_113424/M2_MAIN_OFF
IDE_076_20260917,post_fix,p5,A1ae,A1ae_MAIN3_C1_LONG_113424,M3_MAIN_OFF,4,a4add14d4708940d,1,0,/models/kt/ide070/hotmap_v2.json,/models/kt/ide070/layer_budget_5952.json,vllm,M073_QWEN_MAIN_SHORT,OFF,256,256,0,131786,32768,42.34616397100035,773.8127123495838,2150.5541805527173,3087.4710362113547,10362.590180808907,60.59056005117989,67.84029758473909,72.55235440093166,63.95527654676698,10082.37847793498,True,,2026-09-18T11:39:14.835514+09:00,eval/results/IDE_076_20260917/qwen/OPT4/A1ae_MAIN3_C1_LONG_113424/M3_MAIN_OFF
IDE_076_20260917,post_fix,p6,A1ae,A1ae_MAIN3_C1_LONG_124640,C1_OFF,0,a4add14d4708940d,1,0,/models/kt/ide070/hotmap_v2.json,/models/kt/ide070/layer_budget_5952.json,vllm,M073_QWEN_LOW_CONCURRENCY,OFF,16,16,0,8234,2048,32.30436109693255,63.397012987031864,235.98989401943982,309.0155032405164,322.93030789005564,13.90404433496003,13.964134333316077,13.971051761255357,14.278345851926133,2080.7030189898796,True,,2026-09-18T12:52:35.165376+09:00,eval/results/IDE_076_20260917/qwen/OPT4/A1ae_MAIN3_C1_LONG_124640/C1_OFF
IDE_076_20260917,post_fix,p6,A1ae,A1ae_MAIN3_C1_LONG_124640,LONG_OFF,1,a4add14d4708940d,1,0,/models/kt/ide070/hotmap_v2.json,/models/kt/ide070/layer_budget_5952.json,vllm,M073_QWEN_LONGER_PREFILL,OFF,32,32,0,131147,4096,24.812858026009053,165.07570372209995,2354.192074970342,3148.264715290861,3153.5479459317867,30.41830281525352,42.37520819961636,42.434692874891816,26.06863744440488,6239.052035234636,True,,2026-09-18T12:53:27.050494+09:00,eval/results/IDE_076_20260917/qwen/OPT4/A1ae_MAIN3_C1_LONG_124640/LONG_OFF
IDE_076_20260917,post_fix,p6,A1ae,A1ae_MAIN3_C1_LONG_124640,M1_MAIN_OFF,2,a4add14d4708940d,1,0,/models/kt/ide070/hotmap_v2.json,/models/kt/ide070/layer_budget_5952.json,vllm,M073_QWEN_MAIN_SHORT,OFF,256,256,0,131786,32768,43.41444311803207,754.7718603901636,2298.2356034917757,3366.528163169278,10414.462974335755,62.155011924915016,73.11900922392428,77.418192892746,68.57753225485794,10760.907903750194,True,,2026-09-18T12:49:26.727169+09:00,eval/results/IDE_076_20260917/qwen/OPT4/A1ae_MAIN3_C1_LONG_124640/M1_MAIN_OFF
IDE_076_20260917,post_fix,p6,A1ae,A1ae_MAIN3_C1_LONG_124640,M2_MAIN_OFF,3,a4add14d4708940d,1,0,/models/kt/ide070/hotmap_v2.json,/models/kt/ide070/layer_budget_5952.json,vllm,M073_QWEN_MAIN_SHORT,OFF,256,256,0,131786,32768,42.73008435999509,766.8601757004293,2190.6949770636857,3077.0461425418034,10456.406349054298,60.99126327922201,68.90524089163146,72.67901271808063,64.65971386642195,10160.964060516562,True,,2026-09-18T12:50:29.992651+09:00,eval/results/IDE_076_20260917/qwen/OPT4/A1ae_MAIN3_C1_LONG_124640/M2_MAIN_OFF
IDE_076_20260917,post_fix,p6,A1ae,A1ae_MAIN3_C1_LONG_124640,M3_MAIN_OFF,4,a4add14d4708940d,1,0,/models/kt/ide070/hotmap_v2.json,/models/kt/ide070/layer_budget_5952.json,vllm,M073_QWEN_MAIN_SHORT,OFF,256,256,0,131786,32768,41.86896296602208,782.63223348981,2142.5985234673135,3030.1891362760216,10251.487158803495,60.57134845273892,70.19602237626779,72.56849506882746,64.29538879892789,9992.256585537689,True,,2026-09-18T12:51:32.755917+09:00,eval/results/IDE_076_20260917/qwen/OPT4/A1ae_MAIN3_C1_LONG_124640/M3_MAIN_OFF
IDE_076_20260917,pre_fix,,A1ae,A1ae_MAIN3_C1_LONG_234516,M1_MAIN_OFF,0,db497d747215abae,1,0,/models/kt/ide070/hotmap_v2.json,/models/kt/ide070/layer_budget_5952.json,vllm,M073_QWEN_MAIN_SHORT,OFF,256,256,0,131786,32768,42.559499294962734,769.9338700603172,2204.087848542258,3141.433012235211,10375.832539045945,60.648688870504145,68.58704153789338,74.05621649781756,64.00255428161472,10239.918419974856,False,server_died_in_boot,2026-09-17T23:47:58.517396+09:00,eval/results/IDE_076_20260917/qwen/OPT4/A1ae_MAIN3_C1_LONG_234516/M1_MAIN_OFF
IDE_076_20260917,pre_fix,,A1ae,A1ae_MAIN3_C1_LONG_234516,M2_MAIN_OFF,1,db497d747215abae,1,0,/models/kt/ide070/hotmap_v2.json,/models/kt/ide070/layer_budget_5952.json,vllm,M073_QWEN_MAIN_SHORT,OFF,256,189,67,97306,24192,318.4777407030342,75.96135273566237,2123.7032789504156,3043.144326773472,3967.315447293257,61.72082121263984,69.252827052049,72.63767678576602,65.1196664548479,10217.841004231013,False,server_died_in_boot,2026-09-17T23:49:01.261430+09:00,eval/results/IDE_076_20260917/qwen/OPT4/A1ae_MAIN3_C1_LONG_234516/M2_MAIN_OFF
IDE_076_20260917,post_fix,p1,A1e,A1e_MAIN3_C1_LONG_071226,M1_MAIN_OFF,0,a4add14d4708940d,0,0,/models/kt/ide070/hotmap_v2.json,/models/kt/ide070/layer_budget_5952.json,vllm,M073_QWEN_MAIN_SHORT,OFF,256,256,0,131786,32768,42.548006293945946,770.1418433949625,2163.388862507418,3121.8445360136684,10466.4802042942,62.03104283864148,68.26752692293266,73.0260415732362,64.37944693607278,10105.90354478336,False,server_died_in_boot,2026-09-18T07:15:10.914456+09:00,eval/results/IDE_076_20260917/qwen/OPT4/A1e_MAIN3_C1_LONG_071226/M1_MAIN_OFF
IDE_076_20260917,post_fix,p1,A1e,A1e_MAIN3_C1_LONG_071226,M2_MAIN_OFF,1,a4add14d4708940d,0,0,/models/kt/ide070/hotmap_v2.json,/models/kt/ide070/layer_budget_5952.json,vllm,M073_QWEN_MAIN_SHORT,OFF,256,126,130,64867,16128,304.3772297219839,52.98688083445403,2120.495248003863,3049.440094444435,3051.476008957252,62.28191638961214,68.52485791905637,71.94816520851009,65.71044143638574,10146.100737940287,False,server_died_in_boot,2026-09-18T07:16:13.410645+09:00,eval/results/IDE_076_20260917/qwen/OPT4/A1e_MAIN3_C1_LONG_071226/M2_MAIN_OFF
IDE_076_20260917,post_fix,p2,A1e,A1e_MAIN3_C1_LONG_083144,C1_OFF,0,a4add14d4708940d,0,0,/models/kt/ide070/hotmap_v2.json,/models/kt/ide070/layer_budget_5952.json,vllm,M073_QWEN_LOW_CONCURRENCY,OFF,16,16,0,8234,2048,32.3554421128938,63.29692522371259,245.01314252847806,301.65578197920695,303.648069978226,13.907539988244611,14.109622338084563,14.493521538198243,14.210809068754314,2076.1237094411626,True,,2026-09-18T08:37:36.765958+09:00,eval/results/IDE_076_20260917/qwen/OPT4/A1e_MAIN3_C1_LONG_083144/C1_OFF
IDE_076_20260917,post_fix,p2,A1e,A1e_MAIN3_C1_LONG_083144,LONG_OFF,1,a4add14d4708940d,0,0,/models/kt/ide070/hotmap_v2.json,/models/kt/ide070/layer_budget_5952.json,vllm,M073_QWEN_LONGER_PREFILL,OFF,32,32,0,131147,4096,24.757122020004317,165.447340635569,2368.1267014471814,3167.698132194346,3169.0320391894784,29.93509586621809,41.941574704604164,42.27461166047367,25.445893075084314,6226.76879336359,True,,2026-09-18T08:38:28.627044+09:00,eval/results/IDE_076_20260917/qwen/OPT4/A1e_MAIN3_C1_LONG_083144/LONG_OFF
IDE_076_20260917,post_fix,p2,A1e,A1e_MAIN3_C1_LONG_083144,M1_MAIN_OFF,2,a4add14d4708940d,0,0,/models/kt/ide070/hotmap_v2.json,/models/kt/ide070/layer_budget_5952.json,vllm,M073_QWEN_MAIN_SHORT,OFF,256,256,0,131786,32768,42.602056760923006,769.1647420660837,2165.1594914728776,3137.0923707145266,10375.537114392493,60.34694239359686,69.53337909832531,71.82328257055248,64.28412476670928,10229.146771744126,True,,2026-09-18T08:34:28.830591+09:00,eval/results/IDE_076_20260917/qwen/OPT4/A1e_MAIN3_C1_LONG_083144/M1_MAIN_OFF
IDE_076_20260917,post_fix,p2,A1e,A1e_MAIN3_C1_LONG_083144,M2_MAIN_OFF,3,a4add14d4708940d,0,0,/models/kt/ide070/hotmap_v2.json,/models/kt/ide070/layer_budget_5952.json,vllm,M073_QWEN_MAIN_SHORT,OFF,256,256,0,131786,32768,42.81124611094128,765.4063587657513,2405.092347471509,3188.9900902751833,10435.856189049078,59.960958669347114,70.85174328521971,73.20106702111478,65.59476506663484,10274.311728513567,True,,2026-09-18T08:35:31.448985+09:00,eval/results/IDE_076_20260917/qwen/OPT4/A1e_MAIN3_C1_LONG_083144/M2_MAIN_OFF
IDE_076_20260917,post_fix,p2,A1e,A1e_MAIN3_C1_LONG_083144,M3_MAIN_OFF,4,a4add14d4708940d,0,0,/models/kt/ide070/hotmap_v2.json,/models/kt/ide070/layer_budget_5952.json,vllm,M073_QWEN_MAIN_SHORT,OFF,256,256,0,131786,32768,42.35178290994372,773.7100482800794,2143.2205815217458,3047.653700748924,10367.002095357744,60.855505338551,68.14841177785681,72.75295575643436,64.84320298186503,10053.045980224852,True,,2026-09-18T08:36:34.135496+09:00,eval/results/IDE_076_20260917/qwen/OPT4/A1e_MAIN3_C1_LONG_083144/M3_MAIN_OFF
IDE_076_20260917,post_fix,p3,A1e,A1e_MAIN3_C1_LONG_094127,C1_OFF,0,a4add14d4708940d,0,0,/models/kt/ide070/hotmap_v2.json,/models/kt/ide070/layer_budget_5952.json,vllm,M073_QWEN_LOW_CONCURRENCY,OFF,16,16,0,8234,2048,32.4150711070979,63.18048765753135,242.19111044658348,337.6639259804506,355.4428163508419,13.915927567350582,13.954167111958267,13.968856420916117,14.217918395297602,2099.7296276909765,True,,2026-09-18T09:47:22.463115+09:00,eval/results/IDE_076_20260917/qwen/OPT4/A1e_MAIN3_C1_LONG_094127/C1_OFF
IDE_076_20260917,post_fix,p3,A1e,A1e_MAIN3_C1_LONG_094127,LONG_OFF,1,a4add14d4708940d,0,0,/models/kt/ide070/hotmap_v2.json,/models/kt/ide070/layer_budget_5952.json,vllm,M073_QWEN_LONGER_PREFILL,OFF,32,32,0,131147,4096,25.006952484953217,163.79444886235456,2542.618237552233,3281.6982123884372,3428.288482347271,29.831209846068262,41.910745833650246,43.11599840646551,25.22098063491285,6489.046347804833,True,,2026-09-18T09:48:14.667903+09:00,eval/results/IDE_076_20260917/qwen/OPT4/A1e_MAIN3_C1_LONG_094127/LONG_OFF
IDE_076_20260917,post_fix,p3,A1e,A1e_MAIN3_C1_LONG_094127,M1_MAIN_OFF,2,a4add14d4708940d,0,0,/models/kt/ide070/hotmap_v2.json,/models/kt/ide070/layer_budget_5952.json,vllm,M073_QWEN_MAIN_SHORT,OFF,256,256,0,131786,32768,43.2780492620077,757.1505776894129,2246.4899184415117,3272.216433950234,10679.490545240697,62.69361474780425,69.6591377582797,75.09134464583718,66.20658751344308,10394.172197324224,True,,2026-09-18T09:44:13.609675+09:00,eval/results/IDE_076_20260917/qwen/OPT4/A1e_MAIN3_C1_LONG_094127/M1_MAIN_OFF
IDE_076_20260917,post_fix,p3,A1e,A1e_MAIN3_C1_LONG_094127,M2_MAIN_OFF,3,a4add14d4708940d,0,0,/models/kt/ide070/hotmap_v2.json,/models/kt/ide070/layer_budget_5952.json,vllm,M073_QWEN_MAIN_SHORT,OFF,256,256,0,131786,32768,42.62888895603828,768.680601406068,2171.0866930661723,3094.3311894661747,10415.78490759711,60.84910156269462,70.0114839941751,73.20130799143523,64.90824669017456,10206.640036485624,True,,2026-09-18T09:45:17.060481+09:00,eval/results/IDE_076_20260917/qwen/OPT4/A1e_MAIN3_C1_LONG_094127/M2_MAIN_OFF
IDE_076_20260917,post_fix,p3,A1e,A1e_MAIN3_C1_LONG_094127,M3_MAIN_OFF,4,a4add14d4708940d,0,0,/models/kt/ide070/hotmap_v2.json,/models/kt/ide070/layer_budget_5952.json,vllm,M073_QWEN_MAIN_SHORT,OFF,256,256,0,131786,32768,42.53207659104373,770.4302875938153,2134.6131680184044,3016.0304660676047,10384.414393885521,61.11476570826141,71.79067504920403,73.32784978266784,66.35577577981167,10184.32161101373,True,,2026-09-18T09:46:19.845992+09:00,eval/results/IDE_076_20260917/qwen/OPT4/A1e_MAIN3_C1_LONG_094127/M3_MAIN_OFF
IDE_076_20260917,post_fix,p4,A1e,A1e_MAIN3_C1_LONG_110127,C1_OFF,0,a4add14d4708940d,0,0,/models/kt/ide070/hotmap_v2.json,/models/kt/ide070/layer_budget_5952.json,vllm,M073_QWEN_LOW_CONCURRENCY,OFF,16,16,0,8234,2048,32.241290320060216,63.52103094105246,240.4474729555659,289.00297643849626,316.9215104659088,13.906224751313342,13.954660508508507,13.969342583949919,14.262977958424015,2055.717118200846,True,,2026-09-18T11:07:21.935002+09:00,eval/results/IDE_076_20260917/qwen/OPT4/A1e_MAIN3_C1_LONG_110127/C1_OFF
IDE_076_20260917,post_fix,p4,A1e,A1e_MAIN3_C1_LONG_110127,LONG_OFF,1,a4add14d4708940d,0,0,/models/kt/ide070/hotmap_v2.json,/models/kt/ide070/layer_budget_5952.json,vllm,M073_QWEN_LONGER_PREFILL,OFF,32,32,0,131147,4096,24.797569516929798,165.17747826873028,2441.674701520242,3262.2188504901715,3300.914824694628,29.736078153162698,41.82181345765464,42.59350461483838,25.313257612287998,6286.940812843386,True,,2026-09-18T11:08:13.963248+09:00,eval/results/IDE_076_20260917/qwen/OPT4/A1e_MAIN3_C1_LONG_110127/LONG_OFF
IDE_076_20260917,post_fix,p4,A1e,A1e_MAIN3_C1_LONG_110127,M1_MAIN_OFF,2,a4add14d4708940d,0,0,/models/kt/ide070/hotmap_v2.json,/models/kt/ide070/layer_budget_5952.json,vllm,M073_QWEN_MAIN_SHORT,OFF,256,256,0,131786,32768,43.0890205509495,760.4721476844508,2300.6198774673976,3229.783182265237,10479.261862859128,60.13388786232099,71.66549276563295,72.40627992964222,66.04021194507368,10563.221024960512,True,,2026-09-18T11:04:13.688212+09:00,eval/results/IDE_076_20260917/qwen/OPT4/A1e_MAIN3_C1_LONG_110127/M1_MAIN_OFF
IDE_076_20260917,post_fix,p4,A1e,A1e_MAIN3_C1_LONG_110127,M2_MAIN_OFF,3,a4add14d4708940d,0,0,/models/kt/ide070/hotmap_v2.json,/models/kt/ide070/layer_budget_5952.json,vllm,M073_QWEN_MAIN_SHORT,OFF,256,256,0,131786,32768,42.49124528095126,771.1706207558437,2188.8923520455137,3079.2962585110217,10392.60493504116,60.95459806324005,68.4314266635072,73.55294356596524,65.01380617264658,10063.759409473278,True,,2026-09-18T11:05:17.086881+09:00,eval/results/IDE_076_20260917/qwen/OPT4/A1e_MAIN3_C1_LONG_110127/M2_MAIN_OFF
IDE_076_20260917,post_fix,p4,A1e,A1e_MAIN3_C1_LONG_110127,M3_MAIN_OFF,4,a4add14d4708940d,0,0,/models/kt/ide070/hotmap_v2.json,/models/kt/ide070/layer_budget_5952.json,vllm,M073_QWEN_MAIN_SHORT,OFF,256,256,0,131786,32768,42.38381930894684,773.1252287847257,2207.1476115379483,3108.273748483043,10293.093911802856,59.78934150454991,70.48100224782267,72.90430090611977,65.83311145077458,10264.218664204236,True,,2026-09-18T11:06:19.665740+09:00,eval/results/IDE_076_20260917/qwen/OPT4/A1e_MAIN3_C1_LONG_110127/M3_MAIN_OFF
IDE_076_20260917,post_fix,p5,A1e,A1e_MAIN3_C1_LONG_114208,C1_OFF,0,a4add14d4708940d,0,0,/models/kt/ide070/hotmap_v2.json,/models/kt/ide070/layer_budget_5952.json,vllm,M073_QWEN_LOW_CONCURRENCY,OFF,16,16,0,8234,2048,32.35733908799011,63.29321439043003,246.1164795095101,311.66730078984983,324.91686018765904,13.917651664975327,13.94821536579668,13.952209221109324,14.258371572941542,2074.731262779096,True,,2026-09-18T11:48:01.344185+09:00,eval/results/IDE_076_20260917/qwen/OPT4/A1e_MAIN3_C1_LONG_114208/C1_OFF
IDE_076_20260917,post_fix,p5,A1e,A1e_MAIN3_C1_LONG_114208,LONG_OFF,1,a4add14d4708940d,0,0,/models/kt/ide070/hotmap_v2.json,/models/kt/ide070/layer_budget_5952.json,vllm,M073_QWEN_LONGER_PREFILL,OFF,32,32,0,131147,4096,24.763372353976592,165.405581334008,2369.099411997013,3157.546129700495,3224.682724328013,29.89845301939439,41.78034674223167,42.03075513989833,25.4810034413822,6256.794117705431,True,,2026-09-18T11:48:53.165789+09:00,eval/results/IDE_076_20260917/qwen/OPT4/A1e_MAIN3_C1_LONG_114208/LONG_OFF
IDE_076_20260917,post_fix,p5,A1e,A1e_MAIN3_C1_LONG_114208,M1_MAIN_OFF,2,a4add14d4708940d,0,0,/models/kt/ide070/hotmap_v2.json,/models/kt/ide070/layer_budget_5952.json,vllm,M073_QWEN_MAIN_SHORT,OFF,256,256,0,131786,32768,42.78805747302249,765.8211644840374,2207.6235929853283,3196.4273445191793,10588.78153160913,61.41591549614503,68.01906766692602,72.6421546603014,64.37486205250025,10068.168611236615,True,,2026-09-18T11:44:53.189637+09:00,eval/results/IDE_076_20260917/qwen/OPT4/A1e_MAIN3_C1_LONG_114208/M1_MAIN_OFF
IDE_076_20260917,post_fix,p5,A1e,A1e_MAIN3_C1_LONG_114208,M2_MAIN_OFF,3,a4add14d4708940d,0,0,/models/kt/ide070/hotmap_v2.json,/models/kt/ide070/layer_budget_5952.json,vllm,M073_QWEN_MAIN_SHORT,OFF,256,256,0,131786,32768,42.48703969409689,771.2469552109735,2164.031097025145,3101.8435129954014,10390.606535959516,60.49343203533602,68.2826493992782,73.66205385123476,64.96133892796934,10122.163581952918,True,,2026-09-18T11:45:55.981464+09:00,eval/results/IDE_076_20260917/qwen/OPT4/A1e_MAIN3_C1_LONG_114208/M2_MAIN_OFF
IDE_076_20260917,post_fix,p5,A1e,A1e_MAIN3_C1_LONG_114208,M3_MAIN_OFF,4,a4add14d4708940d,0,0,/models/kt/ide070/hotmap_v2.json,/models/kt/ide070/layer_budget_5952.json,vllm,M073_QWEN_MAIN_SHORT,OFF,256,256,0,131786,32768,42.76324393204413,766.2655352356393,2125.8143584709615,3021.1455686949193,10497.876025288131,61.51763194535793,69.37728982279444,73.85405025891335,65.62648276449181,10179.832462541526,True,,2026-09-18T11:46:58.761480+09:00,eval/results/IDE_076_20260917/qwen/OPT4/A1e_MAIN3_C1_LONG_114208/M3_MAIN_OFF
IDE_076_20260917,pre_fix,,A1e,A1e_MAIN3_C1_LONG_233730,C1_OFF,0,db497d747215abae,0,0,/models/kt/ide070/hotmap_v2.json,/models/kt/ide070/layer_budget_5952.json,vllm,M073_QWEN_LOW_CONCURRENCY,OFF,16,16,0,8234,2048,32.44863422005437,63.11513717684504,250.2476354711689,311.1401522473898,311.2341440457385,13.932876476347007,13.966501543324028,13.967237493122274,14.2662517784629,2078.3954072685447,True,,2026-09-17T23:43:23.067247+09:00,eval/results/IDE_076_20260917/qwen/OPT4/A1e_MAIN3_C1_LONG_233730/C1_OFF
IDE_076_20260917,pre_fix,,A1e,A1e_MAIN3_C1_LONG_233730,LONG_OFF,1,db497d747215abae,0,0,/models/kt/ide070/hotmap_v2.json,/models/kt/ide070/layer_budget_5952.json,vllm,M073_QWEN_LONGER_PREFILL,OFF,32,32,0,131147,4096,24.682564017013647,165.9471032740616,2414.4448270089924,3177.4689537647646,3216.8424669781234,29.786057747794153,41.75561503965525,41.865168486210315,25.14080735272728,6211.761096533155,True,,2026-09-17T23:44:15.101686+09:00,eval/results/IDE_076_20260917/qwen/OPT4/A1e_MAIN3_C1_LONG_233730/LONG_OFF
IDE_076_20260917,pre_fix,,A1e,A1e_MAIN3_C1_LONG_233730,M1_MAIN_OFF,2,db497d747215abae,0,0,/models/kt/ide070/hotmap_v2.json,/models/kt/ide070/layer_budget_5952.json,vllm,M073_QWEN_MAIN_SHORT,OFF,256,256,0,131786,32768,43.38083665492013,755.3565704750774,2300.6138834753074,3261.303385545034,10615.68003875436,61.64564421275763,69.49687429899019,73.87517302761799,65.50418210681528,10374.913931067567,True,,2026-09-17T23:40:12.795104+09:00,eval/results/IDE_076_20260917/qwen/OPT4/A1e_MAIN3_C1_LONG_233730/M1_MAIN_OFF
IDE_076_20260917,pre_fix,,A1e,A1e_MAIN3_C1_LONG_233730,M2_MAIN_OFF,3,db497d747215abae,0,0,/models/kt/ide070/hotmap_v2.json,/models/kt/ide070/layer_budget_5952.json,vllm,M073_QWEN_MAIN_SHORT,OFF,256,256,0,131786,32768,42.707327821990475,767.2687960384961,2288.3502449840307,3031.1573537474032,10404.281507554695,59.80706775623308,70.5478473522473,72.95157247572206,66.27278823289089,10301.577303296654,True,,2026-09-17T23:41:16.184437+09:00,eval/results/IDE_076_20260917/qwen/OPT4/A1e_MAIN3_C1_LONG_233730/M2_MAIN_OFF
IDE_076_20260917,pre_fix,,A1e,A1e_MAIN3_C1_LONG_233730,M3_MAIN_OFF,4,db497d747215abae,0,0,/models/kt/ide070/hotmap_v2.json,/models/kt/ide070/layer_budget_5952.json,vllm,M073_QWEN_MAIN_SHORT,OFF,256,256,0,131786,32768,43.4247772640083,754.592241217068,2283.401482447516,3101.474875060376,10608.174974686694,61.10500212159287,71.86195329743745,76.05478832329528,67.27647192892618,10400.566283235094,True,,2026-09-17T23:42:19.126897+09:00,eval/results/IDE_076_20260917/qwen/OPT4/A1e_MAIN3_C1_LONG_233730/M3_MAIN_OFF
IDE_076_20260917,post_fix,,A2B,A2B_CONFIRM_132439,C1_OFF,0,a4add14d4708940d,0,1,/models/kt/ide076/placements/HB_MIX1/hotmap.json,/models/kt/ide076/placements/HB_MIX1/layer_budget.json,vllm,M073_QWEN_LOW_CONCURRENCY,OFF,16,16,0,8234,2048,32.50349829008337,63.00860238864913,248.74503904720768,266.64688531309366,297.3602066747844,13.950426586606637,14.345817744097577,14.449690471450966,14.997725409921259,2099.5589357917197,True,,2026-09-18T13:30:50.642032+09:00,eval/results/IDE_076_20260917/qwen/OPT4/A2B_CONFIRM_132439/C1_OFF
IDE_076_20260917,post_fix,,A2B,A2B_CONFIRM_132439,IND1_OFF,1,a4add14d4708940d,0,1,/models/kt/ide076/placements/HB_MIX1/hotmap.json,/models/kt/ide076/placements/HB_MIX1/layer_budget.json,vllm,M076_QWEN_CONFIRM,OFF,128,128,0,64376,16384,22.963112200028263,713.4921371842548,2172.205153037794,3027.3752212815452,8488.068931088812,63.922895381674465,71.34852101022605,75.02263777158737,68.30849152174778,10537.812200182816,True,,2026-09-18T13:32:28.824242+09:00,eval/results/IDE_076_20260917/qwen/OPT4/A2B_CONFIRM_132439/IND1_OFF
IDE_076_20260917,post_fix,,A2B,A2B_CONFIRM_132439,IND2_OFF,2,a4add14d4708940d,0,1,/models/kt/ide076/placements/HB_MIX1/hotmap.json,/models/kt/ide076/placements/HB_MIX1/layer_budget.json,vllm,M076_QWEN_CONFIRM,OFF,128,128,0,64376,16384,22.84815587499179,717.081942614587,2176.2195425108075,2994.0577358356677,8421.394398876031,62.824945271704486,71.48364354392484,74.05204485033961,68.29907046630979,10515.976160520222,True,,2026-09-18T13:33:11.670742+09:00,eval/results/IDE_076_20260917/qwen/OPT4/A2B_CONFIRM_132439/IND2_OFF
IDE_076_20260917,post_fix,,A2B,A2B_CONFIRM_132439,LONG_OFF,3,a4add14d4708940d,0,1,/models/kt/ide076/placements/HB_MIX1/hotmap.json,/models/kt/ide076/placements/HB_MIX1/layer_budget.json,vllm,M073_QWEN_LONGER_PREFILL,OFF,32,32,0,131147,4096,24.795255689066835,165.1928921953437,2378.392046550289,3171.2156640016474,3175.8979803381953,30.116999283520958,42.18442135648142,42.38575957497347,27.346632827538993,6242.965534137329,True,,2026-09-18T13:31:44.075913+09:00,eval/results/IDE_076_20260917/qwen/OPT4/A2B_CONFIRM_132439/LONG_OFF
IDE_076_20260917,post_fix,,A2B,A2B_CONFIRM_132439,M1_MAIN_OFF,4,a4add14d4708940d,0,1,/models/kt/ide076/placements/HB_MIX1/hotmap.json,/models/kt/ide076/placements/HB_MIX1/layer_budget.json,vllm,M073_QWEN_MAIN_SHORT,OFF,256,256,0,131786,32768,45.92895888898056,713.4496577465817,2299.358949007001,3284.9561178300064,11185.889665700957,66.12343649246077,77.11804835249552,77.89631501508427,70.67820530501194,11006.814106542151,True,,2026-09-18T13:27:30.542459+09:00,eval/results/IDE_076_20260917/qwen/OPT4/A2B_CONFIRM_132439/M1_MAIN_OFF
IDE_076_20260917,post_fix,,A2B,A2B_CONFIRM_132439,M2_MAIN_OFF,5,a4add14d4708940d,0,1,/models/kt/ide076/placements/HB_MIX1/hotmap.json,/models/kt/ide076/placements/HB_MIX1/layer_budget.json,vllm,M073_QWEN_MAIN_SHORT,OFF,256,256,0,131786,32768,47.04726780101191,696.4910297999327,2201.669068017509,3146.948395034997,11624.061341717605,69.36683782695346,80.48602011821079,81.3455620499632,75.93924139509909,11242.82472030609,True,,2026-09-18T13:28:36.631472+09:00,eval/results/IDE_076_20260917/qwen/OPT4/A2B_CONFIRM_132439/M2_MAIN_OFF
IDE_076_20260917,post_fix,,A2B,A2B_CONFIRM_132439,M3_MAIN_OFF,6,a4add14d4708940d,0,1,/models/kt/ide076/placements/HB_MIX1/hotmap.json,/models/kt/ide076/placements/HB_MIX1/layer_budget.json,vllm,M073_QWEN_MAIN_SHORT,OFF,256,256,0,131786,32768,46.86599833704531,699.1849349787237,2374.3497924879193,3172.2763353027403,11641.130298736967,68.80648350379775,80.09869672081206,81.15299568267716,73.57811948168091,11218.436965427827,True,,2026-09-18T13:29:43.666589+09:00,eval/results/IDE_076_20260917/qwen/OPT4/A2B_CONFIRM_132439/M3_MAIN_OFF
IDE_076_20260917,post_fix,,A2B,A2B_CONFIRM_140009,C1_OFF,0,a4add14d4708940d,0,1,/models/kt/ide076/placements/HB_MIX1/hotmap.json,/models/kt/ide076/placements/HB_MIX1/layer_budget.json,vllm,M073_QWEN_LOW_CONCURRENCY,OFF,16,16,0,8234,2048,32.58633217110764,62.84843563387718,241.64759350242093,330.0615105545148,337.02677737455815,13.953481629897848,14.273727027374855,14.395246954816283,14.86045064521022,2110.7065609830897,True,,2026-09-18T14:06:22.428014+09:00,eval/results/IDE_076_20260917/qwen/OPT4/A2B_CONFIRM_140009/C1_OFF
IDE_076_20260917,post_fix,,A2B,A2B_CONFIRM_140009,IND1_OFF,1,a4add14d4708940d,0,1,/models/kt/ide076/placements/HB_MIX1/hotmap.json,/models/kt/ide076/placements/HB_MIX1/layer_budget.json,vllm,M076_QWEN_CONFIRM,OFF,128,128,0,64376,16384,22.66198674100451,722.9727996599192,2139.3066334421746,2979.1518318408635,8398.728947201773,63.44552563391552,70.00822696310476,73.35882290127124,67.88285373477265,10350.638488982804,True,,2026-09-18T14:07:59.379192+09:00,eval/results/IDE_076_20260917/qwen/OPT4/A2B_CONFIRM_140009/IND1_OFF
IDE_076_20260917,post_fix,,A2B,A2B_CONFIRM_140009,IND2_OFF,2,a4add14d4708940d,0,1,/models/kt/ide076/placements/HB_MIX1/hotmap.json,/models/kt/ide076/placements/HB_MIX1/layer_budget.json,vllm,M076_QWEN_CONFIRM,OFF,128,128,0,64376,16384,23.135607069008984,708.1724698699169,2146.8040350009687,3000.6147886335384,8533.324730234483,64.40719880675164,72.29536932982013,75.49903586145682,70.59863026370294,10639.073142857524,True,,2026-09-18T14:08:41.838256+09:00,eval/results/IDE_076_20260917/qwen/OPT4/A2B_CONFIRM_140009/IND2_OFF
IDE_076_20260917,post_fix,,A2B,A2B_CONFIRM_140009,LONG_OFF,3,a4add14d4708940d,0,1,/models/kt/ide076/placements/HB_MIX1/hotmap.json,/models/kt/ide076/placements/HB_MIX1/layer_budget.json,vllm,M073_QWEN_LONGER_PREFILL,OFF,32,32,0,131147,4096,25.007940185954794,163.78797971935472,2385.0279499311,3174.765392782865,3242.797552315751,30.2134856259025,42.17710494678871,42.41873368315626,27.43851679842919,6324.050796969095,True,,2026-09-18T14:07:14.626579+09:00,eval/results/IDE_076_20260917/qwen/OPT4/A2B_CONFIRM_140009/LONG_OFF
IDE_076_20260917,post_fix,,A2B,A2B_CONFIRM_140009,M1_MAIN_OFF,4,a4add14d4708940d,0,1,/models/kt/ide076/placements/HB_MIX1/hotmap.json,/models/kt/ide076/placements/HB_MIX1/layer_budget.json,vllm,M073_QWEN_MAIN_SHORT,OFF,256,256,0,131786,32768,46.999529359978624,697.198470840494,2355.976974009536,3238.6204722279217,11525.489847495917,68.474297078077,76.98347067733582,79.73852219049981,74.43500065128319,11297.908153297612,True,,2026-09-18T14:03:01.571888+09:00,eval/results/IDE_076_20260917/qwen/OPT4/A2B_CONFIRM_140009/M1_MAIN_OFF
IDE_076_20260917,post_fix,,A2B,A2B_CONFIRM_140009,M2_MAIN_OFF,5,a4add14d4708940d,0,1,/models/kt/ide076/placements/HB_MIX1/hotmap.json,/models/kt/ide076/placements/HB_MIX1/layer_budget.json,vllm,M073_QWEN_MAIN_SHORT,OFF,256,256,0,131786,32768,46.65955218102317,702.2784932198089,2247.45395447826,3152.690438728314,11572.100351692643,67.44961145262445,79.25717480683254,82.2346476811868,75.25314847007392,11267.99582579406,True,,2026-09-18T14:04:08.583662+09:00,eval/results/IDE_076_20260917/qwen/OPT4/A2B_CONFIRM_140009/M2_MAIN_OFF
IDE_076_20260917,post_fix,,A2B,A2B_CONFIRM_140009,M3_MAIN_OFF,6,a4add14d4708940d,0,1,/models/kt/ide076/placements/HB_MIX1/hotmap.json,/models/kt/ide076/placements/HB_MIX1/layer_budget.json,vllm,M073_QWEN_MAIN_SHORT,OFF,256,256,0,131786,32768,47.132211448973976,695.2357844586842,2338.1990134948865,3102.3495962726884,11704.766165523322,68.59617193291828,79.07953008062455,83.85732402423704,79.74476547096855,11494.329023727914,True,,2026-09-18T14:05:15.054950+09:00,eval/results/IDE_076_20260917/qwen/OPT4/A2B_CONFIRM_140009/M3_MAIN_OFF
IDE_076_20260917,post_fix,,A2B,A2B_CONFIRM_143724,C1_OFF,0,a4add14d4708940d,0,1,/models/kt/ide076/placements/HB_MIX1/hotmap.json,/models/kt/ide076/placements/HB_MIX1/layer_budget.json,vllm,M073_QWEN_LOW_CONCURRENCY,OFF,16,16,0,8234,2048,32.38357276795432,63.24194105063759,243.20903298212215,274.37530673341826,307.7594501548446,13.956469810919792,14.100509029299785,14.339622328842543,14.616889308672398,2080.1075664930977,True,,2026-09-18T14:43:32.924794+09:00,eval/results/IDE_076_20260917/qwen/OPT4/A2B_CONFIRM_143724/C1_OFF
IDE_076_20260917,post_fix,,A2B,A2B_CONFIRM_143724,IND1_OFF,1,a4add14d4708940d,0,1,/models/kt/ide076/placements/HB_MIX1/hotmap.json,/models/kt/ide076/placements/HB_MIX1/layer_budget.json,vllm,M076_QWEN_CONFIRM,OFF,128,128,0,64376,16384,22.20531663694419,737.841313766319,2166.2881905213,3027.6731883524917,8389.572588645417,61.05575997219238,67.81033120602991,73.40444720151291,65.63183572143316,10068.976928142365,True,,2026-09-18T14:45:09.730437+09:00,eval/results/IDE_076_20260917/qwen/OPT4/A2B_CONFIRM_143724/IND1_OFF
IDE_076_20260917,post_fix,,A2B,A2B_CONFIRM_143724,IND2_OFF,2,a4add14d4708940d,0,1,/models/kt/ide076/placements/HB_MIX1/hotmap.json,/models/kt/ide076/placements/HB_MIX1/layer_budget.json,vllm,M076_QWEN_CONFIRM,OFF,128,128,0,64376,16384,21.68565757595934,755.5223973546118,2133.3421419840306,2985.060387797421,8150.61331976208,59.6719204492163,65.87227605641674,71.37388169595891,63.69191245175898,9798.205838300055,True,,2026-09-18T14:45:52.722099+09:00,eval/results/IDE_076_20260917/qwen/OPT4/A2B_CONFIRM_143724/IND2_OFF
IDE_076_20260917,post_fix,,A2B,A2B_CONFIRM_143724,LONG_OFF,3,a4add14d4708940d,0,1,/models/kt/ide076/placements/HB_MIX1/hotmap.json,/models/kt/ide076/placements/HB_MIX1/layer_budget.json,vllm,M073_QWEN_LONGER_PREFILL,OFF,32,32,0,131147,4096,24.91437961696647,164.40305008480567,2378.873849462252,3167.605196038494,3168.48025751533,30.19652737755563,42.116767289410305,42.855263414525055,27.907086384948343,6352.368007320911,True,,2026-09-18T14:44:24.982529+09:00,eval/results/IDE_076_20260917/qwen/OPT4/A2B_CONFIRM_143724/LONG_OFF
IDE_076_20260917,post_fix,,A2B,A2B_CONFIRM_143724,M1_MAIN_OFF,4,a4add14d4708940d,0,1,/models/kt/ide076/placements/HB_MIX1/hotmap.json,/models/kt/ide076/placements/HB_MIX1/layer_budget.json,vllm,M073_QWEN_MAIN_SHORT,OFF,256,256,0,131786,32768,45.67833082797006,717.3642163810259,2375.3140790504403,3364.3216080672573,11162.936816713773,65.03628659855912,75.61433253700727,77.9026737803773,69.6391394303646,11047.02361577074,True,,2026-09-18T14:40:18.990416+09:00,eval/results/IDE_076_20260917/qwen/OPT4/A2B_CONFIRM_143724/M1_MAIN_OFF
IDE_076_20260917,post_fix,,A2B,A2B_CONFIRM_143724,M2_MAIN_OFF,5,a4add14d4708940d,0,1,/models/kt/ide076/placements/HB_MIX1/hotmap.json,/models/kt/ide076/placements/HB_MIX1/layer_budget.json,vllm,M073_QWEN_MAIN_SHORT,OFF,256,256,0,131786,32768,42.8399019689532,764.8943740288557,2242.407269019168,3226.169767032843,6464.476547884906,59.81214254760865,72.31530694036167,74.18382958381612,65.5888824374415,10242.901252495358,True,,2026-09-18T14:41:24.764006+09:00,eval/results/IDE_076_20260917/qwen/OPT4/A2B_CONFIRM_143724/M2_MAIN_OFF
IDE_076_20260917,post_fix,,A2B,A2B_CONFIRM_143724,M3_MAIN_OFF,6,a4add14d4708940d,0,1,/models/kt/ide076/placements/HB_MIX1/hotmap.json,/models/kt/ide076/placements/HB_MIX1/layer_budget.json,vllm,M073_QWEN_MAIN_SHORT,OFF,256,256,0,131786,32768,45.06480480695609,727.1306319947049,2246.601722028572,3142.7998987492174,11039.351851842364,65.58606552792435,74.37538555717852,79.96948067704766,71.67851665872148,10959.08066627453,True,,2026-09-18T14:42:27.993736+09:00,eval/results/IDE_076_20260917/qwen/OPT4/A2B_CONFIRM_143724/M3_MAIN_OFF
IDE_076_20260917,post_fix,p1,A2,A2_MAIN3_C1_LONG_072929,C1_OFF,0,a4add14d4708940d,0,1,/models/kt/ide070/hotmap_v2.json,/models/kt/ide070/layer_budget_5952.json,vllm,M073_QWEN_LOW_CONCURRENCY,OFF,16,16,0,8234,2048,32.456418802030385,63.099999186351475,247.06974299624562,329.1227799782064,331.1638551938813,13.904328405761754,13.93041071251922,13.935716517176111,14.259647153085098,2094.1320529964287,True,,2026-09-18T07:35:21.621978+09:00,eval/results/IDE_076_20260917/qwen/OPT4/A2_MAIN3_C1_LONG_072929/C1_OFF
IDE_076_20260917,post_fix,p1,A2,A2_MAIN3_C1_LONG_072929,LONG_OFF,1,a4add14d4708940d,0,1,/models/kt/ide070/hotmap_v2.json,/models/kt/ide070/layer_budget_5952.json,vllm,M073_QWEN_LONGER_PREFILL,OFF,32,32,0,131147,4096,25.093282570014708,163.23093595154137,2348.4599635121413,3436.962682637386,3548.891959335888,30.11515861428453,42.039983267675886,43.97882656301519,25.596211478114128,6545.452749991091,True,,2026-09-18T07:36:13.965009+09:00,eval/results/IDE_076_20260917/qwen/OPT4/A2_MAIN3_C1_LONG_072929/LONG_OFF
IDE_076_20260917,post_fix,p1,A2,A2_MAIN3_C1_LONG_072929,M1_MAIN_OFF,2,a4add14d4708940d,0,1,/models/kt/ide070/hotmap_v2.json,/models/kt/ide070/layer_budget_5952.json,vllm,M073_QWEN_MAIN_SHORT,OFF,256,256,0,131786,32768,42.62902477092575,768.6781524110479,2277.7616774546914,3123.837693972746,10527.64578668866,61.302618579169014,71.22223228527834,73.15565414408654,66.04226900963104,10088.757675985107,True,,2026-09-18T07:32:14.309449+09:00,eval/results/IDE_076_20260917/qwen/OPT4/A2_MAIN3_C1_LONG_072929/M1_MAIN_OFF
IDE_076_20260917,post_fix,p1,A2,A2_MAIN3_C1_LONG_072929,M2_MAIN_OFF,3,a4add14d4708940d,0,1,/models/kt/ide070/hotmap_v2.json,/models/kt/ide070/layer_budget_5952.json,vllm,M073_QWEN_MAIN_SHORT,OFF,256,256,0,131786,32768,42.39861197001301,772.8554893064804,2207.6808374840766,3148.9046794595197,10223.70090071344,58.99822882671775,69.38340720664674,71.35768385185112,65.41453130193986,10237.991885689553,True,,2026-09-18T07:33:16.987841+09:00,eval/results/IDE_076_20260917/qwen/OPT4/A2_MAIN3_C1_LONG_072929/M2_MAIN_OFF
IDE_076_20260917,post_fix,p1,A2,A2_MAIN3_C1_LONG_072929,M3_MAIN_OFF,4,a4add14d4708940d,0,1,/models/kt/ide070/hotmap_v2.json,/models/kt/ide070/layer_budget_5952.json,vllm,M073_QWEN_MAIN_SHORT,OFF,256,256,0,131786,32768,42.155258932034485,777.3170140605886,2134.6167555311695,2988.3376212383155,10331.008745281722,61.30018239789532,69.5512250607089,73.77542192217211,65.5892534472514,10117.130984959658,True,,2026-09-18T07:34:19.359126+09:00,eval/results/IDE_076_20260917/qwen/OPT4/A2_MAIN3_C1_LONG_072929/M3_MAIN_OFF
IDE_076_20260917,post_fix,p2,A2,A2_MAIN3_C1_LONG_081613,C1_OFF,0,a4add14d4708940d,0,1,/models/kt/ide070/hotmap_v2.json,/models/kt/ide070/layer_budget_5952.json,vllm,M073_QWEN_LOW_CONCURRENCY,OFF,16,16,0,8234,2048,32.255170861957595,63.493695592710466,245.56648347061127,279.2511489824392,319.05325782718137,13.908946849992425,13.946048598452359,13.949384277468312,14.258491189684719,2042.6288072485477,True,,2026-09-18T08:22:03.236609+09:00,eval/results/IDE_076_20260917/qwen/OPT4/A2_MAIN3_C1_LONG_081613/C1_OFF
IDE_076_20260917,post_fix,p2,A2,A2_MAIN3_C1_LONG_081613,LONG_OFF,1,a4add14d4708940d,0,1,/models/kt/ide070/hotmap_v2.json,/models/kt/ide070/layer_budget_5952.json,vllm,M073_QWEN_LONGER_PREFILL,OFF,32,32,0,131147,4096,24.520084255957045,167.04673431148163,2344.694674015045,3129.5246628462337,3135.5344005906954,29.799232334100207,41.64917545560857,41.707342419980506,25.419209845131263,6153.884763643146,True,,2026-09-18T08:22:54.797962+09:00,eval/results/IDE_076_20260917/qwen/OPT4/A2_MAIN3_C1_LONG_081613/LONG_OFF
IDE_076_20260917,post_fix,p2,A2,A2_MAIN3_C1_LONG_081613,M1_MAIN_OFF,2,a4add14d4708940d,0,1,/models/kt/ide070/hotmap_v2.json,/models/kt/ide070/layer_budget_5952.json,vllm,M073_QWEN_MAIN_SHORT,OFF,256,256,0,131786,32768,42.2906085049035,774.8292388888333,2160.5297435307875,3207.339763001073,10370.163411047539,60.68204992907268,68.35524857871044,72.13203645541377,64.78438549675047,10147.34703945578,True,,2026-09-18T08:18:58.354649+09:00,eval/results/IDE_076_20260917/qwen/OPT4/A2_MAIN3_C1_LONG_081613/M1_MAIN_OFF
IDE_076_20260917,post_fix,p2,A2,A2_MAIN3_C1_LONG_081613,M2_MAIN_OFF,3,a4add14d4708940d,0,1,/models/kt/ide070/hotmap_v2.json,/models/kt/ide070/layer_budget_5952.json,vllm,M073_QWEN_MAIN_SHORT,OFF,256,256,0,131786,32768,42.00462277105544,780.1046132136624,2228.0369240324944,2977.8752062120475,10230.253776960304,60.31895602418946,71.02183253902166,72.68675483257223,66.08481567236595,10188.30444876221,True,,2026-09-18T08:20:00.745731+09:00,eval/results/IDE_076_20260917/qwen/OPT4/A2_MAIN3_C1_LONG_081613/M2_MAIN_OFF
IDE_076_20260917,post_fix,p2,A2,A2_MAIN3_C1_LONG_081613,M3_MAIN_OFF,4,a4add14d4708940d,0,1,/models/kt/ide070/hotmap_v2.json,/models/kt/ide070/layer_budget_5952.json,vllm,M073_QWEN_MAIN_SHORT,OFF,256,256,0,131786,32768,40.42304350400809,810.6267405805536,2077.8683709795587,3020.536791329505,6008.098448096933,54.748125657563904,66.48365818339904,71.06857511451408,63.28926791320555,9853.726918721804,True,,2026-09-18T08:21:02.618168+09:00,eval/results/IDE_076_20260917/qwen/OPT4/A2_MAIN3_C1_LONG_081613/M3_MAIN_OFF
IDE_076_20260917,post_fix,p3,A2,A2_MAIN3_C1_LONG_095702,C1_OFF,0,a4add14d4708940d,0,1,/models/kt/ide070/hotmap_v2.json,/models/kt/ide070/layer_budget_5952.json,vllm,M073_QWEN_LOW_CONCURRENCY,OFF,16,16,0,8234,2048,32.181306142010726,63.63943063598843,242.88136546965688,266.54665448586456,273.5001108550932,13.905475370303586,13.953239739942182,13.973351853705326,14.174993277993053,2032.56171598332,True,,2026-09-18T10:02:52.136301+09:00,eval/results/IDE_076_20260917/qwen/OPT4/A2_MAIN3_C1_LONG_095702/C1_OFF
IDE_076_20260917,post_fix,p3,A2,A2_MAIN3_C1_LONG_095702,LONG_OFF,1,a4add14d4708940d,0,1,/models/kt/ide070/hotmap_v2.json,/models/kt/ide070/layer_budget_5952.json,vllm,M073_QWEN_LONGER_PREFILL,OFF,32,32,0,131147,4096,24.899073221022263,164.5041148174845,2317.9586390033364,3514.626463426975,3627.262641725829,29.68258892486649,41.381652439178126,43.717023422098244,25.13061513309367,6646.768735972,True,,2026-09-18T10:03:43.758487+09:00,eval/results/IDE_076_20260917/qwen/OPT4/A2_MAIN3_C1_LONG_095702/LONG_OFF
IDE_076_20260917,post_fix,p3,A2,A2_MAIN3_C1_LONG_095702,M1_MAIN_OFF,2,a4add14d4708940d,0,1,/models/kt/ide070/hotmap_v2.json,/models/kt/ide070/layer_budget_5952.json,vllm,M073_QWEN_MAIN_SHORT,OFF,256,256,0,131786,32768,41.89143104397226,782.21247599788,2268.201337545179,3196.7745760048274,10397.146297560535,59.819648831103756,70.58071656272688,71.07263829987166,63.78764868131838,9956.774551217677,True,,2026-09-18T09:59:46.719827+09:00,eval/results/IDE_076_20260917/qwen/OPT4/A2_MAIN3_C1_LONG_095702/M1_MAIN_OFF
IDE_076_20260917,post_fix,p3,A2,A2_MAIN3_C1_LONG_095702,M2_MAIN_OFF,3,a4add14d4708940d,0,1,/models/kt/ide070/hotmap_v2.json,/models/kt/ide070/layer_budget_5952.json,vllm,M073_QWEN_MAIN_SHORT,OFF,256,256,0,131786,32768,41.81202904204838,783.6979154263662,2169.1358909592964,3115.055935224518,10187.208671530238,59.49734179138052,70.10805040944412,71.69591503829226,64.01425948133691,10048.947446484817,True,,2026-09-18T10:00:48.618655+09:00,eval/results/IDE_076_20260917/qwen/OPT4/A2_MAIN3_C1_LONG_095702/M2_MAIN_OFF
IDE_076_20260917,post_fix,p3,A2,A2_MAIN3_C1_LONG_095702,M3_MAIN_OFF,4,a4add14d4708940d,0,1,/models/kt/ide070/hotmap_v2.json,/models/kt/ide070/layer_budget_5952.json,vllm,M073_QWEN_MAIN_SHORT,OFF,256,256,0,131786,32768,41.37314413499553,792.011356281795,2170.307745982427,3032.5848812644836,10109.454970160725,58.37875538996941,68.99227323991386,70.03038172384606,63.97405206807889,9966.16495231865,True,,2026-09-18T10:01:50.437547+09:00,eval/results/IDE_076_20260917/qwen/OPT4/A2_MAIN3_C1_LONG_095702/M3_MAIN_OFF
IDE_076_20260917,post_fix,p4,A2,A2_MAIN3_C1_LONG_104551,C1_OFF,0,a4add14d4708940d,0,1,/models/kt/ide070/hotmap_v2.json,/models/kt/ide070/layer_budget_5952.json,vllm,M073_QWEN_LOW_CONCURRENCY,OFF,16,16,0,8234,2048,32.39435570908245,63.220890033809184,251.06929754838347,306.7215634509921,310.1713198237121,13.897704161285592,13.954743564424039,13.9643729461346,14.293644594727084,2071.1273124907166,True,,2026-09-18T10:51:43.032886+09:00,eval/results/IDE_076_20260917/qwen/OPT4/A2_MAIN3_C1_LONG_104551/C1_OFF
IDE_076_20260917,post_fix,p4,A2,A2_MAIN3_C1_LONG_104551,LONG_OFF,1,a4add14d4708940d,0,1,/models/kt/ide070/hotmap_v2.json,/models/kt/ide070/layer_budget_5952.json,vllm,M073_QWEN_LONGER_PREFILL,OFF,32,32,0,131147,4096,24.604700364987366,166.47225689562276,2342.3105505062267,3123.3492949511856,3126.3728393870406,29.94301392903962,41.79872045051453,41.96399490033665,25.277099065715447,6175.462579895975,True,,2026-09-18T10:52:35.288171+09:00,eval/results/IDE_076_20260917/qwen/OPT4/A2_MAIN3_C1_LONG_104551/LONG_OFF
IDE_076_20260917,post_fix,p4,A2,A2_MAIN3_C1_LONG_104551,M1_MAIN_OFF,2,a4add14d4708940d,0,1,/models/kt/ide070/hotmap_v2.json,/models/kt/ide070/layer_budget_5952.json,vllm,M073_QWEN_MAIN_SHORT,OFF,256,256,0,131786,32768,42.73761908803135,766.7249767120663,2268.9491065684706,3296.9723827845883,10558.537630428324,61.787499453117114,67.80545836049644,73.04150095181062,64.90202299319208,10152.558577712625,True,,2026-09-18T10:48:35.760683+09:00,eval/results/IDE_076_20260917/qwen/OPT4/A2_MAIN3_C1_LONG_104551/M1_MAIN_OFF
IDE_076_20260917,post_fix,p4,A2,A2_MAIN3_C1_LONG_104551,M2_MAIN_OFF,3,a4add14d4708940d,0,1,/models/kt/ide070/hotmap_v2.json,/models/kt/ide070/layer_budget_5952.json,vllm,M073_QWEN_MAIN_SHORT,OFF,256,256,0,131786,32768,41.65620881796349,786.6294348387603,2203.633585537318,2996.860820945585,10266.611270996504,59.15949009835544,69.70311118923237,69.86163353733535,63.422319327946745,9842.138350417372,True,,2026-09-18T10:49:38.559821+09:00,eval/results/IDE_076_20260917/qwen/OPT4/A2_MAIN3_C1_LONG_104551/M2_MAIN_OFF
IDE_076_20260917,post_fix,p4,A2,A2_MAIN3_C1_LONG_104551,M3_MAIN_OFF,4,a4add14d4708940d,0,1,/models/kt/ide070/hotmap_v2.json,/models/kt/ide070/layer_budget_5952.json,vllm,M073_QWEN_MAIN_SHORT,OFF,256,256,0,131786,32768,42.23521062498912,775.8455448689606,2157.3972494807094,3029.725202708505,10309.649042278757,60.601682413193416,69.28929107334267,71.90119981065422,65.5669532250613,10222.5758950226,True,,2026-09-18T10:50:40.448617+09:00,eval/results/IDE_076_20260917/qwen/OPT4/A2_MAIN3_C1_LONG_104551/M3_MAIN_OFF
IDE_076_20260917,post_fix,p5,A2,A2_MAIN3_C1_LONG_115806,M1_MAIN_OFF,0,a4add14d4708940d,0,1,/models/kt/ide070/hotmap_v2.json,/models/kt/ide070/layer_budget_5952.json,vllm,M073_QWEN_MAIN_SHORT,OFF,256,256,0,131786,32768,42.74631120997947,766.5690692943359,2181.7633215687238,3172.7513729711063,10429.390162770864,60.92389200000078,69.08046258714299,73.13037903917089,65.85898103076033,10285.228713823017,False,server_died_in_boot,2026-09-18T12:00:52.057747+09:00,eval/results/IDE_076_20260917/qwen/OPT4/A2_MAIN3_C1_LONG_115806/M1_MAIN_OFF
IDE_076_20260917,post_fix,p5,A2,A2_MAIN3_C1_LONG_115806,M2_MAIN_OFF,1,a4add14d4708940d,0,1,/models/kt/ide070/hotmap_v2.json,/models/kt/ide070/layer_budget_5952.json,vllm,M073_QWEN_MAIN_SHORT,OFF,256,126,130,64866,16128,331.9871270239819,48.58019690274001,2102.506169001572,3021.295945509337,3022.6915467937943,60.71531133887571,66.97213395927689,72.35747358283234,63.38797669741325,9946.56904952717,False,server_died_in_boot,2026-09-18T12:01:55.225315+09:00,eval/results/IDE_076_20260917/qwen/OPT4/A2_MAIN3_C1_LONG_115806/M2_MAIN_OFF
IDE_076_20260917,post_fix,,B,B_CONFIRM_130403,M1_MAIN_OFF,0,a4add14d4708940d,0,0,/models/kt/ide076/placements/HB_MIX1/hotmap.json,/models/kt/ide076/placements/HB_MIX1/layer_budget.json,vllm,M073_QWEN_MAIN_SHORT,OFF,256,256,0,131786,32768,49.32892805803567,664.2755334445607,2465.3176694992,3330.2605482458603,12221.914301172359,72.42164385457355,83.87189120898486,84.06807793511489,77.43451003916562,11746.348108717939,False,server_died_in_boot,2026-09-18T13:06:58.683966+09:00,eval/results/IDE_076_20260917/qwen/OPT4/B_CONFIRM_130403/M1_MAIN_OFF
IDE_076_20260917,post_fix,,B,B_CONFIRM_130403,M2_MAIN_OFF,1,a4add14d4708940d,0,0,/models/kt/ide076/placements/HB_MIX1/hotmap.json,/models/kt/ide076/placements/HB_MIX1/layer_budget.json,vllm,M073_QWEN_MAIN_SHORT,OFF,256,256,0,131786,32768,48.81592056900263,671.2564183580548,2408.7877504643984,3149.1541417490225,12174.318826332454,72.74712745639253,85.01233093465282,85.48357075435021,78.68513652938417,11896.235158725176,False,server_died_in_boot,2026-09-18T13:08:08.146116+09:00,eval/results/IDE_076_20260917/qwen/OPT4/B_CONFIRM_130403/M2_MAIN_OFF
IDE_076_20260917,post_fix,,B,B_CONFIRM_130403,M3_MAIN_OFF,2,a4add14d4708940d,0,0,/models/kt/ide076/placements/HB_MIX1/hotmap.json,/models/kt/ide076/placements/HB_MIX1/layer_budget.json,vllm,M073_QWEN_MAIN_SHORT,OFF,256,189,67,97309,24192,319.80463003204204,75.64618435191555,2430.4751550080255,3216.201910399832,4319.866990814959,72.31726656634889,83.48154067721835,83.49772766485488,77.99288895912468,11715.438969247043,False,server_died_in_boot,2026-09-18T13:09:18.239670+09:00,eval/results/IDE_076_20260917/qwen/OPT4/B_CONFIRM_130403/M3_MAIN_OFF
IDE_076_20260917,post_fix,,B,B_CONFIRM_134337,M1_MAIN_OFF,0,a4add14d4708940d,0,0,/models/kt/ide076/placements/HB_MIX1/hotmap.json,/models/kt/ide076/placements/HB_MIX1/layer_budget.json,vllm,M073_QWEN_MAIN_SHORT,OFF,256,126,130,64855,16128,304.558555921074,52.95533383136855,2471.84038447449,3204.4787865306716,3206.613166432362,72.1221083585415,83.25653118869715,83.26229756843762,76.49243748164736,11704.1258852405,False,server_died_in_boot,2026-09-18T13:46:31.973435+09:00,eval/results/IDE_076_20260917/qwen/OPT4/B_CONFIRM_134337/M1_MAIN_OFF
IDE_076_20260917,post_fix,,B,B_CONFIRM_141906,C1_OFF,0,a4add14d4708940d,0,0,/models/kt/ide076/placements/HB_MIX1/hotmap.json,/models/kt/ide076/placements/HB_MIX1/layer_budget.json,vllm,M073_QWEN_LOW_CONCURRENCY,OFF,16,16,0,8234,2048,32.504780519986525,63.00611686150985,250.55678753415123,288.88955057482235,330.3255757258739,13.926885550929688,14.248122883718608,14.750507744725823,14.417113887611775,2114.059822197305,True,,2026-09-18T14:25:24.903384+09:00,eval/results/IDE_076_20260917/qwen/OPT4/B_CONFIRM_141906/C1_OFF
IDE_076_20260917,post_fix,,B,B_CONFIRM_141906,IND1_OFF,1,a4add14d4708940d,0,0,/models/kt/ide076/placements/HB_MIX1/hotmap.json,/models/kt/ide076/placements/HB_MIX1/layer_budget.json,vllm,M076_QWEN_CONFIRM,OFF,128,128,0,64376,16384,23.29456259997096,703.340100492826,2297.9644974693656,2987.1265474008396,8776.699257172908,65.62336173190874,74.93581745194223,77.02489108770287,70.31238553463481,10659.839901095256,True,,2026-09-18T14:27:02.710160+09:00,eval/results/IDE_076_20260917/qwen/OPT4/B_CONFIRM_141906/IND1_OFF
IDE_076_20260917,post_fix,,B,B_CONFIRM_141906,IND2_OFF,2,a4add14d4708940d,0,0,/models/kt/ide076/placements/HB_MIX1/hotmap.json,/models/kt/ide076/placements/HB_MIX1/layer_budget.json,vllm,M076_QWEN_CONFIRM,OFF,128,128,0,64376,16384,22.833494663937017,717.5423754068062,2236.3798989681527,3039.784895069897,8384.431335566362,61.93631985838943,73.01293449590027,73.01580546762956,70.0672522361856,10565.748122008517,True,,2026-09-18T14:27:46.104434+09:00,eval/results/IDE_076_20260917/qwen/OPT4/B_CONFIRM_141906/IND2_OFF
IDE_076_20260917,post_fix,,B,B_CONFIRM_141906,LONG_OFF,3,a4add14d4708940d,0,0,/models/kt/ide076/placements/HB_MIX1/hotmap.json,/models/kt/ide076/placements/HB_MIX1/layer_budget.json,vllm,M073_QWEN_LONGER_PREFILL,OFF,32,32,0,131147,4096,25.279999379999936,162.02532042941888,2410.869106010068,3208.303587732371,3210.2793147426564,30.336865063071045,42.905433680248024,43.58199010606797,28.584231476997957,6421.983525017276,True,,2026-09-18T14:26:17.423706+09:00,eval/results/IDE_076_20260917/qwen/OPT4/B_CONFIRM_141906/LONG_OFF
IDE_076_20260917,post_fix,,B,B_CONFIRM_141906,M1_MAIN_OFF,4,a4add14d4708940d,0,0,/models/kt/ide076/placements/HB_MIX1/hotmap.json,/models/kt/ide076/placements/HB_MIX1/layer_budget.json,vllm,M073_QWEN_MAIN_SHORT,OFF,256,256,0,131786,32768,49.12475219601765,667.0364436496103,2418.4017270454206,3205.9766287275124,12169.482924311886,72.87876387805069,83.11450523283062,84.85811367043381,77.60076303966343,11738.394247513497,True,,2026-09-18T14:22:03.680476+09:00,eval/results/IDE_076_20260917/qwen/OPT4/B_CONFIRM_141906/M1_MAIN_OFF
IDE_076_20260917,post_fix,,B,B_CONFIRM_141906,M2_MAIN_OFF,5,a4add14d4708940d,0,0,/models/kt/ide076/placements/HB_MIX1/hotmap.json,/models/kt/ide076/placements/HB_MIX1/layer_budget.json,vllm,M073_QWEN_MAIN_SHORT,OFF,256,256,0,131786,32768,45.65839767595753,717.6773971035504,2336.4151415298693,3261.5599267883226,6696.974040480477,66.1209366966303,77.11831534645286,82.34056720439543,73.37862257263623,11247.430480783805,True,,2026-09-18T14:23:12.866897+09:00,eval/results/IDE_076_20260917/qwen/OPT4/B_CONFIRM_141906/M2_MAIN_OFF
IDE_076_20260917,post_fix,,B,B_CONFIRM_141906,M3_MAIN_OFF,6,a4add14d4708940d,0,0,/models/kt/ide076/placements/HB_MIX1/hotmap.json,/models/kt/ide076/placements/HB_MIX1/layer_budget.json,vllm,M073_QWEN_MAIN_SHORT,OFF,256,256,0,131786,32768,46.42034375492949,705.8974007817485,2328.540857997723,3141.519195662113,11263.220394303778,67.33138477988908,78.5573297615647,78.6591266785147,74.93769538705237,11409.754473686917,True,,2026-09-18T14:24:18.399476+09:00,eval/results/IDE_076_20260917/qwen/OPT4/B_CONFIRM_141906/M3_MAIN_OFF
IDE_076_20260917,post_fix,,B_DEC1_SEL,B_DEC1_SEL_SELECT_085223,SEL1_OFF,0,a4add14d4708940d,0,0,/models/kt/ide076/placements/HB_DEC1/hotmap.json,/models/kt/ide076/placements/HB_DEC1/layer_budget.json,vllm,M076_QWEN_SELECT,OFF,128,128,0,64617,16384,32.281077959924005,507.5419110954178,4488.363664015196,6946.79265775485,12988.463621825245,81.9942108149215,97.89994111143447,109.75323537113438,74.53931795316748,15160.871132847387,True,,2026-09-18T08:55:12.780226+09:00,eval/results/IDE_076_20260917/qwen/OPT4/B_DEC1_SEL_SELECT_085223/SEL1_OFF
IDE_076_20260917,post_fix,,B_DEC1_SEL,B_DEC1_SEL_SELECT_085223,SEL2_OFF,1,a4add14d4708940d,0,0,/models/kt/ide076/placements/HB_DEC1/hotmap.json,/models/kt/ide076/placements/HB_DEC1/layer_budget.json,vllm,M076_QWEN_SELECT,OFF,128,128,0,64617,16384,32.25271459505893,507.98824860807235,4673.453884024639,6786.782518879045,12944.22989894872,80.40850107488407,98.0794962035404,107.85512567915785,75.04337577847764,15097.177282511257,True,,2026-09-18T08:56:04.847613+09:00,eval/results/IDE_076_20260917/qwen/OPT4/B_DEC1_SEL_SELECT_085223/SEL2_OFF
IDE_076_20260917,post_fix,,B_DEC1_SEL,B_DEC1_SEL_SELECT_090615,SEL1_OFF,0,a4add14d4708940d,0,0,/models/kt/ide076/placements/HB_DEC1/hotmap.json,/models/kt/ide076/placements/HB_DEC1/layer_budget.json,vllm,M076_QWEN_SELECT,OFF,128,128,0,64617,16384,32.715718354913406,500.799029453051,5145.946679986082,6936.228299466893,13230.568839996156,79.1456191887617,106.99056049755694,106.9994193743676,75.03752055345103,15244.847911212128,True,,2026-09-18T09:08:59.359231+09:00,eval/results/IDE_076_20260917/qwen/OPT4/B_DEC1_SEL_SELECT_090615/SEL1_OFF
IDE_076_20260917,post_fix,,B_DEC1_SEL,B_DEC1_SEL_SELECT_090615,SEL2_OFF,1,a4add14d4708940d,0,0,/models/kt/ide076/placements/HB_DEC1/hotmap.json,/models/kt/ide076/placements/HB_DEC1/layer_budget.json,vllm,M076_QWEN_SELECT,OFF,128,128,0,64617,16384,32.77126169891562,499.9502353777894,4958.029646018986,6819.892356166383,13146.797068116754,80.35887139766865,107.91736915189678,107.92413152724974,78.511030995287,15377.84583294997,True,,2026-09-18T09:09:52.636530+09:00,eval/results/IDE_076_20260917/qwen/OPT4/B_DEC1_SEL_SELECT_090615/SEL2_OFF
IDE_076_20260917,post_fix,,B_H0_SEL,B_H0_SEL_SELECT_084754,SEL1_OFF,0,a4add14d4708940d,0,0,/models/kt/ide070/hotmap_v2.json,/models/kt/ide070/layer_budget_5952.json,vllm,M076_QWEN_SELECT,OFF,128,128,0,64617,16384,25.834122661035508,634.1999770989429,2149.4557219557464,3040.8165468776133,9617.782162976255,76.1512794603381,81.54076081077297,86.9485362685161,81.44401703611948,11846.285912411986,True,,2026-09-18T08:50:38.942830+09:00,eval/results/IDE_076_20260917/qwen/OPT4/B_H0_SEL_SELECT_084754/SEL1_OFF
IDE_076_20260917,post_fix,,B_H0_SEL,B_H0_SEL_SELECT_084754,SEL2_OFF,1,a4add14d4708940d,0,0,/models/kt/ide070/hotmap_v2.json,/models/kt/ide070/layer_budget_5952.json,vllm,M076_QWEN_SELECT,OFF,128,128,0,64617,16384,24.955666207009926,656.5242484048698,2275.4714900511317,2977.8249166789465,9200.660507584724,71.65071009484113,79.56863949176174,79.57299428807727,81.39503849088214,11543.293356377399,True,,2026-09-18T08:51:24.633169+09:00,eval/results/IDE_076_20260917/qwen/OPT4/B_H0_SEL_SELECT_084754/SEL2_OFF
IDE_076_20260917,post_fix,,B_H0_SEL,B_H0_SEL_SELECT_090142,SEL1_OFF,0,a4add14d4708940d,0,0,/models/kt/ide070/hotmap_v2.json,/models/kt/ide070/layer_budget_5952.json,vllm,M076_QWEN_SELECT,OFF,128,128,0,64617,16384,25.67719674098771,638.0758836437441,2266.1357044707984,3055.2926533680875,9585.130356786574,74.19244838625515,84.7280083514299,84.73200171963151,82.08167948760092,11752.022225194378,True,,2026-09-18T09:04:27.668210+09:00,eval/results/IDE_076_20260917/qwen/OPT4/B_H0_SEL_SELECT_090142/SEL1_OFF
IDE_076_20260917,post_fix,,B_H0_SEL,B_H0_SEL_SELECT_090142,SEL2_OFF,1,a4add14d4708940d,0,0,/models/kt/ide070/hotmap_v2.json,/models/kt/ide070/layer_budget_5952.json,vllm,M076_QWEN_SELECT,OFF,128,128,0,64617,16384,25.12173736502882,652.1841925952004,2278.6648609908298,2907.4485398770776,9454.08642545346,72.96431780651608,83.81512883420865,83.81611618692767,79.72813295782544,11581.401776324492,True,,2026-09-18T09:05:13.615208+09:00,eval/results/IDE_076_20260917/qwen/OPT4/B_H0_SEL_SELECT_090142/SEL2_OFF
IDE_076_20260917,post_fix,,B_MIX1_SEL,B_MIX1_SEL_SELECT_085714,SEL1_OFF,0,a4add14d4708940d,0,0,/models/kt/ide076/placements/HB_MIX1/hotmap.json,/models/kt/ide076/placements/HB_MIX1/layer_budget.json,vllm,M076_QWEN_SELECT,OFF,128,128,0,64617,16384,24.18161531095393,677.5395187342294,2224.364918482024,3093.7796612037346,9014.341970232814,68.3478728504155,75.17980990420814,79.6624808200162,72.99983347184025,11067.177448264556,True,,2026-09-18T08:59:59.790264+09:00,eval/results/IDE_076_20260917/qwen/OPT4/B_MIX1_SEL_SELECT_085714/SEL1_OFF
IDE_076_20260917,post_fix,,B_MIX1_SEL,B_MIX1_SEL_SELECT_085714,SEL2_OFF,1,a4add14d4708940d,0,0,/models/kt/ide076/placements/HB_MIX1/hotmap.json,/models/kt/ide076/placements/HB_MIX1/layer_budget.json,vllm,M076_QWEN_SELECT,OFF,128,128,0,64617,16384,23.957667195005342,683.872927469988,2234.18374551693,3199.081844574539,8916.208955189244,67.05225257873975,78.30482982346554,78.30872852562406,74.17976603028364,11024.664580804529,True,,2026-09-18T09:00:43.818690+09:00,eval/results/IDE_076_20260917/qwen/OPT4/B_MIX1_SEL_SELECT_085714/SEL2_OFF
IDE_076_20260917,post_fix,,B_MIX1_SEL,B_MIX1_SEL_SELECT_091102,SEL1_OFF,0,a4add14d4708940d,0,0,/models/kt/ide076/placements/HB_MIX1/hotmap.json,/models/kt/ide076/placements/HB_MIX1/layer_budget.json,vllm,M076_QWEN_SELECT,OFF,128,128,0,64617,16384,23.969663019059226,683.5306773805053,2434.118037985172,3090.2070153562818,8852.247186012131,64.97205820853095,76.07389085290872,76.0790398936099,71.84941970626824,11019.07947717118,True,,2026-09-18T09:13:42.804876+09:00,eval/results/IDE_076_20260917/qwen/OPT4/B_MIX1_SEL_SELECT_091102/SEL1_OFF
IDE_076_20260917,post_fix,,B_MIX1_SEL,B_MIX1_SEL_SELECT_091102,SEL2_OFF,1,a4add14d4708940d,0,0,/models/kt/ide076/placements/HB_MIX1/hotmap.json,/models/kt/ide076/placements/HB_MIX1/layer_budget.json,vllm,M076_QWEN_SELECT,OFF,128,128,0,64617,16384,23.937837893958203,684.4394248377479,2190.463746956084,3033.0524744582362,8921.414756632908,67.48674150398661,74.3726802863342,78.90253288411961,73.96236923523247,10930.180605116766,True,,2026-09-18T09:14:26.793095+09:00,eval/results/IDE_076_20260917/qwen/OPT4/B_MIX1_SEL_SELECT_091102/SEL2_OFF
IDE_076_20260917,pre_fix,,CALIB_R0,CALIB_R0_CALIB_000347,CAL1_CORR,0,db497d747215abae,0,0,/models/kt/ide070/hotmap_v2.json,/models/kt/ide070/layer_budget_5952.json,vllmw,M076_QWEN_CALIB,CORR,128,128,0,64584,16384,26.47072937199846,618.9478109859524,2494.736473483499,3456.0192369972356,9840.31226328694,73.65148507084288,84.2593917789077,84.26393336106796,81.77440645522438,12155.340521008475,True,,2026-09-18T00:06:41.642807+09:00,eval/results/IDE_076_20260917/qwen/OPT4/CALIB_R0_CALIB_000347/CAL1_CORR
IDE_076_20260917,pre_fix,,CALIB_R0,CALIB_R0_CALIB_000347,CAL2_CORR,1,db497d747215abae,0,0,/models/kt/ide070/hotmap_v2.json,/models/kt/ide070/layer_budget_5952.json,vllmw,M076_QWEN_CALIB_B,CORR,128,128,0,64588,16384,26.322153665008955,622.4414692092569,2422.283145948313,3101.570837397594,9801.218834662614,74.14294686993422,81.34576918669119,84.14192610900615,83.35058152442798,11931.345338159008,True,,2026-09-18T00:09:10.709977+09:00,eval/results/IDE_076_20260917/qwen/OPT4/CALIB_R0_CALIB_000347/CAL2_CORR
IDE_076_20260917,sync_only,,CFFIX_v4,CFFIX_v4_MAIN3_010227,M1_MAIN_OFF,0,12926df2c30b7246,unset,unset,/models/kt/ide070/hotmap_v2.json,/models/kt/ide070/layer_budget_5952.json,vllm,M073_QWEN_MAIN_SHORT,OFF,256,256,0,131786,32768,44.50848434900399,736.2191833596617,2329.24480055226,3231.4068270788994,11015.345019224327,64.24284920483225,74.53173936452849,75.23709409572294,68.53218703181483,10768.527005828219,True,,2026-09-18T01:05:09.471426+09:00,eval/results/IDE_076_20260917/qwen/OPT4/CFFIX_v4_MAIN3_010227/M1_MAIN_OFF
IDE_076_20260917,sync_only,,CFFIX_v4,CFFIX_v4_MAIN3_010227,M2_MAIN_OFF,1,12926df2c30b7246,unset,unset,/models/kt/ide070/hotmap_v2.json,/models/kt/ide070/layer_budget_5952.json,vllm,M073_QWEN_MAIN_SHORT,OFF,256,256,0,131786,32768,44.05159539403394,743.8550115358112,2162.4918810557574,3034.7893137368374,10827.59201440494,64.17491730287905,74.93018829167497,76.6788469340128,68.89945642324165,10491.249983024318,True,,2026-09-18T01:06:13.980297+09:00,eval/results/IDE_076_20260917/qwen/OPT4/CFFIX_v4_MAIN3_010227/M2_MAIN_OFF
IDE_076_20260917,sync_only,,CFFIX_v4,CFFIX_v4_MAIN3_010227,M3_MAIN_OFF,2,12926df2c30b7246,unset,unset,/models/kt/ide070/hotmap_v2.json,/models/kt/ide070/layer_budget_5952.json,vllm,M073_QWEN_MAIN_SHORT,OFF,256,256,0,131786,32768,42.5093321709428,770.8425027292836,2118.9403985626996,3065.549957478652,6394.820494222138,58.39746312181443,69.23647787179944,74.08825831151363,66.25692543457262,10168.181270244531,True,,2026-09-18T01:07:18.356668+09:00,eval/results/IDE_076_20260917/qwen/OPT4/CFFIX_v4_MAIN3_010227/M3_MAIN_OFF
IDE_076_20260917,sync_only,,CFFIX_v4,CFFIX_v4_MAIN3_010834,M1_MAIN_OFF,0,12926df2c30b7246,unset,unset,/models/kt/ide070/hotmap_v2.json,/models/kt/ide070/layer_budget_5952.json,vllm,M073_QWEN_MAIN_SHORT,OFF,256,256,0,131786,32768,44.45592643797863,737.0895767005396,2318.1564349797554,3219.0158450393938,10988.301949499866,64.48646142114481,75.3638132087571,75.41578490063401,68.78734262427315,10629.59741827217,False,server_died_in_boot,2026-09-18T01:11:17.472119+09:00,eval/results/IDE_076_20260917/qwen/OPT4/CFFIX_v4_MAIN3_010834/M1_MAIN_OFF
IDE_076_20260917,sync_only,,CFFIX_v4,CFFIX_v4_MAIN3_010834,M2_MAIN_OFF,1,12926df2c30b7246,unset,unset,/models/kt/ide070/hotmap_v2.json,/models/kt/ide070/layer_budget_5952.json,vllm,M073_QWEN_MAIN_SHORT,OFF,256,63,193,32409,8064,292.5377900489839,27.565669374372884,2171.701348037459,3105.1116854767315,3105.5612702900544,64.60819651160067,70.01934605898101,72.13130748695072,67.6659670425579,10391.369202698115,False,server_died_in_boot,2026-09-18T01:12:22.534512+09:00,eval/results/IDE_076_20260917/qwen/OPT4/CFFIX_v4_MAIN3_010834/M2_MAIN_OFF
IDE_076_20260917,post_fix,,CTRL_noprobe,CTRL_noprobe_MAIN3_062915,M1_MAIN_OFF,0,a4add14d4708940d,0,0,/models/kt/ide070/hotmap_v2.json,/models/kt/ide070/layer_budget_5952.json,vllm,M073_QWEN_MAIN_SHORT,OFF,256,63,193,32410,8064,296.2031539459713,27.224558187759566,2137.645347043872,3118.0944758700207,3118.7889499403536,64.18861038561207,69.66230081693145,71.83286577699648,65.90360798873007,10306.598757696338,False,server_died_in_boot,2026-09-18T06:32:00.732900+09:00,eval/results/IDE_076_20260917/qwen/OPT4/CTRL_noprobe_MAIN3_062915/M1_MAIN_OFF
IDE_076_20260917,post_fix,,DIAG_legacycb,DIAG_legacycb_MAIN3_015832,M1_MAIN_OFF,0,a4add14d4708940d,0,0,/models/kt/ide070/hotmap_v2.json,/models/kt/ide070/layer_budget_5952.json,vllm,M073_QWEN_MAIN_SHORT,OFF,256,256,0,131786,32768,51.421440701931715,637.2439113470624,2865.234174008947,4330.009096214781,12587.50916525023,72.05777623192003,82.43698646075194,87.5307611576153,73.01803821465,12242.186152521754,True,,2026-09-18T02:01:17.835530+09:00,eval/results/IDE_076_20260917/qwen/OPT4/DIAG_legacycb_MAIN3_015832/M1_MAIN_OFF
IDE_076_20260917,post_fix,,DIAG_legacycb,DIAG_legacycb_MAIN3_015832,M2_MAIN_OFF,1,a4add14d4708940d,0,0,/models/kt/ide070/hotmap_v2.json,/models/kt/ide070/layer_budget_5952.json,vllm,M073_QWEN_MAIN_SHORT,OFF,256,256,0,131786,32768,51.12523870798759,640.9358827087582,2754.618671955541,4091.68584246072,12553.714396554276,71.513269610857,80.91712331075743,87.21587444691345,73.56984333018771,12047.78923446429,True,,2026-09-18T02:02:29.204113+09:00,eval/results/IDE_076_20260917/qwen/OPT4/DIAG_legacycb_MAIN3_015832/M2_MAIN_OFF
IDE_076_20260917,post_fix,,DIAG_legacycb,DIAG_legacycb_MAIN3_015832,M3_MAIN_OFF,2,a4add14d4708940d,0,0,/models/kt/ide070/hotmap_v2.json,/models/kt/ide070/layer_budget_5952.json,vllm,M073_QWEN_MAIN_SHORT,OFF,256,256,0,131786,32768,51.38029405893758,637.7542324380687,2746.3563505443744,4054.608600505162,12728.048430941999,72.55197799210913,81.16975072294649,87.8747474846309,73.45812873682007,12102.2199652798,True,,2026-09-18T02:03:40.637737+09:00,eval/results/IDE_076_20260917/qwen/OPT4/DIAG_legacycb_MAIN3_015832/M3_MAIN_OFF
IDE_076_20260917,post_fix,,DIAG_legacycb,DIAG_legacycb_MAIN3_020506,M1_MAIN_OFF,0,a4add14d4708940d,0,0,/models/kt/ide070/hotmap_v2.json,/models/kt/ide070/layer_budget_5952.json,vllm,M073_QWEN_MAIN_SHORT,OFF,256,256,0,131786,32768,50.67393433093093,646.6440869975769,2792.903875990305,4140.715479472419,12407.496056659147,70.49265892958034,80.34948642937628,86.13839917784136,70.58741297223604,11941.0180109262,True,,2026-09-18T02:07:50.972116+09:00,eval/results/IDE_076_20260917/qwen/OPT4/DIAG_legacycb_MAIN3_020506/M1_MAIN_OFF
IDE_076_20260917,post_fix,,DIAG_legacycb,DIAG_legacycb_MAIN3_020506,M2_MAIN_OFF,1,a4add14d4708940d,0,0,/models/kt/ide070/hotmap_v2.json,/models/kt/ide070/layer_budget_5952.json,vllm,M073_QWEN_MAIN_SHORT,OFF,256,256,0,131786,32768,50.27279404189903,651.8038359413653,2779.5068094856106,4104.14819145808,12290.614187048048,70.8708161259928,79.48336381475279,85.92800857090413,70.36492865881881,11855.537605501013,True,,2026-09-18T02:09:01.608805+09:00,eval/results/IDE_076_20260917/qwen/OPT4/DIAG_legacycb_MAIN3_020506/M2_MAIN_OFF
IDE_076_20260917,post_fix,,DIAG_legacycb,DIAG_legacycb_MAIN3_020506,M3_MAIN_OFF,2,a4add14d4708940d,0,0,/models/kt/ide070/hotmap_v2.json,/models/kt/ide070/layer_budget_5952.json,vllm,M073_QWEN_MAIN_SHORT,OFF,256,256,0,131786,32768,49.46724024100695,662.4181951601224,2898.3558125328273,4201.736278482713,7763.425752625246,64.11023331873896,78.44452668938376,80.97269161706087,70.3778426919598,11702.322559023742,True,,2026-09-18T02:10:11.887243+09:00,eval/results/IDE_076_20260917/qwen/OPT4/DIAG_legacycb_MAIN3_020506/M3_MAIN_OFF
IDE_076_20260917,post_fix,,DIAG_legacycb,DIAG_legacycb_MAIN3_021138,M1_MAIN_OFF,0,a4add14d4708940d,0,0,/models/kt/ide070/hotmap_v2.json,/models/kt/ide070/layer_budget_5952.json,vllm,M073_QWEN_MAIN_SHORT,OFF,256,256,0,131786,32768,51.51826256501954,636.0462944309227,2908.9790020370856,4280.425650969846,12619.137149571903,71.61245287779177,81.29832680533296,87.42033653405831,72.79296877677552,12198.143238289049,True,,2026-09-18T02:14:23.485118+09:00,eval/results/IDE_076_20260917/qwen/OPT4/DIAG_legacycb_MAIN3_021138/M1_MAIN_OFF
IDE_076_20260917,post_fix,,DIAG_legacycb,DIAG_legacycb_MAIN3_021138,M2_MAIN_OFF,1,a4add14d4708940d,0,0,/models/kt/ide070/hotmap_v2.json,/models/kt/ide070/layer_budget_5952.json,vllm,M073_QWEN_MAIN_SHORT,OFF,256,256,0,131786,32768,52.02166238799691,629.8914432146375,2874.18498453917,4211.043563002022,12800.968036620177,72.24836636987317,82.29750133872098,88.0434536916849,72.57785763358697,12340.835064736893,True,,2026-09-18T02:15:35.069518+09:00,eval/results/IDE_076_20260917/qwen/OPT4/DIAG_legacycb_MAIN3_021138/M2_MAIN_OFF
IDE_076_20260917,post_fix,,DIAG_legacycb,DIAG_legacycb_MAIN3_021138,M3_MAIN_OFF,2,a4add14d4708940d,0,0,/models/kt/ide070/hotmap_v2.json,/models/kt/ide070/layer_budget_5952.json,vllm,M073_QWEN_MAIN_SHORT,OFF,256,256,0,131786,32768,51.16382476303261,640.4525101820742,2829.083180462476,4173.9104615408,12490.212534338934,70.87535144830869,81.48034893051451,87.09363340414824,72.49737583333626,12105.627488228492,True,,2026-09-18T02:16:46.992605+09:00,eval/results/IDE_076_20260917/qwen/OPT4/DIAG_legacycb_MAIN3_021138/M3_MAIN_OFF
IDE_076_20260917,post_fix,,DIAG_nooverlap,DIAG_nooverlap_MAIN3_021811,M1_MAIN_OFF,0,a4add14d4708940d,0,0,/models/kt/ide070/hotmap_v2.json,/models/kt/ide070/layer_budget_5952.json,vllm,M073_QWEN_MAIN_SHORT,OFF,256,256,0,131786,32768,46.86648156202864,699.1777259112348,1752.0377190085128,3327.0555335620884,11052.562282577854,72.02256658649819,80.12664206298508,83.6777115332817,72.6231307024136,11188.254669716116,True,,2026-09-18T02:20:53.549306+09:00,eval/results/IDE_076_20260917/qwen/OPT4/DIAG_nooverlap_MAIN3_021811/M1_MAIN_OFF
IDE_076_20260917,post_fix,,DIAG_nooverlap,DIAG_nooverlap_MAIN3_021811,M2_MAIN_OFF,1,a4add14d4708940d,0,0,/models/kt/ide070/hotmap_v2.json,/models/kt/ide070/layer_budget_5952.json,vllm,M073_QWEN_MAIN_SHORT,OFF,256,256,0,131786,32768,46.1569115370512,709.9261824244107,1742.978647002019,3111.2761832482647,10896.598912787154,70.01079268126536,77.9782084018949,82.5969716727891,71.88900526380165,10958.341081510298,True,,2026-09-18T02:22:00.544835+09:00,eval/results/IDE_076_20260917/qwen/OPT4/DIAG_nooverlap_MAIN3_021811/M2_MAIN_OFF
IDE_076_20260917,post_fix,,DIAG_nooverlap,DIAG_nooverlap_MAIN3_021811,M3_MAIN_OFF,2,a4add14d4708940d,0,0,/models/kt/ide070/hotmap_v2.json,/models/kt/ide070/layer_budget_5952.json,vllm,M073_QWEN_MAIN_SHORT,OFF,256,256,0,131786,32768,46.523122149985284,704.3379396240792,1809.952337993309,3146.5253297646996,11007.189669390205,70.94849509876367,79.09325835378438,83.13420080079321,73.08520774240601,11098.505994013976,True,,2026-09-18T02:23:06.652341+09:00,eval/results/IDE_076_20260917/qwen/OPT4/DIAG_nooverlap_MAIN3_021811/M3_MAIN_OFF
IDE_076_20260917,post_fix,,DIAG_nooverlap,DIAG_nooverlap_MAIN3_022427,M1_MAIN_OFF,0,a4add14d4708940d,0,0,/models/kt/ide070/hotmap_v2.json,/models/kt/ide070/layer_budget_5952.json,vllm,M073_QWEN_MAIN_SHORT,OFF,256,256,0,131786,32768,46.669968929025345,702.1217444955416,1736.766157031525,3281.229397485731,11086.649559950456,72.01892043341054,78.37847119708744,83.83168032664189,71.7762706859503,10988.823393476196,True,,2026-09-18T02:27:10.501440+09:00,eval/results/IDE_076_20260917/qwen/OPT4/DIAG_nooverlap_MAIN3_022427/M1_MAIN_OFF
IDE_076_20260917,post_fix,,DIAG_nooverlap,DIAG_nooverlap_MAIN3_022427,M2_MAIN_OFF,1,a4add14d4708940d,0,0,/models/kt/ide070/hotmap_v2.json,/models/kt/ide070/layer_budget_5952.json,vllm,M073_QWEN_MAIN_SHORT,OFF,256,256,0,131786,32768,46.25749129999895,708.3825577026212,1810.6491445214488,3156.903106486425,10865.096632478524,70.4706689493188,79.95827022461427,82.2227296368109,72.41597915417515,11132.217228208901,True,,2026-09-18T02:28:17.279484+09:00,eval/results/IDE_076_20260917/qwen/OPT4/DIAG_nooverlap_MAIN3_022427/M2_MAIN_OFF
IDE_076_20260917,post_fix,,DIAG_nooverlap,DIAG_nooverlap_MAIN3_022427,M3_MAIN_OFF,2,a4add14d4708940d,0,0,/models/kt/ide070/hotmap_v2.json,/models/kt/ide070/layer_budget_5952.json,vllm,M073_QWEN_MAIN_SHORT,OFF,256,256,0,131786,32768,46.439518535044044,705.6059372207469,1847.5464320508763,3200.9309657732956,11029.46372180013,71.0185358546469,79.36464055756649,83.00491437250858,71.37832313310355,11094.530799688073,True,,2026-09-18T02:29:23.702513+09:00,eval/results/IDE_076_20260917/qwen/OPT4/DIAG_nooverlap_MAIN3_022427/M3_MAIN_OFF
IDE_076_20260917,post_fix,,DIAG_nooverlap,DIAG_nooverlap_MAIN3_023043,M1_MAIN_OFF,0,a4add14d4708940d,0,0,/models/kt/ide070/hotmap_v2.json,/models/kt/ide070/layer_budget_5952.json,vllm,M073_QWEN_MAIN_SHORT,OFF,256,256,0,131786,32768,46.18865472602192,709.4382851020567,1836.1263774568215,3397.19761593733,10954.516162117941,70.81059479534142,77.52047448192621,82.5639369294843,70.50312828505412,10990.946307516424,True,,2026-09-18T02:33:29.022362+09:00,eval/results/IDE_076_20260917/qwen/OPT4/DIAG_nooverlap_MAIN3_023043/M1_MAIN_OFF
IDE_076_20260917,post_fix,,DIAG_nooverlap,DIAG_nooverlap_MAIN3_023043,M2_MAIN_OFF,1,a4add14d4708940d,0,0,/models/kt/ide070/hotmap_v2.json,/models/kt/ide070/layer_budget_5952.json,vllm,M073_QWEN_MAIN_SHORT,OFF,256,256,0,131786,32768,46.836937534972094,699.6187565750402,1772.823479550425,3137.2919807909057,11019.401382585056,71.09918073598867,80.04852676719216,82.8336584916628,72.75107970344834,11185.703119990649,True,,2026-09-18T02:34:35.051264+09:00,eval/results/IDE_076_20260917/qwen/OPT4/DIAG_nooverlap_MAIN3_023043/M2_MAIN_OFF
IDE_076_20260917,post_fix,,DIAG_nooverlap,DIAG_nooverlap_MAIN3_023043,M3_MAIN_OFF,2,a4add14d4708940d,0,0,/models/kt/ide070/hotmap_v2.json,/models/kt/ide070/layer_budget_5952.json,vllm,M073_QWEN_MAIN_SHORT,OFF,256,256,0,131786,32768,46.58613233698998,703.3852856246191,1734.6171595272608,3081.285317777656,11016.140753892249,70.73935484660304,79.22119125801756,83.24968013554941,71.21713644592091,11102.484812261537,True,,2026-09-18T02:35:41.867425+09:00,eval/results/IDE_076_20260917/qwen/OPT4/DIAG_nooverlap_MAIN3_023043/M3_MAIN_OFF
IDE_076_20260917,post_fix,,DIAG_noskipimm,DIAG_noskipimm_MAIN3_023702,M1_MAIN_OFF,0,a4add14d4708940d,0,0,/models/kt/ide070/hotmap_v2.json,/models/kt/ide070/layer_budget_5952.json,vllm,M073_QWEN_MAIN_SHORT,OFF,256,256,0,131786,32768,50.26865202898625,651.8575429694254,3123.129268991761,4104.743696225341,12588.724528887535,69.78878640160919,84.68557695659266,85.52017240477066,72.36575598944908,11989.59714823286,True,,2026-09-18T02:39:47.063889+09:00,eval/results/IDE_076_20260917/qwen/OPT4/DIAG_noskipimm_MAIN3_023702/M1_MAIN_OFF
IDE_076_20260917,post_fix,,DIAG_noskipimm,DIAG_noskipimm_MAIN3_023702,M2_MAIN_OFF,1,a4add14d4708940d,0,0,/models/kt/ide070/hotmap_v2.json,/models/kt/ide070/layer_budget_5952.json,vllm,M073_QWEN_MAIN_SHORT,OFF,256,256,0,131786,32768,49.84767662698869,657.3626338736648,2980.713947501499,3992.110203282209,12321.401788928768,68.57623396841004,83.2875421791847,85.36544121965935,73.42455862672068,11966.711052518804,True,,2026-09-18T02:40:57.527679+09:00,eval/results/IDE_076_20260917/qwen/OPT4/DIAG_noskipimm_MAIN3_023702/M2_MAIN_OFF
IDE_076_20260917,post_fix,,DIAG_noskipimm,DIAG_noskipimm_MAIN3_023702,M3_MAIN_OFF,2,a4add14d4708940d,0,0,/models/kt/ide070/hotmap_v2.json,/models/kt/ide070/layer_budget_5952.json,vllm,M073_QWEN_MAIN_SHORT,OFF,256,256,0,131786,32768,50.53732864698395,648.3920079926025,3016.5828865137883,4040.9312679839786,12388.324837799877,70.35553189385021,88.38531748606185,88.40631397040451,78.28468699590302,12664.249741472304,True,,2026-09-18T02:42:07.742963+09:00,eval/results/IDE_076_20260917/qwen/OPT4/DIAG_noskipimm_MAIN3_023702/M3_MAIN_OFF
IDE_076_20260917,post_fix,,DIAG_noskipimm,DIAG_noskipimm_MAIN3_024335,M1_MAIN_OFF,0,a4add14d4708940d,0,0,/models/kt/ide070/hotmap_v2.json,/models/kt/ide070/layer_budget_5952.json,vllm,M073_QWEN_MAIN_SHORT,OFF,256,256,0,131786,32768,50.36934181500692,650.5544606945248,3176.327757013496,4281.598127738107,12643.052547686959,69.30957972044565,84.00961040408262,84.84949361043432,72.70174454897642,12131.959878926864,True,,2026-09-18T02:46:18.878679+09:00,eval/results/IDE_076_20260917/qwen/OPT4/DIAG_noskipimm_MAIN3_024335/M1_MAIN_OFF
IDE_076_20260917,post_fix,,DIAG_noskipimm,DIAG_noskipimm_MAIN3_024335,M2_MAIN_OFF,1,a4add14d4708940d,0,0,/models/kt/ide070/hotmap_v2.json,/models/kt/ide070/layer_budget_5952.json,vllm,M073_QWEN_MAIN_SHORT,OFF,256,256,0,131786,32768,50.0414346299367,654.8173577021496,3033.079118526075,4067.7890757506248,12581.686522148077,69.13034456706878,84.18429026006186,85.215560330067,72.53771919640711,11960.824107256485,True,,2026-09-18T02:47:29.243891+09:00,eval/results/IDE_076_20260917/qwen/OPT4/DIAG_noskipimm_MAIN3_024335/M2_MAIN_OFF
IDE_076_20260917,post_fix,,DIAG_noskipimm,DIAG_noskipimm_MAIN3_024335,M3_MAIN_OFF,2,a4add14d4708940d,0,0,/models/kt/ide070/hotmap_v2.json,/models/kt/ide070/layer_budget_5952.json,vllm,M073_QWEN_MAIN_SHORT,OFF,256,256,0,131786,32768,49.46782501100097,662.4103645695529,2857.3605564888567,4125.085850799223,12205.488209845493,68.76877525190669,83.63983130901062,85.4061309769328,71.22641393216327,11939.044587255921,True,,2026-09-18T02:48:39.126126+09:00,eval/results/IDE_076_20260917/qwen/OPT4/DIAG_noskipimm_MAIN3_024335/M3_MAIN_OFF
IDE_076_20260917,post_fix,,DIAG_noskipimm,DIAG_noskipimm_MAIN3_025005,M1_MAIN_OFF,0,a4add14d4708940d,0,0,/models/kt/ide070/hotmap_v2.json,/models/kt/ide070/layer_budget_5952.json,vllm,M073_QWEN_MAIN_SHORT,OFF,256,256,0,131786,32768,50.23409655096475,652.3059485454345,3073.315415007528,4103.3758404664695,12569.553539005568,69.7309226888474,84.43664539147969,84.67084511548032,73.99732556659728,12082.151081500342,True,,2026-09-18T02:52:50.883592+09:00,eval/results/IDE_076_20260917/qwen/OPT4/DIAG_noskipimm_MAIN3_025005/M1_MAIN_OFF
IDE_076_20260917,post_fix,,DIAG_noskipimm,DIAG_noskipimm_MAIN3_025005,M2_MAIN_OFF,1,a4add14d4708940d,0,0,/models/kt/ide070/hotmap_v2.json,/models/kt/ide070/layer_budget_5952.json,vllm,M073_QWEN_MAIN_SHORT,OFF,256,256,0,131786,32768,50.84976958902553,644.4080330124453,2990.7204740447924,3987.6032657921314,12624.981750402361,70.81927294525737,85.50036442901492,86.36620836832017,76.02895252057351,12339.860834763385,True,,2026-09-18T02:54:01.478594+09:00,eval/results/IDE_076_20260917/qwen/OPT4/DIAG_noskipimm_MAIN3_025005/M2_MAIN_OFF
IDE_076_20260917,post_fix,,DIAG_noskipimm,DIAG_noskipimm_MAIN3_025005,M3_MAIN_OFF,2,a4add14d4708940d,0,0,/models/kt/ide070/hotmap_v2.json,/models/kt/ide070/layer_budget_5952.json,vllm,M073_QWEN_MAIN_SHORT,OFF,256,256,0,131786,32768,50.314101762953214,651.268707019379,2979.79758301517,4100.101081567118,12525.579082895989,70.14828423582618,84.8850857777664,85.23570180276599,73.80790016031824,12142.839020496467,True,,2026-09-18T02:55:12.503981+09:00,eval/results/IDE_076_20260917/qwen/OPT4/DIAG_noskipimm_MAIN3_025005/M3_MAIN_OFF
IDE_076_20260917,pre_fix,,DIAG_v4_legacycb,DIAG_v4_legacycb_MAIN3_005212,M1_MAIN_OFF,0,12926df2c30b7246,unset,unset,/models/kt/ide070/hotmap_v2.json,/models/kt/ide070/layer_budget_5952.json,vllm,M073_QWEN_MAIN_SHORT,OFF,256,256,0,131786,32768,49.83123069501016,657.5795849906876,2820.2465635258704,4224.867881770479,7761.777605517911,64.25487804712404,79.05783321214363,81.79794537223407,69.03995569446124,11870.105178764788,True,,2026-09-18T00:54:58.031120+09:00,eval/results/IDE_076_20260917/qwen/OPT4/DIAG_v4_legacycb_MAIN3_005212/M1_MAIN_OFF
IDE_076_20260917,pre_fix,,DIAG_v4_legacycb,DIAG_v4_legacycb_MAIN3_005212,M2_MAIN_OFF,1,12926df2c30b7246,unset,unset,/models/kt/ide070/hotmap_v2.json,/models/kt/ide070/layer_budget_5952.json,vllm,M073_QWEN_MAIN_SHORT,OFF,256,256,0,131786,32768,50.02713868999854,655.0044807289969,2833.271859562956,4171.627160685603,12178.890399227379,68.50946585026269,80.08602766162446,84.15870027649619,69.64988361578435,12035.863051190972,True,,2026-09-18T00:56:07.776440+09:00,eval/results/IDE_076_20260917/qwen/OPT4/DIAG_v4_legacycb_MAIN3_005212/M2_MAIN_OFF
IDE_076_20260917,pre_fix,,DIAG_v4_legacycb,DIAG_v4_legacycb_MAIN3_005212,M3_MAIN_OFF,2,12926df2c30b7246,unset,unset,/models/kt/ide070/hotmap_v2.json,/models/kt/ide070/layer_budget_5952.json,vllm,M073_QWEN_MAIN_SHORT,OFF,256,256,0,131786,32768,49.66140209895093,659.8283297501221,2874.404264963232,4213.511693029432,12236.353489989413,69.01833344128086,77.82719579940537,84.399003934117,68.96806142176501,11749.841912213014,True,,2026-09-18T00:57:17.788194+09:00,eval/results/IDE_076_20260917/qwen/OPT4/DIAG_v4_legacycb_MAIN3_005212/M3_MAIN_OFF
IDE_076_20260917,pre_fix,,ENVCHK2_v4,ENVCHK2_v4_MAIN3_003935,M1_MAIN_OFF,0,12926df2c30b7246,unset,unset,/models/kt/ide070/hotmap_v2.json,/models/kt/ide070/layer_budget_5952.json,vllm,M073_QWEN_MAIN_SHORT,OFF,256,256,0,131786,32768,44.44517249998171,737.2679226301458,2270.720919535961,3245.867520716274,10849.81242092908,64.16775278726917,71.9330711725652,76.48157567568633,69.00909329997376,10685.110769001767,False,server_died_in_boot,2026-09-18T00:44:13.318120+09:00,eval/results/IDE_076_20260917/qwen/OPT4/ENVCHK2_v4_MAIN3_003935/M1_MAIN_OFF
IDE_076_20260917,pre_fix,,ENVCHK2_v4,ENVCHK2_v4_MAIN3_003935,M2_MAIN_OFF,1,12926df2c30b7246,unset,unset,/models/kt/ide070/hotmap_v2.json,/models/kt/ide070/layer_budget_5952.json,vllm,M073_QWEN_MAIN_SHORT,OFF,256,126,130,64859,16128,309.06668371800333,52.18291342820829,2317.9388295393437,3133.064177032793,3135.372752760304,63.9207844409769,74.87853653944376,74.88338907288687,66.35639285086654,10450.301347736968,False,server_died_in_boot,2026-09-18T00:45:18.014594+09:00,eval/results/IDE_076_20260917/qwen/OPT4/ENVCHK2_v4_MAIN3_003935/M2_MAIN_OFF
IDE_076_20260917,pre_fix,,ENVCHK_v4,ENVCHK_v4_MAIN3_C1_LONG_002200,M1_MAIN_OFF,0,12926df2c30b7246,unset,unset,/models/kt/ide070/hotmap_v2.json,/models/kt/ide070/layer_budget_5952.json,vllm,M073_QWEN_MAIN_SHORT,OFF,256,256,0,131786,32768,45.05233641597442,727.3318679290802,2275.991428992711,3436.8384920817334,11058.078261173789,65.0599036415247,76.0736966832893,76.60096981260178,71.17957352311349,10904.29013123503,False,server_died_in_boot,2026-09-18T00:24:44.030940+09:00,eval/results/IDE_076_20260917/qwen/OPT4/ENVCHK_v4_MAIN3_C1_LONG_002200/M1_MAIN_OFF
IDE_076_20260917,pre_fix,,ENVCHK_v4,ENVCHK_v4_MAIN3_C1_LONG_002200,M2_MAIN_OFF,1,12926df2c30b7246,unset,unset,/models/kt/ide070/hotmap_v2.json,/models/kt/ide070/layer_budget_5952.json,vllm,M073_QWEN_MAIN_SHORT,OFF,256,256,0,131786,32768,43.64942811999936,750.7085753773326,2175.2303255489096,3110.4241679713596,10679.19821423129,61.957860389801375,72.73432604192139,75.33991778737821,68.65815132623538,10492.077369010076,False,server_died_in_boot,2026-09-18T00:25:48.992244+09:00,eval/results/IDE_076_20260917/qwen/OPT4/ENVCHK_v4_MAIN3_C1_LONG_002200/M2_MAIN_OFF
IDE_076_20260917,pre_fix,,ENVCHK_v4,ENVCHK_v4_MAIN3_C1_LONG_002200,M3_MAIN_OFF,2,12926df2c30b7246,unset,unset,/models/kt/ide070/hotmap_v2.json,/models/kt/ide070/layer_budget_5952.json,vllm,M073_QWEN_MAIN_SHORT,OFF,256,189,67,97303,24192,313.1767962540034,77.24710224182436,2214.85297603067,3093.490444123745,4055.2228256455055,65.71018896853977,75.57735022975088,78.45473755305031,72.58157357573508,10814.947551605292,False,server_died_in_boot,2026-09-18T00:26:52.591149+09:00,eval/results/IDE_076_20260917/qwen/OPT4/ENVCHK_v4_MAIN3_C1_LONG_002200/M3_MAIN_OFF
IDE_076_20260917,post_fix,,PROBE_nan,PROBE_nan_MAIN3_025640,M1_MAIN_OFF,0,a4add14d4708940d,0,0,/models/kt/ide070/hotmap_v2.json,/models/kt/ide070/layer_budget_5952.json,vllm,M073_QWEN_MAIN_SHORT,OFF,256,0,256,0,0,0.4515345600666478,0.0,0.0,0.0,0.0,0.0,0.0,0.0,0.0,0.0,False,server_died_in_boot,2026-09-18T03:04:08.785783+09:00,eval/results/IDE_076_20260917/qwen/OPT4/PROBE_nan_MAIN3_025640/M1_MAIN_OFF
IDE_076_20260917,post_fix,,PROBE_nan,PROBE_nan_MAIN3_030606,M1_MAIN_OFF,0,a4add14d4708940d,0,0,/models/kt/ide070/hotmap_v2.json,/models/kt/ide070/layer_budget_5952.json,vllm,M073_QWEN_MAIN_SHORT,OFF,256,0,256,0,0,0.4376304899342358,0.0,0.0,0.0,0.0,0.0,0.0,0.0,0.0,0.0,False,server_died_in_boot,2026-09-18T03:13:28.796058+09:00,eval/results/IDE_076_20260917/qwen/OPT4/PROBE_nan_MAIN3_030606/M1_MAIN_OFF
IDE_076_20260917,post_fix,,PROBE_nan,PROBE_nan_MAIN3_031453,M1_MAIN_OFF,0,a4add14d4708940d,0,0,/models/kt/ide070/hotmap_v2.json,/models/kt/ide070/layer_budget_5952.json,vllm,M073_QWEN_MAIN_SHORT,OFF,256,256,0,131786,32768,45.31681402097456,723.0870198605217,2523.544382478576,3369.6991845499724,11092.08246130146,63.69928607495326,74.44356821086001,79.97179542999076,74.2821266176179,11179.026373254601,True,,2026-09-18T03:17:38.185004+09:00,eval/results/IDE_076_20260917/qwen/OPT4/PROBE_nan_MAIN3_031453/M1_MAIN_OFF
IDE_076_20260917,post_fix,,PROBE_nan,PROBE_nan_MAIN3_031453,M2_MAIN_OFF,1,a4add14d4708940d,0,0,/models/kt/ide070/hotmap_v2.json,/models/kt/ide070/layer_budget_5952.json,vllm,M073_QWEN_MAIN_SHORT,OFF,256,256,0,131786,32768,43.79477026395034,748.217191288088,2395.338435017038,3136.855353717692,10871.066297881764,62.255368145883054,73.28602335645861,74.63086107672434,67.91056860238314,10424.982807278866,True,,2026-09-18T03:18:43.302739+09:00,eval/results/IDE_076_20260917/qwen/OPT4/PROBE_nan_MAIN3_031453/M2_MAIN_OFF
IDE_076_20260917,post_fix,,PROBE_nan,PROBE_nan_MAIN3_031453,M3_MAIN_OFF,2,a4add14d4708940d,0,0,/models/kt/ide070/hotmap_v2.json,/models/kt/ide070/layer_budget_5952.json,vllm,M073_QWEN_MAIN_SHORT,OFF,256,256,0,131786,32768,43.786010588053614,748.3668769983873,2420.364227029495,3127.558684471296,10860.334100533502,61.51761837013975,72.37379435623087,74.66351066626184,68.06586781167424,10431.98893420049,True,,2026-09-18T03:19:46.919437+09:00,eval/results/IDE_076_20260917/qwen/OPT4/PROBE_nan_MAIN3_031453/M3_MAIN_OFF
IDE_076_20260917,post_fix,,PROBE_nan,PROBE_nan_MAIN3_032108,M1_MAIN_OFF,0,a4add14d4708940d,0,0,/models/kt/ide070/hotmap_v2.json,/models/kt/ide070/layer_budget_5952.json,vllm,M073_QWEN_MAIN_SHORT,OFF,256,256,0,131786,32768,45.0093803210184,728.0260196050302,2441.336954012513,3251.9642325059976,11014.98113097622,62.62033751947571,72.62858410441962,75.71815286284514,69.81505894800648,10901.329776941566,True,,2026-09-18T03:23:53.650925+09:00,eval/results/IDE_076_20260917/qwen/OPT4/PROBE_nan_MAIN3_032108/M1_MAIN_OFF
IDE_076_20260917,post_fix,,PROBE_nan,PROBE_nan_MAIN3_032108,M2_MAIN_OFF,1,a4add14d4708940d,0,0,/models/kt/ide070/hotmap_v2.json,/models/kt/ide070/layer_budget_5952.json,vllm,M073_QWEN_MAIN_SHORT,OFF,256,256,0,131786,32768,44.10140019503888,743.0149576903045,2389.101553009823,3087.053973285947,10854.695828317193,62.60131420860962,72.31741180477525,74.5064481384282,68.4506640653126,10545.114808279322,True,,2026-09-18T03:25:00.278162+09:00,eval/results/IDE_076_20260917/qwen/OPT4/PROBE_nan_MAIN3_032108/M2_MAIN_OFF
IDE_076_20260917,post_fix,,PROBE_nan,PROBE_nan_MAIN3_032108,M3_MAIN_OFF,2,a4add14d4708940d,0,0,/models/kt/ide070/hotmap_v2.json,/models/kt/ide070/layer_budget_5952.json,vllm,M073_QWEN_MAIN_SHORT,OFF,256,256,0,131786,32768,44.068855140008964,743.5636777015064,2461.6031635086983,3126.9650910107885,11003.485086135328,62.22207427912164,73.17155444106328,73.71121615356597,68.25624880148096,10516.227400948992,True,,2026-09-18T03:26:04.301205+09:00,eval/results/IDE_076_20260917/qwen/OPT4/PROBE_nan_MAIN3_032108/M3_MAIN_OFF
IDE_076_20260917,post_fix,,PROBE_nan,PROBE_nan_MAIN3_032728,M1_MAIN_OFF,0,a4add14d4708940d,0,0,/models/kt/ide070/hotmap_v2.json,/models/kt/ide070/layer_budget_5952.json,vllm,M073_QWEN_MAIN_SHORT,OFF,256,256,0,131786,32768,43.46752385201398,753.850164356251,2479.5264404965565,3410.5689122807235,6630.379279574764,57.97012283477756,68.9383628801076,74.15923603918536,66.00087226834148,10515.541190223303,True,,2026-09-18T03:30:11.128702+09:00,eval/results/IDE_076_20260917/qwen/OPT4/PROBE_nan_MAIN3_032728/M1_MAIN_OFF
IDE_076_20260917,post_fix,,PROBE_nan,PROBE_nan_MAIN3_032728,M2_MAIN_OFF,1,a4add14d4708940d,0,0,/models/kt/ide070/hotmap_v2.json,/models/kt/ide070/layer_budget_5952.json,vllm,M073_QWEN_MAIN_SHORT,OFF,256,256,0,131786,32768,43.04921693203505,761.175285760325,2404.7571839764714,3111.43264445127,10693.531836889446,60.8470725861752,72.16070024030812,73.52877815174283,65.75519651523791,10269.2212764523,True,,2026-09-18T03:31:14.635796+09:00,eval/results/IDE_076_20260917/qwen/OPT4/PROBE_nan_MAIN3_032728/M2_MAIN_OFF
IDE_076_20260917,post_fix,,PROBE_nan,PROBE_nan_MAIN3_032728,M3_MAIN_OFF,2,a4add14d4708940d,0,0,/models/kt/ide070/hotmap_v2.json,/models/kt/ide070/layer_budget_5952.json,vllm,M073_QWEN_MAIN_SHORT,OFF,256,256,0,131786,32768,43.230109147029,757.9902213189761,2364.960434031673,3131.7971974785905,10750.92759348335,61.153706909326,67.45850443487114,72.9174199913753,66.43563856487161,10222.968136804411,True,,2026-09-18T03:32:17.893409+09:00,eval/results/IDE_076_20260917/qwen/OPT4/PROBE_nan_MAIN3_032728/M3_MAIN_OFF
IDE_076_20260917,post_fix,,PROBE_nan,PROBE_nan_MAIN3_033341,M1_MAIN_OFF,0,a4add14d4708940d,0,0,/models/kt/ide070/hotmap_v2.json,/models/kt/ide070/layer_budget_5952.json,vllm,M073_QWEN_MAIN_SHORT,OFF,256,256,0,131786,32768,44.57893428497482,735.0557056956012,2410.8825100120157,3443.8492862391286,10938.248479174208,62.604890846625324,72.77954899610614,75.09886465025296,68.81484585464932,10878.783825202845,True,,2026-09-18T03:36:26.456637+09:00,eval/results/IDE_076_20260917/qwen/OPT4/PROBE_nan_MAIN3_033341/M1_MAIN_OFF
IDE_076_20260917,post_fix,,PROBE_nan,PROBE_nan_MAIN3_033341,M2_MAIN_OFF,1,a4add14d4708940d,0,0,/models/kt/ide070/hotmap_v2.json,/models/kt/ide070/layer_budget_5952.json,vllm,M073_QWEN_MAIN_SHORT,OFF,256,256,0,131786,32768,44.565376634011045,735.2793238819479,2390.040473488625,3124.520027253311,10978.495941264548,62.96097498440265,73.90054834843428,76.28091294281772,69.53505130368283,10652.149306493811,True,,2026-09-18T03:37:31.194562+09:00,eval/results/IDE_076_20260917/qwen/OPT4/PROBE_nan_MAIN3_033341/M2_MAIN_OFF
IDE_076_20260917,post_fix,,PROBE_nan,PROBE_nan_MAIN3_033341,M3_MAIN_OFF,2,a4add14d4708940d,0,0,/models/kt/ide070/hotmap_v2.json,/models/kt/ide070/layer_budget_5952.json,vllm,M073_QWEN_MAIN_SHORT,OFF,256,256,0,131786,32768,44.022961674956605,744.33883485492,2355.973197554704,3160.066367505351,10869.857387169024,62.06949463381805,73.04188456133332,75.0826869731472,67.09109920193441,10495.120091771241,True,,2026-09-18T03:38:35.681067+09:00,eval/results/IDE_076_20260917/qwen/OPT4/PROBE_nan_MAIN3_033341/M3_MAIN_OFF
IDE_076_20260917,post_fix,,PROBE_nan,PROBE_nan_MAIN3_034047,M1_MAIN_OFF,0,a4add14d4708940d,0,0,/models/kt/ide070/hotmap_v2.json,/models/kt/ide070/layer_budget_5952.json,vllm,M073_QWEN_MAIN_SHORT,OFF,256,0,256,0,0,0.44114296790212393,0.0,0.0,0.0,0.0,0.0,0.0,0.0,0.0,0.0,False,server_died_in_boot,2026-09-18T03:48:11.129572+09:00,eval/results/IDE_076_20260917/qwen/OPT4/PROBE_nan_MAIN3_034047/M1_MAIN_OFF
IDE_076_20260917,post_fix,,PROBE_nan,PROBE_nan_MAIN3_034943,M1_MAIN_OFF,0,a4add14d4708940d,0,0,/models/kt/ide070/hotmap_v2.json,/models/kt/ide070/layer_budget_5952.json,vllm,M073_QWEN_MAIN_SHORT,OFF,256,256,0,131786,32768,44.25904980394989,740.3683573223848,2316.3024384411983,3214.839000516804,10760.361113888204,62.37827540158961,73.22087071012838,77.01226659032046,69.03601612430063,10697.346494911471,True,,2026-09-18T03:52:35.063413+09:00,eval/results/IDE_076_20260917/qwen/OPT4/PROBE_nan_MAIN3_034943/M1_MAIN_OFF
IDE_076_20260917,post_fix,,PROBE_nan,PROBE_nan_MAIN3_034943,M2_MAIN_OFF,1,a4add14d4708940d,0,0,/models/kt/ide070/hotmap_v2.json,/models/kt/ide070/layer_budget_5952.json,vllm,M073_QWEN_MAIN_SHORT,OFF,256,256,0,131786,32768,42.16874175600242,777.0684785807182,2201.9651170121506,3181.809032219462,6323.753313999544,56.82282187741279,68.87345594527223,73.49356411989248,64.66807536780834,10233.619157777866,True,,2026-09-18T03:53:39.201215+09:00,eval/results/IDE_076_20260917/qwen/OPT4/PROBE_nan_MAIN3_034943/M2_MAIN_OFF
IDE_076_20260917,post_fix,,PROBE_nan,PROBE_nan_MAIN3_034943,M3_MAIN_OFF,2,a4add14d4708940d,0,0,/models/kt/ide070/hotmap_v2.json,/models/kt/ide070/layer_budget_5952.json,vllm,M073_QWEN_MAIN_SHORT,OFF,256,256,0,131786,32768,42.970733158057556,762.5655322070199,2254.774785018526,3208.5044634877704,10604.505706543569,60.526163114223806,71.56794458420536,74.10553491515782,67.00123919872567,10420.010986214038,True,,2026-09-18T03:54:41.173430+09:00,eval/results/IDE_076_20260917/qwen/OPT4/PROBE_nan_MAIN3_034943/M3_MAIN_OFF
IDE_076_20260917,post_fix,,PROBE_nan,PROBE_nan_MAIN3_035604,M1_MAIN_OFF,0,a4add14d4708940d,0,0,/models/kt/ide070/hotmap_v2.json,/models/kt/ide070/layer_budget_5952.json,vllm,M073_QWEN_MAIN_SHORT,OFF,256,256,0,131786,32768,44.61371001100633,734.4827406623667,2311.976639495697,3473.0508381908294,10942.399961885523,63.15276145295233,72.79557221056709,75.97225694335064,67.79827193240635,10861.739730229601,False,server_died_in_boot,2026-09-18T03:58:48.247277+09:00,eval/results/IDE_076_20260917/qwen/OPT4/PROBE_nan_MAIN3_035604/M1_MAIN_OFF
IDE_076_20260917,post_fix,,PROBE_nan,PROBE_nan_MAIN3_035604,M2_MAIN_OFF,1,a4add14d4708940d,0,0,/models/kt/ide070/hotmap_v2.json,/models/kt/ide070/layer_budget_5952.json,vllm,M073_QWEN_MAIN_SHORT,OFF,256,189,67,97310,24192,321.59855569701176,75.22421842836899,2352.3976769065484,3120.6944565521553,4085.0513887917987,64.44712143343705,75.46562497177726,75.66999669843095,68.69921893812715,10580.748444609344,False,server_died_in_boot,2026-09-18T03:59:52.655768+09:00,eval/results/IDE_076_20260917/qwen/OPT4/PROBE_nan_MAIN3_035604/M2_MAIN_OFF
IDE_076_20260917,post_fix,,PROBE_nan,PROBE_nan_MAIN3_040906,M1_MAIN_OFF,0,a4add14d4708940d,0,0,/models/kt/ide070/hotmap_v2.json,/models/kt/ide070/layer_budget_5952.json,vllm,M073_QWEN_MAIN_SHORT,OFF,256,256,0,131786,32768,45.1097734910436,726.4057756021759,2536.9668470229954,3455.5464659642894,11064.532068499819,62.129621456769534,72.3878278463023,76.45312052804017,70.10960290790536,10963.696898310445,False,server_died_in_boot,2026-09-18T04:11:51.828245+09:00,eval/results/IDE_076_20260917/qwen/OPT4/PROBE_nan_MAIN3_040906/M1_MAIN_OFF
IDE_076_20260917,post_fix,,PROBE_nan,PROBE_nan_MAIN3_040906,M2_MAIN_OFF,1,a4add14d4708940d,0,0,/models/kt/ide070/hotmap_v2.json,/models/kt/ide070/layer_budget_5952.json,vllm,M073_QWEN_MAIN_SHORT,OFF,256,126,130,64859,16128,303.517441730015,53.13697923938812,2497.241514036432,3215.3905497689266,3217.483695509145,63.169497661530876,73.053132183254,74.44805950251788,67.62153488816689,10525.340524502099,False,server_died_in_boot,2026-09-18T04:12:57.084184+09:00,eval/results/IDE_076_20260917/qwen/OPT4/PROBE_nan_MAIN3_040906/M2_MAIN_OFF
IDE_076_20260917,post_fix,,PROBE_nan,PROBE_nan_MAIN3_042900,M1_MAIN_OFF,0,a4add14d4708940d,0,0,/models/kt/ide070/hotmap_v2.json,/models/kt/ide070/layer_budget_5952.json,vllm,M073_QWEN_MAIN_SHORT,OFF,256,256,0,131786,32768,45.04465881106444,727.455837493237,2577.188093040604,3524.3309994693846,11225.469041249009,61.88830675962417,73.00680499445046,74.7049992970983,68.32520193420349,10826.09137299005,True,,2026-09-18T04:31:46.682892+09:00,eval/results/IDE_076_20260917/qwen/OPT4/PROBE_nan_MAIN3_042900/M1_MAIN_OFF
IDE_076_20260917,post_fix,,PROBE_nan,PROBE_nan_MAIN3_042900,M2_MAIN_OFF,1,a4add14d4708940d,0,0,/models/kt/ide070/hotmap_v2.json,/models/kt/ide070/layer_budget_5952.json,vllm,M073_QWEN_MAIN_SHORT,OFF,256,256,0,131786,32768,44.24315794708673,740.6342928592345,2526.3201044872403,3231.5694041899405,11079.309648723565,61.70396415762398,72.90538089206868,73.14227543391772,67.29996743961236,10512.039789464325,True,,2026-09-18T04:32:51.908691+09:00,eval/results/IDE_076_20260917/qwen/OPT4/PROBE_nan_MAIN3_042900/M2_MAIN_OFF
IDE_076_20260917,post_fix,,PROBE_nan,PROBE_nan_MAIN3_042900,M3_MAIN_OFF,2,a4add14d4708940d,0,0,/models/kt/ide070/hotmap_v2.json,/models/kt/ide070/layer_budget_5952.json,vllm,M073_QWEN_MAIN_SHORT,OFF,256,256,0,131786,32768,44.734521283069625,732.4991764783115,2532.1343329851516,3229.147581005236,11193.191385018867,63.7057657558911,73.16808314745563,75.04145203421339,68.24618694372475,10683.542926009977,True,,2026-09-18T04:33:56.121941+09:00,eval/results/IDE_076_20260917/qwen/OPT4/PROBE_nan_MAIN3_042900/M3_MAIN_OFF
IDE_076_20260917,post_fix,,PROBE_nan,PROBE_nan_MAIN3_043521,M1_MAIN_OFF,0,a4add14d4708940d,0,0,/models/kt/ide070/hotmap_v2.json,/models/kt/ide070/layer_budget_5952.json,vllm,M073_QWEN_MAIN_SHORT,OFF,256,256,0,131786,32768,44.77665689191781,731.8098820797545,2469.7316505480558,3374.7666260169353,11172.470787860213,63.353249897601046,69.50327595301691,75.03192814417169,67.97512869816273,10577.713416190818,True,,2026-09-18T04:38:05.900903+09:00,eval/results/IDE_076_20260917/qwen/OPT4/PROBE_nan_MAIN3_043521/M1_MAIN_OFF
IDE_076_20260917,post_fix,,PROBE_nan,PROBE_nan_MAIN3_043521,M2_MAIN_OFF,1,a4add14d4708940d,0,0,/models/kt/ide070/hotmap_v2.json,/models/kt/ide070/layer_budget_5952.json,vllm,M073_QWEN_MAIN_SHORT,OFF,256,256,0,131786,32768,44.935049068997614,729.2303152865117,2565.32305496512,3257.171374716563,11261.597117560443,63.29789209476577,73.5139706929207,74.77072806012318,68.48214378696866,10685.823042411357,True,,2026-09-18T04:39:10.702951+09:00,eval/results/IDE_076_20260917/qwen/OPT4/PROBE_nan_MAIN3_043521/M2_MAIN_OFF
IDE_076_20260917,post_fix,,PROBE_nan,PROBE_nan_MAIN3_043521,M3_MAIN_OFF,2,a4add14d4708940d,0,0,/models/kt/ide070/hotmap_v2.json,/models/kt/ide070/layer_budget_5952.json,vllm,M073_QWEN_MAIN_SHORT,OFF,256,256,0,131786,32768,45.24679772998206,724.2059470274249,2492.151173471939,3223.1308249756694,11267.234421247844,63.35399703142841,75.10999345434206,77.64396902144425,71.75061720190568,10961.8674107478,True,,2026-09-18T04:40:15.608093+09:00,eval/results/IDE_076_20260917/qwen/OPT4/PROBE_nan_MAIN3_043521/M3_MAIN_OFF
IDE_076_20260917,post_fix,,PROBE_nan,PROBE_nan_MAIN3_044141,M1_MAIN_OFF,0,a4add14d4708940d,0,0,/models/kt/ide070/hotmap_v2.json,/models/kt/ide070/layer_budget_5952.json,vllm,M073_QWEN_MAIN_SHORT,OFF,256,256,0,131786,32768,44.55062903207727,735.5227235154512,2519.1017384640872,3418.8981334737036,11028.477606183142,61.19915400815057,71.01625925609218,74.71963080644468,66.92563029937446,10678.446934005478,True,,2026-09-18T04:44:26.782711+09:00,eval/results/IDE_076_20260917/qwen/OPT4/PROBE_nan_MAIN3_044141/M1_MAIN_OFF
IDE_076_20260917,post_fix,,PROBE_nan,PROBE_nan_MAIN3_044141,M2_MAIN_OFF,1,a4add14d4708940d,0,0,/models/kt/ide070/hotmap_v2.json,/models/kt/ide070/layer_budget_5952.json,vllm,M073_QWEN_MAIN_SHORT,OFF,256,256,0,131786,32768,44.519386735977605,736.0388900757046,2595.6026794738136,3174.1975202749018,11153.151412296564,62.715412574952225,74.0220269094786,74.23429705370329,68.73710933723487,10601.787591760512,True,,2026-09-18T04:45:32.814657+09:00,eval/results/IDE_076_20260917/qwen/OPT4/PROBE_nan_MAIN3_044141/M2_MAIN_OFF
IDE_076_20260917,post_fix,,PROBE_nan,PROBE_nan_MAIN3_044141,M3_MAIN_OFF,2,a4add14d4708940d,0,0,/models/kt/ide070/hotmap_v2.json,/models/kt/ide070/layer_budget_5952.json,vllm,M073_QWEN_MAIN_SHORT,OFF,256,256,0,131786,32768,45.02867675095331,727.7140339085418,2548.1548774405383,3214.5794182724785,11231.055188062594,62.44346610633436,73.642713683254,74.43964148190526,69.5746788464021,10834.133865020704,True,,2026-09-18T04:46:37.232844+09:00,eval/results/IDE_076_20260917/qwen/OPT4/PROBE_nan_MAIN3_044141/M3_MAIN_OFF
IDE_076_20260917,post_fix,,PROBE_nan,PROBE_nan_MAIN3_044802,M1_MAIN_OFF,0,a4add14d4708940d,0,0,/models/kt/ide070/hotmap_v2.json,/models/kt/ide070/layer_budget_5952.json,vllm,M073_QWEN_MAIN_SHORT,OFF,256,256,0,131786,32768,44.31157909799367,739.4906854376503,2548.598058987409,3465.734557044925,11093.671462108608,60.76846393301907,71.77526511959586,72.96935630701923,66.32093905936927,10687.88242773735,False,server_died_in_boot,2026-09-18T04:50:47.060651+09:00,eval/results/IDE_076_20260917/qwen/OPT4/PROBE_nan_MAIN3_044802/M1_MAIN_OFF
IDE_076_20260917,post_fix,,PROBE_nan,PROBE_nan_MAIN3_044802,M2_MAIN_OFF,1,a4add14d4708940d,0,0,/models/kt/ide070/hotmap_v2.json,/models/kt/ide070/layer_budget_5952.json,vllm,M073_QWEN_MAIN_SHORT,OFF,256,63,193,32412,8064,288.8981973460177,27.91294675453314,2376.2283070245758,3168.3054919703864,3169.3146208883263,63.695591417009254,69.19645874762878,71.3367587329974,67.78891198337078,10477.47184401378,False,server_died_in_boot,2026-09-18T04:51:51.849731+09:00,eval/results/IDE_076_20260917/qwen/OPT4/PROBE_nan_MAIN3_044802/M2_MAIN_OFF
IDE_076_20260917,post_fix,,PROBE_nan,PROBE_nan_MAIN3_050025,M1_MAIN_OFF,0,a4add14d4708940d,0,0,/models/kt/ide070/hotmap_v2.json,/models/kt/ide070/layer_budget_5952.json,vllm,M073_QWEN_MAIN_SHORT,OFF,256,256,0,131786,32768,47.69368521892466,687.0511232165761,3115.605692495592,3989.631779753836,12045.004493673321,63.58114159418504,76.24336751773733,77.89662266704694,69.99848110717721,11371.438032307196,True,,2026-09-18T05:03:17.036973+09:00,eval/results/IDE_076_20260917/qwen/OPT4/PROBE_nan_MAIN3_050025/M1_MAIN_OFF
IDE_076_20260917,post_fix,,PROBE_nan,PROBE_nan_MAIN3_050025,M2_MAIN_OFF,1,a4add14d4708940d,0,0,/models/kt/ide070/hotmap_v2.json,/models/kt/ide070/layer_budget_5952.json,vllm,M073_QWEN_MAIN_SHORT,OFF,256,256,0,131786,32768,44.81756990100257,731.141828358413,3144.017491431441,3809.5196669455618,7124.195814545882,55.30153960218712,72.05483560220294,72.41230756823545,64.46507386281155,10763.004619948333,True,,2026-09-18T05:04:24.842549+09:00,eval/results/IDE_076_20260917/qwen/OPT4/PROBE_nan_MAIN3_050025/M2_MAIN_OFF
IDE_076_20260917,post_fix,,PROBE_nan,PROBE_nan_MAIN3_050025,M3_MAIN_OFF,2,a4add14d4708940d,0,0,/models/kt/ide070/hotmap_v2.json,/models/kt/ide070/layer_budget_5952.json,vllm,M073_QWEN_MAIN_SHORT,OFF,256,256,0,131786,32768,45.803812603931874,715.3989621638427,3118.467513471842,3769.717027054867,11661.357360129467,60.42324176734665,73.51100264143705,74.32649081438142,65.32661261153407,10848.605206556385,True,,2026-09-18T05:05:30.130876+09:00,eval/results/IDE_076_20260917/qwen/OPT4/PROBE_nan_MAIN3_050025/M3_MAIN_OFF
IDE_076_20260917,post_fix,,PROBE_nan,PROBE_nan_MAIN3_050653,M1_MAIN_OFF,0,a4add14d4708940d,0,0,/models/kt/ide070/hotmap_v2.json,/models/kt/ide070/layer_budget_5952.json,vllm,M073_QWEN_MAIN_SHORT,OFF,256,256,0,131786,32768,47.90514904493466,684.0183289955714,3218.5987619450316,4270.660486508859,12153.359057760084,63.54062652351026,76.57150560178735,76.59866421187377,69.30391694768329,11511.77905825898,True,,2026-09-18T05:09:45.254626+09:00,eval/results/IDE_076_20260917/qwen/OPT4/PROBE_nan_MAIN3_050653/M1_MAIN_OFF
IDE_076_20260917,post_fix,,PROBE_nan,PROBE_nan_MAIN3_050653,M2_MAIN_OFF,1,a4add14d4708940d,0,0,/models/kt/ide070/hotmap_v2.json,/models/kt/ide070/layer_budget_5952.json,vllm,M073_QWEN_MAIN_SHORT,OFF,256,256,0,131786,32768,46.9717385598924,697.6109678848358,3125.7338184514083,3774.61654599756,11986.827287496992,62.95866199208086,75.97442173424699,76.47380962409628,67.55366201978175,11174.295045260806,True,,2026-09-18T05:10:53.986512+09:00,eval/results/IDE_076_20260917/qwen/OPT4/PROBE_nan_MAIN3_050653/M2_MAIN_OFF
IDE_076_20260917,post_fix,,PROBE_nan,PROBE_nan_MAIN3_050653,M3_MAIN_OFF,2,a4add14d4708940d,0,0,/models/kt/ide070/hotmap_v2.json,/models/kt/ide070/layer_budget_5952.json,vllm,M073_QWEN_MAIN_SHORT,OFF,256,256,0,131786,32768,46.76106451603118,700.7539357613658,3092.3531744629145,3790.0026025017723,11812.299158552189,62.330671097976925,75.05414462794997,77.7464551312618,67.61371804168448,11253.946587035898,True,,2026-09-18T05:12:01.242971+09:00,eval/results/IDE_076_20260917/qwen/OPT4/PROBE_nan_MAIN3_050653/M3_MAIN_OFF
IDE_076_20260917,post_fix,,PROBE_nan,PROBE_nan_MAIN3_051321,M1_MAIN_OFF,0,a4add14d4708940d,0,0,/models/kt/ide070/hotmap_v2.json,/models/kt/ide070/layer_budget_5952.json,vllm,M073_QWEN_MAIN_SHORT,OFF,256,256,0,131786,32768,47.40526311006397,691.2312652694352,3108.5769404890016,4012.4276177957654,11885.094950976774,61.61216619299857,74.6703504586563,77.30231554922098,68.78427770570852,11513.468021061271,True,,2026-09-18T05:16:07.116513+09:00,eval/results/IDE_076_20260917/qwen/OPT4/PROBE_nan_MAIN3_051321/M1_MAIN_OFF
IDE_076_20260917,post_fix,,PROBE_nan,PROBE_nan_MAIN3_051321,M2_MAIN_OFF,1,a4add14d4708940d,0,0,/models/kt/ide070/hotmap_v2.json,/models/kt/ide070/layer_budget_5952.json,vllm,M073_QWEN_MAIN_SHORT,OFF,256,256,0,131786,32768,47.15582517103758,694.8876386140652,3068.8305479707196,3801.710545521928,11986.24352307524,62.42387429545231,76.62530922043086,77.89199854362771,71.70298818964511,11336.91495200037,True,,2026-09-18T05:17:14.351260+09:00,eval/results/IDE_076_20260917/qwen/OPT4/PROBE_nan_MAIN3_051321/M2_MAIN_OFF
IDE_076_20260917,post_fix,,PROBE_nan,PROBE_nan_MAIN3_051321,M3_MAIN_OFF,2,a4add14d4708940d,0,0,/models/kt/ide070/hotmap_v2.json,/models/kt/ide070/layer_budget_5952.json,vllm,M073_QWEN_MAIN_SHORT,OFF,256,256,0,131786,32768,47.17238610400818,694.6436825932734,3087.3573574936017,3712.0263728138525,11918.659508880219,64.16366277968393,76.7776755193032,77.27618328356148,69.69331530272026,11331.08552225167,True,,2026-09-18T05:18:21.537613+09:00,eval/results/IDE_076_20260917/qwen/OPT4/PROBE_nan_MAIN3_051321/M3_MAIN_OFF
IDE_076_20260917,post_fix,,PROBE_nan,PROBE_nan_MAIN3_051942,M1_MAIN_OFF,0,a4add14d4708940d,0,0,/models/kt/ide070/hotmap_v2.json,/models/kt/ide070/layer_budget_5952.json,vllm,M073_QWEN_MAIN_SHORT,OFF,256,256,0,131786,32768,47.22446633002255,693.8776135870914,3186.88715150347,3955.6984170048963,11912.553740333522,61.457351830468966,74.35956421605216,76.5974825006125,68.81326094735414,11448.076318512904,True,,2026-09-18T05:22:28.997383+09:00,eval/results/IDE_076_20260917/qwen/OPT4/PROBE_nan_MAIN3_051942/M1_MAIN_OFF
IDE_076_20260917,post_fix,,PROBE_nan,PROBE_nan_MAIN3_051942,M2_MAIN_OFF,1,a4add14d4708940d,0,0,/models/kt/ide070/hotmap_v2.json,/models/kt/ide070/layer_budget_5952.json,vllm,M073_QWEN_MAIN_SHORT,OFF,256,256,0,131786,32768,46.8663562790025,699.1795949513793,3090.568774496205,3787.051299237646,11944.183928961858,62.416480310576574,74.18510330246036,77.10480891410116,68.7066168989986,11247.400912252488,True,,2026-09-18T05:23:36.401764+09:00,eval/results/IDE_076_20260917/qwen/OPT4/PROBE_nan_MAIN3_051942/M2_MAIN_OFF
IDE_076_20260917,post_fix,,PROBE_nan,PROBE_nan_MAIN3_051942,M3_MAIN_OFF,2,a4add14d4708940d,0,0,/models/kt/ide070/hotmap_v2.json,/models/kt/ide070/layer_budget_5952.json,vllm,M073_QWEN_MAIN_SHORT,OFF,256,256,0,131786,32768,46.930886287940666,698.2182224080444,3224.163446458988,3796.1450457805768,11881.983387400389,62.294261819246685,71.7116756988946,75.73427166904352,67.89323175908066,11206.848863774212,True,,2026-09-18T05:24:43.496015+09:00,eval/results/IDE_076_20260917/qwen/OPT4/PROBE_nan_MAIN3_051942/M3_MAIN_OFF
IDE_076_20260917,post_fix,,PROBE_nan,PROBE_nan_MAIN3_052604,M1_MAIN_OFF,0,a4add14d4708940d,0,0,/models/kt/ide070/hotmap_v2.json,/models/kt/ide070/layer_budget_5952.json,vllm,M073_QWEN_MAIN_SHORT,OFF,256,256,0,131786,32768,45.21652831695974,724.6907540159254,2430.0309764803387,3385.332327481592,11127.217640593875,64.07606413388096,75.85054513559251,78.93781524264313,70.94111997284921,11051.719196984777,True,,2026-09-18T05:28:53.339088+09:00,eval/results/IDE_076_20260917/qwen/OPT4/PROBE_nan_MAIN3_052604/M1_MAIN_OFF
IDE_076_20260917,post_fix,,PROBE_nan,PROBE_nan_MAIN3_052604,M2_MAIN_OFF,1,a4add14d4708940d,0,0,/models/kt/ide070/hotmap_v2.json,/models/kt/ide070/layer_budget_5952.json,vllm,M073_QWEN_MAIN_SHORT,OFF,256,256,0,131786,32768,42.50405503693037,770.9382074611227,2296.6603230452165,3234.9928930634633,6492.591217043728,57.1647331413747,68.32740563985446,73.83211616744786,64.78403649525717,10171.93923945888,True,,2026-09-18T05:29:58.702572+09:00,eval/results/IDE_076_20260917/qwen/OPT4/PROBE_nan_MAIN3_052604/M2_MAIN_OFF
IDE_076_20260917,post_fix,,PROBE_nan,PROBE_nan_MAIN3_052604,M3_MAIN_OFF,2,a4add14d4708940d,0,0,/models/kt/ide070/hotmap_v2.json,/models/kt/ide070/layer_budget_5952.json,vllm,M073_QWEN_MAIN_SHORT,OFF,256,256,0,131786,32768,43.92159242799971,746.0567385783268,2272.9254020377994,3220.451728266198,10688.655031356024,62.20624736220554,73.21524342103115,74.68710534836488,68.80557203548959,10783.504105260363,True,,2026-09-18T05:31:01.249411+09:00,eval/results/IDE_076_20260917/qwen/OPT4/PROBE_nan_MAIN3_052604/M3_MAIN_OFF
IDE_076_20260917,post_fix,,PROBE_nan,PROBE_nan_MAIN3_053225,M1_MAIN_OFF,0,a4add14d4708940d,0,0,/models/kt/ide070/hotmap_v2.json,/models/kt/ide070/layer_budget_5952.json,vllm,M073_QWEN_MAIN_SHORT,OFF,256,256,0,131786,32768,45.10885458509438,726.4205731091153,2442.8038895130157,3361.2412065267563,11249.53018061933,64.24264044099392,73.908011269972,79.63298393517006,70.47921990742906,11116.257058951305,True,,2026-09-18T05:35:09.557654+09:00,eval/results/IDE_076_20260917/qwen/OPT4/PROBE_nan_MAIN3_053225/M1_MAIN_OFF
IDE_076_20260917,post_fix,,PROBE_nan,PROBE_nan_MAIN3_053225,M2_MAIN_OFF,1,a4add14d4708940d,0,0,/models/kt/ide070/hotmap_v2.json,/models/kt/ide070/layer_budget_5952.json,vllm,M073_QWEN_MAIN_SHORT,OFF,256,256,0,131786,32768,44.104158628033474,742.9684868576545,2364.647693466395,3272.908860439202,10863.487528043332,63.467446476767414,73.01619260248319,75.67428934395195,67.16235701460391,10495.603274001041,True,,2026-09-18T05:36:14.789405+09:00,eval/results/IDE_076_20260917/qwen/OPT4/PROBE_nan_MAIN3_053225/M2_MAIN_OFF
IDE_076_20260917,post_fix,,PROBE_nan,PROBE_nan_MAIN3_053225,M3_MAIN_OFF,2,a4add14d4708940d,0,0,/models/kt/ide070/hotmap_v2.json,/models/kt/ide070/layer_budget_5952.json,vllm,M073_QWEN_MAIN_SHORT,OFF,256,256,0,131786,32768,44.212256655911915,741.1519446976333,2353.054316015914,3252.5564527895767,10798.13060264568,62.08447350040591,72.92468078144803,74.8286943899662,68.58784448704681,10911.61985474173,True,,2026-09-18T05:37:19.318333+09:00,eval/results/IDE_076_20260917/qwen/OPT4/PROBE_nan_MAIN3_053225/M3_MAIN_OFF
IDE_076_20260917,post_fix,,PROBE_nan,PROBE_nan_MAIN3_053857,M1_MAIN_OFF,0,a4add14d4708940d,0,0,/models/kt/ide070/hotmap_v2.json,/models/kt/ide070/layer_budget_5952.json,vllm,M073_QWEN_MAIN_SHORT,OFF,256,256,0,131786,32768,44.80824597994797,731.2939679599136,2427.350268524606,3402.795084461104,11041.91269939765,63.66535860221964,74.88338697626526,75.19901196369682,67.83313709893262,10665.081145212753,True,,2026-09-18T05:41:42.231081+09:00,eval/results/IDE_076_20260917/qwen/OPT4/PROBE_nan_MAIN3_053857/M1_MAIN_OFF
IDE_076_20260917,post_fix,,PROBE_nan,PROBE_nan_MAIN3_053857,M2_MAIN_OFF,1,a4add14d4708940d,0,0,/models/kt/ide070/hotmap_v2.json,/models/kt/ide070/layer_budget_5952.json,vllm,M073_QWEN_MAIN_SHORT,OFF,256,256,0,131786,32768,44.125639603007585,742.6067994664613,2356.335275573656,3180.787194549339,10838.38275270536,62.47170850007582,73.15445248212659,76.8671330043452,68.16075779497619,10619.507935189176,True,,2026-09-18T05:42:47.181830+09:00,eval/results/IDE_076_20260917/qwen/OPT4/PROBE_nan_MAIN3_053857/M2_MAIN_OFF
IDE_076_20260917,post_fix,,PROBE_nan,PROBE_nan_MAIN3_053857,M3_MAIN_OFF,2,a4add14d4708940d,0,0,/models/kt/ide070/hotmap_v2.json,/models/kt/ide070/layer_budget_5952.json,vllm,M073_QWEN_MAIN_SHORT,OFF,256,256,0,131786,32768,45.519531961064786,719.8668041672346,2407.5642365496606,3261.125896475278,11227.900466520801,65.28208464545409,74.89925541357673,79.25988255012743,72.45875947992317,10991.389770206297,True,,2026-09-18T05:43:51.274555+09:00,eval/results/IDE_076_20260917/qwen/OPT4/PROBE_nan_MAIN3_053857/M3_MAIN_OFF
IDE_076_20260917,post_fix,,PROBE_nan,PROBE_nan_MAIN3_054516,M1_MAIN_OFF,0,a4add14d4708940d,0,0,/models/kt/ide070/hotmap_v2.json,/models/kt/ide070/layer_budget_5952.json,vllm,M073_QWEN_MAIN_SHORT,OFF,256,256,0,131786,32768,44.92319552204572,729.422731825018,2439.798877981957,3443.9105780329555,11105.383839429118,63.93854931871385,75.16623537838056,76.72547568497431,69.10202433937229,10696.037688438082,True,,2026-09-18T05:48:01.039613+09:00,eval/results/IDE_076_20260917/qwen/OPT4/PROBE_nan_MAIN3_054516/M1_MAIN_OFF
IDE_076_20260917,post_fix,,PROBE_nan,PROBE_nan_MAIN3_054516,M2_MAIN_OFF,1,a4add14d4708940d,0,0,/models/kt/ide070/hotmap_v2.json,/models/kt/ide070/layer_budget_5952.json,vllm,M073_QWEN_MAIN_SHORT,OFF,256,256,0,131786,32768,44.606444154982455,734.6023791125228,2333.017098484561,3251.7711976834107,10931.771279580416,62.69769175170635,74.01263597856762,75.56707971073013,69.20189561205915,10841.480831237277,True,,2026-09-18T05:49:05.665209+09:00,eval/results/IDE_076_20260917/qwen/OPT4/PROBE_nan_MAIN3_054516/M2_MAIN_OFF
IDE_076_20260917,post_fix,,PROBE_nan,PROBE_nan_MAIN3_054516,M3_MAIN_OFF,2,a4add14d4708940d,0,0,/models/kt/ide070/hotmap_v2.json,/models/kt/ide070/layer_budget_5952.json,vllm,M073_QWEN_MAIN_SHORT,OFF,256,256,0,131786,32768,44.88090323098004,730.1100833768685,2349.8932140064426,3228.6732505308464,11183.769173279865,64.52121725993406,74.78184330320228,77.18870124741143,68.94512270228005,10685.930328501854,True,,2026-09-18T05:50:10.040959+09:00,eval/results/IDE_076_20260917/qwen/OPT4/PROBE_nan_MAIN3_054516/M3_MAIN_OFF
IDE_076_20260917,post_fix,,PROBE_nan,PROBE_nan_MAIN3_055129,M1_MAIN_OFF,0,a4add14d4708940d,0,0,/models/kt/ide070/hotmap_v2.json,/models/kt/ide070/layer_budget_5952.json,vllm,M073_QWEN_MAIN_SHORT,OFF,256,256,0,131786,32768,42.5421823579818,770.2472742057635,2329.855809977744,3294.2727035842836,6606.208676780722,56.78546387385064,68.63669094292256,74.32885568801636,64.00246967677957,10339.648829307407,True,,2026-09-18T05:54:15.449438+09:00,eval/results/IDE_076_20260917/qwen/OPT4/PROBE_nan_MAIN3_055129/M1_MAIN_OFF
IDE_076_20260917,post_fix,,PROBE_nan,PROBE_nan_MAIN3_055129,M2_MAIN_OFF,1,a4add14d4708940d,0,0,/models/kt/ide070/hotmap_v2.json,/models/kt/ide070/layer_budget_5952.json,vllm,M073_QWEN_MAIN_SHORT,OFF,256,256,0,131786,32768,44.0271575381048,744.267898095393,2357.1574914385565,3228.567199257668,10758.585391426457,62.65425754712864,72.83860564371204,76.34370626925713,68.0582908913493,10792.914847726934,True,,2026-09-18T05:55:18.285234+09:00,eval/results/IDE_076_20260917/qwen/OPT4/PROBE_nan_MAIN3_055129/M2_MAIN_OFF
IDE_076_20260917,post_fix,,PROBE_nan,PROBE_nan_MAIN3_055129,M3_MAIN_OFF,2,a4add14d4708940d,0,0,/models/kt/ide070/hotmap_v2.json,/models/kt/ide070/layer_budget_5952.json,vllm,M073_QWEN_MAIN_SHORT,OFF,256,256,0,131786,32768,42.68492716504261,767.671451641501,2290.510839491617,3180.1749702426605,10335.619027150093,59.332158496717035,69.29083993909586,72.54849573579891,64.28613954340102,10283.267408725806,True,,2026-09-18T05:56:22.232478+09:00,eval/results/IDE_076_20260917/qwen/OPT4/PROBE_nan_MAIN3_055129/M3_MAIN_OFF
IDE_076_20260917,post_fix,,PROBE_nan,PROBE_nan_MAIN3_055739,M1_MAIN_OFF,0,a4add14d4708940d,0,0,/models/kt/ide070/hotmap_v2.json,/models/kt/ide070/layer_budget_5952.json,vllm,M073_QWEN_MAIN_SHORT,OFF,256,256,0,131786,32768,44.439167147967964,737.3675544119272,2498.924028943293,3313.516877271468,10910.027031012569,62.1680202243087,73.3438936631859,76.0485260045673,68.47297508502378,10700.501654966502,True,,2026-09-18T06:00:22.276804+09:00,eval/results/IDE_076_20260917/qwen/OPT4/PROBE_nan_MAIN3_055739/M1_MAIN_OFF
IDE_076_20260917,post_fix,,PROBE_nan,PROBE_nan_MAIN3_055739,M2_MAIN_OFF,1,a4add14d4708940d,0,0,/models/kt/ide070/hotmap_v2.json,/models/kt/ide070/layer_budget_5952.json,vllm,M073_QWEN_MAIN_SHORT,OFF,256,256,0,131786,32768,44.427531694062054,737.5606690384647,2264.752771006897,3142.953505011974,10986.496295203682,64.62318326005581,70.81784226993048,76.12240307164143,68.02049318794161,10498.892789997626,True,,2026-09-18T06:01:26.663583+09:00,eval/results/IDE_076_20260917/qwen/OPT4/PROBE_nan_MAIN3_055739/M2_MAIN_OFF
IDE_076_20260917,post_fix,,PROBE_nan,PROBE_nan_MAIN3_055739,M3_MAIN_OFF,2,a4add14d4708940d,0,0,/models/kt/ide070/hotmap_v2.json,/models/kt/ide070/layer_budget_5952.json,vllm,M073_QWEN_MAIN_SHORT,OFF,256,256,0,131786,32768,44.674051419016905,733.4906720828834,2277.6476535364054,3212.6689865253866,10947.305311623491,63.31430809016845,74.53602766934378,76.07324662229676,69.37204975401983,10860.18456070451,True,,2026-09-18T06:02:31.411468+09:00,eval/results/IDE_076_20260917/qwen/OPT4/PROBE_nan_MAIN3_055739/M3_MAIN_OFF
IDE_076_20260917,post_fix,,PROBE_nan,PROBE_nan_MAIN3_060356,M1_MAIN_OFF,0,a4add14d4708940d,0,0,/models/kt/ide070/hotmap_v2.json,/models/kt/ide070/layer_budget_5952.json,vllm,M073_QWEN_MAIN_SHORT,OFF,256,256,0,131786,32768,45.22969932691194,724.4797221214965,2443.448527948931,3300.4228479694575,11175.115236954292,64.57144275580819,74.6359792851942,77.6521351264962,69.41436851629986,10771.489074191777,True,,2026-09-18T06:06:41.189043+09:00,eval/results/IDE_076_20260917/qwen/OPT4/PROBE_nan_MAIN3_060356/M1_MAIN_OFF
IDE_076_20260917,post_fix,,PROBE_nan,PROBE_nan_MAIN3_060356,M2_MAIN_OFF,1,a4add14d4708940d,0,0,/models/kt/ide070/hotmap_v2.json,/models/kt/ide070/layer_budget_5952.json,vllm,M073_QWEN_MAIN_SHORT,OFF,256,256,0,131786,32768,44.295914139947854,739.7522014439812,2359.017362992745,3189.70887226169,10930.040489981177,63.547649413922905,74.92067292722228,74.97686759993162,67.91000863886437,10532.15292209643,True,,2026-09-18T06:07:46.489872+09:00,eval/results/IDE_076_20260917/qwen/OPT4/PROBE_nan_MAIN3_060356/M2_MAIN_OFF
IDE_076_20260917,post_fix,,PROBE_nan,PROBE_nan_MAIN3_060356,M3_MAIN_OFF,2,a4add14d4708940d,0,0,/models/kt/ide070/hotmap_v2.json,/models/kt/ide070/layer_budget_5952.json,vllm,M073_QWEN_MAIN_SHORT,OFF,256,256,0,131786,32768,44.537103130016476,735.7461014997066,2315.940635977313,3264.1083453199826,10956.674120319072,63.63758951192722,74.89648991123238,77.34786568513859,68.75909089576453,10637.33305997448,True,,2026-09-18T06:08:50.737341+09:00,eval/results/IDE_076_20260917/qwen/OPT4/PROBE_nan_MAIN3_060356/M3_MAIN_OFF
IDE_076_20260917,post_fix,,PROBE_nan,PROBE_nan_MAIN3_061008,M1_MAIN_OFF,0,a4add14d4708940d,0,0,/models/kt/ide070/hotmap_v2.json,/models/kt/ide070/layer_budget_5952.json,vllm,M073_QWEN_MAIN_SHORT,OFF,256,256,0,131786,32768,44.81801751407329,731.1345261916266,2431.713510013651,3442.1009463258088,10995.188949082505,62.816192838730025,74.21051718085623,76.57470417004555,68.6097773432266,10817.19349278137,True,,2026-09-18T06:12:53.727577+09:00,eval/results/IDE_076_20260917/qwen/OPT4/PROBE_nan_MAIN3_061008/M1_MAIN_OFF
IDE_076_20260917,post_fix,,PROBE_nan,PROBE_nan_MAIN3_061008,M2_MAIN_OFF,1,a4add14d4708940d,0,0,/models/kt/ide070/hotmap_v2.json,/models/kt/ide070/layer_budget_5952.json,vllm,M073_QWEN_MAIN_SHORT,OFF,256,256,0,131786,32768,44.5631691160379,735.315747286184,2336.6036269580945,3204.428797791479,11114.289803663267,63.88793837766743,73.8361498676002,78.02393044144333,70.58381994138472,10740.655743778916,True,,2026-09-18T06:13:58.449298+09:00,eval/results/IDE_076_20260917/qwen/OPT4/PROBE_nan_MAIN3_061008/M2_MAIN_OFF
IDE_076_20260917,post_fix,,PROBE_nan,PROBE_nan_MAIN3_061008,M3_MAIN_OFF,2,a4add14d4708940d,0,0,/models/kt/ide070/hotmap_v2.json,/models/kt/ide070/layer_budget_5952.json,vllm,M073_QWEN_MAIN_SHORT,OFF,256,256,0,131786,32768,45.06461267196573,727.1337321486546,2333.0264210235327,3237.107423803536,11083.525799703779,64.36445397658522,75.71073626140573,77.34787529091513,68.47594014834613,10690.457097545732,True,,2026-09-18T06:15:03.290838+09:00,eval/results/IDE_076_20260917/qwen/OPT4/PROBE_nan_MAIN3_061008/M3_MAIN_OFF
IDE_076_20260917,post_fix,,PROBE_nan,PROBE_nan_MAIN3_061628,M1_MAIN_OFF,0,a4add14d4708940d,0,0,/models/kt/ide070/hotmap_v2.json,/models/kt/ide070/layer_budget_5952.json,vllm,M073_QWEN_MAIN_SHORT,OFF,256,256,0,131786,32768,45.68224732007366,717.3027143435019,2474.616125517059,3454.0882947912905,11416.250756778754,64.57270847222819,74.3511063864869,79.96010864501834,71.66644697426817,11056.478317797882,True,,2026-09-18T06:19:12.529871+09:00,eval/results/IDE_076_20260917/qwen/OPT4/PROBE_nan_MAIN3_061628/M1_MAIN_OFF
IDE_076_20260917,post_fix,,PROBE_nan,PROBE_nan_MAIN3_061628,M2_MAIN_OFF,1,a4add14d4708940d,0,0,/models/kt/ide070/hotmap_v2.json,/models/kt/ide070/layer_budget_5952.json,vllm,M073_QWEN_MAIN_SHORT,OFF,256,256,0,131786,32768,44.19208919699304,741.490176079515,2357.5324735138565,3202.2324647696223,10931.95485322503,63.26923338562529,74.75121486010799,76.15131395461044,67.8582188382279,10590.169058268657,True,,2026-09-18T06:20:18.600218+09:00,eval/results/IDE_076_20260917/qwen/OPT4/PROBE_nan_MAIN3_061628/M2_MAIN_OFF
IDE_076_20260917,post_fix,,PROBE_nan,PROBE_nan_MAIN3_061628,M3_MAIN_OFF,2,a4add14d4708940d,0,0,/models/kt/ide070/hotmap_v2.json,/models/kt/ide070/layer_budget_5952.json,vllm,M073_QWEN_MAIN_SHORT,OFF,256,256,0,131786,32768,44.41446851892397,737.7776002439007,2293.493300967384,3200.1752410142217,10902.601858414702,62.72861022799181,74.0487642456066,76.44615056892438,68.86539672268555,10609.694192564348,True,,2026-09-18T06:21:23.119358+09:00,eval/results/IDE_076_20260917/qwen/OPT4/PROBE_nan_MAIN3_061628/M3_MAIN_OFF
IDE_076_20260917,post_fix,,PROBE_nan,PROBE_nan_MAIN3_062248,M1_MAIN_OFF,0,a4add14d4708940d,0,0,/models/kt/ide070/hotmap_v2.json,/models/kt/ide070/layer_budget_5952.json,vllm,M073_QWEN_MAIN_SHORT,OFF,256,256,0,131786,32768,45.27112983900588,723.8167042998537,2483.5847089998424,3344.943451724248,11153.794163826382,63.46779567323346,74.74842726772717,77.006239349006,70.6497450300958,10932.573694502935,True,,2026-09-18T06:25:39.460307+09:00,eval/results/IDE_076_20260917/qwen/OPT4/PROBE_nan_MAIN3_062248/M1_MAIN_OFF
IDE_076_20260917,post_fix,,PROBE_nan,PROBE_nan_MAIN3_062248,M2_MAIN_OFF,1,a4add14d4708940d,0,0,/models/kt/ide070/hotmap_v2.json,/models/kt/ide070/layer_budget_5952.json,vllm,M073_QWEN_MAIN_SHORT,OFF,256,256,0,131786,32768,44.49214865104295,736.4894929440967,2286.7280839709565,3173.1808027252555,10951.884318847435,63.65849218499942,74.5989899998934,75.271094978446,68.06033170432781,10735.717795003438,True,,2026-09-18T06:26:44.700582+09:00,eval/results/IDE_076_20260917/qwen/OPT4/PROBE_nan_MAIN3_062248/M2_MAIN_OFF
IDE_076_20260917,post_fix,,PROBE_nan,PROBE_nan_MAIN3_062248,M3_MAIN_OFF,2,a4add14d4708940d,0,0,/models/kt/ide070/hotmap_v2.json,/models/kt/ide070/layer_budget_5952.json,vllm,M073_QWEN_MAIN_SHORT,OFF,256,256,0,131786,32768,44.30993268196471,739.5181625572052,2314.8071480100043,3198.5057022538967,10904.939668002764,64.10545505139625,75.3118409727073,76.36059740265853,68.95595911191775,10587.936905678362,True,,2026-09-18T06:27:49.059481+09:00,eval/results/IDE_076_20260917/qwen/OPT4/PROBE_nan_MAIN3_062248/M3_MAIN_OFF
IDE_076_20260917,post_fix,,R0C,R0C_CONFIRM_125429,C1_OFF,0,a4add14d4708940d,0,0,/models/kt/ide070/hotmap_v2.json,/models/kt/ide070/layer_budget_5952.json,vllm,M073_QWEN_LOW_CONCURRENCY,OFF,16,16,0,8234,2048,32.55116398097016,62.916336914934526,251.3844560016878,308.7200000009034,314.6372959774453,13.917288240173642,14.146932542844727,14.628421110247709,14.21265883836895,2096.2490954552777,True,,2026-09-18T13:00:36.522034+09:00,eval/results/IDE_076_20260917/qwen/OPT4/R0C_CONFIRM_125429/C1_OFF
IDE_076_20260917,post_fix,,R0C,R0C_CONFIRM_125429,IND1_OFF,1,a4add14d4708940d,0,0,/models/kt/ide070/hotmap_v2.json,/models/kt/ide070/layer_budget_5952.json,vllm,M076_QWEN_CONFIRM,OFF,128,128,0,64376,16384,25.182351517956704,650.614379213836,2090.464245469775,2925.688792183064,9338.049222239097,74.54615745255283,80.99337948103963,80.99385688424212,81.51310327230021,11565.468696010066,True,,2026-09-18T13:02:15.053528+09:00,eval/results/IDE_076_20260917/qwen/OPT4/R0C_CONFIRM_125429/IND1_OFF
IDE_076_20260917,post_fix,,R0C,R0C_CONFIRM_125429,IND2_OFF,2,a4add14d4708940d,0,0,/models/kt/ide070/hotmap_v2.json,/models/kt/ide070/layer_budget_5952.json,vllm,M076_QWEN_CONFIRM,OFF,128,128,0,64376,16384,25.1259750360623,652.0741971797992,2127.8669490129687,2933.5091827902943,9351.087437041604,73.42518304701983,78.95122604984533,84.27070049812842,80.69010719191283,11469.421477732249,True,,2026-09-18T13:03:00.469125+09:00,eval/results/IDE_076_20260917/qwen/OPT4/R0C_CONFIRM_125429/IND2_OFF
IDE_076_20260917,post_fix,,R0C,R0C_CONFIRM_125429,LONG_OFF,3,a4add14d4708940d,0,0,/models/kt/ide070/hotmap_v2.json,/models/kt/ide070/layer_budget_5952.json,vllm,M073_QWEN_LONGER_PREFILL,OFF,32,32,0,131147,4096,24.660687605966814,166.0943143778743,2370.670578442514,3164.52504118206,3188.1061761884484,29.895242590981532,41.84831372090051,42.14989139596697,25.126784050371498,6203.794705925975,True,,2026-09-18T13:01:30.103176+09:00,eval/results/IDE_076_20260917/qwen/OPT4/R0C_CONFIRM_125429/LONG_OFF
IDE_076_20260917,post_fix,,R0C,R0C_CONFIRM_125429,M1_MAIN_OFF,4,a4add14d4708940d,0,0,/models/kt/ide070/hotmap_v2.json,/models/kt/ide070/layer_budget_5952.json,vllm,M073_QWEN_MAIN_SHORT,OFF,256,256,0,131786,32768,44.06263026606757,743.6687234087904,2193.042745522689,3250.943544524489,10728.910172125316,63.06531356682443,73.49692789748804,75.18016223976294,67.65109830885194,10783.60937704565,True,,2026-09-18T12:57:23.273802+09:00,eval/results/IDE_076_20260917/qwen/OPT4/R0C_CONFIRM_125429/M1_MAIN_OFF
IDE_076_20260917,post_fix,,R0C,R0C_CONFIRM_125429,M2_MAIN_OFF,5,a4add14d4708940d,0,0,/models/kt/ide070/hotmap_v2.json,/models/kt/ide070/layer_budget_5952.json,vllm,M073_QWEN_MAIN_SHORT,OFF,256,256,0,131786,32768,43.93304206407629,745.8623045544607,2180.120734963566,3102.025841973955,10836.198209872233,64.05931611877213,74.86233530097684,75.65490218222244,68.57501021004282,10379.987508698832,True,,2026-09-18T12:58:27.398693+09:00,eval/results/IDE_076_20260917/qwen/OPT4/R0C_CONFIRM_125429/M2_MAIN_OFF
IDE_076_20260917,post_fix,,R0C,R0C_CONFIRM_125429,M3_MAIN_OFF,6,a4add14d4708940d,0,0,/models/kt/ide070/hotmap_v2.json,/models/kt/ide070/layer_budget_5952.json,vllm,M073_QWEN_MAIN_SHORT,OFF,256,256,0,131786,32768,43.62992353003938,751.0441767664136,2159.4289424829185,3034.0628927224316,10739.12318955408,63.761965212170175,70.45920242901019,75.59202913736637,67.97175589017569,10427.544569451129,True,,2026-09-18T12:59:32.752706+09:00,eval/results/IDE_076_20260917/qwen/OPT4/R0C_CONFIRM_125429/M3_MAIN_OFF
IDE_076_20260917,post_fix,,R0C,R0C_CONFIRM_133411,C1_OFF,0,a4add14d4708940d,0,0,/models/kt/ide070/hotmap_v2.json,/models/kt/ide070/layer_budget_5952.json,vllm,M073_QWEN_LOW_CONCURRENCY,OFF,16,16,0,8234,2048,32.42953323898837,63.15231196537218,236.51867546141148,337.9489970393479,364.8485714569687,13.920289059132923,13.967053787131961,13.992213572633974,14.271470060339198,2108.410637534689,True,,2026-09-18T13:40:17.482711+09:00,eval/results/IDE_076_20260917/qwen/OPT4/R0C_CONFIRM_133411/C1_OFF
IDE_076_20260917,post_fix,,R0C,R0C_CONFIRM_133411,IND1_OFF,1,a4add14d4708940d,0,0,/models/kt/ide070/hotmap_v2.json,/models/kt/ide070/layer_budget_5952.json,vllm,M076_QWEN_CONFIRM,OFF,128,128,0,64376,16384,24.35394590999931,672.745191294566,2203.0693074921146,2906.3731789938174,9054.988424113286,69.46339330353635,80.16295723083583,80.16429730878932,77.33739900868386,11085.942183109,True,,2026-09-18T13:41:54.708572+09:00,eval/results/IDE_076_20260917/qwen/OPT4/R0C_CONFIRM_133411/IND1_OFF
IDE_076_20260917,post_fix,,R0C,R0C_CONFIRM_133411,IND2_OFF,2,a4add14d4708940d,0,0,/models/kt/ide070/hotmap_v2.json,/models/kt/ide070/layer_budget_5952.json,vllm,M076_QWEN_CONFIRM,OFF,128,128,0,64376,16384,24.171179941040464,677.8320313681278,2078.3559594419785,2917.537675210042,9034.555835153476,69.91683323610955,78.05810773627847,78.05844041047705,79.39079398056492,11030.192562646698,True,,2026-09-18T13:42:38.919205+09:00,eval/results/IDE_076_20260917/qwen/OPT4/R0C_CONFIRM_133411/IND2_OFF
IDE_076_20260917,post_fix,,R0C,R0C_CONFIRM_133411,LONG_OFF,3,a4add14d4708940d,0,0,/models/kt/ide070/hotmap_v2.json,/models/kt/ide070/layer_budget_5952.json,vllm,M073_QWEN_LONGER_PREFILL,OFF,32,32,0,131147,4096,25.006517447065562,163.79729839113014,2481.6424945020117,3310.1687315676827,3339.5793647295795,29.81747915339473,42.54703552894822,43.08394419881845,25.753562815953046,6335.681414330611,True,,2026-09-18T13:41:09.517354+09:00,eval/results/IDE_076_20260917/qwen/OPT4/R0C_CONFIRM_133411/LONG_OFF
IDE_076_20260917,post_fix,,R0C,R0C_CONFIRM_133411,M1_MAIN_OFF,4,a4add14d4708940d,0,0,/models/kt/ide070/hotmap_v2.json,/models/kt/ide070/layer_budget_5952.json,vllm,M073_QWEN_MAIN_SHORT,OFF,256,256,0,131786,32768,44.883433962007985,730.0689164678619,2256.863124552183,3261.965115001658,11066.999781102635,64.48879114152335,75.19341040586899,76.4577942114327,70.00396790681407,10798.853297979804,True,,2026-09-18T13:37:06.532214+09:00,eval/results/IDE_076_20260917/qwen/OPT4/R0C_CONFIRM_133411/M1_MAIN_OFF
IDE_076_20260917,post_fix,,R0C,R0C_CONFIRM_133411,M2_MAIN_OFF,5,a4add14d4708940d,0,0,/models/kt/ide070/hotmap_v2.json,/models/kt/ide070/layer_budget_5952.json,vllm,M073_QWEN_MAIN_SHORT,OFF,256,256,0,131786,32768,44.142087502987124,742.3300947827302,2234.2492660391144,3046.6932677372824,10824.522731569594,64.78935653182467,73.03351595082071,77.01727840201526,70.19545664079486,10547.547949274303,True,,2026-09-18T13:38:11.262059+09:00,eval/results/IDE_076_20260917/qwen/OPT4/R0C_CONFIRM_133411/M2_MAIN_OFF
IDE_076_20260917,post_fix,,R0C,R0C_CONFIRM_133411,M3_MAIN_OFF,6,a4add14d4708940d,0,0,/models/kt/ide070/hotmap_v2.json,/models/kt/ide070/layer_budget_5952.json,vllm,M073_QWEN_MAIN_SHORT,OFF,256,256,0,131786,32768,41.81516456999816,783.6391495039246,2158.832127985079,3095.0030194362625,6239.989651180725,56.729779125917254,67.41645663594424,72.84286409404723,63.955820945557214,10007.143980474211,True,,2026-09-18T13:39:15.501072+09:00,eval/results/IDE_076_20260917/qwen/OPT4/R0C_CONFIRM_133411/M3_MAIN_OFF
IDE_076_20260917,post_fix,,R0C,R0C_CONFIRM_140939,C1_OFF,0,a4add14d4708940d,0,0,/models/kt/ide070/hotmap_v2.json,/models/kt/ide070/layer_budget_5952.json,vllm,M073_QWEN_LOW_CONCURRENCY,OFF,16,16,0,8234,2048,32.25041005096864,63.503068542797905,244.35649148654193,272.9137036949396,317.2614959068596,13.911740366263155,13.957076765574868,13.970197306205263,14.249552338151261,2044.952784490306,True,,2026-09-18T14:15:46.281698+09:00,eval/results/IDE_076_20260917/qwen/OPT4/R0C_CONFIRM_140939/C1_OFF
IDE_076_20260917,post_fix,,R0C,R0C_CONFIRM_140939,IND1_OFF,1,a4add14d4708940d,0,0,/models/kt/ide070/hotmap_v2.json,/models/kt/ide070/layer_budget_5952.json,vllm,M076_QWEN_CONFIRM,OFF,128,128,0,64376,16384,24.69142724305857,663.5501398407816,2241.8781330343336,2895.7636234525125,9223.723728979274,70.87723156721441,81.38517976750428,81.38607826814473,78.55364304850809,11255.849379260326,True,,2026-09-18T14:17:23.411103+09:00,eval/results/IDE_076_20260917/qwen/OPT4/R0C_CONFIRM_140939/IND1_OFF
IDE_076_20260917,post_fix,,R0C,R0C_CONFIRM_140939,IND2_OFF,2,a4add14d4708940d,0,0,/models/kt/ide070/hotmap_v2.json,/models/kt/ide070/layer_budget_5952.json,vllm,M076_QWEN_CONFIRM,OFF,128,128,0,64376,16384,24.753656773944385,661.8820059445012,2219.2700500017963,2925.786041270476,9219.231997942587,71.26329735464115,81.92478760423352,81.92584633447714,81.09162148321047,11297.5669050531,True,,2026-09-18T14:18:08.162843+09:00,eval/results/IDE_076_20260917/qwen/OPT4/R0C_CONFIRM_140939/IND2_OFF
IDE_076_20260917,post_fix,,R0C,R0C_CONFIRM_140939,LONG_OFF,3,a4add14d4708940d,0,0,/models/kt/ide070/hotmap_v2.json,/models/kt/ide070/layer_budget_5952.json,vllm,M073_QWEN_LONGER_PREFILL,OFF,32,32,0,131147,4096,25.370362729998305,161.44822380315543,2415.3123389114626,3752.8559375961777,3900.7820530910976,29.78073118078545,41.801990496405345,44.34455309338193,25.37953262217343,6948.929745744681,True,,2026-09-18T14:16:37.996382+09:00,eval/results/IDE_076_20260917/qwen/OPT4/R0C_CONFIRM_140939/LONG_OFF
IDE_076_20260917,post_fix,,R0C,R0C_CONFIRM_140939,M1_MAIN_OFF,4,a4add14d4708940d,0,0,/models/kt/ide070/hotmap_v2.json,/models/kt/ide070/layer_budget_5952.json,vllm,M073_QWEN_MAIN_SHORT,OFF,256,256,0,131786,32768,44.338450693991035,739.0425124719318,2203.7733824690804,3193.7084477685858,10821.857434738187,64.89319302779658,74.33731379569508,77.47656428653886,69.10924929543398,10632.699348032475,True,,2026-09-18T14:12:33.957048+09:00,eval/results/IDE_076_20260917/qwen/OPT4/R0C_CONFIRM_140939/M1_MAIN_OFF
IDE_076_20260917,post_fix,,R0C,R0C_CONFIRM_140939,M2_MAIN_OFF,5,a4add14d4708940d,0,0,/models/kt/ide070/hotmap_v2.json,/models/kt/ide070/layer_budget_5952.json,vllm,M073_QWEN_MAIN_SHORT,OFF,256,256,0,131786,32768,44.026218173909,744.2837781469749,2174.884498526808,3007.7288122847676,10818.964616709853,65.16511846053245,73.8650553941811,76.81853686056951,70.46946106129326,10504.442133038538,True,,2026-09-18T14:13:38.110688+09:00,eval/results/IDE_076_20260917/qwen/OPT4/R0C_CONFIRM_140939/M2_MAIN_OFF
IDE_076_20260917,post_fix,,R0C,R0C_CONFIRM_140939,M3_MAIN_OFF,6,a4add14d4708940d,0,0,/models/kt/ide070/hotmap_v2.json,/models/kt/ide070/layer_budget_5952.json,vllm,M073_QWEN_MAIN_SHORT,OFF,256,256,0,131786,32768,44.08683668798767,743.2604029158729,2161.089338012971,3004.6542037453037,10926.803649164503,63.72576177956199,74.52051145277595,75.35817731290095,70.35214403294958,10573.670243960805,True,,2026-09-18T14:14:42.200232+09:00,eval/results/IDE_076_20260917/qwen/OPT4/R0C_CONFIRM_140939/M3_MAIN_OFF
IDE_076_20260917,pre_fix,,R0,R0_MAIN3_C1_LONG_001157,M1_MAIN_OFF,0,db497d747215abae,0,0,/models/kt/ide070/hotmap_v2.json,/models/kt/ide070/layer_budget_5952.json,vllm,M073_QWEN_MAIN_SHORT,OFF,256,189,67,97303,24192,321.2027895509964,75.31690504250466,2317.33729201369,3170.0533157913014,4154.686983395405,64.76476980285264,74.17889337649376,76.3685072185545,70.09464295115322,10671.094280201942,False,server_died_in_boot,2026-09-18T00:14:40.159005+09:00,eval/results/IDE_076_20260917/qwen/OPT4/R0_MAIN3_C1_LONG_001157/M1_MAIN_OFF
IDE_076_20260917,post_fix,f1,R0,R0_MAIN3_C1_LONG_012815,C1_OFF,0,a4add14d4708940d,0,0,/models/kt/ide070/hotmap_v2.json,/models/kt/ide070/layer_budget_5952.json,vllm,M073_QWEN_LOW_CONCURRENCY,OFF,16,16,0,8234,2048,32.25017585000023,63.503529702458515,233.36318496149033,293.5751452459954,322.18700739322225,13.908675172839196,13.936088618219237,13.952497937707378,14.262042089831084,2060.8151677588467,True,,2026-09-18T01:34:11.732331+09:00,eval/results/IDE_076_20260917/qwen/OPT4/R0_MAIN3_C1_LONG_012815/C1_OFF
IDE_076_20260917,post_fix,f1,R0,R0_MAIN3_C1_LONG_012815,LONG_OFF,1,a4add14d4708940d,0,0,/models/kt/ide070/hotmap_v2.json,/models/kt/ide070/layer_budget_5952.json,vllm,M073_QWEN_LONGER_PREFILL,OFF,32,32,0,131147,4096,24.600901080993935,166.49796633524417,2346.6459060437046,3151.5083186444826,3170.993970016716,29.82486184231761,41.783507278154225,42.00534744956347,25.34555700840428,6178.805265144911,True,,2026-09-18T01:35:03.566173+09:00,eval/results/IDE_076_20260917/qwen/OPT4/R0_MAIN3_C1_LONG_012815/LONG_OFF
IDE_076_20260917,post_fix,f1,R0,R0_MAIN3_C1_LONG_012815,M1_MAIN_OFF,2,a4add14d4708940d,0,0,/models/kt/ide070/hotmap_v2.json,/models/kt/ide070/layer_budget_5952.json,vllm,M073_QWEN_MAIN_SHORT,OFF,256,256,0,131786,32768,44.761387784034014,732.0595187553156,2273.9516450092196,3209.7728822554927,11124.319435312644,64.75156205513801,72.58581897444604,77.70770298061328,69.17563870665616,10780.165572592523,True,,2026-09-18T01:30:58.692974+09:00,eval/results/IDE_076_20260917/qwen/OPT4/R0_MAIN3_C1_LONG_012815/M1_MAIN_OFF
IDE_076_20260917,post_fix,f1,R0,R0_MAIN3_C1_LONG_012815,M2_MAIN_OFF,3,a4add14d4708940d,0,0,/models/kt/ide070/hotmap_v2.json,/models/kt/ide070/layer_budget_5952.json,vllm,M073_QWEN_MAIN_SHORT,OFF,256,256,0,131786,32768,44.07884163199924,743.3952160896151,2185.749367054086,3031.681419495726,10787.558204174267,63.610029783591216,74.29511766554421,74.77811241681012,68.59938371926545,10669.822088471847,True,,2026-09-18T01:32:03.764614+09:00,eval/results/IDE_076_20260917/qwen/OPT4/R0_MAIN3_C1_LONG_012815/M2_MAIN_OFF
IDE_076_20260917,post_fix,f1,R0,R0_MAIN3_C1_LONG_012815,M3_MAIN_OFF,4,a4add14d4708940d,0,0,/models/kt/ide070/hotmap_v2.json,/models/kt/ide070/layer_budget_5952.json,vllm,M073_QWEN_MAIN_SHORT,OFF,256,256,0,131786,32768,43.7857169379713,748.3718959408735,2176.1507589835674,3116.3233755214605,10768.578284000972,64.33523963361348,71.42949757609868,75.50400963509601,67.91573381633498,10412.87222824758,True,,2026-09-18T01:33:07.812419+09:00,eval/results/IDE_076_20260917/qwen/OPT4/R0_MAIN3_C1_LONG_012815/M3_MAIN_OFF
IDE_076_20260917,post_fix,f2,R0,R0_MAIN3_C1_LONG_013601,C1_OFF,0,a4add14d4708940d,0,0,/models/kt/ide070/hotmap_v2.json,/models/kt/ide070/layer_budget_5952.json,vllm,M073_QWEN_LOW_CONCURRENCY,OFF,16,16,0,8234,2048,32.449612939031795,63.11323354913048,243.12301899772137,309.79328203829937,319.369118794566,13.91087729102514,13.966955444830521,13.976903926804807,14.2681285738945,2076.14168751752,True,,2026-09-18T01:41:56.664390+09:00,eval/results/IDE_076_20260917/qwen/OPT4/R0_MAIN3_C1_LONG_013601/C1_OFF
IDE_076_20260917,post_fix,f2,R0,R0_MAIN3_C1_LONG_013601,LONG_OFF,1,a4add14d4708940d,0,0,/models/kt/ide070/hotmap_v2.json,/models/kt/ide070/layer_budget_5952.json,vllm,M073_QWEN_LONGER_PREFILL,OFF,32,32,0,131147,4096,25.110402557998896,163.11964694867956,2358.527548087295,3580.3791560290847,3726.553980846657,29.798780405237597,41.542823339572294,44.165189291926204,25.165480165742338,6790.695255476749,True,,2026-09-18T01:42:48.604069+09:00,eval/results/IDE_076_20260917/qwen/OPT4/R0_MAIN3_C1_LONG_013601/LONG_OFF
IDE_076_20260917,post_fix,f2,R0,R0_MAIN3_C1_LONG_013601,M1_MAIN_OFF,2,a4add14d4708940d,0,0,/models/kt/ide070/hotmap_v2.json,/models/kt/ide070/layer_budget_5952.json,vllm,M073_QWEN_MAIN_SHORT,OFF,256,256,0,131786,32768,44.56119101902004,735.348388377089,2248.261906497646,3225.408719474217,10843.750556913436,63.130327479778174,73.20656694699167,77.00648447938674,70.4853685805574,10839.870102034183,True,,2026-09-18T01:38:44.758853+09:00,eval/results/IDE_076_20260917/qwen/OPT4/R0_MAIN3_C1_LONG_013601/M1_MAIN_OFF
IDE_076_20260917,post_fix,f2,R0,R0_MAIN3_C1_LONG_013601,M2_MAIN_OFF,3,a4add14d4708940d,0,0,/models/kt/ide070/hotmap_v2.json,/models/kt/ide070/layer_budget_5952.json,vllm,M073_QWEN_MAIN_SHORT,OFF,256,256,0,131786,32768,43.761033769114874,748.7940109661348,2163.302469009068,3063.464950566413,10689.183531893641,63.97059680316525,74.7407290254496,75.53187101455148,68.08036752045155,10526.322597172111,True,,2026-09-18T01:39:49.501395+09:00,eval/results/IDE_076_20260917/qwen/OPT4/R0_MAIN3_C1_LONG_013601/M2_MAIN_OFF
IDE_076_20260917,post_fix,f2,R0,R0_MAIN3_C1_LONG_013601,M3_MAIN_OFF,4,a4add14d4708940d,0,0,/models/kt/ide070/hotmap_v2.json,/models/kt/ide070/layer_budget_5952.json,vllm,M073_QWEN_MAIN_SHORT,OFF,256,256,0,131786,32768,43.52344077406451,752.8816522136354,2175.074165512342,3084.863680327544,10658.527695044173,63.42118957096447,74.13806548634521,74.305083936513,69.54389172024094,10396.803803683724,True,,2026-09-18T01:40:53.113314+09:00,eval/results/IDE_076_20260917/qwen/OPT4/R0_MAIN3_C1_LONG_013601/M3_MAIN_OFF
IDE_076_20260917,post_fix,f3,R0,R0_MAIN3_C1_LONG_014350,M1_MAIN_OFF,0,a4add14d4708940d,0,0,/models/kt/ide070/hotmap_v2.json,/models/kt/ide070/layer_budget_5952.json,vllm,M073_QWEN_MAIN_SHORT,OFF,256,256,0,131786,32768,44.414077271008864,737.78409939835,2252.1831490448676,3242.1160690428223,10989.367435581513,64.93965377545308,75.66443249568577,76.41458064184788,68.99724612594582,10607.021979405545,False,server_died_in_boot,2026-09-18T01:46:33.895807+09:00,eval/results/IDE_076_20260917/qwen/OPT4/R0_MAIN3_C1_LONG_014350/M1_MAIN_OFF
IDE_076_20260917,post_fix,f3,R0,R0_MAIN3_C1_LONG_014350,M2_MAIN_OFF,1,a4add14d4708940d,0,0,/models/kt/ide070/hotmap_v2.json,/models/kt/ide070/layer_budget_5952.json,vllm,M073_QWEN_MAIN_SHORT,OFF,256,126,130,64861,16128,303.5274730389938,53.13522311019292,2213.7809160049073,2999.817706499016,3003.2615897944197,63.52466669283793,74.33149464200177,74.34255846429572,68.71781423105855,10289.591918990482,False,server_died_in_boot,2026-09-18T01:47:38.594177+09:00,eval/results/IDE_076_20260917/qwen/OPT4/R0_MAIN3_C1_LONG_014350/M2_MAIN_OFF
IDE_076_20260917,post_fix,p1,R0,R0_MAIN3_C1_LONG_065651,C1_OFF,0,a4add14d4708940d,0,0,/models/kt/ide070/hotmap_v2.json,/models/kt/ide070/layer_budget_5952.json,vllm,M073_QWEN_LOW_CONCURRENCY,OFF,16,16,0,8234,2048,32.25662598805502,63.49083133364279,249.09730453509837,272.4183711980004,275.034856662387,13.89905295332923,13.940830371942093,13.946410716927472,14.21169262030162,2037.8954879706725,True,,2026-09-18T07:02:47.912857+09:00,eval/results/IDE_076_20260917/qwen/OPT4/R0_MAIN3_C1_LONG_065651/C1_OFF
IDE_076_20260917,post_fix,p1,R0,R0_MAIN3_C1_LONG_065651,LONG_OFF,1,a4add14d4708940d,0,0,/models/kt/ide070/hotmap_v2.json,/models/kt/ide070/layer_budget_5952.json,vllm,M073_QWEN_LONGER_PREFILL,OFF,32,32,0,131147,4096,24.58271435694769,166.62114445642445,2348.475109494757,3139.1774655145127,3142.9495616373606,29.759576303085062,41.71190693989161,41.93031914908014,25.640541024040427,6184.2983253183775,True,,2026-09-18T07:03:39.840973+09:00,eval/results/IDE_076_20260917/qwen/OPT4/R0_MAIN3_C1_LONG_065651/LONG_OFF
IDE_076_20260917,post_fix,p1,R0,R0_MAIN3_C1_LONG_065651,M1_MAIN_OFF,2,a4add14d4708940d,0,0,/models/kt/ide070/hotmap_v2.json,/models/kt/ide070/layer_budget_5952.json,vllm,M073_QWEN_MAIN_SHORT,OFF,256,256,0,131786,32768,44.73302587703802,732.5236636142738,2327.4413695326075,3200.376065011369,10834.835015219864,63.63010722832152,74.87984441310593,75.87476172314874,69.50879165669902,11000.48646144569,True,,2026-09-18T06:59:34.776369+09:00,eval/results/IDE_076_20260917/qwen/OPT4/R0_MAIN3_C1_LONG_065651/M1_MAIN_OFF
IDE_076_20260917,post_fix,p1,R0,R0_MAIN3_C1_LONG_065651,M2_MAIN_OFF,3,a4add14d4708940d,0,0,/models/kt/ide070/hotmap_v2.json,/models/kt/ide070/layer_budget_5952.json,vllm,M073_QWEN_MAIN_SHORT,OFF,256,256,0,131786,32768,43.82063900097273,747.7754945397445,2155.849100498017,3050.9383345779497,10674.050570873073,63.22800484210928,72.79559477566059,75.02812551573749,69.17524173040874,10682.701817539055,True,,2026-09-18T07:00:39.595178+09:00,eval/results/IDE_076_20260917/qwen/OPT4/R0_MAIN3_C1_LONG_065651/M2_MAIN_OFF
IDE_076_20260917,post_fix,p1,R0,R0_MAIN3_C1_LONG_065651,M3_MAIN_OFF,4,a4add14d4708940d,0,0,/models/kt/ide070/hotmap_v2.json,/models/kt/ide070/layer_budget_5952.json,vllm,M073_QWEN_MAIN_SHORT,OFF,256,256,0,131786,32768,44.05415057390928,743.8118672842278,2160.925832518842,3057.728734536795,10583.6996759579,62.848225751558076,73.02061856933318,78.3840604905611,70.47037236043252,10683.094581530895,True,,2026-09-18T07:01:43.223657+09:00,eval/results/IDE_076_20260917/qwen/OPT4/R0_MAIN3_C1_LONG_065651/M3_MAIN_OFF
IDE_076_20260917,post_fix,p2,R0,R0_MAIN3_C1_LONG_075238,C1_OFF,0,a4add14d4708940d,0,0,/models/kt/ide070/hotmap_v2.json,/models/kt/ide070/layer_budget_5952.json,vllm,M073_QWEN_LOW_CONCURRENCY,OFF,16,16,0,8234,2048,32.256359567982145,63.49135573354834,245.62783597502857,285.4448897414841,302.9734979500063,13.899853456706747,13.958541956440524,13.984661052410498,14.305363513994962,2049.8769687255844,True,,2026-09-18T07:58:36.083366+09:00,eval/results/IDE_076_20260917/qwen/OPT4/R0_MAIN3_C1_LONG_075238/C1_OFF
IDE_076_20260917,post_fix,p2,R0,R0_MAIN3_C1_LONG_075238,LONG_OFF,1,a4add14d4708940d,0,0,/models/kt/ide070/hotmap_v2.json,/models/kt/ide070/layer_budget_5952.json,vllm,M073_QWEN_LONGER_PREFILL,OFF,32,32,0,131147,4096,25.037353302934207,163.59556660966942,2393.9201219473034,3338.3686826506164,3483.188389838906,29.88921891756752,41.82465447013919,44.11251354112847,25.402196071809158,6549.668806476984,True,,2026-09-18T07:59:27.902300+09:00,eval/results/IDE_076_20260917/qwen/OPT4/R0_MAIN3_C1_LONG_075238/LONG_OFF
IDE_076_20260917,post_fix,p2,R0,R0_MAIN3_C1_LONG_075238,M1_MAIN_OFF,2,a4add14d4708940d,0,0,/models/kt/ide070/hotmap_v2.json,/models/kt/ide070/layer_budget_5952.json,vllm,M073_QWEN_MAIN_SHORT,OFF,256,256,0,131786,32768,44.79493698000442,731.5112423224748,2279.9097050447017,3181.6604324558284,10907.417844812153,64.35601098011945,76.17974677764788,76.19080193483776,72.23670110688545,11117.465481511317,True,,2026-09-18T07:55:23.683650+09:00,eval/results/IDE_076_20260917/qwen/OPT4/R0_MAIN3_C1_LONG_075238/M1_MAIN_OFF
IDE_076_20260917,post_fix,p2,R0,R0_MAIN3_C1_LONG_075238,M2_MAIN_OFF,3,a4add14d4708940d,0,0,/models/kt/ide070/hotmap_v2.json,/models/kt/ide070/layer_budget_5952.json,vllm,M073_QWEN_MAIN_SHORT,OFF,256,256,0,131786,32768,43.99524267204106,744.8078021586647,2185.0135215208866,3047.760336776264,10860.985818912734,64.6580156410025,74.33669115292957,75.69745769463003,69.2484292841982,10423.689658229705,True,,2026-09-18T07:56:28.485618+09:00,eval/results/IDE_076_20260917/qwen/OPT4/R0_MAIN3_C1_LONG_075238/M2_MAIN_OFF
IDE_076_20260917,post_fix,p2,R0,R0_MAIN3_C1_LONG_075238,M3_MAIN_OFF,4,a4add14d4708940d,0,0,/models/kt/ide070/hotmap_v2.json,/models/kt/ide070/layer_budget_5952.json,vllm,M073_QWEN_MAIN_SHORT,OFF,256,256,0,131786,32768,43.42706414998975,754.5525040980174,2160.5883765150793,3071.81330898311,10706.171067402462,63.22047861401124,69.81519134243122,75.15008672998529,67.12316265329719,10318.001665727934,True,,2026-09-18T07:57:32.661083+09:00,eval/results/IDE_076_20260917/qwen/OPT4/R0_MAIN3_C1_LONG_075238/M3_MAIN_OFF
IDE_076_20260917,post_fix,p3,R0,R0_MAIN3_C1_LONG_092311,C1_OFF,0,a4add14d4708940d,0,0,/models/kt/ide070/hotmap_v2.json,/models/kt/ide070/layer_budget_5952.json,vllm,M073_QWEN_LOW_CONCURRENCY,OFF,16,16,0,8234,2048,32.308185792993754,63.38950794458172,248.6711429664865,288.37760430178605,318.35071050445544,13.900728263767569,13.9727866477388,13.993610998324124,14.259728387696667,2062.758491723798,True,,2026-09-18T09:29:07.887899+09:00,eval/results/IDE_076_20260917/qwen/OPT4/R0_MAIN3_C1_LONG_092311/C1_OFF
IDE_076_20260917,post_fix,p3,R0,R0_MAIN3_C1_LONG_092311,LONG_OFF,1,a4add14d4708940d,0,0,/models/kt/ide070/hotmap_v2.json,/models/kt/ide070/layer_budget_5952.json,vllm,M073_QWEN_LONGER_PREFILL,OFF,32,32,0,131147,4096,25.382541429949924,161.3707599494729,2351.3041784754023,3636.846339533804,3750.5305128800683,30.057985492336645,42.300731093598905,44.76240269064273,26.524128037272018,6781.1940402316395,True,,2026-09-18T09:29:59.617715+09:00,eval/results/IDE_076_20260917/qwen/OPT4/R0_MAIN3_C1_LONG_092311/LONG_OFF
IDE_076_20260917,post_fix,p3,R0,R0_MAIN3_C1_LONG_092311,M1_MAIN_OFF,2,a4add14d4708940d,0,0,/models/kt/ide070/hotmap_v2.json,/models/kt/ide070/layer_budget_5952.json,vllm,M073_QWEN_MAIN_SHORT,OFF,256,256,0,131786,32768,43.8050705579808,748.041256014597,2146.0110534681007,3096.938477741787,10788.879387418272,63.45202413838591,73.49044361424919,75.54256339276972,67.2435249434784,10439.46469729417,True,,2026-09-18T09:25:57.102885+09:00,eval/results/IDE_076_20260917/qwen/OPT4/R0_MAIN3_C1_LONG_092311/M1_MAIN_OFF
IDE_076_20260917,post_fix,p3,R0,R0_MAIN3_C1_LONG_092311,M2_MAIN_OFF,3,a4add14d4708940d,0,0,/models/kt/ide070/hotmap_v2.json,/models/kt/ide070/layer_budget_5952.json,vllm,M073_QWEN_MAIN_SHORT,OFF,256,256,0,131786,32768,43.4657833580859,753.880350666778,2217.8656560136005,2994.3277899874374,10765.904560143821,63.13810679111923,73.67644246482459,74.08731104228572,67.83270307350904,10330.045761249494,True,,2026-09-18T09:27:01.041857+09:00,eval/results/IDE_076_20260917/qwen/OPT4/R0_MAIN3_C1_LONG_092311/M2_MAIN_OFF
IDE_076_20260917,post_fix,p3,R0,R0_MAIN3_C1_LONG_092311,M3_MAIN_OFF,4,a4add14d4708940d,0,0,/models/kt/ide070/hotmap_v2.json,/models/kt/ide070/layer_budget_5952.json,vllm,M073_QWEN_MAIN_SHORT,OFF,256,256,0,131786,32768,43.479959698044695,753.634553195632,2134.905905521009,3059.641211584676,10705.625597061586,63.47340416515201,69.55588656302548,74.74595379706759,67.1472231973894,10275.651754782302,True,,2026-09-18T09:28:04.429145+09:00,eval/results/IDE_076_20260917/qwen/OPT4/R0_MAIN3_C1_LONG_092311/M3_MAIN_OFF
IDE_076_20260917,post_fix,p4,R0,R0_MAIN3_C1_LONG_102248,C1_OFF,0,a4add14d4708940d,0,0,/models/kt/ide070/hotmap_v2.json,/models/kt/ide070/layer_budget_5952.json,vllm,M073_QWEN_LOW_CONCURRENCY,OFF,16,16,0,8234,2048,32.45972389995586,63.093574249495845,252.0511219627224,337.29912419221364,337.5387744687032,13.888870496541173,13.940569797556435,13.95265200628173,14.247419167077169,2100.703565956792,True,,2026-09-18T10:28:46.985616+09:00,eval/results/IDE_076_20260917/qwen/OPT4/R0_MAIN3_C1_LONG_102248/C1_OFF
IDE_076_20260917,post_fix,p4,R0,R0_MAIN3_C1_LONG_102248,LONG_OFF,1,a4add14d4708940d,0,0,/models/kt/ide070/hotmap_v2.json,/models/kt/ide070/layer_budget_5952.json,vllm,M073_QWEN_LONGER_PREFILL,OFF,32,32,0,131147,4096,25.284802203066647,161.9945438807198,2376.5471230144612,3501.0283481678925,3614.9916296475567,30.004857338535945,42.57540673523496,44.55018139792622,25.610040070023388,6628.190425795037,True,,2026-09-18T10:29:38.938889+09:00,eval/results/IDE_076_20260917/qwen/OPT4/R0_MAIN3_C1_LONG_102248/LONG_OFF
IDE_076_20260917,post_fix,p4,R0,R0_MAIN3_C1_LONG_102248,M1_MAIN_OFF,2,a4add14d4708940d,0,0,/models/kt/ide070/hotmap_v2.json,/models/kt/ide070/layer_budget_5952.json,vllm,M073_QWEN_MAIN_SHORT,OFF,256,256,0,131786,32768,44.27672290697228,740.0728384719729,2300.946577975992,3157.9926384729333,10781.876499071941,62.83176087363673,73.20225955533435,78.46895822889435,69.84801455400884,10785.282732482301,True,,2026-09-18T10:25:34.169262+09:00,eval/results/IDE_076_20260917/qwen/OPT4/R0_MAIN3_C1_LONG_102248/M1_MAIN_OFF
IDE_076_20260917,post_fix,p4,R0,R0_MAIN3_C1_LONG_102248,M2_MAIN_OFF,3,a4add14d4708940d,0,0,/models/kt/ide070/hotmap_v2.json,/models/kt/ide070/layer_budget_5952.json,vllm,M073_QWEN_MAIN_SHORT,OFF,256,256,0,131786,32768,43.75622573599685,748.876290146817,2256.207156984601,3146.1298607173376,10795.366670971265,63.74744794837485,74.53425825522172,75.16755029012809,68.65475390222855,10419.49888059753,True,,2026-09-18T10:26:38.349825+09:00,eval/results/IDE_076_20260917/qwen/OPT4/R0_MAIN3_C1_LONG_102248/M2_MAIN_OFF
IDE_076_20260917,post_fix,p4,R0,R0_MAIN3_C1_LONG_102248,M3_MAIN_OFF,4,a4add14d4708940d,0,0,/models/kt/ide070/hotmap_v2.json,/models/kt/ide070/layer_budget_5952.json,vllm,M073_QWEN_MAIN_SHORT,OFF,256,256,0,131786,32768,44.96886497398373,728.6819451404341,2219.2877960042097,3078.3021135430317,11191.59442373784,65.0793150673239,77.47644462620869,78.8074496230129,72.96939392690547,10912.932854756946,True,,2026-09-18T10:27:42.001520+09:00,eval/results/IDE_076_20260917/qwen/OPT4/R0_MAIN3_C1_LONG_102248/M3_MAIN_OFF
IDE_076_20260917,post_fix,p5,R0,R0_MAIN3_C1_LONG_112641,C1_OFF,0,a4add14d4708940d,0,0,/models/kt/ide070/hotmap_v2.json,/models/kt/ide070/layer_budget_5952.json,vllm,M073_QWEN_LOW_CONCURRENCY,OFF,16,16,0,8234,2048,32.36842592502944,63.27153519122315,235.66140048205853,327.907793544,328.61878030817024,13.939060263911365,13.968360037396215,14.006537115971344,14.237585937371476,2098.8178867846727,True,,2026-09-18T11:32:33.337394+09:00,eval/results/IDE_076_20260917/qwen/OPT4/R0_MAIN3_C1_LONG_112641/C1_OFF
IDE_076_20260917,post_fix,p5,R0,R0_MAIN3_C1_LONG_112641,LONG_OFF,1,a4add14d4708940d,0,0,/models/kt/ide070/hotmap_v2.json,/models/kt/ide070/layer_budget_5952.json,vllm,M073_QWEN_LONGER_PREFILL,OFF,32,32,0,131147,4096,24.573138566920534,166.6860742613435,2350.0887864502147,3135.572684748331,3151.33841075236,30.010678681203963,41.78545271109709,41.926846287853095,25.271484773838893,6197.593314724509,True,,2026-09-18T11:33:25.320471+09:00,eval/results/IDE_076_20260917/qwen/OPT4/R0_MAIN3_C1_LONG_112641/LONG_OFF
IDE_076_20260917,post_fix,p5,R0,R0_MAIN3_C1_LONG_112641,M1_MAIN_OFF,2,a4add14d4708940d,0,0,/models/kt/ide070/hotmap_v2.json,/models/kt/ide070/layer_budget_5952.json,vllm,M073_QWEN_MAIN_SHORT,OFF,256,256,0,131786,32768,44.17256489000283,741.8179152964713,2278.733617044054,3135.5533079477027,10954.421907063803,63.34547742863927,73.5477589787622,74.5216112385878,70.19230616861023,10794.808013772126,True,,2026-09-18T11:29:20.996067+09:00,eval/results/IDE_076_20260917/qwen/OPT4/R0_MAIN3_C1_LONG_112641/M1_MAIN_OFF
IDE_076_20260917,post_fix,p5,R0,R0_MAIN3_C1_LONG_112641,M2_MAIN_OFF,3,a4add14d4708940d,0,0,/models/kt/ide070/hotmap_v2.json,/models/kt/ide070/layer_budget_5952.json,vllm,M073_QWEN_MAIN_SHORT,OFF,256,256,0,131786,32768,43.80611551296897,748.0234121717299,2195.1568255317397,3029.2273872182705,10757.402759604152,64.06182370434595,74.67967986567386,75.6679570753362,69.73436643602325,10531.291122490074,True,,2026-09-18T11:30:25.280798+09:00,eval/results/IDE_076_20260917/qwen/OPT4/R0_MAIN3_C1_LONG_112641/M2_MAIN_OFF
IDE_076_20260917,post_fix,p5,R0,R0_MAIN3_C1_LONG_112641,M3_MAIN_OFF,4,a4add14d4708940d,0,0,/models/kt/ide070/hotmap_v2.json,/models/kt/ide070/layer_budget_5952.json,vllm,M073_QWEN_MAIN_SHORT,OFF,256,256,0,131786,32768,44.099288743920624,743.0505328618772,2164.777341473382,3030.2805817336775,10859.817396913419,64.71994738635335,75.44768483269827,76.06212874644392,69.58375166286714,10467.240358702838,True,,2026-09-18T11:31:29.186705+09:00,eval/results/IDE_076_20260917/qwen/OPT4/R0_MAIN3_C1_LONG_112641/M3_MAIN_OFF
IDE_076_20260917,post_fix,p6,R0,R0_MAIN3_C1_LONG_122315,C1_OFF,0,a4add14d4708940d,0,0,/models/kt/ide070/hotmap_v2.json,/models/kt/ide070/layer_budget_5952.json,vllm,M073_QWEN_LOW_CONCURRENCY,OFF,16,16,0,8234,2048,32.531124718952924,62.95509355097141,247.55728204036132,329.7917694726493,334.67589544015937,13.927905303316088,14.01954394669866,14.023012915024841,14.30302087101154,2099.5802424440626,True,,2026-09-18T12:29:13.148955+09:00,eval/results/IDE_076_20260917/qwen/OPT4/R0_MAIN3_C1_LONG_122315/C1_OFF
IDE_076_20260917,post_fix,p6,R0,R0_MAIN3_C1_LONG_122315,LONG_OFF,1,a4add14d4708940d,0,0,/models/kt/ide070/hotmap_v2.json,/models/kt/ide070/layer_budget_5952.json,vllm,M073_QWEN_LONGER_PREFILL,OFF,32,32,0,131147,4096,24.73518569301814,165.59406712504102,2379.0583705413155,3170.4910353349987,3247.192147492897,29.8316568501961,41.74662282503408,41.99377226855928,25.424067315179855,6253.02249204251,True,,2026-09-18T12:30:05.209973+09:00,eval/results/IDE_076_20260917/qwen/OPT4/R0_MAIN3_C1_LONG_122315/LONG_OFF
IDE_076_20260917,post_fix,p6,R0,R0_MAIN3_C1_LONG_122315,M1_MAIN_OFF,2,a4add14d4708940d,0,0,/models/kt/ide070/hotmap_v2.json,/models/kt/ide070/layer_budget_5952.json,vllm,M073_QWEN_MAIN_SHORT,OFF,256,256,0,131786,32768,44.50148820201866,736.3349255028642,2228.8339085062034,3264.6296907332726,10900.678511202566,64.17976316169096,73.74813424251006,77.08123468012022,71.72553308191708,10740.725797979394,True,,2026-09-18T12:26:00.866752+09:00,eval/results/IDE_076_20260917/qwen/OPT4/R0_MAIN3_C1_LONG_122315/M1_MAIN_OFF
IDE_076_20260917,post_fix,p6,R0,R0_MAIN3_C1_LONG_122315,M2_MAIN_OFF,3,a4add14d4708940d,0,0,/models/kt/ide070/hotmap_v2.json,/models/kt/ide070/layer_budget_5952.json,vllm,M073_QWEN_MAIN_SHORT,OFF,256,256,0,131786,32768,43.99420897604432,744.825302299282,2205.5594495031983,3083.388442202704,10836.699372425206,64.2560873305293,70.99934698606835,75.60231724142567,67.91068484890275,10415.810017002514,True,,2026-09-18T12:27:05.645677+09:00,eval/results/IDE_076_20260917/qwen/OPT4/R0_MAIN3_C1_LONG_122315/M2_MAIN_OFF
IDE_076_20260917,post_fix,p6,R0,R0_MAIN3_C1_LONG_122315,M3_MAIN_OFF,4,a4add14d4708940d,0,0,/models/kt/ide070/hotmap_v2.json,/models/kt/ide070/layer_budget_5952.json,vllm,M073_QWEN_MAIN_SHORT,OFF,256,256,0,131786,32768,43.59290633199271,751.6819307812854,2180.4475704557262,3046.6414007532876,10578.850114770463,62.31778990944818,72.43786777959087,74.84806568520398,67.83650130382739,10501.876677531982,True,,2026-09-18T12:28:09.544315+09:00,eval/results/IDE_076_20260917/qwen/OPT4/R0_MAIN3_C1_LONG_122315/M3_MAIN_OFF
IDE_076_20260917,pre_fix,,R0,R0_MAIN3_C1_LONG_231609,C1_OFF,0,194f30648c708d2f,0,0,/models/kt/ide070/hotmap_v2.json,/models/kt/ide070/layer_budget_5952.json,vllm,M073_QWEN_LOW_CONCURRENCY,OFF,16,16,0,8234,2048,32.465091842925176,63.0831420378779,246.1023164796643,304.7220154548995,308.27423989539966,13.924074563194125,14.002401579041253,14.012038022670234,14.267451170599088,2077.3995264607947,True,,2026-09-17T23:22:06.344533+09:00,eval/results/IDE_076_20260917/qwen/OPT4/R0_MAIN3_C1_LONG_231609/C1_OFF
IDE_076_20260917,pre_fix,,R0,R0_MAIN3_C1_LONG_231609,LONG_OFF,1,194f30648c708d2f,0,0,/models/kt/ide070/hotmap_v2.json,/models/kt/ide070/layer_budget_5952.json,vllm,M073_QWEN_LONGER_PREFILL,OFF,32,32,0,131147,4096,24.763044696999714,165.40776992969168,2371.8905689311214,3176.7779708548915,3182.517630554503,29.948215385326954,41.89911697625447,42.397043767676685,26.23105689999647,6251.63336287369,True,,2026-09-17T23:22:58.612274+09:00,eval/results/IDE_076_20260917/qwen/OPT4/R0_MAIN3_C1_LONG_231609/LONG_OFF
IDE_076_20260917,pre_fix,,R0,R0_MAIN3_C1_LONG_231609,M1_MAIN_OFF,2,194f30648c708d2f,0,0,/models/kt/ide070/hotmap_v2.json,/models/kt/ide070/layer_budget_5952.json,vllm,M073_QWEN_MAIN_SHORT,OFF,256,256,0,131786,32768,44.88692474691197,730.0121401668155,2321.1038095178083,3258.8428037415724,11145.485078531776,64.74455741672286,75.56954207445135,77.12200154796955,71.74468297162093,10727.882628969382,True,,2026-09-17T23:18:51.125403+09:00,eval/results/IDE_076_20260917/qwen/OPT4/R0_MAIN3_C1_LONG_231609/M1_MAIN_OFF
IDE_076_20260917,pre_fix,,R0,R0_MAIN3_C1_LONG_231609,M2_MAIN_OFF,3,194f30648c708d2f,0,0,/models/kt/ide070/hotmap_v2.json,/models/kt/ide070/layer_budget_5952.json,vllm,M073_QWEN_MAIN_SHORT,OFF,256,256,0,131786,32768,44.47298996406607,736.8067680287825,2216.95179247763,3074.527758784825,10900.04119340446,65.23416189002019,73.80997230102652,77.55029045937283,70.5055036698468,10683.98364528548,True,,2026-09-17T23:19:56.121521+09:00,eval/results/IDE_076_20260917/qwen/OPT4/R0_MAIN3_C1_LONG_231609/M2_MAIN_OFF
IDE_076_20260917,pre_fix,,R0,R0_MAIN3_C1_LONG_231609,M3_MAIN_OFF,4,194f30648c708d2f,0,0,/models/kt/ide070/hotmap_v2.json,/models/kt/ide070/layer_budget_5952.json,vllm,M073_QWEN_MAIN_SHORT,OFF,256,256,0,131786,32768,44.3343270199839,739.1112531206276,2168.6748469946906,3057.4817416782025,10772.248659736933,63.89838541348237,73.43546412958521,77.23962934366904,71.53725496609695,10706.19523350615,True,,2026-09-17T23:21:00.845174+09:00,eval/results/IDE_076_20260917/qwen/OPT4/R0_MAIN3_C1_LONG_231609/M3_MAIN_OFF
IDE_076_20260917,pre_fix,,R0,R0_MAIN3_C1_LONG_235443,M1_MAIN_OFF,0,db497d747215abae,0,0,/models/kt/ide070/hotmap_v2.json,/models/kt/ide070/layer_budget_5952.json,vllm,M073_QWEN_MAIN_SHORT,OFF,256,256,0,131786,32768,42.0967908379389,778.3966271003368,2280.792041507084,3285.1045670104213,6386.91151982049,57.101746449085674,67.19300052559912,70.93788869390227,63.33869298105128,10032.241662294837,False,server_died_in_boot,2026-09-17T23:57:31.336746+09:00,eval/results/IDE_076_20260917/qwen/OPT4/R0_MAIN3_C1_LONG_235443/M1_MAIN_OFF
IDE_076_20260917,pre_fix,,R0,R0_MAIN3_C1_LONG_235443,M2_MAIN_OFF,1,db497d747215abae,0,0,/models/kt/ide070/hotmap_v2.json,/models/kt/ide070/layer_budget_5952.json,vllm,M073_QWEN_MAIN_SHORT,OFF,256,63,193,32407,8064,290.1503478169907,27.79248779355689,2133.5089349886402,3065.7488847733475,3066.5572233241983,65.91825677158941,71.29386382692633,73.39413686193468,68.82419693283737,10520.774959924165,False,server_died_in_boot,2026-09-17T23:58:33.438800+09:00,eval/results/IDE_076_20260917/qwen/OPT4/R0_MAIN3_C1_LONG_235443/M2_MAIN_OFF
IDE_076_20260917,post_fix,p1,R0_REF,R0_REF_MAIN3_C1_LONG_064858,C1_OFF,0,f437b6f1690d8687,0,0,/models/kt/ide070/hotmap_v2.json,/models/kt/ide070/layer_budget_5952.json,vllm,M073_QWEN_LOW_CONCURRENCY,OFF,16,16,0,8234,2048,32.54649378405884,62.92536497443246,259.0984855196439,316.4589187654201,342.0874765433837,13.916084299040005,13.956412791245153,13.985584914046303,14.243998809251934,2081.0465965187177,True,,2026-09-18T06:54:56.820603+09:00,eval/results/IDE_076_20260917/qwen/OPT4/R0_REF_MAIN3_C1_LONG_064858/C1_OFF
IDE_076_20260917,post_fix,p1,R0_REF,R0_REF_MAIN3_C1_LONG_064858,LONG_OFF,1,f437b6f1690d8687,0,0,/models/kt/ide070/hotmap_v2.json,/models/kt/ide070/layer_budget_5952.json,vllm,M073_QWEN_LONGER_PREFILL,OFF,32,32,0,131147,4096,24.628074963926338,166.314257448037,2367.420589493122,3151.143956690794,3153.655088163214,29.828908897232353,41.76424112474347,41.889497229506766,25.226723967352882,6190.683526778594,True,,2026-09-18T06:55:48.877561+09:00,eval/results/IDE_076_20260917/qwen/OPT4/R0_REF_MAIN3_C1_LONG_064858/LONG_OFF
IDE_076_20260917,post_fix,p1,R0_REF,R0_REF_MAIN3_C1_LONG_064858,M1_MAIN_OFF,2,f437b6f1690d8687,0,0,/models/kt/ide070/hotmap_v2.json,/models/kt/ide070/layer_budget_5952.json,vllm,M073_QWEN_MAIN_SHORT,OFF,256,256,0,131786,32768,44.576139741926454,735.1017874071268,2280.209749529604,3157.3994040081743,10924.945601850044,64.68829076771998,73.6868815649187,76.14196700009141,69.95026776567101,10673.937336774543,True,,2026-09-18T06:51:44.453641+09:00,eval/results/IDE_076_20260917/qwen/OPT4/R0_REF_MAIN3_C1_LONG_064858/M1_MAIN_OFF
IDE_076_20260917,post_fix,p1,R0_REF,R0_REF_MAIN3_C1_LONG_064858,M2_MAIN_OFF,3,f437b6f1690d8687,0,0,/models/kt/ide070/hotmap_v2.json,/models/kt/ide070/layer_budget_5952.json,vllm,M073_QWEN_MAIN_SHORT,OFF,256,256,0,131786,32768,44.17241990601178,741.8203501126353,2173.375218990259,3017.0063472469337,10840.489399759093,64.18864043726491,74.57649641542871,76.71358150120193,70.87349388748407,10510.776657931274,True,,2026-09-18T06:52:48.933631+09:00,eval/results/IDE_076_20260917/qwen/OPT4/R0_REF_MAIN3_C1_LONG_064858/M2_MAIN_OFF
IDE_076_20260917,post_fix,p1,R0_REF,R0_REF_MAIN3_C1_LONG_064858,M3_MAIN_OFF,4,f437b6f1690d8687,0,0,/models/kt/ide070/hotmap_v2.json,/models/kt/ide070/layer_budget_5952.json,vllm,M073_QWEN_MAIN_SHORT,OFF,256,256,0,131786,32768,43.77934943896253,748.4807430883681,2256.193054432515,3038.190518011106,10780.913314945057,64.12567837827466,74.7978889351751,75.2186125066905,69.6212692244444,10413.690102723194,True,,2026-09-18T06:53:53.142188+09:00,eval/results/IDE_076_20260917/qwen/OPT4/R0_REF_MAIN3_C1_LONG_064858/M3_MAIN_OFF
IDE_076_20260917,post_fix,p3,R0_REF,R0_REF_MAIN3_C1_LONG_091528,C1_OFF,0,f437b6f1690d8687,0,0,/models/kt/ide070/hotmap_v2.json,/models/kt/ide070/layer_budget_5952.json,vllm,M073_QWEN_LOW_CONCURRENCY,OFF,16,16,0,8234,2048,32.17003493302036,63.6617275754919,241.2453034776263,270.6229075556621,296.59473437350243,13.897270224548466,13.943361659721274,13.97712336180321,14.189263625303283,2039.955279789865,True,,2026-09-18T09:21:19.867694+09:00,eval/results/IDE_076_20260917/qwen/OPT4/R0_REF_MAIN3_C1_LONG_091528/C1_OFF
IDE_076_20260917,post_fix,p3,R0_REF,R0_REF_MAIN3_C1_LONG_091528,LONG_OFF,1,f437b6f1690d8687,0,0,/models/kt/ide070/hotmap_v2.json,/models/kt/ide070/layer_budget_5952.json,vllm,M073_QWEN_LONGER_PREFILL,OFF,32,32,0,131147,4096,24.775849594036117,165.32228226740457,2358.883402484935,3177.3416780342814,3202.74171667872,30.114031378014793,42.09153167917173,42.27996385550881,25.43841729639098,6248.442318668822,True,,2026-09-18T09:22:13.203508+09:00,eval/results/IDE_076_20260917/qwen/OPT4/R0_REF_MAIN3_C1_LONG_091528/LONG_OFF
IDE_076_20260917,post_fix,p3,R0_REF,R0_REF_MAIN3_C1_LONG_091528,M1_MAIN_OFF,2,f437b6f1690d8687,0,0,/models/kt/ide070/hotmap_v2.json,/models/kt/ide070/layer_budget_5952.json,vllm,M073_QWEN_MAIN_SHORT,OFF,256,256,0,131786,32768,43.14150459796656,759.5469908934167,2286.4047730108723,3363.1884380301926,6522.295773797589,57.868031291272786,68.46221293690321,73.5359422950987,65.2673663396854,10174.94826723123,True,,2026-09-18T09:18:10.956593+09:00,eval/results/IDE_076_20260917/qwen/OPT4/R0_REF_MAIN3_C1_LONG_091528/M1_MAIN_OFF
IDE_076_20260917,post_fix,p3,R0_REF,R0_REF_MAIN3_C1_LONG_091528,M2_MAIN_OFF,3,f437b6f1690d8687,0,0,/models/kt/ide070/hotmap_v2.json,/models/kt/ide070/layer_budget_5952.json,vllm,M073_QWEN_MAIN_SHORT,OFF,256,256,0,131786,32768,42.41857409605291,772.4917845140178,2188.456998032052,3135.6723780336324,10278.460834611898,60.674405114552904,71.00586573786732,74.62055270416171,65.21679895813577,10213.669935037615,True,,2026-09-18T09:19:14.065863+09:00,eval/results/IDE_076_20260917/qwen/OPT4/R0_REF_MAIN3_C1_LONG_091528/M2_MAIN_OFF
IDE_076_20260917,post_fix,p3,R0_REF,R0_REF_MAIN3_C1_LONG_091528,M3_MAIN_OFF,4,f437b6f1690d8687,0,0,/models/kt/ide070/hotmap_v2.json,/models/kt/ide070/layer_budget_5952.json,vllm,M073_QWEN_MAIN_SHORT,OFF,256,256,0,131786,32768,42.834492543013766,764.9909700014505,2217.7266649669036,3038.236937194597,10539.910058130043,62.27970197585991,73.19592668534638,74.26893230597305,65.4117013909854,10282.571470044786,True,,2026-09-18T09:20:16.860013+09:00,eval/results/IDE_076_20260917/qwen/OPT4/R0_REF_MAIN3_C1_LONG_091528/M3_MAIN_OFF
IDE_076_20260917,post_fix,p5,R0_REF,R0_REF_MAIN3_C1_LONG_111830,M1_MAIN_OFF,0,f437b6f1690d8687,0,0,/models/kt/ide070/hotmap_v2.json,/models/kt/ide070/layer_budget_5952.json,vllm,M073_QWEN_MAIN_SHORT,OFF,256,63,193,32409,8064,302.23923412908334,26.68085109213831,2187.6568059669808,3195.1200436102226,3195.4837983916514,65.70301125995726,71.1825179391702,73.39385087257179,67.70118104759604,10543.50736840861,False,server_died_in_boot,2026-09-18T11:21:16.007768+09:00,eval/results/IDE_076_20260917/qwen/OPT4/R0_REF_MAIN3_C1_LONG_111830/M1_MAIN_OFF
IDE_076_20260917,pre_fix,,R0_REF,R0_REF_R0_REF_224948,C1_OFF,0,12926df2c30b7246,unset,unset,/models/kt/ide070/hotmap_v2.json,/models/kt/ide070/layer_budget_5952.json,vllm,M073_QWEN_LOW_CONCURRENCY,OFF,16,16,0,8234,2048,38.47166569298133,53.23398306545463,237.272689526435,330.32544757588767,330.44939434039406,13.9283480275767,26.29420206277983,53.85291331294578,14.378690684679894,3622.2391115152277,True,,2026-09-17T22:55:43.084214+09:00,eval/results/IDE_076_20260917/qwen/OPT4/R0_REF_R0_REF_224948/C1_OFF
IDE_076_20260917,pre_fix,,R0_REF,R0_REF_R0_REF_224948,LONG_OFF,1,12926df2c30b7246,unset,unset,/models/kt/ide070/hotmap_v2.json,/models/kt/ide070/layer_budget_5952.json,vllm,M073_QWEN_LONGER_PREFILL,OFF,32,32,0,131147,4096,25.12712610606104,163.01108143887507,2366.3388784625567,3443.2610073825344,3588.559023091803,29.94869072833575,41.79969560804109,44.4076039984925,25.198510533664376,6618.975860520732,True,,2026-09-17T22:56:41.280445+09:00,eval/results/IDE_076_20260917/qwen/OPT4/R0_REF_R0_REF_224948/LONG_OFF
IDE_076_20260917,pre_fix,,R0_REF,R0_REF_R0_REF_224948,M1_MAIN_OFF,2,12926df2c30b7246,unset,unset,/models/kt/ide070/hotmap_v2.json,/models/kt/ide070/layer_budget_5952.json,vllm,M073_QWEN_MAIN_SHORT,OFF,256,256,0,131786,32768,43.960172149934806,745.4019945199099,2222.7916379924864,3175.2954242692795,10732.89278771262,62.33948700388482,72.98192462570394,75.08120866140395,68.53099563741125,10706.386903737439,True,,2026-09-17T22:52:31.190429+09:00,eval/results/IDE_076_20260917/qwen/OPT4/R0_REF_R0_REF_224948/M1_MAIN_OFF
IDE_076_20260917,pre_fix,,R0_REF,R0_REF_R0_REF_224948,M2_MAIN_OFF,3,12926df2c30b7246,unset,unset,/models/kt/ide070/hotmap_v2.json,/models/kt/ide070/layer_budget_5952.json,vllm,M073_QWEN_MAIN_SHORT,OFF,256,256,0,131786,32768,43.925746195949614,745.9861889158193,2186.2290870631114,3007.3853238136508,10806.970215879839,63.917077598382,74.43950648417726,75.4126383503624,68.68628356023692,10470.286059222417,True,,2026-09-17T22:53:35.229104+09:00,eval/results/IDE_076_20260917/qwen/OPT4/R0_REF_R0_REF_224948/M2_MAIN_OFF
IDE_076_20260917,pre_fix,,R0_REF,R0_REF_R0_REF_224948,M3_MAIN_OFF,4,12926df2c30b7246,unset,unset,/models/kt/ide070/hotmap_v2.json,/models/kt/ide070/layer_budget_5952.json,vllm,M073_QWEN_MAIN_SHORT,OFF,256,256,0,131786,32768,43.83492533699609,747.5317853990787,2189.178242988419,2990.996121749049,10697.260796709446,63.3716517798126,74.09432029565171,74.94110840974984,69.05983845354058,10639.919299486792,True,,2026-09-17T22:54:39.196526+09:00,eval/results/IDE_076_20260917/qwen/OPT4/R0_REF_R0_REF_224948/M3_MAIN_OFF
IDE_076_20260917,pre_fix,,ROLLBACK_v4,ROLLBACK_v4_MAIN3_144659,M1_MAIN_OFF,0,12926df2c30b7246,unset,unset,/models/kt/ide070/hotmap_v2.json,/models/kt/ide070/layer_budget_5952.json,vllm,M073_QWEN_MAIN_SHORT,OFF,256,256,0,131786,32768,44.17666754499078,741.7490232061559,2286.750138970092,3174.849038448883,10868.047216517152,63.19409048809913,73.93946032856562,75.97540900089199,69.34473202563822,10580.691151932115,True,,2026-09-18T14:49:39.547133+09:00,eval/results/IDE_076_20260917/qwen/OPT4/ROLLBACK_v4_MAIN3_144659/M1_MAIN_OFF
IDE_076_20260917,pre_fix,,ROLLBACK_v4,ROLLBACK_v4_MAIN3_144659,M2_MAIN_OFF,1,12926df2c30b7246,unset,unset,/models/kt/ide070/hotmap_v2.json,/models/kt/ide070/layer_budget_5952.json,vllm,M073_QWEN_MAIN_SHORT,OFF,256,256,0,131786,32768,43.53062517300714,752.7573948172717,2297.1979090361856,3243.0850717355497,10581.108800292706,61.95552949976968,72.77111918069643,74.81443726303658,66.97090647066943,10593.979313067393,True,,2026-09-18T14:50:43.561827+09:00,eval/results/IDE_076_20260917/qwen/OPT4/ROLLBACK_v4_MAIN3_144659/M2_MAIN_OFF
IDE_076_20260917,pre_fix,,ROLLBACK_v4,ROLLBACK_v4_MAIN3_144659,M3_MAIN_OFF,2,12926df2c30b7246,unset,unset,/models/kt/ide070/hotmap_v2.json,/models/kt/ide070/layer_budget_5952.json,vllm,M073_QWEN_MAIN_SHORT,OFF,256,256,0,131786,32768,43.98773445200641,744.9349326174573,2217.180139501579,2995.713652780978,10761.361743503941,63.878492417371284,74.50875457455074,76.62001433241453,69.62691528606229,10606.161958014127,True,,2026-09-18T14:51:47.196372+09:00,eval/results/IDE_076_20260917/qwen/OPT4/ROLLBACK_v4_MAIN3_144659/M3_MAIN_OFF
