{
  "workload": "code",
  "num_prompts": 500,
  "num_speculative_tokens": 7,
  "output_tps": 5362.511953271495,
  "generate_wall_s": 724.1112064339686,
  "init_wall_s": 88.02267626300454,
  "total_in_tokens": 1304836,
  "total_out_tokens": 3883055
}