{
  "mix": "balanced",
  "mix_counts": {
    "sonnet": 170,
    "chat": 165,
    "code": 165
  },
  "num_prompts": 500,
  "max_tokens": 32,
  "concurrency": 32,
  "scenarios": [
    {
      "scenario": "vanilla-only",
      "n_prompts": 500,
      "wall_s": 9.762099380139261,
      "total_out_tokens": 16000,
      "tps": 1638.9917144821927,
      "latency_p50_s": 0.6084736459888518,
      "latency_p99_s": 0.720511328894645,
      "backend_counts": {
        "direct": 500
      },
      "concurrency": 32
    },
    {
      "scenario": "trident-only",
      "n_prompts": 500,
      "wall_s": 9.726745806867257,
      "total_out_tokens": 16000,
      "tps": 1644.9489189594851,
      "latency_p50_s": 0.570300430059433,
      "latency_p99_s": 1.299820306012407,
      "backend_counts": {
        "direct": 500
      },
      "concurrency": 32
    },
    {
      "scenario": "agsd-gated",
      "n_prompts": 500,
      "wall_s": 3.898976010037586,
      "total_out_tokens": 16000,
      "tps": 4103.641560966096,
      "latency_p50_s": 0.18325149803422391,
      "latency_p99_s": 0.4544617240317166,
      "backend_counts": {
        "trident": 335,
        "vanilla": 165
      },
      "concurrency": 32
    }
  ],
  "gating_stats": {
    "total": 501,
    "by_backend": {
      "vanilla": 165,
      "trident": 336
    },
    "by_workload": {
      "sonnet": 164,
      "chat": 165,
      "code": 172
    },
    "classify_time_total_s": 0.6390102976001799,
    "forward_time_total_s": 114.69709329167381,
    "classify_ms_avg": 1.2754696558885825,
    "forward_ms_avg": 228.93631395543673
  }
}