{
  "generated_at": "2026-04-07T14:05:18.112576+09:00",
  "gpu_only": {
    "request_throughput": 19.745441074049726,
    "output_throughput": 9822.606607578924,
    "total_token_throughput": 12338.136309530712,
    "duration": 25.322300885803998,
    "mean_ttft_ms": 7134.17756521143,
    "median_ttft_ms": 1887.0349847711623,
    "p99_ttft_ms": 14725.53814973682,
    "mean_tpot_ms": 25.433659790376588,
    "median_tpot_ms": 24.630432415374514,
    "p99_tpot_ms": 100.0523399643133,
    "mean_itl_ms": 23.59444493587123,
    "median_itl_ms": 21.273178979754448,
    "p99_itl_ms": 110.8448005281389
  },
  "hybrid": {
    "request_throughput": 9.561548614682557,
    "output_throughput": 4763.314919570868,
    "total_token_throughput": 5981.437089984197,
    "duration": 52.29278437513858,
    "mean_ttft_ms": 7901.845751116052,
    "median_ttft_ms": 1868.168122600764,
    "p99_ttft_ms": 16678.77819614485,
    "mean_tpot_ms": 29.699475581237298,
    "median_tpot_ms": 28.391410775278526,
    "p99_tpot_ms": 97.34927563761303,
    "mean_itl_ms": 28.32223967572903,
    "median_itl_ms": 26.315233670175076,
    "p99_itl_ms": 118.30531673505887
  },
  "comparison": {
    "request_throughput": {
      "diff_pct": -51.58,
      "direction": "higher_better"
    },
    "output_throughput": {
      "diff_pct": -51.51,
      "direction": "higher_better"
    },
    "total_token_throughput": {
      "diff_pct": -51.52,
      "direction": "higher_better"
    },
    "duration": {
      "diff_pct": 106.51,
      "direction": "lower_better"
    },
    "mean_ttft_ms": {
      "diff_pct": 10.76,
      "direction": "lower_better"
    },
    "median_ttft_ms": {
      "diff_pct": -1.0,
      "direction": "lower_better"
    },
    "p99_ttft_ms": {
      "diff_pct": 13.26,
      "direction": "lower_better"
    },
    "mean_tpot_ms": {
      "diff_pct": 16.77,
      "direction": "lower_better"
    },
    "median_tpot_ms": {
      "diff_pct": 15.27,
      "direction": "lower_better"
    },
    "p99_tpot_ms": {
      "diff_pct": -2.7,
      "direction": "lower_better"
    },
    "mean_itl_ms": {
      "diff_pct": 20.04,
      "direction": "lower_better"
    },
    "median_itl_ms": {
      "diff_pct": 23.7,
      "direction": "lower_better"
    },
    "p99_itl_ms": {
      "diff_pct": 6.73,
      "direction": "lower_better"
    },
    "request_throughput_speedup": 0.4842,
    "output_tok_speedup": 0.4849,
    "ttft_gain_pct": -10.76
  },
  "gpu_utilization": {
    "gpu_only": {
      "gpu0_util_pct": {
        "mean": 81.84,
        "max": 98.0,
        "min": 0.0
      },
      "gpu0_mem_util_pct": {
        "mean": 42.97,
        "max": 81.0,
        "min": 0.0
      },
      "gpu0_power_w": {
        "mean": 348.93,
        "max": 388.56,
        "min": 148.23
      },
      "gpu_avg_util_pct": {
        "mean": 81.84,
        "max": 98.0,
        "min": 0.0
      },
      "gpu_avg_mem_util_pct": {
        "mean": 42.97,
        "max": 81.0,
        "min": 0.0
      },
      "gpu_avg_power_w": {
        "mean": 348.93,
        "max": 388.56,
        "min": 148.23
      },
      "sample_count": 31,
      "duration_s": 30.6
    },
    "hybrid": {
      "gpu0_util_pct": {
        "mean": 22.66,
        "max": 98.0,
        "min": 0.0
      },
      "gpu0_mem_util_pct": {
        "mean": 10.95,
        "max": 48.0,
        "min": 0.0
      },
      "gpu0_power_w": {
        "mean": 159.08,
        "max": 387.46,
        "min": 46.67
      },
      "gpu_avg_util_pct": {
        "mean": 22.66,
        "max": 98.0,
        "min": 0.0
      },
      "gpu_avg_mem_util_pct": {
        "mean": 10.95,
        "max": 48.0,
        "min": 0.0
      },
      "gpu_avg_power_w": {
        "mean": 159.08,
        "max": 387.46,
        "min": 46.67
      },
      "sample_count": 98,
      "duration_s": 99.8
    }
  },
  "cpu_utilization": {
    "gpu_only": {
      "core0_util_pct": {
        "mean": 35.82,
        "max": 100.0,
        "min": 0.0
      },
      "core1_util_pct": {
        "mean": 28.56,
        "max": 100.0,
        "min": 0.0
      },
      "core2_util_pct": {
        "mean": 30.79,
        "max": 100.0,
        "min": 0.0
      },
      "core3_util_pct": {
        "mean": 18.82,
        "max": 100.0,
        "min": 0.0
      },
      "core4_util_pct": {
        "mean": 9.97,
        "max": 19.6,
        "min": 1.0
      },
      "core5_util_pct": {
        "mean": 0.31,
        "max": 8.7,
        "min": 0.0
      },
      "core6_util_pct": {
        "mean": 4.39,
        "max": 9.9,
        "min": 0.0
      },
      "core7_util_pct": {
        "mean": 0.51,
        "max": 8.8,
        "min": 0.0
      },
      "core8_util_pct": {
        "mean": 1.91,
        "max": 9.9,
        "min": 0.0
      },
      "core9_util_pct": {
        "mean": 0.48,
        "max": 7.9,
        "min": 0.0
      },
      "core10_util_pct": {
        "mean": 1.6,
        "max": 7.9,
        "min": 0.0
      },
      "core11_util_pct": {
        "mean": 0.32,
        "max": 7.9,
        "min": 0.0
      },
      "core12_util_pct": {
        "mean": 1.53,
        "max": 7.9,
        "min": 0.0
      },
      "core13_util_pct": {
        "mean": 0.54,
        "max": 8.8,
        "min": 0.0
      },
      "core14_util_pct": {
        "mean": 1.4,
        "max": 13.9,
        "min": 0.0
      },
      "core15_util_pct": {
        "mean": 0.55,
        "max": 7.9,
        "min": 0.0
      },
      "core16_util_pct": {
        "mean": 0.9,
        "max": 8.0,
        "min": 0.0
      },
      "core17_util_pct": {
        "mean": 0.8,
        "max": 7.9,
        "min": 0.0
      },
      "core18_util_pct": {
        "mean": 0.77,
        "max": 7.9,
        "min": 0.0
      },
      "core19_util_pct": {
        "mean": 0.71,
        "max": 8.0,
        "min": 0.0
      },
      "core20_util_pct": {
        "mean": 0.7,
        "max": 8.8,
        "min": 0.0
      },
      "core21_util_pct": {
        "mean": 0.64,
        "max": 7.9,
        "min": 0.0
      },
      "core22_util_pct": {
        "mean": 0.76,
        "max": 8.8,
        "min": 0.0
      },
      "core23_util_pct": {
        "mean": 0.48,
        "max": 8.8,
        "min": 0.0
      },
      "cpu_avg_util_pct": {
        "mean": 5.97,
        "max": 12.46,
        "min": 2.57
      },
      "sample_count": 31,
      "duration_s": 30.6
    },
    "hybrid": {
      "core0_util_pct": {
        "mean": 41.47,
        "max": 100.0,
        "min": 0.0
      },
      "core1_util_pct": {
        "mean": 68.94,
        "max": 100.0,
        "min": 0.0
      },
      "core2_util_pct": {
        "mean": 53.62,
        "max": 100.0,
        "min": 1.0
      },
      "core3_util_pct": {
        "mean": 54.15,
        "max": 100.0,
        "min": 0.0
      },
      "core4_util_pct": {
        "mean": 26.58,
        "max": 100.0,
        "min": 1.0
      },
      "core5_util_pct": {
        "mean": 77.58,
        "max": 100.0,
        "min": 0.0
      },
      "core6_util_pct": {
        "mean": 40.47,
        "max": 100.0,
        "min": 1.0
      },
      "core7_util_pct": {
        "mean": 68.74,
        "max": 100.0,
        "min": 0.0
      },
      "core8_util_pct": {
        "mean": 70.82,
        "max": 100.0,
        "min": 0.0
      },
      "core9_util_pct": {
        "mean": 36.54,
        "max": 100.0,
        "min": 0.0
      },
      "core10_util_pct": {
        "mean": 71.12,
        "max": 100.0,
        "min": 0.0
      },
      "core11_util_pct": {
        "mean": 60.82,
        "max": 100.0,
        "min": 0.0
      },
      "core12_util_pct": {
        "mean": 73.06,
        "max": 100.0,
        "min": 0.0
      },
      "core13_util_pct": {
        "mean": 74.06,
        "max": 100.0,
        "min": 0.0
      },
      "core14_util_pct": {
        "mean": 66.73,
        "max": 100.0,
        "min": 0.0
      },
      "core15_util_pct": {
        "mean": 69.88,
        "max": 100.0,
        "min": 0.0
      },