{
  "mix": "balanced",
  "mix_counts": {
    "sonnet": 170,
    "chat": 165,
    "code": 165
  },
  "num_prompts": 500,
  "max_tokens": 256,
  "concurrency": 32,
  "scenarios": [
    {
      "scenario": "vanilla-only",
      "n_prompts": 500,
      "wall_s": 49.57318661897443,
      "total_out_tokens": 124003,
      "tps": 2501.412728479656,
      "latency_p50_s": 3.154332245932892,
      "latency_p99_s": 3.3862919330131263,
      "backend_counts": {
        "direct": 500
      },
      "concurrency": 32
    },
    {
      "scenario": "trident-only",
      "n_prompts": 500,
      "wall_s": 32.1396366590634,
      "total_out_tokens": 124701,
      "tps": 3879.9754123802218,
      "latency_p50_s": 1.4948550940025598,
      "latency_p99_s": 4.699681336991489,
      "backend_counts": {
        "direct": 500
      },
      "concurrency": 32
    },
    {
      "scenario": "agsd-gated",
      "n_prompts": 500,
      "wall_s": 22.674943417077884,
      "total_out_tokens": 124130,
      "tps": 5474.3245756684055,
      "latency_p50_s": 0.7123776490334421,
      "latency_p99_s": 2.89272003993392,
      "backend_counts": {
        "trident": 335,
        "vanilla": 165
      },
      "concurrency": 32
    }
  ],
  "gating_stats": {
    "total": 501,
    "by_backend": {
      "vanilla": 165,
      "trident": 336
    },
    "by_workload": {
      "sonnet": 164,
      "chat": 165,
      "code": 172
    },
    "classify_time_total_s": 0.5101789033506066,
    "forward_time_total_s": 672.9380607802887,
    "classify_ms_avg": 1.0183211643724681,
    "forward_ms_avg": 1343.1897420764244
  }
}