{
  "mix": "balanced",
  "mix_counts": {
    "sonnet": 68,
    "chat": 66,
    "code": 66
  },
  "num_prompts": 200,
  "max_tokens": 256,
  "concurrency": 32,
  "scenarios": [
    {
      "scenario": "vanilla-only",
      "n_prompts": 200,
      "wall_s": 18.511136246146634,
      "total_out_tokens": 49667,
      "tps": 2683.0875933042153,
      "latency_p50_s": 2.844918536953628,
      "latency_p99_s": 2.9116326218936592,
      "backend_counts": {
        "direct": 200
      },
      "concurrency": 32
    },
    {
      "scenario": "trident-only",
      "n_prompts": 200,
      "wall_s": 10.005910336971283,
      "total_out_tokens": 49565,
      "tps": 4953.572271866166,
      "latency_p50_s": 0.7586872458923608,
      "latency_p99_s": 4.21429916494526,
      "backend_counts": {
        "direct": 200
      },
      "concurrency": 32
    },
    {
      "scenario": "agsd-gated",
      "n_prompts": 200,
      "wall_s": 10.2114198920317,
      "total_out_tokens": 49533,
      "tps": 4850.745589127346,
      "latency_p50_s": 0.6238254981581122,
      "latency_p99_s": 3.5038467429112643,
      "backend_counts": {
        "vanilla": 66,
        "trident": 134
      },
      "concurrency": 32
    }
  ],
  "gating_stats": {
    "total": 201,
    "by_backend": {
      "vanilla": 66,
      "trident": 135
    },
    "by_workload": {
      "sonnet": 65,
      "chat": 66,
      "code": 70
    },
    "classify_time_total_s": 0.22763068694621325,
    "forward_time_total_s": 277.46915205405094,
    "classify_ms_avg": 1.1324909798319067,
    "forward_ms_avg": 1380.4435425574673
  }
}