{
  "workload": "code",
  "num_prompts": 500,
  "num_speculative_tokens": 7,
  "output_tps": 5346.84110148087,
  "generate_wall_s": 726.2334762341343,
  "init_wall_s": 91.89067622600123,
  "total_in_tokens": 1304836,
  "total_out_tokens": 3883055
}