{"total":501,"by_backend":{"vanilla":100,"trident":401},"by_workload":{"sonnet":48,"chat":100,"code":353},"classify_time_total_s":0.6573117899242789,"forward_time_total_s":107.08836596994661,"classify_ms_avg":1.3119995806871834,"forward_ms_avg":213.74923347294734}