{
  "workload": "code",
  "model": "Qwen/Qwen2.5-0.5B-Instruct",
  "num_prompts": 50,
  "num_speculative_tokens": 0,
  "output_tps": 11220.154838089178,
  "generate_wall_s": 2.281608442077413,
  "init_wall_s": 39.41219804203138,
  "total_in_tokens": 16082,
  "total_out_tokens": 25600
}