{
  "mix": "sonnet-heavy",
  "mix_counts": {
    "sonnet": 300,
    "chat": 100,
    "code": 100
  },
  "num_prompts": 500,
  "max_tokens": 256,
  "concurrency": 32,
  "scenarios": [
    {
      "scenario": "vanilla-only",
      "n_prompts": 500,
      "wall_s": 46.161152568878606,
      "total_out_tokens": 126002,
      "tps": 2729.61122043017,
      "latency_p50_s": 2.89640039508231,
      "latency_p99_s": 2.9470748021267354,
      "backend_counts": {
        "direct": 500
      },
      "concurrency": 32
    },
    {
      "scenario": "trident-only",
      "n_prompts": 500,
      "wall_s": 21.153382243122905,
      "total_out_tokens": 125584,
      "tps": 5936.828378394577,
      "latency_p50_s": 0.8836439251899719,
      "latency_p99_s": 3.7587724369950593,
      "backend_counts": {
        "direct": 500
      },
      "concurrency": 32
    },
    {
      "scenario": "agsd-gated",
      "n_prompts": 500,
      "wall_s": 20.248278397135437,
      "total_out_tokens": 125788,
      "tps": 6212.281238576583,
      "latency_p50_s": 0.6627192888408899,
      "latency_p99_s": 3.035323027987033,
      "backend_counts": {
        "trident": 400,
        "vanilla": 100
      },
      "concurrency": 32
    }
  ],
  "gating_stats": {
    "total": 501,
    "by_backend": {
      "vanilla": 100,
      "trident": 401
    },
    "by_workload": {
      "sonnet": 292,
      "chat": 100,
      "code": 109
    },
    "classify_time_total_s": 0.34380207187496126,
    "forward_time_total_s": 585.7767599020153,
    "classify_ms_avg": 0.6862316803891443,
    "forward_ms_avg": 1169.215089624781
  }
}