{
  "workload": "chat",
  "num_prompts": 500,
  "num_speculative_tokens": 7,
  "output_tps": 3006.5956983596534,
  "generate_wall_s": 113.11065208585933,
  "init_wall_s": 86.53696527983993,
  "total_in_tokens": 883269,
  "total_out_tokens": 340078
}