{
  "mix": "code-heavy",
  "mix_counts": {
    "sonnet": 50,
    "chat": 100,
    "code": 350
  },
  "num_prompts": 500,
  "max_tokens": 32,
  "concurrency": 32,
  "scenarios": [
    {
      "scenario": "vanilla-only",
      "n_prompts": 500,
      "wall_s": 8.389942716108635,
      "total_out_tokens": 16000,
      "tps": 1907.045201784287,
      "latency_p50_s": 0.5167660799343139,
      "latency_p99_s": 0.5938163339160383,
      "backend_counts": {
        "direct": 500
      },
      "concurrency": 32
    },
    {
      "scenario": "trident-only",
      "n_prompts": 500,
      "wall_s": 5.158663509879261,
      "total_out_tokens": 16000,
      "tps": 3101.578532765065,
      "latency_p50_s": 0.30590006918646395,
      "latency_p99_s": 0.5847339439205825,
      "backend_counts": {
        "direct": 500
      },
      "concurrency": 32
    },
    {
      "scenario": "agsd-gated",
      "n_prompts": 500,
      "wall_s": 3.435549368849024,
      "total_out_tokens": 16000,
      "tps": 4657.188205495155,
      "latency_p50_s": 0.16251548402942717,
      "latency_p99_s": 0.3998768769670278,
      "backend_counts": {
        "trident": 400,
        "vanilla": 100
      },
      "concurrency": 32
    }
  ],
  "gating_stats": {
    "total": 501,
    "by_backend": {
      "vanilla": 100,
      "trident": 401
    },
    "by_workload": {
      "sonnet": 48,
      "chat": 100,
      "code": 353
    },
    "classify_time_total_s": 0.5407646326348186,
    "forward_time_total_s": 99.9651643380057,
    "classify_ms_avg": 1.0793705242211948,
    "forward_ms_avg": 199.53126614372397
  }
}