{"total":501,"by_backend":{"vanilla":100,"trident":401},"by_workload":{"sonnet":48,"chat":100,"code":353},"classify_time_total_s":0.5407646326348186,"forward_time_total_s":99.9651643380057,"classify_ms_avg":1.0793705242211948,"forward_ms_avg":199.53126614372397}