{
  "workload": "code",
  "model": "Qwen/Qwen2.5-0.5B-Instruct",
  "num_prompts": 50,
  "num_speculative_tokens": 5,
  "output_tps": 4485.9438959067365,
  "generate_wall_s": 5.70671425992623,
  "init_wall_s": 42.4959167749621,
  "total_in_tokens": 16082,
  "total_out_tokens": 25600
}