{
  "mix": "code-heavy",
  "mix_counts": {
    "sonnet": 50,
    "chat": 100,
    "code": 350
  },
  "num_prompts": 500,
  "max_tokens": 32,
  "concurrency": 32,
  "scenarios": [
    {
      "scenario": "agsd-gated",
      "n_prompts": 500,
      "wall_s": 3.504124843981117,
      "total_out_tokens": 16000,
      "tps": 4566.047362006096,
      "latency_p50_s": 0.16815243707969785,
      "latency_p99_s": 0.4018330399412662,
      "backend_counts": {
        "trident": 400,
        "vanilla": 100
      },
      "concurrency": 32
    }
  ],
  "gating_stats": {
    "total": 501,
    "by_backend": {
      "vanilla": 100,
      "trident": 401
    },
    "by_workload": {
      "sonnet": 48,
      "chat": 100,
      "code": 353
    },
    "classify_time_total_s": 0.798743178602308,
    "forward_time_total_s": 101.01587053900585,
    "classify_ms_avg": 1.5942977616812537,
    "forward_ms_avg": 201.6284841097921
  },
  "agsd_only": true
}