{"total":501,"by_backend":{"vanilla":100,"trident":401},"by_workload":{"sonnet":48,"chat":100,"code":353},"classify_time_total_s":0.798743178602308,"forward_time_total_s":101.01587053900585,"classify_ms_avg":1.5942977616812537,"forward_ms_avg":201.6284841097921}