{
  "workload": "code",
  "model": "facebook/opt-125m",
  "num_prompts": 50,
  "num_speculative_tokens": 0,
  "output_tps": 11398.88473213978,
  "generate_wall_s": 2.2458337461575866,
  "init_wall_s": 78.66343601699919,
  "total_in_tokens": 17710,
  "total_out_tokens": 25600
}