{"total":501,"by_backend":{"vanilla":100,"trident":401},"by_workload":{"sonnet":48,"chat":100,"code":353},"classify_time_total_s":0.5054764912929386,"forward_time_total_s":101.88159139244817,"classify_ms_avg":1.008935112361155,"forward_ms_avg":203.35646984520594}