{
  "output_tps": 10555.545134467504,
  "prompt_tps": 2301.4100344730564,
  "generate_wall_s": 380.7630917020142,
  "total_in_tokens": 876292,
  "total_out_tokens": 4019162,
  "num_prompts_done": 500,
  "init_wall_s": 127.5549593900796,
  "spec_decode": {
    "method": "ngram",
    "num_speculative_tokens": 7,
    "prompt_lookup_max": 5,
    "prompt_lookup_min": 2
  }
}