{
  "generated_at": "2026-03-29T10:09:34.981056+09:00",
  "gpu_only": {
    "request_throughput": 9.300311982008495,
    "output_throughput": 4545.93669493386,
    "total_token_throughput": 9292.239311208112,
    "duration": 53.76163734800002,
    "mean_ttft_ms": 18369.637176138007,
    "median_ttft_ms": 11011.200803000065,
    "p99_ttft_ms": 38339.47117667011,
    "mean_tpot_ms": 48.110044676100756,
    "median_tpot_ms": 51.11075683268134,
    "p99_tpot_ms": 92.80659628843371,
    "mean_itl_ms": 47.03058188313101,
    "median_itl_ms": 31.244627999967634,
    "p99_itl_ms": 194.2704737602435
  },
  "hybrid": {
    "request_throughput": 1.9633238873404937,
    "output_throughput": 970.6673299011401,
    "total_token_throughput": 1972.626115918713,
    "duration": 254.6701556600001,
    "mean_ttft_ms": 19500.108105222,
    "median_ttft_ms": 11551.621437499989,
    "p99_ttft_ms": 40217.4875387203,
    "mean_tpot_ms": 51.187341619996516,
    "median_tpot_ms": 53.62279566046987,
    "p99_tpot_ms": 85.6494638698723,
    "mean_itl_ms": 50.41103657698013,
    "median_itl_ms": 33.343279500059,
    "p99_itl_ms": 203.91125651970478
  },
  "comparison": {
    "request_throughput": {
      "diff_pct": -78.89,
      "direction": "higher_better"
    },
    "output_throughput": {
      "diff_pct": -78.65,
      "direction": "higher_better"
    },
    "total_token_throughput": {
      "diff_pct": -78.77,
      "direction": "higher_better"
    },
    "duration": {
      "diff_pct": 373.7,
      "direction": "lower_better"
    },
    "mean_ttft_ms": {
      "diff_pct": 6.15,
      "direction": "lower_better"
    },
    "median_ttft_ms": {
      "diff_pct": 4.91,
      "direction": "lower_better"
    },
    "p99_ttft_ms": {
      "diff_pct": 4.9,
      "direction": "lower_better"
    },
    "mean_tpot_ms": {
      "diff_pct": 6.4,
      "direction": "lower_better"
    },
    "median_tpot_ms": {
      "diff_pct": 4.91,
      "direction": "lower_better"
    },
    "p99_tpot_ms": {
      "diff_pct": -7.71,
      "direction": "lower_better"
    },
    "mean_itl_ms": {
      "diff_pct": 7.19,
      "direction": "lower_better"
    },
    "median_itl_ms": {
      "diff_pct": 6.72,
      "direction": "lower_better"
    },
    "p99_itl_ms": {
      "diff_pct": 4.96,
      "direction": "lower_better"
    },
    "request_throughput_speedup": 0.2111,
    "output_tok_speedup": 0.2135,
    "ttft_gain_pct": -6.15
  },
  "gpu_utilization": {
    "gpu_only": {
      "gpu0_util_pct": {
        "mean": 49.98,
        "max": 99.0,
        "min": 0.0
      },
      "gpu0_mem_util_pct": {
        "mean": 28.54,
        "max": 80.0,
        "min": 0.0
      },
      "gpu0_power_w": {
        "mean": 182.65,
        "max": 355.53,
        "min": 43.45
      },
      "gpu_avg_util_pct": {
        "mean": 49.98,
        "max": 99.0,
        "min": 0.0
      },
      "gpu_avg_mem_util_pct": {
        "mean": 28.54,
        "max": 80.0,
        "min": 0.0
      },
      "gpu_avg_power_w": {
        "mean": 182.65,
        "max": 355.53,
        "min": 43.45
      },
      "sample_count": 109,
      "duration_s": 112.6
    },
    "hybrid": {
      "gpu0_util_pct": {
        "mean": 15.76,
        "max": 98.0,
        "min": 0.0
      },
      "gpu0_mem_util_pct": {
        "mean": 9.21,
        "max": 79.0,
        "min": 0.0
      },
      "gpu0_power_w": {
        "mean": 107.3,
        "max": 342.56,
        "min": 47.5
      },
      "gpu_avg_util_pct": {
        "mean": 15.76,
        "max": 98.0,
        "min": 0.0
      },
      "gpu_avg_mem_util_pct": {
        "mean": 9.21,
        "max": 79.0,
        "min": 0.0
      },
      "gpu_avg_power_w": {
        "mean": 107.3,
        "max": 342.56,
        "min": 47.5
      },
      "sample_count": 344,
      "duration_s": 355.0
    }
  },
  "cpu_utilization": {
    "gpu_only": {
      "core0_util_pct": {
        "mean": 2.16,
        "max": 45.5,
        "min": 0.0
      },
      "core1_util_pct": {
        "mean": 3.05,
        "max": 68.3,
        "min": 0.0
      },
      "core2_util_pct": {
        "mean": 1.77,
        "max": 41.6,
        "min": 0.0
      },
      "core3_util_pct": {
        "mean": 18.78,
        "max": 62.5,
        "min": 0.0
      },
      "core4_util_pct": {
        "mean": 1.42,
        "max": 19.6,
        "min": 0.0
      },
      "core5_util_pct": {
        "mean": 2.39,
        "max": 42.3,
        "min": 0.0
      },
      "core6_util_pct": {
        "mean": 2.7,
        "max": 25.0,
        "min": 0.0
      },
      "core7_util_pct": {
        "mean": 1.65,
        "max": 26.2,
        "min": 0.0
      },
      "core8_util_pct": {
        "mean": 2.77,
        "max": 76.2,
        "min": 0.0
      },
      "core9_util_pct": {
        "mean": 3.59,
        "max": 56.7,
        "min": 0.0
      },
      "core10_util_pct": {
        "mean": 13.87,
        "max": 51.9,
        "min": 0.0
      },
      "core11_util_pct": {
        "mean": 1.6,
        "max": 26.4,
        "min": 0.0
      },
      "core12_util_pct": {
        "mean": 1.94,
        "max": 50.5,
        "min": 0.0
      },
      "core13_util_pct": {
        "mean": 1.56,
        "max": 21.0,
        "min": 0.0
      },
      "core14_util_pct": {
        "mean": 2.07,
        "max": 26.7,
        "min": 0.0
      },
      "core15_util_pct": {
        "mean": 93.06,
        "max": 100.0,
        "min": 0.0
      },
      "cpu_avg_util_pct": {
        "mean": 9.65,
        "max": 26.94,
        "min": 0.55
      },
      "sample_count": 109,
      "duration_s": 112.6
    },
    "hybrid": {
      "core0_util_pct": {
        "mean": 84.58,
        "max": 100.0,
        "min": 0.0
      },
      "core1_util_pct": {
        "mean": 84.56,
        "max": 100.0,
        "min": 0.0
      },
      "core2_util_pct": {
        "mean": 84.26,
        "max": 100.0,
        "min": 0.0
      },
      "core3_util_pct": {
        "mean": 84.53,
        "max": 100.0,
        "min": 0.0
      },
      "core4_util_pct": {
        "mean": 67.86,
        "max": 100.0,
        "min": 0.0
      },
      "core5_util_pct": {
        "mean": 75.9,
        "max": 100.0,
        "min": 0.0
      },
      "core6_util_pct": {
        "mean": 22.11,
        "max": 100.0,
        "min": 0.0
      },
      "core7_util_pct": {
        "mean": 56.31,
        "max": 100.0,
        "min": 0.0
      },
      "core8_util_pct": {
        "mean": 94.34,
        "max": 100.0,
        "min": 0.0
      },
      "core9_util_pct": {
        "mean": 84.99,
        "max": 100.0,
        "min": 0.0
      },
      "core10_util_pct": {
        "mean": 57.48,
        "max": 100.0,
        "min": 0.0
      },
      "core11_util_pct": {
        "mean": 82.25,
        "max": 100.0,
        "min": 0.0
      },
      "core12_util_pct": {
        "mean": 17.76,
        "max": 100.0,
        "min": 0.0
      },
      "core13_util_pct": {
        "mean": 89.79,
        "max": 100.0,
        "min": 0.0
      },
      "core14_util_pct": {
        "mean": 71.22,
        "max": 100.0,
        "min": 0.0
      },
      "core15_util_pct": {
        "mean": 83.71,
        "max": 100.0,
        "min": 0.0
      },
      "cpu_avg_util_pct": {
        "mean": 71.35,
        "max": 93.13,
        "min": 6.31
      },
      "sample_count": 344,
      "duration_s": 355.0
    }
  }
}