{"total":501,"by_backend":{"vanilla":1,"trident":400,"cpu_jacobi":100},"by_workload":{"sonnet":48,"chat":100,"code":353},"classify_time_total_s":0.3928449267987162,"forward_time_total_s":79.63098558969796,"jacobi_draft_time_total_ms":177664.58210349083,"jacobi_calls":100,"classify_ms_avg":0.784121610376679,"forward_ms_avg":158.94408301336918,"jacobi_ms_avg":1776.6458210349083,"use_jacobi":true,"jacobi_healthy":true}