{
  "mix": "balanced",
  "mix_counts": {
    "sonnet": 170,
    "chat": 165,
    "code": 165
  },
  "num_prompts": 500,
  "max_tokens": 32,
  "concurrency": 32,
  "scenarios": [
    {
      "scenario": "vanilla-only",
      "n_prompts": 500,
      "wall_s": 10.414288047002628,
      "total_out_tokens": 16000,
      "tps": 1536.3508218504687,
      "latency_p50_s": 0.641186430118978,
      "latency_p99_s": 0.7702012250665575,
      "backend_counts": {
        "direct": 500
      },
      "concurrency": 32
    },
    {
      "scenario": "trident-only",
      "n_prompts": 500,
      "wall_s": 9.834785792976618,
      "total_out_tokens": 16000,
      "tps": 1626.878341511636,
      "latency_p50_s": 0.5583170929457992,
      "latency_p99_s": 1.2907629429828376,
      "backend_counts": {
        "direct": 500
      },
      "concurrency": 32
    },
    {
      "scenario": "agsd-gated",
      "n_prompts": 500,
      "wall_s": 4.117247828049585,
      "total_out_tokens": 16000,
      "tps": 3886.0910657349204,
      "latency_p50_s": 0.18999054795131087,
      "latency_p99_s": 0.5141646659467369,
      "backend_counts": {
        "trident": 335,
        "vanilla": 165
      },
      "concurrency": 32
    }
  ],
  "gating_stats": {
    "total": 501,
    "by_backend": {
      "vanilla": 165,
      "trident": 336
    },
    "by_workload": {
      "sonnet": 164,
      "chat": 165,
      "code": 172
    },
    "classify_time_total_s": 0.6635133381932974,
    "forward_time_total_s": 121.07091326802038,
    "classify_ms_avg": 1.3243779205455037,
    "forward_ms_avg": 241.65850951700673
  }
}