{"total":501,"by_backend":{"vanilla":165,"trident":336},"by_workload":{"sonnet":164,"chat":165,"code":172},"classify_time_total_s":0.6635133381932974,"forward_time_total_s":121.07091326802038,"classify_ms_avg":1.3243779205455037,"forward_ms_avg":241.65850951700673}