{
  "model": "meta-llama/Llama-3.3-70B-Instruct",
  "tensor_parallel_size": 8,
  "max_model_len": 16384,
  "max_num_seqs": 256,
  "num_prompts": 500,
  "target_input_len": 8192,
  "max_tokens": 8192,
  "enable_neo_asymmetric": true,
  "init_s": 54.78529837727547,
  "generate_wall_s": 1899.683071454987,
  "total_input_tokens": 2709037,
  "total_output_tokens": 3970651,
  "prompt_tps": 1426.0468183911964,
  "output_tps": 2090.164964705843,
  "req_per_s": 0.2632017979804625,
  "log_metrics": {
    "preempt_count": null,
    "kv_cache_size_tokens": 1274800,
    "max_concurrency": 77.81
  }
}