{
  "mix": "balanced",
  "mix_counts": {
    "sonnet": 170,
    "chat": 165,
    "code": 165
  },
  "num_prompts": 500,
  "max_tokens": 32,
  "concurrency": 32,
  "scenarios": [
    {
      "scenario": "agsd-gated",
      "n_prompts": 500,
      "wall_s": 7.485521387076005,
      "total_out_tokens": 16000,
      "tps": 2137.459660141312,
      "latency_p50_s": 0.4406525839585811,
      "latency_p99_s": 1.051476449938491,
      "backend_counts": {
        "trident": 335,
        "vanilla": 165
      },
      "concurrency": 32
    }
  ],
  "gating_stats": {
    "total": 501,
    "by_backend": {
      "vanilla": 165,
      "trident": 336
    },
    "by_workload": {
      "sonnet": 164,
      "chat": 165,
      "code": 172
    },
    "classify_time_total_s": 0.7441006358712912,
    "forward_time_total_s": 229.84370001545176,
    "classify_ms_avg": 1.4852308101223377,
    "forward_ms_avg": 458.7698603102829
  },
  "agsd_only": true
}