{
  "generated_at": "2026-03-29T08:17:06.214384+09:00",
  "gpu_only": {
    "request_throughput": 19.458990613763067,
    "output_throughput": 9745.41454075343,
    "total_token_throughput": 12226.803359735519,
    "duration": 51.69846781715751,
    "mean_ttft_ms": 20390.124967294905,
    "median_ttft_ms": 15693.105068989098,
    "p99_ttft_ms": 41195.32483629882,
    "mean_tpot_ms": 25.489430388828048,
    "median_tpot_ms": 24.82969639458331,
    "p99_tpot_ms": 96.65949851606115,
    "mean_itl_ms": 24.201948791483236,
    "median_itl_ms": 21.298563107848167,
    "p99_itl_ms": 115.04923734813927
  },
  "hybrid": {
    "request_throughput": 17.05370509392347,
    "output_throughput": 8560.909101170177,
    "total_token_throughput": 10735.663348480663,
    "duration": 58.99011355359107,
    "mean_ttft_ms": 22145.61020639664,
    "median_ttft_ms": 16301.857986487448,
    "p99_ttft_ms": 46561.40745840967,
    "mean_tpot_ms": 29.335939269567806,
    "median_tpot_ms": 29.382786074737105,
    "p99_tpot_ms": 99.53108556010925,
    "mean_itl_ms": 28.30544050882895,
    "median_itl_ms": 25.607647374272346,
    "p99_itl_ms": 119.72267568111417
  },
  "comparison": {
    "request_throughput": {
      "diff_pct": -12.36,
      "direction": "higher_better"
    },
    "output_throughput": {
      "diff_pct": -12.15,
      "direction": "higher_better"
    },
    "total_token_throughput": {
      "diff_pct": -12.2,
      "direction": "higher_better"
    },
    "duration": {
      "diff_pct": 14.1,
      "direction": "lower_better"
    },
    "mean_ttft_ms": {
      "diff_pct": 8.61,
      "direction": "lower_better"
    },
    "median_ttft_ms": {
      "diff_pct": 3.88,
      "direction": "lower_better"
    },
    "p99_ttft_ms": {
      "diff_pct": 13.03,
      "direction": "lower_better"
    },
    "mean_tpot_ms": {
      "diff_pct": 15.09,
      "direction": "lower_better"
    },
    "median_tpot_ms": {
      "diff_pct": 18.34,
      "direction": "lower_better"
    },
    "p99_tpot_ms": {
      "diff_pct": 2.97,
      "direction": "lower_better"
    },
    "mean_itl_ms": {
      "diff_pct": 16.96,
      "direction": "lower_better"
    },
    "median_itl_ms": {
      "diff_pct": 20.23,
      "direction": "lower_better"
    },
    "p99_itl_ms": {
      "diff_pct": 4.06,
      "direction": "lower_better"
    },
    "request_throughput_speedup": 0.8764,
    "output_tok_speedup": 0.8785,
    "ttft_gain_pct": -8.61
  },
  "gpu_utilization": {
    "gpu_only": {
      "gpu0_util_pct": {
        "mean": 63.1,
        "max": 100.0,
        "min": 0.0
      },
      "gpu0_mem_util_pct": {
        "mean": 32.03,
        "max": 81.0,
        "min": 0.0
      },
      "gpu0_power_w": {
        "mean": 299.6,
        "max": 389.2,
        "min": 47.03
      },
      "gpu_avg_util_pct": {
        "mean": 63.1,
        "max": 100.0,
        "min": 0.0
      },
      "gpu_avg_mem_util_pct": {
        "mean": 32.03,
        "max": 81.0,
        "min": 0.0
      },
      "gpu_avg_power_w": {
        "mean": 299.6,
        "max": 389.2,
        "min": 47.03
      },
      "sample_count": 78,
      "duration_s": 78.5
    },
    "hybrid": {
      "gpu0_util_pct": {
        "mean": 53.44,
        "max": 98.0,
        "min": 0.0
      },
      "gpu0_mem_util_pct": {
        "mean": 27.29,
        "max": 80.0,
        "min": 0.0
      },
      "gpu0_power_w": {
        "mean": 276.23,
        "max": 388.63,
        "min": 50.04
      },
      "gpu_avg_util_pct": {
        "mean": 53.44,
        "max": 98.0,
        "min": 0.0
      },
      "gpu_avg_mem_util_pct": {
        "mean": 27.29,
        "max": 80.0,
        "min": 0.0
      },
      "gpu_avg_power_w": {
        "mean": 276.23,
        "max": 388.63,
        "min": 50.04
      },
      "sample_count": 97,
      "duration_s": 98.3
    }
  },
  "cpu_utilization": {
    "gpu_only": {
      "core0_util_pct": {
        "mean": 10.57,
        "max": 86.1,
        "min": 0.0
      },
      "core1_util_pct": {
        "mean": 32.64,
        "max": 100.0,
        "min": 0.0
      },
      "core2_util_pct": {
        "mean": 44.64,
        "max": 100.0,
        "min": 0.0
      },
      "core3_util_pct": {
        "mean": 21.36,
        "max": 100.0,
        "min": 0.0
      },
      "core4_util_pct": {
        "mean": 6.95,
        "max": 17.6,
        "min": 0.0
      },
      "core5_util_pct": {
        "mean": 0.94,
        "max": 9.7,
        "min": 0.0
      },
      "core6_util_pct": {
        "mean": 2.73,
        "max": 12.9,
        "min": 0.0
      },
      "core7_util_pct": {
        "mean": 1.21,
        "max": 10.9,
        "min": 0.0
      },
      "core8_util_pct": {
        "mean": 1.6,
        "max": 10.9,
        "min": 0.0
      },
      "core9_util_pct": {
        "mean": 0.94,
        "max": 9.8,
        "min": 0.0
      },
      "core10_util_pct": {
        "mean": 1.46,
        "max": 9.7,
        "min": 0.0
      },
      "core11_util_pct": {
        "mean": 0.91,
        "max": 9.7,
        "min": 0.0
      },
      "core12_util_pct": {
        "mean": 1.4,
        "max": 11.9,
        "min": 0.0
      },
      "core13_util_pct": {
        "mean": 0.88,
        "max": 8.8,
        "min": 0.0
      },
      "core14_util_pct": {
        "mean": 1.3,
        "max": 9.8,
        "min": 0.0
      },
      "core15_util_pct": {
        "mean": 0.87,
        "max": 8.8,
        "min": 0.0
      },
      "core16_util_pct": {
        "mean": 1.18,
        "max": 10.8,
        "min": 0.0
      },
      "core17_util_pct": {
        "mean": 1.13,
        "max": 10.8,
        "min": 0.0
      },
      "core18_util_pct": {
        "mean": 1.09,
        "max": 9.6,
        "min": 0.0
      },
      "core19_util_pct": {
        "mean": 1.2,
        "max": 8.8,
        "min": 0.0
      },
      "core20_util_pct": {
        "mean": 1.06,
        "max": 8.9,
        "min": 0.0
      },
      "core21_util_pct": {
        "mean": 1.01,
        "max": 9.8,
        "min": 0.0
      },
      "core22_util_pct": {
        "mean": 1.01,
        "max": 8.8,
        "min": 0.0
      },
      "core23_util_pct": {
        "mean": 1.11,
        "max": 11.8,
        "min": 0.0
      },
      "cpu_avg_util_pct": {
        "mean": 5.8,
        "max": 12.9,
        "min": 0.12
      },
      "sample_count": 78,
      "duration_s": 78.5
    },
    "hybrid": {
      "core0_util_pct": {
        "mean": 32.16,
        "max": 100.0,
        "min": 0.0
      },
      "core1_util_pct": {
        "mean": 68.83,
        "max": 100.0,
        "min": 0.0
      },
      "core2_util_pct": {
        "mean": 42.21,
        "max": 100.0,
        "min": 0.0
      },
      "core3_util_pct": {
        "mean": 73.35,
        "max": 100.0,
        "min": 0.0
      },
      "core4_util_pct": {
        "mean": 49.93,
        "max": 100.0,
        "min": 0.0
      },
      "core5_util_pct": {
        "mean": 44.87,
        "max": 100.0,
        "min": 0.0
      },
      "core6_util_pct": {
        "mean": 47.84,
        "max": 100.0,
        "min": 0.0
      },
      "core7_util_pct": {
        "mean": 34.82,
        "max": 100.0,
        "min": 0.0
      },
      "core8_util_pct": {
        "mean": 50.62,
        "max": 100.0,
        "min": 0.0
      },
      "core9_util_pct": {
        "mean": 48.88,
        "max": 100.0,
        "min": 0.0
      },
      "core10_util_pct": {
        "mean": 53.56,
        "max": 100.0,
        "min": 0.0
      },
      "core11_util_pct": {
        "mean": 35.66,
        "max": 100.0,
        "min": 0.0
      },
      "core12_util_pct": {
        "mean": 57.79,
        "max": 100.0,
        "min": 0.0
      },
      "core13_util_pct": {
        "mean": 56.68,
        "max": 100.0,
        "min": 0.0
      },
      "core14_util_pct": {
        "mean": 54.64,
        "max": 100.0,
        "min": 0.0
      },
      "core15_util_pct": {
        "mean": 68.3,
        "max": 100.0,
        "min": 0.0
      },