{
  "model": "BAAI/bge-large-en-v1.5",
  "batch_size": 64,
  "num_threads": 28,
  "load_wall_s": 0.2841634750366211,
  "duration_s": 601.5845055580139,
  "total_sentences": 16256,
  "total_batches": 254,
  "avg_sps": 27.021972557157806
}