{
  "model": "BAAI/bge-reranker-large",
  "batch_size": 16,
  "num_threads": 28,
  "load_wall_s": 1.2764089107513428,
  "duration_s": 600.2888803482056,
  "total_pairs": 19328,
  "total_batches": 1208,
  "avg_pps": 32.19783113221843
}