{
  "output_tps": 9598.189111552092,
  "prompt_tps": 2092.6791039873997,
  "generate_wall_s": 418.74169734399766,
  "total_in_tokens": 876292,
  "total_out_tokens": 4019162,
  "num_prompts_done": 500,
  "init_wall_s": 128.78124737087637,
  "spec_decode": {
    "method": "ngram",
    "num_speculative_tokens": 7,
    "prompt_lookup_max": 5,
    "prompt_lookup_min": 2
  }
}