{
  "workload": "code",
  "model": "Qwen/Qwen2.5-1.5B-Instruct",
  "num_prompts": 50,
  "num_speculative_tokens": 32,
  "output_tps": 4064.40486362996,
  "generate_wall_s": 6.298585121054202,
  "init_wall_s": 18.38123784097843,
  "total_in_tokens": 16082,
  "total_out_tokens": 25600
}