{
  "mix": "code-heavy",
  "mix_counts": {
    "sonnet": 50,
    "chat": 100,
    "code": 350
  },
  "num_prompts": 500,
  "max_tokens": 32,
  "concurrency": 32,
  "scenarios": [
    {
      "scenario": "agsd-gated",
      "n_prompts": 500,
      "wall_s": 5.173735840013251,
      "total_out_tokens": 16000,
      "tps": 3092.542892556923,
      "latency_p50_s": 0.3054441350977868,
      "latency_p99_s": 0.5895617189817131,
      "backend_counts": {
        "trident": 400,
        "vanilla": 100
      },
      "concurrency": 32
    }
  ],
  "gating_stats": {
    "total": 501,
    "by_backend": {
      "vanilla": 100,
      "trident": 401
    },
    "by_workload": {
      "sonnet": 48,
      "chat": 100,
      "code": 353
    },
    "classify_time_total_s": 0.7499939710833132,
    "forward_time_total_s": 155.09837065869942,
    "classify_ms_avg": 1.4969939542581103,
    "forward_ms_avg": 309.5775861451086
  },
  "agsd_only": true
}