{"total":501,"by_backend":{"vanilla":100,"trident":401},"by_workload":{"sonnet":48,"chat":100,"code":353},"classify_time_total_s":0.7499939710833132,"forward_time_total_s":155.09837065869942,"classify_ms_avg":1.4969939542581103,"forward_ms_avg":309.5775861451086}