{"total":501,"by_backend":{"vanilla":165,"trident":336},"by_workload":{"sonnet":164,"chat":165,"code":172},"classify_time_total_s":0.6125901178456843,"forward_time_total_s":129.27203573822044,"classify_ms_avg":1.2227347661590506,"forward_ms_avg":258.0280154455498}