{
  "workload": "chat",
  "model": "Qwen/Qwen2.5-0.5B-Instruct",
  "num_prompts": 50,
  "num_speculative_tokens": 5,
  "output_tps": 4745.895563188379,
  "generate_wall_s": 4.655391107080504,
  "init_wall_s": 18.0242599749472,
  "total_in_tokens": 11462,
  "total_out_tokens": 22094
}