{
  "mix": "sonnet-heavy",
  "mix_counts": {
    "sonnet": 300,
    "chat": 100,
    "code": 100
  },
  "num_prompts": 500,
  "max_tokens": 32,
  "concurrency": 32,
  "scenarios": [
    {
      "scenario": "vanilla-only",
      "n_prompts": 500,
      "wall_s": 8.33029414108023,
      "total_out_tokens": 16000,
      "tps": 1920.700485364278,
      "latency_p50_s": 0.515545958885923,
      "latency_p99_s": 0.6289917828980833,
      "backend_counts": {
        "direct": 500
      },
      "concurrency": 32
    },
    {
      "scenario": "trident-only",
      "n_prompts": 500,
      "wall_s": 4.927249865140766,
      "total_out_tokens": 16000,
      "tps": 3247.2475392807987,
      "latency_p50_s": 0.2471527219749987,
      "latency_p99_s": 0.8040489230770618,
      "backend_counts": {
        "direct": 500
      },
      "concurrency": 32
    },
    {
      "scenario": "agsd-gated",
      "n_prompts": 500,
      "wall_s": 3.7485148841515183,
      "total_out_tokens": 16000,
      "tps": 4268.357067927615,
      "latency_p50_s": 0.17375958804041147,
      "latency_p99_s": 0.4415507249068469,
      "backend_counts": {
        "trident": 400,
        "vanilla": 100
      },
      "concurrency": 32
    }
  ],
  "gating_stats": {
    "total": 501,
    "by_backend": {
      "vanilla": 100,
      "trident": 401
    },
    "by_workload": {
      "sonnet": 292,
      "chat": 100,
      "code": 109
    },
    "classify_time_total_s": 0.5841403321828693,
    "forward_time_total_s": 108.95428388658911,
    "classify_ms_avg": 1.1659487668320745,
    "forward_ms_avg": 217.473620532114
  }
}