{"total":501,"by_backend":{"vanilla":100,"trident":401},"by_workload":{"sonnet":292,"chat":100,"code":109},"classify_time_total_s":0.5841403321828693,"forward_time_total_s":108.95428388658911,"classify_ms_avg":1.1659487668320745,"forward_ms_avg":217.473620532114}